<?xml version="1.0" ?>
<!DOCTYPE pmc-articleset PUBLIC "-//NLM//DTD ARTICLE SET 2.0//EN" "https://dtd.nlm.nih.gov/ncbi/pmc/articleset/nlm-articleset-2.0.dtd">
<pmc-articleset><article xmlns:xlink="http://www.w3.org/1999/xlink" xmlns:mml="http://www.w3.org/1998/Math/MathML" id="CD005084.pub3" article-type="systematic-review">
  <!--The publisher of this article does not allow downloading of the full text in XML form.-->
  <front>
    <journal-meta>
      <journal-id journal-id-type="nlm-ta">Cochrane Database Syst Rev</journal-id>
      <journal-id journal-id-type="iso-abbrev">Cochrane Database Syst Rev</journal-id>
      <journal-id journal-id-type="publisher-id">14651858</journal-id>
      <journal-id journal-id-type="doi">10.1002/14651858</journal-id>
      <journal-title-group>
        <journal-title>The Cochrane Database of Systematic Reviews</journal-title>
      </journal-title-group>
      <issn pub-type="epub">1469-493X</issn>
      <issn-l>1361-6137</issn-l>
      <publisher>
        <publisher-name>John Wiley &amp; Sons, Ltd</publisher-name>
        <publisher-loc>Chichester, UK</publisher-loc>
      </publisher>
    </journal-meta>
    <article-meta>
      <article-id pub-id-type="pmid">22696348</article-id>
      <article-id pub-id-type="pmc">3916957</article-id>
      <article-id pub-id-type="doi">10.1002/14651858.CD005084.pub3</article-id>
      <article-id pub-id-type="publisher-id">CD005084</article-id>
      <article-id pub-id-type="other">CD005084.pub3</article-id>
      <article-categories>
        <subj-group subj-group-type="heading">
          <subject>Medicine General &amp; Introductory Medical Sciences</subject>
        </subj-group>
      </article-categories>
      <title-group>
        <article-title>Interventions for tobacco cessation in the dental setting</article-title>
      </title-group>
      <contrib-group>
        <contrib id="d28e63" contrib-type="author" corresp="yes">
          <name>
            <surname>Carr</surname>
            <given-names>Alan B</given-names>
          </name>
          <address>
            <email>Carr.Alan@mayo.edu</email>
          </address>
          <xref ref-type="aff" rid="CD005084-aff-0001"/>
        </contrib>
        <contrib id="d28e68" contrib-type="author">
          <name>
            <surname>Ebbert</surname>
            <given-names>Jon</given-names>
          </name>
          <xref ref-type="aff" rid="CD005084-aff-0002"/>
        </contrib>
      </contrib-group>
      <aff id="CD005084-aff-0001">
        <institution>Mayo Clinic</institution>
        <institution content-type="dept">Department of Dental Specialities</institution>
        <addr-line>200 First Street SW</addr-line>
        <city>Rochester</city>
        <country>USA</country>
        <postal-code>MN 55905</postal-code>
      </aff>
      <aff id="CD005084-aff-0002">
        <institution>Mayo Clinic</institution>
        <institution content-type="dept">Department of Primary Care Internal Medicine</institution>
        <addr-line>200 1st Street Southwest</addr-line>
        <city>Rochester</city>
        <country>USA</country>
        <postal-code>55905</postal-code>
      </aff>
      <author-notes>
        <fn>
          <p>Editorial Group: Cochrane Tobacco Addiction Group.</p>
        </fn>
      </author-notes>
      <pub-date pub-type="epub">
        <day>13</day>
        <month>6</month>
        <year>2012</year>
      </pub-date>
      <pub-date pub-type="collection">
        <month>6</month>
        <year>2012</year>
      </pub-date>
      <pub-date pub-type="update">
        <day>23</day>
        <month>04</month>
        <year>2012</year>
      </pub-date>
      <volume>2012</volume>
      <issue>6</issue>
      <elocation-id>CD005084</elocation-id>
      <history>
        <date date-type="previous-update" publication-format="electronic">
          <day>25</day>
          <month>01</month>
          <year>2006</year>
        </date>
      </history>
      <permissions>
        <copyright-statement>Copyright &#xA9; 2012 The Cochrane Collaboration. Published by John Wiley &amp; Sons, Ltd.</copyright-statement>
        <copyright-year>2012</copyright-year>
        <copyright-holder>The Cochrane Collaboration</copyright-holder>
      </permissions>
      <related-article related-article-type="updated-article" ext-link-type="doi" xlink:href="10.1002/14651858.CD005084.pub2" id="d28e130"/>
      <abstract>
        <sec>
          <title>Background</title>
          <p>Tobacco use has significant adverse effects on oral health. Oral health professionals in the dental office or community setting have a unique opportunity to increase tobacco abstinence rates among tobacco users.</p>
        </sec>
        <sec>
          <title>Objectives</title>
          <p>This review assesses the effectiveness of interventions for tobacco cessation delivered by oral health professionals and offered to cigarette smokers and smokeless tobacco users in the dental office or community setting.</p>
        </sec>
        <sec>
          <title>Search methods</title>
          <p>We searched the Cochrane Tobacco Addiction Group Specialized Register (CENTRAL), MEDLINE (1966&#x2010;November 2011), EMBASE (1988&#x2010;November 2011), CINAHL (1982&#x2010;November 2011), Healthstar (1975&#x2010;November 2011), ERIC (1967&#x2010;November 2011), PsycINFO (1984&#x2010;November 2011), National Technical Information Service database (NTIS, 1964&#x2010;November 2011), Dissertation Abstracts Online (1861&#x2010;November 2011), Database of Abstract of Reviews of Effectiveness (DARE, 1995&#x2010;November 2011), and Web of Science (1993&#x2010;November 2011).</p>
        </sec>
        <sec>
          <title>Selection criteria</title>
          <p>We included randomized and pseudo&#x2010;randomized clinical trials assessing tobacco cessation interventions conducted by oral health professionals in the dental office or community setting with at least six months of follow&#x2010;up.</p>
        </sec>
        <sec>
          <title>Data collection and analysis</title>
          <p>Two authors independently reviewed abstracts for potential inclusion and abstracted data from included trials. Disagreements were resolved by consensus. The primary outcome was abstinence from smoking or all tobacco use (for users of smokeless tobacco) at the longest follow&#x2010;up, using the strictest definition of abstinence reported. The effect was summarised as an odds ratio, with correction for clustering where appropriate. Heterogeneity was assessed using the I&#xB2; statistic and where appropriate a pooled effect was estimated using an inverse variance fixed&#x2010;effect model.</p>
        </sec>
        <sec>
          <title>Main results</title>
          <p>Fourteen clinical trials met the criteria for inclusion in this review. Included studies assessed the efficacy of interventions in the dental office or in a community school or college setting. Six studies evaluated the effectiveness of interventions among smokeless tobacco (ST) users, and eight studies evaluated interventions among cigarette smokers, six of which involved adult smokers in dental practice settings. All studies employed behavioral interventions and only one required pharmacotherapy as an interventional component. All studies included an oral examination component. Pooling all 14 studies suggested that interventions conducted by oral health professionals can increase tobacco abstinence rates (odds ratio [OR] 1.71, 95% confidence interval [CI] 1.44 to 2.03) at six months or longer, but there was evidence of heterogeneity (I&#xB2; = 61%). Within the subgroup of interventions for smokers, heterogeneity was smaller (I&#xB2; = 51%), but was largely attributable to a large study showing no evidence of benefit. Within this subgroup there were five studies which involved adult smokers in dental practice settings. Pooling these showed clear evidence of benefit and minimal heterogeneity (OR 2.38, 95% CI 1.70 to 3.35, 5 studies, I&#xB2; = 3%) but this was a posthoc subgroup analysis. Amongst the studies in smokeless tobacco users the heterogeneity was also attributable to a large study showing no sign of benefit, possibly due to intervention spillover to control colleges; the other five studies indicated that interventions for ST users were effective (OR 1.70; 95% CI 1.36 to 2.11).</p>
        </sec>
        <sec>
          <title>Authors' conclusions</title>
          <p>Available evidence suggests that behavioral interventions for tobacco cessation conducted by oral health professionals incorporating an oral examination component in the dental office or community setting may increase tobacco abstinence rates among both cigarette smokers and smokeless tobacco users. Differences between the studies limit the ability to make conclusive recommendations regarding the intervention components that should be incorporated into clinical practice, however, behavioral counselling (typically brief) in conjunction with an oral examination was a consistent intervention component that was also provided in some control groups.</p>
        </sec>
      </abstract>
      <abstract abstract-type="short">
        <title>Can interventions delivered by dental professionals help tobacco users to quit?</title>
        <p>In addition to the well&#x2010;known harmful effects of smoking on respiratory and cardiovascular systems, tobacco use is associated with an increased risk for oral disease, including cancer and gum disease. Dental professionals are in a unique position to help tobacco users who present for dental care by providing assistance to help them stop smoking or using other tobacco products. Combined findings from 14 studies including over 10,500 participants showed that tobacco interventions by dental professionals helped tobacco users to quit. These findings are similar for smokeless tobacco users and smokers, and the body of evidence reveals a significant increase in demonstrated benefit compared to earlier findings of this review.</p>
      </abstract>
      <kwd-group kwd-group-type="mesh">
        <kwd>Humans</kwd>
        <kwd>Dental Offices</kwd>
        <kwd>Counseling</kwd>
        <kwd>Oral Health</kwd>
        <kwd>Randomized Controlled Trials as Topic</kwd>
        <kwd>Schools</kwd>
        <kwd>Smoking Cessation</kwd>
        <kwd>Smoking Cessation/methods</kwd>
        <kwd>Smoking Cessation/psychology</kwd>
        <kwd>Tobacco Use Cessation</kwd>
        <kwd>Tobacco Use Cessation/methods</kwd>
        <kwd>Tobacco Use Cessation/psychology</kwd>
        <kwd>Tobacco, Smokeless</kwd>
        <kwd>Tobacco, Smokeless/adverse effects</kwd>
        <kwd>Universities</kwd>
      </kwd-group>
    </article-meta>
    <notes notes-type="status-note">
      <p>New search for studies and content updated (conclusions changed)</p>
    </notes>
  </front>
</article>
</pmc-articleset>