<?xml version="1.0" ?>
<!DOCTYPE pmc-articleset PUBLIC "-//NLM//DTD ARTICLE SET 2.0//EN" "https://dtd.nlm.nih.gov/ncbi/pmc/articleset/nlm-articleset-2.0.dtd">
<pmc-articleset><article xmlns:xlink="http://www.w3.org/1999/xlink" xmlns:mml="http://www.w3.org/1998/Math/MathML" article-type="research-article" xml:lang="en">
  <!--The publisher of this article does not allow downloading of the full text in XML form.-->
  <?properties manuscript?>
  <front>
    <journal-meta>
      <journal-id journal-id-type="nlm-journal-id">100909747</journal-id>
      <journal-id journal-id-type="pubmed-jr-id">21711</journal-id>
      <journal-id journal-id-type="nlm-ta">Cochrane Database Syst Rev</journal-id>
      <journal-title-group>
        <journal-title>Cochrane database of systematic reviews (Online)</journal-title>
      </journal-title-group>
      <issn pub-type="epub">1469-493X</issn>
    </journal-meta>
    <article-meta>
      <article-id pub-id-type="pmid">19370583</article-id>
      <article-id pub-id-type="pmc">3113464</article-id>
      <article-id pub-id-type="doi">10.1002/14651858.CD003281.pub3</article-id>
      <article-id pub-id-type="manuscript">NIHMS284338</article-id>
      <article-categories>
        <subj-group subj-group-type="heading">
          <subject>Article</subject>
        </subj-group>
      </article-categories>
      <title-group>
        <article-title>Stimulation of the wrist acupuncture point P6 for preventing postoperative nausea and vomiting</article-title>
      </title-group>
      <contrib-group>
        <contrib contrib-type="author">
          <name>
            <surname>Lee</surname>
            <given-names>Anna</given-names>
          </name>
          <xref ref-type="aff" rid="A1">1</xref>
        </contrib>
        <contrib contrib-type="author">
          <name>
            <surname>Fan</surname>
            <given-names>Lawrence TY</given-names>
          </name>
          <xref ref-type="aff" rid="A1">1</xref>
        </contrib>
      </contrib-group>
      <aff id="A1"><label>1</label>Department of Anaesthesia and Intensive Care, The Chinese University of Hong Kong, Shatin, Hong Kong</aff>
      <author-notes>
        <corresp id="cor1">Contact address: Anna Lee, Department of Anaesthesia and Intensive Care, The Chinese University of Hong Kong, Prince of Wales Hospital, Shatin, Hong Kong. <email>annalee@cuhk.edu.hk</email></corresp>
      </author-notes>
      <pub-date pub-type="nihms-submitted">
        <day>11</day>
        <month>4</month>
        <year>2011</year>
      </pub-date>
      <pub-date pub-type="epub">
        <day>15</day>
        <month>4</month>
        <year>2009</year>
      </pub-date>
      <pub-date pub-type="pmc-release">
        <day>13</day>
        <month>6</month>
        <year>2011</year>
      </pub-date>
      <issue>2</issue>
      <fpage>CD003281</fpage>
      <lpage>CD003281</lpage>
      <permissions>
        <copyright-statement>Copyright &#xA9; 2011 The Cochrane Collaboration. Published by John Wiley &amp; Sons, Ltd.</copyright-statement>
        <copyright-year>2011</copyright-year>
      </permissions>
      <abstract>
        <sec id="S1">
          <title>Background</title>
          <p id="P1">Postoperative nausea and vomiting (PONV) are common complications following surgery and anaesthesia. Drugs to prevent PONV are only partially effective. An alternative approach is to stimulate the P6 acupoint on the wrist. This is an update of a Cochrane review first published in 2004.</p>
        </sec>
        <sec id="S2">
          <title>Objectives</title>
          <p id="P2">To determine the efficacy and safety of P6 acupoint stimulation in preventing PONV.</p>
        </sec>
        <sec id="S3">
          <title>Search strategy</title>
          <p id="P3">We searched CENTRAL (<italic>The Cochrane Library</italic>, Issue 3, 2008), MEDLINE (January 1966 to September 2008), EMBASE (January 1988 to September 2008), ISI Web of Science (January 1965 to September 2008), the National Library of Medicine publication list of acupuncture studies, and reference lists of articles.</p>
        </sec>
        <sec id="S4">
          <title>Selection criteria</title>
          <p id="P4">All randomized trials of techniques that stimulated the P6 acupoint compared with sham treatment or drug therapy for the prevention of PONV. Interventions used in these trials included acupuncture, electro-acupuncture, transcutaneous nerve stimulation, laser stimulation, capsicum plaster, an acu-stimulation device, and acupressure in patients undergoing surgery. Primary outcomes were the risks of nausea and vomiting. Secondary outcomes were the need for rescue antiemetic therapy and adverse effects.</p>
        </sec>
        <sec id="S5">
          <title>Data collection and analysis</title>
          <p id="P5">Two review authors independently assessed trial quality and extracted the data. We collected adverse effect information from the trials. We used a random-effects model and reported relative risk (RR) with associated 95% confidence intervals (95% CI).</p>
        </sec>
        <sec id="S6">
          <title>Main results</title>
          <p id="P6">We included 40 trials involving 4858 participants; four trials reported adequate allocation concealment. Twelve trials did not report all outcomes. Compared with sham treatment P6 acupoint stimulation significantly reduced: nausea (RR 0.71, 95% CI 0.61 to 0.83); vomiting (RR 0.70, 95% CI 0.59 to 0.83), and the need for rescue antiemetics (RR 0.69, 95% CI 0.57 to 0.83). Heterogeneity among trials was moderate. There was no clear difference in the effectiveness of P6 acupoint stimulation for adults and children; or for invasive and noninvasive acupoint stimulation. There was no evidence of difference between P6 acupoint stimulation and antiemetic drugs in the risk of nausea (RR 0.82, 95% CI 0.60 to 1.13), vomiting (RR 1.01, 95% CI 0.77 to 1.31), or the need for rescue antiemetics (RR 0.82, 95%CI 0.59 to 1.13). The side effects associated with P6 acupoint stimulation were minor. There was no evidence of publication bias from contour-enhanced funnel plots.</p>
        </sec>
        <sec id="S7">
          <title>Authors&#x2019; conclusions</title>
          <p id="P7">P6 acupoint stimulation prevented PONV. There was no reliable evidence for differences in risks of postoperative nausea or vomiting after P6 acupoint stimulation compared to antiemetic drugs.</p>
        </sec>
      </abstract>
      <kwd-group>
        <title>Medical Subject Headings (MeSH)</title>
        <kwd>*Acupuncture Points</kwd>
        <kwd>*Wrist</kwd>
        <kwd>Antiemetics [therapeutic use]</kwd>
        <kwd>Postoperative Nausea and Vomiting [*prevention &amp; control]</kwd>
        <kwd>Randomized Controlled Trials as Topic</kwd>
      </kwd-group>
      <kwd-group>
        <title>MeSH check words</title>
        <kwd>Humans</kwd>
      </kwd-group>
      <funding-group>
        <award-group>
          <funding-source country="United States">National Center for Complementary and Alternative Medicine  : NCCAM</funding-source>
          <award-id>R24 AT001293-02 || AT</award-id>
        </award-group>
      </funding-group>
    </article-meta>
  </front>
</article>
</pmc-articleset>