<?xml version="1.0" ?>
<!DOCTYPE pmc-articleset PUBLIC "-//NLM//DTD ARTICLE SET 2.0//EN" "https://dtd.nlm.nih.gov/ncbi/pmc/articleset/nlm-articleset-2.0.dtd">
<pmc-articleset><article xmlns:xlink="http://www.w3.org/1999/xlink" xmlns:mml="http://www.w3.org/1998/Math/MathML" article-type="research-article">
  <!--The publisher of this article does not allow downloading of the full text in XML form.-->
  <?properties manuscript?>
  <front>
    <journal-meta>
      <journal-id journal-id-type="nlm-journal-id">100909747</journal-id>
      <journal-id journal-id-type="pubmed-jr-id">21711</journal-id>
      <journal-id journal-id-type="nlm-ta">Cochrane Database Syst Rev</journal-id>
      <journal-id journal-id-type="iso-abbrev">Cochrane Database Syst Rev</journal-id>
      <journal-title-group>
        <journal-title>The Cochrane database of systematic reviews</journal-title>
      </journal-title-group>
      <issn pub-type="epub">1469-493X</issn>
    </journal-meta>
    <article-meta>
      <article-id pub-id-type="pmid">22972050</article-id>
      <article-id pub-id-type="pmc">3931252</article-id>
      <article-id pub-id-type="doi">10.1002/14651858.CD001224.pub4</article-id>
      <article-id pub-id-type="manuscript">NIHMS549686</article-id>
      <article-categories>
        <subj-group subj-group-type="heading">
          <subject>Article</subject>
        </subj-group>
      </article-categories>
      <title-group>
        <article-title>Voluntary counseling and testing (VCT) for changing HIV-related risk behavior in developing countries</article-title>
      </title-group>
      <contrib-group>
        <contrib contrib-type="author">
          <name>
            <surname>Fonner</surname>
            <given-names>Virginia A</given-names>
          </name>
          <xref ref-type="aff" rid="A1">1</xref>
          <xref rid="FN1" ref-type="author-notes">*</xref>
        </contrib>
        <contrib contrib-type="author">
          <name>
            <surname>Denison</surname>
            <given-names>Julie</given-names>
          </name>
          <xref ref-type="aff" rid="A2">2</xref>
        </contrib>
        <contrib contrib-type="author">
          <name>
            <surname>Kennedy</surname>
            <given-names>Caitlin E</given-names>
          </name>
          <xref ref-type="aff" rid="A1">1</xref>
        </contrib>
        <contrib contrib-type="author">
          <name>
            <surname>O&#x2019;Reilly</surname>
            <given-names>Kevin</given-names>
          </name>
          <xref ref-type="aff" rid="A3">3</xref>
        </contrib>
        <contrib contrib-type="author">
          <name>
            <surname>Sweat</surname>
            <given-names>Michael</given-names>
          </name>
          <xref ref-type="aff" rid="A4">4</xref>
        </contrib>
      </contrib-group>
      <aff id="A1"><label>1</label>Johns Hopkins Bloomberg School of Public Health, Department of International Health, Social and Behavioral Interventions Program, Baltimore, Maryland, USA</aff>
      <aff id="A2"><label>2</label>Family Health International, Arlington, Virginia, USA</aff>
      <aff id="A3"><label>3</label>World Health Organization, Department of HIV/AIDS, Geneva 27, Switzerland</aff>
      <aff id="A4"><label>4</label>The Medical University of South Carolina, Department of Psychiatry and Behavioral Sciences, Charleston, South Carolina, USA</aff>
      <author-notes>
        <corresp id="FN1"><label>*</label>Virginia A Fonner, Department of International Health, Social and Behavioral Interventions Program, Johns Hopkins Bloomberg School of Public Health, Baltimore, Maryland, 21205, USA. <email>vtedrow@jhsph.edu</email></corresp>
      </author-notes>
      <pub-date pub-type="nihms-submitted">
        <day>5</day>
        <month>2</month>
        <year>2014</year>
      </pub-date>
      <pub-date pub-type="epub">
        <day>12</day>
        <month>9</month>
        <year>2012</year>
      </pub-date>
      <pub-date pub-type="pmc-release">
        <day>21</day>
        <month>2</month>
        <year>2014</year>
      </pub-date>
      <volume>9</volume>
      <fpage>CD001224</fpage>
      <lpage>CD001224</lpage>
      <!--elocation-id from pubmed: 10.1002/14651858.CD001224.pub4-->
      <abstract>
        <sec id="S1">
          <title>Background</title>
          <p id="P1">Voluntary Counseling and Testing (VCT) continues to play a critical role in HIV prevention, care and treatment. In recent years, different modalities of VCT have been implemented, including clinic-, mobile- and home-based testing and counseling. This review assesses the effects of all VCT types on HIV-related risk behaviors in low- and middle-income countries.</p>
        </sec>
        <sec id="S2">
          <title>Methods</title>
          <p id="P2">We updated a previous review from 1990&#x2013;2005 by searching for eligible studies through July 6, 2010 on electronic databases, reference lists, and four key journals. To be included, studies had to evaluate pre-post or multi-arm biological, behavioral, or psychological results from an intervention in a developing country in which participants voluntarily received HIV testing and counseling and were administered pre-test counseling, HIV testing, and post-test counseling.</p>
        </sec>
        <sec id="S3">
          <title>Results</title>
          <p id="P3">An initial search yielded 2808 citations. After excluding studies failing to meet the inclusion criteria, 19 were deemed eligible for inclusion. Of these studies, two presented duplicate data and were removed. The remaining 17 studies were included in the qualitative synthesis and 8 studies were meta-analyzed. Twelve studies offered clinic-based VCT, 3 were employment-based, 1 involved mobile VCT, and 1 provided home-based VCT. In meta-analysis, the odds of reporting increased number of sexual partners were reduced when comparing participants who received VCT to those who did not, OR= 0.69 (95% CI: 0.53&#x2013;0.90, p=0.007). There was an insignificant increase in the odds of condom use/protected sex among participants who received VCT compared to those who did not, OR=1.39 (95% CI: 0.97&#x2013;1.99, p=0.076). When stratified by HIV status, this effect became significant among HIV-positive participants, OR= 3.24 (95% CI: 2.29&#x2013;4.58, p&lt;0.001).</p>
        </sec>
        <sec id="S4">
          <title>Conclusions</title>
          <p id="P4">These findings add to the growing evidence that VCT can reduce HIV-related risky sexual behaviors, thus confirming its importance as an HIV prevention strategy. To maximize the effectiveness of VCT, more studies should be conducted to understand which modalities and counseling strategies produce significant reductions in risky behaviors and lead to the greatest uptake of VCT.</p>
        </sec>
      </abstract>
      <funding-group>
        <award-group>
          <funding-source country="United States">National Institute of Mental Health : NIMH</funding-source>
          <award-id>R01 MH090173 || MH</award-id>
        </award-group>
      </funding-group>
    </article-meta>
  </front>
</article>
</pmc-articleset>