<?xml version="1.0" ?>
<!DOCTYPE pmc-articleset PUBLIC "-//NLM//DTD ARTICLE SET 2.0//EN" "https://dtd.nlm.nih.gov/ncbi/pmc/articleset/nlm-articleset-2.0.dtd">
<pmc-articleset><article xmlns:xlink="http://www.w3.org/1999/xlink" xmlns:mml="http://www.w3.org/1998/Math/MathML" article-type="research-article">
  <!--The publisher of this article does not allow downloading of the full text in XML form.-->
  <?properties manuscript?>
  <front>
    <journal-meta>
      <journal-id journal-id-type="nlm-journal-id">100909747</journal-id>
      <journal-id journal-id-type="pubmed-jr-id">21711</journal-id>
      <journal-id journal-id-type="nlm-ta">Cochrane Database Syst Rev</journal-id>
      <journal-id journal-id-type="iso-abbrev">Cochrane Database Syst Rev</journal-id>
      <journal-title-group>
        <journal-title>The Cochrane database of systematic reviews</journal-title>
      </journal-title-group>
      <issn pub-type="epub">1469-493X</issn>
    </journal-meta>
    <article-meta>
      <article-id pub-id-type="pmid">19370686</article-id>
      <article-id pub-id-type="pmc">4171119</article-id>
      <article-id pub-id-type="doi">10.1002/14651858.CD007365.pub2</article-id>
      <article-id pub-id-type="manuscript">EMS57977</article-id>
      <article-categories>
        <subj-group subj-group-type="heading">
          <subject>Article</subject>
        </subj-group>
      </article-categories>
      <title-group>
        <article-title>Huperzine A for vascular dementia</article-title>
      </title-group>
      <contrib-group>
        <contrib contrib-type="author">
          <name>
            <surname>Hao</surname>
            <given-names>Zilong</given-names>
          </name>
          <xref ref-type="aff" rid="A1">1</xref>
        </contrib>
        <contrib contrib-type="author">
          <name>
            <surname>Liu</surname>
            <given-names>Ming</given-names>
          </name>
          <xref ref-type="aff" rid="A1">1</xref>
        </contrib>
        <contrib contrib-type="author">
          <name>
            <surname>Liu</surname>
            <given-names>Zhiqin</given-names>
          </name>
          <xref ref-type="aff" rid="A2">2</xref>
        </contrib>
        <contrib contrib-type="author">
          <name>
            <surname>Lu</surname>
            <given-names>DongHao</given-names>
          </name>
          <xref ref-type="aff" rid="A3">3</xref>
        </contrib>
      </contrib-group>
      <aff id="A1"><label>1</label>Department of Neurology, West China Hospital, Sichuan University, Chengdu, China
</aff>
      <aff id="A2"><label>2</label>Department of Neurology, Xi&#x2019;an Central Hospital, Xi&#x2019;an, China
</aff>
      <aff id="A3"><label>3</label>Department of Obstetrics and Gynecology, West China Second University Hospital, Sichuan University, Chengdu, China
</aff>
      <author-notes>
        <corresp id="CR1">Contact address: Ming Liu, Department of Neurology, West China Hospital, Sichuan University, No. 37, Guo Xue Xiang, Chengdu, Sichuan, 610041, China. <email>wyplmh@hotmail.com</email></corresp>
        <fn id="FN1">
          <p id="P1"><bold>Editorial group:</bold> Cochrane Dementia and Cognitive Improvement Group.</p>
          <p id="P2"><bold>Publication status and date:</bold> New search for studies and content updated (no change to conclusions), published in Issue 8, 2011.</p>
          <p id="P3"><bold>Review content assessed as up-to-date:</bold> 23 May 2011.</p>
        </fn>
        <fn id="FN2">
          <p id="P4">
            <bold>CONTRIBUTIONS OF AUTHORS</bold>
          </p>
          <p id="P5">Zilong Hao drafted the protocol and participated in all steps of the review.</p>
          <p id="P6">Professor Ming Liu commented on each draft of the protocol and the review and gave general advice.</p>
          <p id="P7">Zhiqin Liu refined the protocol and performed the planned searches, identified studies, assessed methodological quality, and commented on all drafts of the review.</p>
          <p id="P8">DongHao Lv refined the protocol and performed the planned searches, and commented on the review.</p>
          <p id="P9">Zilong Hao and Zhiqin Liu updated the review.</p>
        </fn>
      </author-notes>
      <pub-date pub-type="nihms-submitted">
        <day>23</day>
        <month>7</month>
        <year>2014</year>
      </pub-date>
      <pub-date pub-type="epub">
        <day>15</day>
        <month>4</month>
        <year>2009</year>
      </pub-date>
      <pub-date pub-type="collection">
        <year>2009</year>
      </pub-date>
      <pub-date pub-type="pmc-release">
        <day>22</day>
        <month>9</month>
        <year>2014</year>
      </pub-date>
      <issue>2</issue>
      <fpage>CD007365</fpage>
      <lpage>CD007365</lpage>
      <!--elocation-id from pubmed: 10.1002/14651858.CD007365.pub2-->
      <permissions>
        <copyright-statement>Copyright &#xA9; 2011 The Cochrane Collaboration. Published by John Wiley &amp; Sons, Ltd.</copyright-statement>
        <copyright-year>2011</copyright-year>
      </permissions>
      <abstract>
        <sec id="S1">
          <title>Background</title>
          <p id="P10">Huperzine A, a form of herbal medicine, has been considered as an alternative treatment for vascular dementia (VaD) in China.</p>
        </sec>
        <sec id="S2">
          <title>Objectives</title>
          <p id="P11">To assess the efficacy and safety of Huperzine A in patients with vascular dementia.</p>
        </sec>
        <sec id="S3">
          <title>Search methods</title>
          <p id="P12">We searched ALOIS: the Cochrane Dementia and Cognitive Improvement Group&#x2019;s Specialized Register on 10 February 2011 using the terms: chinese, plants, huperzine, HUP, ayapin, scoparon. ALOIS contains records of clinical trials identified from monthly searches of a number of major healthcare databases (<italic>The Cochrane Library</italic>, MEDLINE, EMBASE, PsycINFO, CINAHL, LILACS), numerous trial registries and grey literature sources. We also searched the following databases in March 2011 using the terms &#x2018;Huperzine A&#x2019;, &#x2018;Shishanjianjia&#x2019;, &#x2018;Haboyin&#x2019; and &#x2018;Shuangyiping&#x2019;: The Chinese Biomedical Database (CBM) (1977 to March 2011); Chinese Science and Technique Journals Database (VIP) (1989 to March 2011); China National Knowledge Infrastructure (CNKI) (1979 to March 2011); Google (March 2011). In addition, we searched relevant reference lists. We also contacted researchers to request additional information where necessary.</p>
        </sec>
        <sec id="S4">
          <title>Selection criteria</title>
          <p id="P13">We considered randomized controlled trials comparing Huperzine A with placebo in people with vascular dementia eligible for inclusion.</p>
        </sec>
        <sec id="S5">
          <title>Data collection and analysis</title>
          <p id="P14">Two review authors independently applied the inclusion criteria, assessed trial quality and extracted the data. We resolved any disagreement by discussion.</p>
        </sec>
        <sec id="S6">
          <title>Main results</title>
          <p id="P15">We included only one small trial, involving 14 participants with vascular dementia. No significant effect of Huperzine A on cognitive function measured by MMSE (WMD 2.40; 95% CI &#x2212;4.78 to 9.58) was observed. There was a significant beneficial effect of Huperzine A on performance of activities of daily living (WMD &#x2212;13.00; 95% CI &#x2212;23.24 to &#x2212;2.76) after six months of treatment. No deaths from any cause at the end of treatment were reported. Behaviour, quality of life and caregiver burden were not assessed in the included trial.</p>
        </sec>
        <sec id="S7">
          <title>Authors&#x2019; conclusions</title>
          <p id="P16">There is currently no high quality evidence to support the use of Huperzine A for the treatment of vascular dementia. Further randomized placebo controlled trials are needed to determine whether there is worthwhile benefit.</p>
        </sec>
      </abstract>
      <kwd-group kwd-group-type="Medical Subject Headings">
        <title>Medical Subject Headings (MeSH)</title>
        <kwd>Alkaloids</kwd>
        <kwd>Dementia, Vascular [* drug therapy]</kwd>
        <kwd>Drugs, Chinese Herbal [* therapeutic use]</kwd>
        <kwd>Neuroprotective Agents [* therapeutic use]</kwd>
        <kwd>Sesquiterpenes [* therapeutic use]</kwd>
      </kwd-group>
      <kwd-group kwd-group-type="MeSH check words">
        <title>MeSH check words</title>
        <kwd>Humans</kwd>
      </kwd-group>
    </article-meta>
  </front>
</article>
</pmc-articleset>