<?xml version="1.0" ?>
<!DOCTYPE pmc-articleset PUBLIC "-//NLM//DTD ARTICLE SET 2.0//EN" "https://dtd.nlm.nih.gov/ncbi/pmc/articleset/nlm-articleset-2.0.dtd">
<pmc-articleset><article xmlns:xlink="http://www.w3.org/1999/xlink" xmlns:mml="http://www.w3.org/1998/Math/MathML" article-type="research-article">
  <!--The publisher of this article does not allow downloading of the full text in XML form.-->
  <?properties manuscript?>
  <front>
    <journal-meta>
      <journal-id journal-id-type="nlm-journal-id">100909747</journal-id>
      <journal-id journal-id-type="pubmed-jr-id">21711</journal-id>
      <journal-id journal-id-type="nlm-ta">Cochrane Database Syst Rev</journal-id>
      <journal-id journal-id-type="iso-abbrev">Cochrane Database Syst Rev</journal-id>
      <journal-title-group>
        <journal-title>The Cochrane database of systematic reviews</journal-title>
      </journal-title-group>
      <issn pub-type="epub">1469-493X</issn>
    </journal-meta>
    <article-meta>
      <article-id pub-id-type="pmid">21154352</article-id>
      <article-id pub-id-type="pmc">4739528</article-id>
      <article-id pub-id-type="doi">10.1002/14651858.CD002898.pub4</article-id>
      <article-id pub-id-type="manuscript">NIHMS753011</article-id>
      <article-categories>
        <subj-group subj-group-type="heading">
          <subject>Article</subject>
        </subj-group>
      </article-categories>
      <title-group>
        <article-title>Antiviral treatment and other therapeutic interventions for herpes simplex virus epithelial keratitis</article-title>
      </title-group>
      <contrib-group>
        <contrib contrib-type="author">
          <name>
            <surname>Wilhelmus</surname>
            <given-names>Kirk R.</given-names>
          </name>
          <xref ref-type="aff" rid="A1">1</xref>
        </contrib>
      </contrib-group>
      <aff id="A1"><label>1</label>Cullen Eye Institute, Department of Ophthalmology, Baylor College of Medicine, Houston, Texas, USA</aff>
      <author-notes>
        <corresp id="FN1">Contact address: Kirk R. Wilhelmus, Cullen Eye Institute, Department of Ophthalmology, Baylor College of Medicine, 6565 Fannin Street, NC-205, Houston, Texas, 77030, USA. <email>kirkw@bcm.edu</email></corresp>
        <fn id="FN3" fn-type="conflict">
          <p>
            <bold>DECLARATIONS OF INTEREST</bold>
          </p>
          <p>None known</p>
        </fn>
      </author-notes>
      <pub-date pub-type="nihms-submitted">
        <day>25</day>
        <month>1</month>
        <year>2016</year>
      </pub-date>
      <pub-date pub-type="epub">
        <day>08</day>
        <month>12</month>
        <year>2010</year>
      </pub-date>
      <pub-date pub-type="collection">
        <year>2010</year>
      </pub-date>
      <pub-date pub-type="pmc-release">
        <day>03</day>
        <month>2</month>
        <year>2016</year>
      </pub-date>
      <issue>12</issue>
      <fpage>CD002898</fpage>
      <lpage>CD002898</lpage>
      <!--elocation-id from pubmed: 10.1002/14651858.CD002898.pub4-->
      <abstract>
        <sec id="S1">
          <title>Background</title>
          <p id="P1">Eye disease due to herpes simplex virus (HSV) commonly presents as epithelial keratitis.</p>
        </sec>
        <sec id="S2">
          <title>Objectives</title>
          <p id="P2">To compare the relative effectiveness of antiviral agents, interferon, and corneal d&#xE9;bridement in the treatment of acute HSV epithelial keratitis.</p>
        </sec>
        <sec id="S3">
          <title>Search methods</title>
          <p id="P3">We searched CENTRAL (<italic>The Cochrane Library</italic> 2010, Issue 4), MEDLINE (January 1950 to October 2010), EMBASE (January 1980 to October 2010), Latin American and Caribbean Literature on Health Sciences (LILACS) (January 1982 to October 2010), Zetoc (British Library&#x2019;s Electronic Table of Contents), System for Information on Grey Literature in Europe (openSIGLE), Biosciences Information Service (BIOSIS), the <italic>meta</italic>Register of Controlled Trials (<italic>m</italic>RCT) (<ext-link ext-link-type="uri" xlink:href="www.controlled-trials.com">www.controlled-trials.com</ext-link>), ClinicalTrials.gov (<ext-link ext-link-type="uri" xlink:href="www.clinicaltrials.gov">www.clinicaltrials.gov</ext-link>), Japan Information Center of Science and Technology (JICST-EPlus), and China Academic Journals database (CAJ) via China National Knowledge Infrastructure (CNKI) with citations confirmed using China/Asia On Demand (COAD). There were no language or date restrictions in the search for trials. All databases except CNKI and COAD were last searched on 27 October 2010, CNKI and COAD were searched on 1 April 2010. We also searched literature digests, conference proceedings and reference lists.</p>
        </sec>
        <sec id="S4">
          <title>Selection criteria</title>
          <p id="P4">Of 152 eligible studies,106 comparative treatment trials involving 5872 eyes with dendritic or geographic epithelial keratitis were analysed for corneal healing over two weeks.</p>
        </sec>
        <sec id="S5">
          <title>Data collection and analysis</title>
          <p id="P5">Interventions were compared at 14 days after trial enrolment by calculating a risk ratio (RR) that was adjusted with indirect RR, assessed by an inconsistency index (<italic>I</italic><sup>2</sup>) and supplemented by a seven-day RR and a hazard ratio (HR).</p>
        </sec>
        <sec id="S6">
          <title>Main results</title>
          <p id="P6">Idoxuridine, though uncertainly better in healing outcome than control because of few trials with 14-day follow up, allowed earlier corneal re-epithelialisation. Vidarabine resulted in a significantly better outcome than placebo in one trial (RR 1.96; 95% CI 1.10 to 3.49). Compared to idoxuridine, in combined direct and indirect analyses, vidarabine (RR 1.11; 95% CI 1.03 to 1.19), trifluridine (RR 1.31; 95% CI 1.20 to 1.42), acyclovir (RR 1.23; 95% CI 1.16 to 1.31), brivudine (RR 1.38; 95% CI 1.18 to 1.61), and ganciclovir (RR 1.40; 95% CI 1.25 to 1.57) were significantly more effective. Trifluridine (RR 1.12; 95% CI 1.04 to 1.21) and acyclovir (RR 1.11; 95% CI 1.05 to 1.19) appeared more effective than vidarabine. No significant differences in healing were found in comparisons between acyclovir, trifluridine and brivudine. The comparison of ganciclovir to acyclovir was limited by heterogeneity and possible publication bias. The joint use of two topical antivirals (RR 1.00; 95% CI 0.89 to 1.12) and the use of oral acyclovir alone (RR 0.92; 95% CI 0.79 to 1.07) or combined with a topical antiviral (RR 1.08; 95% CI 0.99 to 1.17) appeared as effective as topical antiviral therapy. Compared to antiviral monotherapy, the combination of an antiviral with interferon (RR 1.03; 95% CI 0.99 to 1.07) or with d&#xE9;bridement (RR 1.04; 95% CI 0.95 to 1.14) did not yield significantly better outcomes but may have accelerated healing. The corneal epithelial healing outcome was improved when antiviral therapy followed d&#xE9;bridement (RR 1.21; 95% CI 1.04 to 1.42).</p>
        </sec>
        <sec id="S7">
          <title>Authors&#x2019; conclusions</title>
          <p id="P7">Trifluridine and acyclovir are more effective than idoxuridine or vidarabine and similar in therapeutic effectiveness. Brivudine and ganciclovir are at least as effective as acyclovir. While not improving outcome, the combination of interferon and an antiviral agent may speed healing. The effectiveness of corneal epithelial d&#xE9;bridement is improved by an antiviral agent.</p>
        </sec>
      </abstract>
      <kwd-group>
        <title>INDEX TERMS: Medical Subject Headings (MeSH)</title>
        <kwd>Administration, Oral</kwd>
        <kwd>Administration, Topical</kwd>
        <kwd>Antiviral Agents [*administration &amp; dosage]</kwd>
        <kwd>CombinedModality Therapy [methods]</kwd>
        <kwd>Debridement [*methods]</kwd>
        <kwd>Interferons [administration &amp; dosage]</kwd>
        <kwd>Keratitis, Herpetic [*therapy]</kwd>
        <kwd>Randomized Controlled Trials as Topic</kwd>
      </kwd-group>
      <kwd-group>
        <title>MeSH check words</title>
        <kwd>Humans</kwd>
      </kwd-group>
    </article-meta>
  </front>
</article>
</pmc-articleset>