<?xml version="1.0" ?>
<!DOCTYPE pmc-articleset PUBLIC "-//NLM//DTD ARTICLE SET 2.0//EN" "https://dtd.nlm.nih.gov/ncbi/pmc/articleset/nlm-articleset-2.0.dtd">
<pmc-articleset><article xmlns:xlink="http://www.w3.org/1999/xlink" xmlns:mml="http://www.w3.org/1998/Math/MathML" article-type="research-article">
  <!--The publisher of this article does not allow downloading of the full text in XML form.-->
  <?properties manuscript?>
  <front>
    <journal-meta>
      <journal-id journal-id-type="nlm-journal-id">100909747</journal-id>
      <journal-id journal-id-type="pubmed-jr-id">21711</journal-id>
      <journal-id journal-id-type="nlm-ta">Cochrane Database Syst Rev</journal-id>
      <journal-id journal-id-type="iso-abbrev">Cochrane Database Syst Rev</journal-id>
      <journal-title-group>
        <journal-title>The Cochrane database of systematic reviews</journal-title>
      </journal-title-group>
      <issn pub-type="epub">1469-493X</issn>
    </journal-meta>
    <article-meta>
      <article-id pub-id-type="pmid">17943856</article-id>
      <article-id pub-id-type="pmc">4374569</article-id>
      <article-id pub-id-type="doi">10.1002/14651858.CD005430.pub2</article-id>
      <article-id pub-id-type="manuscript">NIHMS644975</article-id>
      <article-categories>
        <subj-group subj-group-type="heading">
          <subject>Article</subject>
        </subj-group>
      </article-categories>
      <title-group>
        <article-title>Topical corticosteroids as adjunctive therapy for bacterial keratitis</article-title>
      </title-group>
      <contrib-group>
        <contrib contrib-type="author">
          <name>
            <surname>Suwan-apichon</surname>
            <given-names>Olan</given-names>
          </name>
          <xref ref-type="aff" rid="A1">1</xref>
        </contrib>
        <contrib contrib-type="author">
          <name>
            <surname>Reyes</surname>
            <given-names>Johann MG</given-names>
          </name>
          <xref ref-type="aff" rid="A2">2</xref>
        </contrib>
        <contrib contrib-type="author">
          <name>
            <surname>Herretes</surname>
            <given-names>Samantha</given-names>
          </name>
          <xref ref-type="aff" rid="A3">3</xref>
        </contrib>
        <contrib contrib-type="author">
          <name>
            <surname>Vedula</surname>
            <given-names>Satyanarayana S</given-names>
          </name>
          <xref ref-type="aff" rid="A4">4</xref>
        </contrib>
        <contrib contrib-type="author">
          <name>
            <surname>Chuck</surname>
            <given-names>Roy S</given-names>
          </name>
          <xref ref-type="aff" rid="A5">5</xref>
        </contrib>
      </contrib-group>
      <aff id="A1"><label>1</label>Department of Ophthalmology, Faculty of Medicine, Khon Kaen University, Khon Kaen, Thailand</aff>
      <aff id="A2"><label>2</label>Pasig City, Philippines</aff>
      <aff id="A3"><label>3</label>Miami, USA</aff>
      <aff id="A4"><label>4</label>Cochrane Eyes and Vision Group US Project, Johns Hopkins Bloomberg School of Public Health, Baltimore, MD, USA</aff>
      <aff id="A5"><label>5</label>The Wilmer Ophthalmological Institute, Johns Hopkins School of Medicine, Baltimore, USA</aff>
      <author-notes>
        <corresp id="FN1">Contact address: Olan Suwan-apichon, Department of Ophthalmology, Faculty of Medicine, Khon Kaen University, Khon Kaen, 40000, Thailand. <email>osuwanapichon@hotmail.com</email></corresp>
      </author-notes>
      <pub-date pub-type="nihms-submitted">
        <day>2</day>
        <month>12</month>
        <year>2014</year>
      </pub-date>
      <pub-date pub-type="epub">
        <day>17</day>
        <month>10</month>
        <year>2007</year>
      </pub-date>
      <pub-date pub-type="collection">
        <year>2007</year>
      </pub-date>
      <pub-date pub-type="pmc-release">
        <day>26</day>
        <month>3</month>
        <year>2015</year>
      </pub-date>
      <issue>4</issue>
      <fpage>CD005430</fpage>
      <lpage>CD005430</lpage>
      <!--elocation-id from pubmed: 10.1002/14651858.CD005430.pub2-->
      <permissions>
        <copyright-statement>Copyright &#xA9; 2009 The Cochrane Collaboration. Published by John Wiley &amp; Sons, Ltd.</copyright-statement>
        <copyright-year>2009</copyright-year>
      </permissions>
      <abstract>
        <sec id="S1">
          <title>Background</title>
          <p id="P1">Bacterial keratitis is a serious ocular infectious disease that can lead to severe visual disability. Risk factors for bacterial corneal infection include contact lens wear, ocular surface disease, corneal trauma and previous ocular or eyelid surgery. Topical antibiotics constitute the mainstay of treatment in cases of bacterial keratitis where as the use of topical corticosteroids remains controversial. Topical corticosteroids are usually used to control inflammation using the smallest amount of the drug. Their use requires optimal timing, concomitant antibiotics and careful follow up.</p>
        </sec>
        <sec id="S2">
          <title>Objectives</title>
          <p id="P2">The objective of the review was to assess the clinical effectiveness and adverse effects of corticosteroids as adjunctive therapy for bacterial keratitis.</p>
        </sec>
        <sec id="S3">
          <title>Search strategy</title>
          <p id="P3">We searched CENTRAL, MEDLINE, EMBASE, and LILACS up to 15 January 2007. We also searched the Science Citation Index to identify additional studies that had cited the included trial, an online database of ongoing trials (<ext-link ext-link-type="uri" xlink:href="http://www.clinicaltrials.gov">www.clinicaltrials.gov</ext-link>), reference lists of included trials, earlier reviews and the American Academy of Ophthalmology guidelines. We also contacted experts to identify any unpublished and ongoing randomized trials.</p>
        </sec>
        <sec id="S4">
          <title>Selection criteria</title>
          <p id="P4">We included randomized controlled trials evaluating adjunctive therapy with topical corticosteroids in people with bacterial keratitis.</p>
        </sec>
        <sec id="S5">
          <title>Data collection and analysis</title>
          <p id="P5">Two review authors independently screened all the retrieved articles. Methodological quality of the one included trial was assessed using forms developed using pre-specified criteria by at least two review authors. We planned to extract data on outcomes using forms developed for the purpose. We planned to report risk ratios for dichotomous outcomes and mean differences for continuous outcomes.</p>
        </sec>
        <sec id="S6">
          <title>Main results</title>
          <p id="P6">A single trial was eligible for inclusion in the review. Participants in the trial were randomized using a random numbers table. Allocation concealment was not attempted. Masking of participants, and care-providers was also not attempted. Outcome assessment was conducted independently by two physicians. Neither was masked to the treatment allocation. The trial reported the healing rate of epithelial defects and improvement in visual acuity.</p>
        </sec>
        <sec id="S7">
          <title>Authors' conclusions</title>
          <p id="P7">There are no good quality randomized trials evaluating the effects of adjunct use of topical corticosteroids in bacterial keratitis. The only randomized trial we identified in the literature suffered from major methodological inadequacies.</p>
        </sec>
      </abstract>
      <kwd-group>
        <title>Medical Subject Headings (MeSH)</title>
        <kwd>Adrenal Cortex Hormones [*therapeutic use]</kwd>
        <kwd>Chemotherapy</kwd>
        <kwd>Adjuvant [methods]</kwd>
        <kwd>Eye Infections</kwd>
        <kwd>Bacterial [*drug therapy]</kwd>
        <kwd>Keratitis [*drug therapy; microbiology]</kwd>
      </kwd-group>
      <kwd-group>
        <title>MeSH check words</title>
        <kwd>Humans</kwd>
      </kwd-group>
    </article-meta>
  </front>
</article>
</pmc-articleset>