<?xml version="1.0" ?>
<!DOCTYPE pmc-articleset PUBLIC "-//NLM//DTD ARTICLE SET 2.0//EN" "https://dtd.nlm.nih.gov/ncbi/pmc/articleset/nlm-articleset-2.0.dtd">
<pmc-articleset><article xmlns:xlink="http://www.w3.org/1999/xlink" xmlns:mml="http://www.w3.org/1998/Math/MathML" article-type="research-article">
  <!--The publisher of this article does not allow downloading of the full text in XML form.-->
  <?properties manuscript?>
  <front>
    <journal-meta>
      <journal-id journal-id-type="nlm-journal-id">100909747</journal-id>
      <journal-id journal-id-type="pubmed-jr-id">21711</journal-id>
      <journal-id journal-id-type="nlm-ta">Cochrane Database Syst Rev</journal-id>
      <journal-id journal-id-type="iso-abbrev">Cochrane Database Syst Rev</journal-id>
      <journal-title-group>
        <journal-title>The Cochrane database of systematic reviews</journal-title>
      </journal-title-group>
      <issn pub-type="epub">1469-493X</issn>
    </journal-meta>
    <article-meta>
      <article-id pub-id-type="pmid">20927764</article-id>
      <article-id pub-id-type="pmc">4170990</article-id>
      <article-id pub-id-type="doi">10.1002/14651858.CD007724.pub2</article-id>
      <article-id pub-id-type="manuscript">EMS58187</article-id>
      <article-categories>
        <subj-group subj-group-type="heading">
          <subject>Article</subject>
        </subj-group>
      </article-categories>
      <title-group>
        <article-title>Oral anti-diabetic agents for women with pre-existing diabetes mellitus/impaired glucose tolerance or previous gestational diabetes mellitus</article-title>
      </title-group>
      <contrib-group>
        <contrib contrib-type="author">
          <name>
            <surname>Tieu</surname>
            <given-names>Joanna</given-names>
          </name>
          <xref ref-type="aff" rid="A1">1</xref>
        </contrib>
        <contrib contrib-type="author">
          <name>
            <surname>Coat</surname>
            <given-names>Suzette</given-names>
          </name>
          <xref ref-type="aff" rid="A2">2</xref>
        </contrib>
        <contrib contrib-type="author">
          <name>
            <surname>Hague</surname>
            <given-names>William</given-names>
          </name>
          <xref ref-type="aff" rid="A2">2</xref>
        </contrib>
        <contrib contrib-type="author">
          <name>
            <surname>Middleton</surname>
            <given-names>Philippa</given-names>
          </name>
          <xref ref-type="aff" rid="A1">1</xref>
        </contrib>
      </contrib-group>
      <aff id="A1"><label>1</label>ARCH: Australian Research Centre for Health of Women and Babies, Discipline of Obstetrics and Gynaecology, The University of Adelaide, Adelaide, Australia
</aff>
      <aff id="A2"><label>2</label>Discipline of Obstetrics and Gynaecology, The University of Adelaide, Women&#x2019;s and Children&#x2019;s Hospital, Adelaide, Australia
</aff>
      <author-notes>
        <corresp id="CR1">Contact address: Joanna Tieu, ARCH: Australian Research Centre for Health of Women and Babies, Discipline of Obstetrics and Gynaecology, The University of Adelaide, Women&#x2019;s and Children&#x2019;s Hospital, 1st floor, Queen Victoria Building, 72 King William Road, Adelaide, South Australia, 5006, Australia. <email>joanna.tieu@gmail.com</email>. <email>joanna.tieu@mh.org.au</email></corresp>
        <fn id="FN1">
          <p id="P1"><bold>Editorial group:</bold> Cochrane Pregnancy and Childbirth Group.</p>
          <p id="P2"><bold>Publication status and date:</bold> Edited (no change to conclusions), published in Issue 2, 2011.</p>
          <p id="P3"><bold>Review content assessed as up-to-date:</bold> 30 August 2010.</p>
        </fn>
        <fn id="FN2">
          <p id="P4">
            <bold>CONTRIBUTIONS OF AUTHORS</bold>
          </p>
          <p id="P5">Joanna Tieu wrote the protocol and review with help from Philippa Middleton. Philippa Middleton, Suzette Coat and William Hague were involved in editing.</p>
        </fn>
      </author-notes>
      <pub-date pub-type="nihms-submitted">
        <day>23</day>
        <month>7</month>
        <year>2014</year>
      </pub-date>
      <pub-date pub-type="epub">
        <day>06</day>
        <month>10</month>
        <year>2010</year>
      </pub-date>
      <pub-date pub-type="collection">
        <year>2010</year>
      </pub-date>
      <pub-date pub-type="pmc-release">
        <day>22</day>
        <month>9</month>
        <year>2014</year>
      </pub-date>
      <issue>10</issue>
      <fpage>CD007724</fpage>
      <lpage>CD007724</lpage>
      <!--elocation-id from pubmed: 10.1002/14651858.CD007724.pub2-->
      <permissions>
        <copyright-statement>Copyright &#xA9; 2011 The Cochrane Collaboration. Published by John Wiley &amp; Sons, Ltd.</copyright-statement>
        <copyright-year>2011</copyright-year>
      </permissions>
      <abstract>
        <sec id="S1">
          <title>Background</title>
          <p id="P6">While most guidelines recommend the use of insulin in women whose pregnancies are affected by pre-existing diabetes, oral agents have obvious benefits for patient acceptability and adherence. It is necessary, however, to assess the effects of these anti-diabetic agents on maternal and infant health outcomes. Additionally, women with previous gestational diabetes mellitus are increasingly found to be predisposed to impaired glucose tolerance and, despite the potential need for intervention for these women, there has been little evidence about the use of oral anti-diabetic agents by these women pre-conceptionally or during a subsequent pregnancy.</p>
        </sec>
        <sec id="S2">
          <title>Objectives</title>
          <p id="P7">To investigate the effect of oral anti-diabetic agents in women with pre-existing diabetes mellitus, impaired glucose tolerance or previous gestational diabetes planning a pregnancy or pregnant women with diabetes mellitus on maternal and infant health.</p>
          <p id="P8">The use of oral antidiabetic agents for management of gestational diabetes in a current pregnancy is evaluated in a separate Cochrane review.</p>
        </sec>
        <sec id="S3">
          <title>Search methods</title>
          <p id="P9">We searched the Cochrane Pregnancy and Childbirth Group&#x2019;s Trials Register (March 2010).</p>
        </sec>
        <sec id="S4">
          <title>Selection criteria</title>
          <p id="P10">We included randomised and quasi-randomised trials.</p>
        </sec>
        <sec id="S5">
          <title>Data collection and analysis</title>
          <p id="P11">Two review authors independently assessed trial eligibility for inclusion.</p>
        </sec>
        <sec id="S6">
          <title>Main results</title>
          <p id="P12">We identified 13 trials published as 25 papers using the Cochrane Pregnancy and Childbirth group literature search, and an additional ongoing trial. We have not included any trials in the review. One trial is awaiting assessment and we have excluded twelve trials because they evaluated treatment of women with gestational diabetes or women with polycystic ovary syndrome, were not randomised controlled trials or data were not available.</p>
        </sec>
        <sec id="S7">
          <title>Authors&#x2019; conclusions</title>
          <p id="P13">Little randomised evidence is available evaluating the use of oral anti-diabetic agents in women with diabetes mellitus, impaired glucose tolerance, previous gestational diabetes mellitus planning a pregnancy or pregnant women with pre-existing diabetes mellitus. Large trials comparing any combination of oral anti-diabetic agent, insulin and dietary and lifestyle advice in these women, reporting on maternal and infant health outcomes, glycaemic control, women&#x2019;s views on the intervention and long-term health outcomes for mother and child, are required to guide clinical practice.</p>
        </sec>
      </abstract>
      <kwd-group kwd-group-type="Medical Subject Headings">
        <title>Medical Subject Headings (MeSH)</title>
        <kwd>Administration, Oral</kwd>
        <kwd>Diabetes Mellitus [* drug therapy]</kwd>
        <kwd>Diabetes, Gestational [drug therapy]</kwd>
        <kwd>Glucose Intolerance [* drug therapy]</kwd>
        <kwd>Hypoglycemic Agents [* administration &amp; dosage]</kwd>
      </kwd-group>
      <kwd-group kwd-group-type="MeSH check words">
        <title>MeSH check words</title>
        <kwd>Female</kwd>
        <kwd>Humans</kwd>
        <kwd>Pregnancy</kwd>
      </kwd-group>
    </article-meta>
  </front>
</article>
</pmc-articleset>