<?xml version="1.0" ?>
<!DOCTYPE pmc-articleset PUBLIC "-//NLM//DTD ARTICLE SET 2.0//EN" "https://dtd.nlm.nih.gov/ncbi/pmc/articleset/nlm-articleset-2.0.dtd">
<pmc-articleset><article xmlns:xlink="http://www.w3.org/1999/xlink" xmlns:mml="http://www.w3.org/1998/Math/MathML" article-type="research-article">
  <!--The publisher of this article does not allow downloading of the full text in XML form.-->
  <?properties manuscript?>
  <front>
    <journal-meta>
      <journal-id journal-id-type="nlm-journal-id">100909747</journal-id>
      <journal-id journal-id-type="pubmed-jr-id">21711</journal-id>
      <journal-id journal-id-type="nlm-ta">Cochrane Database Syst Rev</journal-id>
      <journal-id journal-id-type="iso-abbrev">Cochrane Database Syst Rev</journal-id>
      <journal-title-group>
        <journal-title>The Cochrane database of systematic reviews</journal-title>
      </journal-title-group>
      <issn pub-type="epub">1469-493X</issn>
    </journal-meta>
    <article-meta>
      <article-id pub-id-type="pmid">25722650</article-id>
      <article-id pub-id-type="pmc">4338548</article-id>
      <article-id pub-id-type="doi">10.1002/14651858.CD010982</article-id>
      <article-id pub-id-type="manuscript">EMS61414</article-id>
      <article-categories>
        <subj-group subj-group-type="heading">
          <subject>Article</subject>
        </subj-group>
      </article-categories>
      <title-group>
        <article-title>Alternative agents versus prophylactic platelet transfusion for preventing bleeding in patients with haematological disorders after chemotherapy or stem cell transplantation</article-title>
      </title-group>
      <contrib-group>
        <contrib contrib-type="author">
          <name>
            <surname>Estcourt</surname>
            <given-names>Lise J</given-names>
          </name>
          <xref ref-type="aff" rid="A1">1</xref>
        </contrib>
        <contrib contrib-type="author">
          <name>
            <surname>Gregg</surname>
            <given-names>Richard</given-names>
          </name>
          <xref ref-type="aff" rid="A2">2</xref>
        </contrib>
        <contrib contrib-type="author">
          <name>
            <surname>Stanworth</surname>
            <given-names>Simon</given-names>
          </name>
          <xref ref-type="aff" rid="A1">1</xref>
        </contrib>
        <contrib contrib-type="author">
          <name>
            <surname>Doree</surname>
            <given-names>Carolyn</given-names>
          </name>
          <xref ref-type="aff" rid="A3">3</xref>
        </contrib>
        <contrib contrib-type="author">
          <name>
            <surname>Trivella</surname>
            <given-names>Marialena</given-names>
          </name>
          <xref ref-type="aff" rid="A4">4</xref>
        </contrib>
        <contrib contrib-type="author">
          <name>
            <surname>Murphy</surname>
            <given-names>Michael F</given-names>
          </name>
          <xref ref-type="aff" rid="A5">5</xref>
        </contrib>
        <contrib contrib-type="author">
          <name>
            <surname>Tinmouth</surname>
            <given-names>Alan</given-names>
          </name>
          <xref ref-type="aff" rid="A6">6</xref>
        </contrib>
      </contrib-group>
      <aff id="A1"><label>1</label>Haematology/Transfusion Medicine, NHS Blood and Transplant, Oxford, UK
</aff>
      <aff id="A2"><label>2</label>Department of Haematology, University Hospitals Birmingham NHS Foundation Trust, Birmingham, UK
</aff>
      <aff id="A3"><label>3</label>Systematic Review Initiative, NHS Blood and Transplant, Oxford, UK
</aff>
      <aff id="A4"><label>4</label>Centre for Statistics in Medicine, University of Oxford, Oxford, UK
</aff>
      <aff id="A5"><label>5</label>NHS Blood and Transplant, John Radcliffe Hospital, Oxford, UK
</aff>
      <aff id="A6"><label>6</label>Medicine (hematology) and Pathology Centre for Transfusion Research, The Ottawa Health Research Institute and the University of Ottawa, Ottawa, Canada
</aff>
      <author-notes>
        <corresp id="CR1">Contact address: Lise J Estcourt, Haematology/Transfusion Medicine, NHS Blood and Transplant, Level 2, John Radcliffe Hospital, Headington, Oxford, OX3 9BQ, UK. <email>lise.estcourt@nhsbt.nhs.uk</email>. <email>lestcourt@doctors.org.uk</email></corresp>
        <fn id="FN1">
          <p id="P1"><bold>Editorial group:</bold> Cochrane Haematological Malignancies Group.</p>
          <p id="P2"><bold>Publication status and date:</bold> New, published in Issue 3, 2014.</p>
        </fn>
        <fn id="FN2">
          <p id="P3">
            <bold>CONTRIBUTIONS OF AUTHORS</bold>
          </p>
          <p id="P4">Lise Estcourt: protocol development, searching, selection of studies, eligibility and quality assessment, data extraction and analysis and content expert.</p>
          <p id="P5">Richard Gregg: protocol development, searching, selection of studies, eligibility and quality assessment, data extraction and analysis and content expert.</p>
          <p id="P6">Simon Stanworth: protocol development and content expert.</p>
          <p id="P7">Carolyn Doree: protocol development, searching and selection of studies.</p>
          <p id="P8">Marialena Trivella: protocol development and statistical expert.</p>
          <p id="P9">Sally Hopewell: protocol development and methodological expert.</p>
          <p id="P10">Mike Murphy: protocol development and content expert.</p>
          <p id="P11">Alan Tinmouth: protocol development and content expert.</p>
        </fn>
      </author-notes>
      <pub-date pub-type="nihms-submitted">
        <day>5</day>
        <month>12</month>
        <year>2014</year>
      </pub-date>
      <pub-date pub-type="epub">
        <day>18</day>
        <month>3</month>
        <year>2014</year>
      </pub-date>
      <pub-date pub-type="ppub">
        <year>2014</year>
      </pub-date>
      <pub-date pub-type="pmc-release">
        <day>24</day>
        <month>2</month>
        <year>2015</year>
      </pub-date>
      <issue>3</issue>
      <elocation-id>CD010982</elocation-id>
      <permissions>
        <copyright-statement>Copyright &#xA9; 2014 The Cochrane Collaboration. Published by John Wiley &amp; Sons, Ltd.</copyright-statement>
        <copyright-year>2014</copyright-year>
      </permissions>
      <self-uri xlink:href="http://onlinelibrary.wiley.com/doi/10.1002/14651858.CD010982/full"/>
      <abstract>
        <p id="P12">This is the protocol for a review and there is no abstract. The objectives are as follows:</p>
        <p id="P13">To determine whether alternative agents (e.g. artificial platelet substitutes, platelet-poor plasma, fibrinogen, rFVIIa, thrombopoietin mimetics) are as effective and safe as the use of platelet transfusions for the prevention of bleeding (prophylactic platelet transfusion) in patients with haematological disorders who are undergoing myelosuppressive chemotherapy or stem cell transplantation. Antifibrinolytics (lysine analogues) will not be included in this review because they have been the focus of another Cochrane review (<xref rid="R82" ref-type="bibr">Wardrop 2013</xref>).</p>
      </abstract>
    </article-meta>
  </front>
</article>
</pmc-articleset>