<?xml version="1.0" ?>
<!DOCTYPE pmc-articleset PUBLIC "-//NLM//DTD ARTICLE SET 2.0//EN" "https://dtd.nlm.nih.gov/ncbi/pmc/articleset/nlm-articleset-2.0.dtd">
<pmc-articleset><article xmlns:xlink="http://www.w3.org/1999/xlink" xmlns:mml="http://www.w3.org/1998/Math/MathML" article-type="research-article">
  <!--The publisher of this article does not allow downloading of the full text in XML form.-->
  <?properties manuscript?>
  <front>
    <journal-meta>
      <journal-id journal-id-type="nlm-journal-id">100909747</journal-id>
      <journal-id journal-id-type="pubmed-jr-id">21711</journal-id>
      <journal-id journal-id-type="nlm-ta">Cochrane Database Syst Rev</journal-id>
      <journal-id journal-id-type="iso-abbrev">Cochrane Database Syst Rev</journal-id>
      <journal-title-group>
        <journal-title>The Cochrane database of systematic reviews</journal-title>
      </journal-title-group>
      <issn pub-type="epub">1469-493X</issn>
    </journal-meta>
    <article-meta>
      <article-id pub-id-type="pmid">27069420</article-id>
      <article-id pub-id-type="pmc">4826602</article-id>
      <article-id pub-id-type="doi">10.1002/14651858.CD012055</article-id>
      <article-id pub-id-type="manuscript">EMS67157</article-id>
      <article-categories>
        <subj-group subj-group-type="heading">
          <subject>Article</subject>
        </subj-group>
      </article-categories>
      <title-group>
        <article-title>Alternative agents versus prophylactic platelet transfusion for preventing bleeding in patients with thrombocytopenia due to chronic bone marrow failure: a network meta-analysis and systematic review</article-title>
      </title-group>
      <contrib-group>
        <contrib contrib-type="author">
          <name>
            <surname>Desborough</surname>
            <given-names>Michael</given-names>
          </name>
          <xref ref-type="aff" rid="A1">1</xref>
        </contrib>
        <contrib contrib-type="author">
          <name>
            <surname>Estcourt</surname>
            <given-names>Lise J</given-names>
          </name>
          <xref ref-type="aff" rid="A1">1</xref>
        </contrib>
        <contrib contrib-type="author">
          <name>
            <surname>Chaimani</surname>
            <given-names>Anna</given-names>
          </name>
          <xref ref-type="aff" rid="A2">2</xref>
        </contrib>
        <contrib contrib-type="author">
          <name>
            <surname>Doree</surname>
            <given-names>Carolyn</given-names>
          </name>
          <xref ref-type="aff" rid="A3">3</xref>
        </contrib>
        <contrib contrib-type="author">
          <name>
            <surname>Hopewell</surname>
            <given-names>Sally</given-names>
          </name>
          <xref ref-type="aff" rid="A4">4</xref>
        </contrib>
        <contrib contrib-type="author">
          <name>
            <surname>Trivella</surname>
            <given-names>Marialena</given-names>
          </name>
          <xref ref-type="aff" rid="A5">5</xref>
        </contrib>
        <contrib contrib-type="author">
          <name>
            <surname>Hadjinicolaou</surname>
            <given-names>Andreas V</given-names>
          </name>
          <xref ref-type="aff" rid="A6">6</xref>
        </contrib>
        <contrib contrib-type="author">
          <name>
            <surname>Vyas</surname>
            <given-names>Paresh</given-names>
          </name>
          <xref ref-type="aff" rid="A7">7</xref>
        </contrib>
        <contrib contrib-type="author">
          <name>
            <surname>Stanworth</surname>
            <given-names>Simon J</given-names>
          </name>
          <xref ref-type="aff" rid="A8">8</xref>
        </contrib>
      </contrib-group>
      <aff id="A1"><label>1</label>Haematology/Transfusion Medicine, NHS Blood and Transplant, Oxford, UK
</aff>
      <aff id="A2"><label>2</label>Department of Hygiene and Epidemiology, University of Ioannina School of Medicine, Ioannina, Greece
</aff>
      <aff id="A3"><label>3</label>Systematic Review Initiative, NHS Blood and Transplant, Oxford, UK
</aff>
      <aff id="A4"><label>4</label>Oxford Clinical Trials Research Unit, University of Oxford, Oxford, UK
</aff>
      <aff id="A5"><label>5</label>Centre for Statistics in Medicine, University of Oxford, Oxford, UK
</aff>
      <aff id="A6"><label>6</label>Human Immunology Unit, Institute of Molecular Medicine, Radcliffe Department of Medicine, University of Oxford, Oxford, UK
</aff>
      <aff id="A7"><label>7</label>MRC Molecular Haematology Unit and Department of Haematology, University of Oxford and Oxford University Hospitals NHS Trust, Oxford, UK
</aff>
      <aff id="A8"><label>8</label>National Institute for Health Research (NIHR) Oxford Biomedical Research Centre, Oxford University Hospitals NHS Foundation Trust and the University of Oxford, Oxford, UK
</aff>
      <author-notes>
        <corresp id="CR1">Contact address: Michael Desborough, Haematology/Transfusion Medicine, NHS Blood and Transplant, Oxford, UK. <email>michael.desborough@ouh.nhs.uk</email></corresp>
        <fn id="FN1">
          <p id="P1"><bold>Editorial group:</bold> Cochrane Haematological Malignancies Group.</p>
          <p id="P2"><bold>Publication status and date:</bold> Edited (no change to conclusions), published in Issue 2, 2016.</p>
        </fn>
      </author-notes>
      <pub-date pub-type="nihms-submitted">
        <day>11</day>
        <month>2</month>
        <year>2016</year>
      </pub-date>
      <pub-date pub-type="ppub">
        <day>26</day>
        <month>1</month>
        <year>2016</year>
      </pub-date>
      <pub-date pub-type="pmc-release">
        <day>09</day>
        <month>4</month>
        <year>2016</year>
      </pub-date>
      <volume>2016</volume>
      <issue>1</issue>
      <elocation-id>CD012055</elocation-id>
      <abstract>
        <p id="P15">This is the protocol for a review and there is no abstract. The objectives are as follows:</p>
        <p id="P16">To compare the relative efficacy of different treatments for thrombocytopenia (artificial platelet substitutes, platelet-poor plasma, fibrinogen, rFVIIa, rFXIII, thrombopoietin mimetics, antifibrinolytic drugs or platelet transfusions) in patients with chronic bone marrow failure and to derive a hierarchy of potential alternate treatments to platelet transfusions.</p>
      </abstract>
    </article-meta>
  </front>
</article>
</pmc-articleset>