<?xml version="1.0" ?>
<!DOCTYPE pmc-articleset PUBLIC "-//NLM//DTD ARTICLE SET 2.0//EN" "https://dtd.nlm.nih.gov/ncbi/pmc/articleset/nlm-articleset-2.0.dtd">
<pmc-articleset><article xmlns:xlink="http://www.w3.org/1999/xlink" xmlns:mml="http://www.w3.org/1998/Math/MathML" article-type="research-article">
  <!--The publisher of this article does not allow downloading of the full text in XML form.-->
  <?properties manuscript?>
  <front>
    <journal-meta>
      <journal-id journal-id-type="nlm-journal-id">100909747</journal-id>
      <journal-id journal-id-type="pubmed-jr-id">21711</journal-id>
      <journal-id journal-id-type="nlm-ta">Cochrane Database Syst Rev</journal-id>
      <journal-id journal-id-type="iso-abbrev">Cochrane Database Syst Rev</journal-id>
      <journal-title-group>
        <journal-title>The Cochrane database of systematic reviews</journal-title>
      </journal-title-group>
      <issn pub-type="epub">1469-493X</issn>
    </journal-meta>
    <article-meta>
      <article-id pub-id-type="pmid">22161406</article-id>
      <article-id pub-id-type="pmc">4110647</article-id>
      <article-id pub-id-type="doi">10.1002/14651858.CD006553.pub2</article-id>
      <article-id pub-id-type="manuscript">EMS57803</article-id>
      <article-categories>
        <subj-group subj-group-type="heading">
          <subject>Article</subject>
        </subj-group>
      </article-categories>
      <title-group>
        <article-title>Planned caesarean section for women with a twin pregnancy</article-title>
      </title-group>
      <contrib-group>
        <contrib contrib-type="author">
          <name>
            <surname>Hofmeyr</surname>
            <given-names>G Justus</given-names>
          </name>
          <xref ref-type="aff" rid="A1">1</xref>
        </contrib>
        <contrib contrib-type="author">
          <name>
            <surname>Barrett</surname>
            <given-names>Jon F</given-names>
          </name>
          <xref ref-type="aff" rid="A2">2</xref>
        </contrib>
        <contrib contrib-type="author">
          <name>
            <surname>Crowther</surname>
            <given-names>Caroline A</given-names>
          </name>
          <xref ref-type="aff" rid="A3">3</xref>
        </contrib>
      </contrib-group>
      <aff id="A1"><label>1</label>Department of Obstetrics and Gynaecology, East London Hospital Complex, University of the Witwatersrand, University of Fort Hare, Eastern Cape Department of Health, East London, South Africa
</aff>
      <aff id="A2"><label>2</label>Sunnybrook Health Sciences Centre, Toronto, Canada
</aff>
      <aff id="A3"><label>3</label>ARCH: Australian Research Centre for Health of Women and Babies, Discipline of Obstetrics and Gynaecology, The University of Adelaide, Adelaide, Australia
</aff>
      <author-notes>
        <corresp id="CR1">Contact address: G Justus Hofmeyr, Department of Obstetrics and Gynaecology, East London Hospital Complex, University of the Witwatersrand, University of Fort Hare, Eastern Cape Department of Health, Frere and Cecilia Makiwane Hospitals, Private Bag X 9047, East London, Eastern Cape, 5200, South Africa. <email>justhof@gmail.com</email></corresp>
        <fn id="FN1">
          <p id="P1">
            <bold>CONTRIBUTIONS OF AUTHORS</bold>
          </p>
          <p id="P2">CA Crowther prepared a previous version of this review, limited to twin pregnancies with non-vertex second twin (&#x2018;Caesarean delivery for the second twin&#x2019; - <italic>see</italic>
<xref rid="R66" ref-type="bibr">Crowther 1996</xref>), and contributed to the development of this protocol and review.</p>
          <p id="P3">JF Barrett reviewed the topic, prepared a first draft of the background, and contributed to the protocol and review development.</p>
          <p id="P4">GJ Hofmeyr prepared the first draft of the protocol and of the review, and is the guarantor of the review.</p>
        </fn>
        <fn id="FN6">
          <p id="P300"><bold>Editorial group:</bold> Cochrane Pregnancy and Childbirth Group.</p>
          <p id="P301"><bold>Publication status and date:</bold> New, published in Issue 12, 2011.</p>
          <p id="P302"><bold>Review content assessed as up-to-date:</bold> 17 October 2011.</p>
        </fn>
      </author-notes>
      <pub-date pub-type="nihms-submitted">
        <day>19</day>
        <month>5</month>
        <year>2014</year>
      </pub-date>
      <pub-date pub-type="epub">
        <day>07</day>
        <month>12</month>
        <year>2011</year>
      </pub-date>
      <pub-date pub-type="collection">
        <year>2011</year>
      </pub-date>
      <pub-date pub-type="pmc-release">
        <day>25</day>
        <month>7</month>
        <year>2014</year>
      </pub-date>
      <issue>12</issue>
      <fpage>CD006553</fpage>
      <lpage>CD006553</lpage>
      <!--elocation-id from pubmed: 10.1002/14651858.CD006553.pub2-->
      <permissions>
        <copyright-statement>Copyright &#xA9; 2011 The Cochrane Collaboration.</copyright-statement>
        <copyright-year>2011</copyright-year>
      </permissions>
      <abstract>
        <sec id="S1">
          <title>Background</title>
          <p id="P5">Twin pregnancies are associated with increased perinatal mortality, mainly related to prematurity, but complications during birth may contribute to perinatal loss or morbidity. The option of planned caesarean section to avoid such complications must therefore be considered. On the other hand, randomised trials of other clinical interventions in the birth process to avoid problems related to labour and birth (planned caesarean section for breech, and continuous electronic fetal heart rate monitoring), have shown an unexpected discordance between short-term perinatal morbidity and long-term neurological outcome. The risks of caesarean section for the mother in the current and subsequent pregnancies must also be taken into account.</p>
        </sec>
        <sec id="S2">
          <title>Objectives</title>
          <p id="P6">To determine the short- and long-term effects on mothers and their babies, of planned caesarean section for twin pregnancy.</p>
        </sec>
        <sec id="S3">
          <title>Search methods</title>
          <p id="P7">We searched the Cochrane Pregnancy and Childbirth Group&#x2019;s Trials Register (30 September 2011).</p>
        </sec>
        <sec id="S4">
          <title>Selection criteria</title>
          <p id="P8">Randomised trials comparing a policy of caesarean section with planned vaginal birth for women with twin pregnancy.</p>
        </sec>
        <sec id="S5">
          <title>Data collection and analysis</title>
          <p id="P9">Two researchers independently assessed eligibility, quality and extracted data. Data were checked for accuracy.</p>
        </sec>
        <sec id="S6">
          <title>Main results</title>
          <p id="P10">One small trial with unconfirmed allocation concealment compared caesarean section with planned vaginal birth in 60 women with vertex/non-vertex twin pregnancies. There were no differences in perinatal outcome. The trial was too small to exclude the possibility of clinically meaningful benefits of either approach. There is one additional trial currently ongoing.</p>
        </sec>
        <sec id="S7">
          <title>Authors&#x2019; conclusions</title>
          <p id="P11">There is a lack of robust evidence to guide clinical advice regarding the method of birth for twin pregnancies. Women should be informed of possible benefits and risks of either approach, including short-term and long-term consequences for both mother and babies. Future research should aim to provide unbiased evidence, including long-term outcomes.</p>
        </sec>
      </abstract>
      <kwd-group>
        <title>Medical Subject Headings (MeSH)</title>
        <kwd>*Pregnancy Outcome</kwd>
        <kwd>*Pregnancy</kwd>
        <kwd>Twin</kwd>
        <kwd>Cesarean Section [adverse effects; *methods]</kwd>
      </kwd-group>
      <kwd-group>
        <title>MeSH check words</title>
        <kwd>Female</kwd>
        <kwd>Humans</kwd>
        <kwd>Pregnancy</kwd>
      </kwd-group>
    </article-meta>
  </front>
</article>
</pmc-articleset>