<?xml version="1.0" ?>
<!DOCTYPE pmc-articleset PUBLIC "-//NLM//DTD ARTICLE SET 2.0//EN" "https://dtd.nlm.nih.gov/ncbi/pmc/articleset/nlm-articleset-2.0.dtd">
<pmc-articleset><article xmlns:xlink="http://www.w3.org/1999/xlink" xmlns:mml="http://www.w3.org/1998/Math/MathML" article-type="research-article">
  <!--The publisher of this article does not allow downloading of the full text in XML form.-->
  <?properties manuscript?>
  <front>
    <journal-meta>
      <journal-id journal-id-type="nlm-journal-id">100909747</journal-id>
      <journal-id journal-id-type="pubmed-jr-id">21711</journal-id>
      <journal-id journal-id-type="nlm-ta">Cochrane Database Syst Rev</journal-id>
      <journal-id journal-id-type="iso-abbrev">Cochrane Database Syst Rev</journal-id>
      <journal-title-group>
        <journal-title>The Cochrane database of systematic reviews</journal-title>
      </journal-title-group>
      <issn pub-type="epub">1469-493X</issn>
    </journal-meta>
    <article-meta>
      <article-id pub-id-type="pmid">25267898</article-id>
      <article-id pub-id-type="pmc">4176663</article-id>
      <article-id pub-id-type="doi">10.1002/14651858.CD009753</article-id>
      <article-id pub-id-type="manuscript">EMS58495</article-id>
      <article-categories>
        <subj-group subj-group-type="heading">
          <subject>Article</subject>
        </subj-group>
      </article-categories>
      <title-group>
        <article-title>Fibrates for primary prevention of cardiovascular disease events</article-title>
      </title-group>
      <contrib-group>
        <contrib contrib-type="author">
          <name>
            <surname>Nordmann</surname>
            <given-names>Alain J</given-names>
          </name>
          <xref ref-type="aff" rid="A1">1</xref>
        </contrib>
        <contrib contrib-type="author">
          <name>
            <surname>Ferreira-Gonz&#xE1;lez</surname>
            <given-names>Ignacio</given-names>
          </name>
          <xref ref-type="aff" rid="A2">2</xref>
        </contrib>
        <contrib contrib-type="author">
          <name>
            <surname>Kasenda</surname>
            <given-names>Benjamin</given-names>
          </name>
          <xref ref-type="aff" rid="A1">1</xref>
        </contrib>
        <contrib contrib-type="author">
          <name>
            <surname>Saccilotto</surname>
            <given-names>Ramon</given-names>
          </name>
          <xref ref-type="aff" rid="A1">1</xref>
        </contrib>
        <contrib contrib-type="author">
          <name>
            <surname>Bassler</surname>
            <given-names>Dirk</given-names>
          </name>
          <xref ref-type="aff" rid="A3">3</xref>
        </contrib>
        <contrib contrib-type="author">
          <name>
            <surname>Bhatnagar</surname>
            <given-names>Neera</given-names>
          </name>
          <xref ref-type="aff" rid="A4">4</xref>
        </contrib>
        <contrib contrib-type="author">
          <name>
            <surname>Briel</surname>
            <given-names>Matthias</given-names>
          </name>
          <xref ref-type="aff" rid="A1">1</xref>
        </contrib>
      </contrib-group>
      <aff id="A1"><label>1</label>Institute for Clinical Epidemiology and Biostatistics, University Hospital Basel, Basel, Switzerland.
</aff>
      <aff id="A2"><label>2</label>Cardiology Department, Epidemiology Unit, Vall d&#x2019;Hebron Hospital, Barcelona, Spain.
</aff>
      <aff id="A3"><label>3</label>Department of Neonatology, University Children&#x2019;s Hospital, Tuebingen, Germany.
</aff>
      <aff id="A4"><label>4</label>Department of Clinical Epidemiology and Biostatistics, McMaster University, Hamilton, Canada
</aff>
      <author-notes>
        <corresp id="CR1">Contact address: Matthias Briel, Institute for Clinical Epidemiology and Biostatistics, University Hospital Basel, Hebelstrasse 10, Basel, 4031, Switzerland. <email>brielm@uhbs.ch</email></corresp>
        <fn id="FN1">
          <p id="P1"><bold>Editorial group:</bold> Cochrane Heart Group.</p>
          <p id="P2"><bold>Publication status and date:</bold> New, published in Issue 3, 2012.</p>
        </fn>
        <fn id="FN2">
          <p id="P3"><bold>CONTRIBUTIONS OF AUTHORS</bold> All authors developed the protocol.</p>
        </fn>
      </author-notes>
      <pub-date pub-type="nihms-submitted">
        <day>15</day>
        <month>7</month>
        <year>2014</year>
      </pub-date>
      <pub-date pub-type="epub">
        <day>14</day>
        <month>3</month>
        <year>2012</year>
      </pub-date>
      <pub-date pub-type="ppub">
        <year>2012</year>
      </pub-date>
      <pub-date pub-type="pmc-release">
        <day>26</day>
        <month>9</month>
        <year>2014</year>
      </pub-date>
      <issue>3</issue>
      <elocation-id>CD009753</elocation-id>
      <permissions>
        <copyright-statement>Copyright &#xA9; 2012 The Cochrane Collaboration. Published by John Wiley &amp; Sons, Ltd.</copyright-statement>
        <copyright-year>2012</copyright-year>
      </permissions>
      <self-uri xlink:href="http://onlinelibrary.wiley.com/doi/10.1002/14651858.CD009753/full"/>
      <abstract>
        <p id="P4">This is the protocol for a review and there is no abstract. The objectives are as follows:</p>
        <p id="P5">To assess the clinical benefit and harm of fibrates versus placebo or usual care or fibrates plus other lipid-modifying drugs versus other lipid-modifying drugs alone for the primary prevention of CVD events and mortality.</p>
      </abstract>
    </article-meta>
  </front>
</article>
</pmc-articleset>