<?xml version="1.0" ?>
<!DOCTYPE pmc-articleset PUBLIC "-//NLM//DTD ARTICLE SET 2.0//EN" "https://dtd.nlm.nih.gov/ncbi/pmc/articleset/nlm-articleset-2.0.dtd">
<pmc-articleset><article xmlns:xlink="http://www.w3.org/1999/xlink" xmlns:mml="http://www.w3.org/1998/Math/MathML" article-type="research-article">
  <!--The publisher of this article does not allow downloading of the full text in XML form.-->
  <?properties manuscript?>
  <front>
    <journal-meta>
      <journal-id journal-id-type="nlm-journal-id">100909747</journal-id>
      <journal-id journal-id-type="pubmed-jr-id">21711</journal-id>
      <journal-id journal-id-type="nlm-ta">Cochrane Database Syst Rev</journal-id>
      <journal-id journal-id-type="iso-abbrev">Cochrane Database Syst Rev</journal-id>
      <journal-title-group>
        <journal-title>The Cochrane database of systematic reviews</journal-title>
      </journal-title-group>
      <issn pub-type="epub">1469-493X</issn>
    </journal-meta>
    <article-meta>
      <article-id pub-id-type="pmid">25722651</article-id>
      <article-id pub-id-type="pmc">4338576</article-id>
      <article-id pub-id-type="doi">10.1002/14651858.CD010983</article-id>
      <article-id pub-id-type="manuscript">EMS61551</article-id>
      <article-categories>
        <subj-group subj-group-type="heading">
          <subject>Article</subject>
        </subj-group>
      </article-categories>
      <title-group>
        <article-title>Comparison of different platelet count thresholds to guide administration of prophylactic platelet transfusion for preventing bleeding in patients with haematological disorders after chemotherapy or stem cell transplantation</article-title>
      </title-group>
      <contrib-group>
        <contrib contrib-type="author">
          <name>
            <surname>Estcourt</surname>
            <given-names>Lise J</given-names>
          </name>
          <xref ref-type="aff" rid="A1">1</xref>
        </contrib>
        <contrib contrib-type="author">
          <name>
            <surname>Stanworth</surname>
            <given-names>Simon</given-names>
          </name>
          <xref ref-type="aff" rid="A1">1</xref>
        </contrib>
        <contrib contrib-type="author">
          <name>
            <surname>Doree</surname>
            <given-names>Carolyn</given-names>
          </name>
          <xref ref-type="aff" rid="A2">2</xref>
        </contrib>
        <contrib contrib-type="author">
          <name>
            <surname>Trivella</surname>
            <given-names>Marialena</given-names>
          </name>
          <xref ref-type="aff" rid="A3">3</xref>
        </contrib>
        <contrib contrib-type="author">
          <name>
            <surname>Hopewell</surname>
            <given-names>Sally</given-names>
          </name>
          <xref ref-type="aff" rid="A3">3</xref>
        </contrib>
        <contrib contrib-type="author">
          <name>
            <surname>Murphy</surname>
            <given-names>Michael F</given-names>
          </name>
          <xref ref-type="aff" rid="A4">4</xref>
        </contrib>
        <contrib contrib-type="author">
          <name>
            <surname>Tinmouth</surname>
            <given-names>Alan</given-names>
          </name>
          <xref ref-type="aff" rid="A5">5</xref>
        </contrib>
      </contrib-group>
      <aff id="A1"><label>1</label>Haematology/Transfusion Medicine, NHS Blood and Transplant, Oxford, UK
</aff>
      <aff id="A2"><label>2</label>Systematic Review Initiative, NHS Blood and Transplant, Oxford, UK
</aff>
      <aff id="A3"><label>3</label>Centre for Statistics in Medicine, University of Oxford, Oxford, UK
</aff>
      <aff id="A4"><label>4</label>NHS Blood and Transplant, John Radcliffe Hospital, Oxford, UK
</aff>
      <aff id="A5"><label>5</label>Medicine (hematology) and Pathology Centre for Transfusion Research, The Ottawa Health Research Institute and the University of Ottawa, Ottawa, Canada
</aff>
      <author-notes>
        <corresp id="CR1">Contact address: Lise J Estcourt, Haematology/Transfusion Medicine, NHS Blood and Transplant, Level 2, John Radcliffe Hospital, Headington, Oxford, OX3 9BQ, UK. <email>lise.estcourt@nhsbt.nhs.uk</email>. <email>lestcourt@doctors.org.uk</email></corresp>
        <fn id="FN1">
          <p id="P1"><bold>Editorial group:</bold> Cochrane Haematological Malignancies Group.</p>
          <p id="P2"><bold>Publication status and date:</bold> New, published in Issue 3, 2014.</p>
        </fn>
        <fn id="FN2">
          <p id="P3">
            <bold>CONTRIBUTIONS OF AUTHORS</bold>
          </p>
          <p id="P4">Lise Estcourt: protocol development, searching, selection of studies, eligibility and quality assessment, data extraction and analysis and content expert.</p>
          <p id="P5">Simon Stanworth: protocol development, searching, selection of studies, eligibility and quality assessment, data extraction and analysis and content expert.</p>
          <p id="P6">Carolyn Doree: protocol development, searching and selection of studies.</p>
          <p id="P7">Marialena Trivella: protocol development and statistical expert.</p>
          <p id="P8">Sally Hopewell: protocol development and methodological expert.</p>
          <p id="P9">Mike Murphy: protocol development and content expert.</p>
          <p id="P10">Alan Tinmouth: protocol development and content expert.</p>
        </fn>
      </author-notes>
      <pub-date pub-type="nihms-submitted">
        <day>16</day>
        <month>12</month>
        <year>2014</year>
      </pub-date>
      <pub-date pub-type="epub">
        <day>19</day>
        <month>3</month>
        <year>2014</year>
      </pub-date>
      <pub-date pub-type="ppub">
        <year>2014</year>
      </pub-date>
      <pub-date pub-type="pmc-release">
        <day>24</day>
        <month>2</month>
        <year>2015</year>
      </pub-date>
      <issue>3</issue>
      <elocation-id>CD010983</elocation-id>
      <permissions>
        <copyright-statement>Copyright &#xA9; 2014 The Cochrane Collaboration. Published by JohnWiley &amp; Sons, Ltd.</copyright-statement>
        <copyright-year>2014</copyright-year>
      </permissions>
      <self-uri xlink:href="http://onlinelibrary.wiley.com/doi/10.1002/14651858.CD010983/full"/>
      <abstract>
        <p id="P11">This is the protocol for a review and there is no abstract. The objectives are as follows:</p>
        <p id="P12">To determine whether different platelet transfusion thresholds for administration of prophylactic platelet transfusions (platelet transfusions given to prevent bleeding) affect the efficacy and safety of prophylactic platelet transfusions in preventing bleeding in patients with haematological disorders after chemotherapy with or without stem cell transplantation.</p>
      </abstract>
    </article-meta>
  </front>
</article>
</pmc-articleset>