<?xml version="1.0" ?>
<!DOCTYPE pmc-articleset PUBLIC "-//NLM//DTD ARTICLE SET 2.0//EN" "https://dtd.nlm.nih.gov/ncbi/pmc/articleset/nlm-articleset-2.0.dtd">
<pmc-articleset><article xmlns:xlink="http://www.w3.org/1999/xlink" xmlns:mml="http://www.w3.org/1998/Math/MathML" id="CD004386.pub3" article-type="systematic-review">
  <!--The publisher of this article does not allow downloading of the full text in XML form.-->
  <front>
    <journal-meta>
      <journal-id journal-id-type="nlm-ta">Cochrane Database Syst Rev</journal-id>
      <journal-id journal-id-type="iso-abbrev">Cochrane Database Syst Rev</journal-id>
      <journal-id journal-id-type="publisher-id">14651858</journal-id>
      <journal-id journal-id-type="doi">10.1002/14651858</journal-id>
      <journal-title-group>
        <journal-title>The Cochrane Database of Systematic Reviews</journal-title>
      </journal-title-group>
      <issn pub-type="epub">1469-493X</issn>
      <issn-l>1361-6137</issn-l>
      <publisher>
        <publisher-name>John Wiley &amp; Sons, Ltd</publisher-name>
        <publisher-loc>Chichester, UK</publisher-loc>
      </publisher>
    </journal-meta>
    <article-meta>
      <article-id pub-id-type="pmid">22258955</article-id>
      <article-id pub-id-type="pmc">4170789</article-id>
      <article-id pub-id-type="doi">10.1002/14651858.CD004386.pub3</article-id>
      <article-id pub-id-type="publisher-id">CD004386</article-id>
      <article-id pub-id-type="other">CD004386.pub3</article-id>
      <article-categories>
        <subj-group subj-group-type="heading">
          <subject>Medicine General &amp; Introductory Medical Sciences</subject>
        </subj-group>
      </article-categories>
      <title-group>
        <article-title>Antibiotic prophylaxis for bacterial infections in afebrile neutropenic patients following chemotherapy</article-title>
      </title-group>
      <contrib-group>
        <contrib id="d28e63" contrib-type="author" corresp="yes">
          <name>
            <surname>Gafter&#x2010;Gvili</surname>
            <given-names>Anat</given-names>
          </name>
          <address>
            <email>gaftera@gmail.com</email>
            <email>gn44@bezeqint.net</email>
          </address>
          <xref ref-type="aff" rid="CD004386-aff-0001"/>
        </contrib>
        <contrib id="d28e68" contrib-type="author">
          <name>
            <surname>Fraser</surname>
            <given-names>Abigail</given-names>
          </name>
          <xref ref-type="aff" rid="CD004386-aff-0002"/>
        </contrib>
        <contrib id="d28e73" contrib-type="author">
          <name>
            <surname>Paul</surname>
            <given-names>Mical</given-names>
          </name>
          <xref ref-type="aff" rid="CD004386-aff-0003"/>
        </contrib>
        <contrib id="d28e78" contrib-type="author">
          <name>
            <surname>Vidal</surname>
            <given-names>Liat</given-names>
          </name>
          <xref ref-type="aff" rid="CD004386-aff-0001"/>
        </contrib>
        <contrib id="d28e83" contrib-type="author">
          <name>
            <surname>Lawrie</surname>
            <given-names>Theresa A</given-names>
          </name>
          <xref ref-type="aff" rid="CD004386-aff-0004"/>
        </contrib>
        <contrib id="d28e88" contrib-type="author">
          <name>
            <surname>van de Wetering</surname>
            <given-names>Marianne D</given-names>
          </name>
          <xref ref-type="aff" rid="CD004386-aff-0005"/>
        </contrib>
        <contrib id="d28e93" contrib-type="author">
          <name>
            <surname>Kremer</surname>
            <given-names>Leontien CM</given-names>
          </name>
          <xref ref-type="aff" rid="CD004386-aff-0005"/>
        </contrib>
        <contrib id="d28e98" contrib-type="author">
          <name>
            <surname>Leibovici</surname>
            <given-names>Leonard</given-names>
          </name>
          <xref ref-type="aff" rid="CD004386-aff-0001"/>
        </contrib>
      </contrib-group>
      <aff id="CD004386-aff-0001">
        <institution>Beilinson Hospital, Rabin Medical Center</institution>
        <institution content-type="dept">Department of Medicine E</institution>
        <addr-line>39 Jabotinski Street</addr-line>
        <city>Petah Tikva</city>
        <country>Israel</country>
        <postal-code>49100</postal-code>
      </aff>
      <aff id="CD004386-aff-0002">
        <institution>University of Bristol, Oakfield House</institution>
        <institution content-type="dept">MRC Integrative Epidemiology Unit at the University of Bristol</institution>
        <addr-line>Oakfield Road</addr-line>
        <city>Bristol</city>
        <country>UK</country>
        <postal-code>BS8 2BN</postal-code>
      </aff>
      <aff id="CD004386-aff-0003">
        <institution>Rambam Health Care Campus</institution>
        <institution content-type="dept">Division of Infectious Diseases</institution>
        <addr-line>Ha&#x2010;aliya 8 St</addr-line>
        <city>Haifa</city>
        <country>Israel</country>
        <postal-code>33705</postal-code>
      </aff>
      <aff id="CD004386-aff-0004">
        <institution>1st Floor Education Centre, Royal United Hospital</institution>
        <institution content-type="dept">Cochrane Gynaecological, Neuro&#x2010;oncology and Orphan Cancer Group</institution>
        <addr-line>Combe Park</addr-line>
        <city>Bath</city>
        <country>UK</country>
        <postal-code>BA1 3NG</postal-code>
      </aff>
      <aff id="CD004386-aff-0005">
        <institution>Emma Children's Hospital/Academic Medical Center</institution>
        <institution content-type="dept">Department of Paediatric Oncology</institution>
        <addr-line>PO Box 22660</addr-line>
        <city>Amsterdam</city>
        <country>Netherlands</country>
        <postal-code>1100 DD</postal-code>
      </aff>
      <author-notes>
        <fn>
          <p>Editorial Group: Cochrane Gynaecological, Neuro&#x2010;oncology and Orphan Cancer Group.</p>
        </fn>
      </author-notes>
      <pub-date pub-type="epub">
        <day>18</day>
        <month>1</month>
        <year>2012</year>
      </pub-date>
      <pub-date pub-type="collection">
        <month>1</month>
        <year>2012</year>
      </pub-date>
      <pub-date pub-type="update">
        <day>28</day>
        <month>06</month>
        <year>2018</year>
      </pub-date>
      <volume>2012</volume>
      <issue>1</issue>
      <elocation-id>CD004386</elocation-id>
      <history>
        <date date-type="previous-update" publication-format="electronic">
          <day>19</day>
          <month>10</month>
          <year>2005</year>
        </date>
      </history>
      <permissions>
        <copyright-statement>Copyright &#xA9; 2018 The Cochrane Collaboration. Published by John Wiley &amp; Sons, Ltd.</copyright-statement>
        <copyright-year>2018</copyright-year>
        <copyright-holder>The Cochrane Collaboration</copyright-holder>
      </permissions>
      <related-article related-article-type="updated-article" ext-link-type="doi" xlink:href="10.1002/14651858.CD004386.pub2" id="d28e203"/>
      <abstract>
        <sec>
          <title>Background</title>
          <p>Bacterial infections are a major cause of morbidity and mortality in patients who are neutropenic following chemotherapy for malignancy. Trials have shown the efficacy of antibiotic prophylaxis in reducing the incidence of bacterial infections but not in reducing mortality rates. Our systematic review from 2006 also showed a reduction in mortality.</p>
        </sec>
        <sec>
          <title>Objectives</title>
          <p>This updated review aimed to evaluate whether there is still a benefit of reduction in mortality when compared to placebo or no intervention.</p>
        </sec>
        <sec>
          <title>Search methods</title>
          <p>We searched the Cochrane Cancer Network Register of Trials (2011), Cochrane Central Register of Controlled Trials (CENTRAL) (<italic>The Cochrane Library</italic> Issue 2, 2011), MEDLINE (1966 to March 2011), EMBASE (1980 to March 2011), abstracts of conference proceedings and the references of identified studies.</p>
        </sec>
        <sec>
          <title>Selection criteria</title>
          <p>Randomised controlled trials (RCTs) or quasi&#x2010;RCTs comparing different types of antibiotic prophylaxis with placebo or no intervention, or another antibiotic, to prevent bacterial infections in afebrile neutropenic patients.</p>
        </sec>
        <sec>
          <title>Data collection and analysis</title>
          <p>Two authors independently appraised the quality of each trial and extracted data from the included trials. Analyses were performed using RevMan 5.1 software.</p>
        </sec>
        <sec>
          <title>Main results</title>
          <p>One&#x2010;hundred and nine trials (involving 13,579 patients) that were conducted between the years 1973 to 2010 met the inclusion criteria. When compared with placebo or no intervention, antibiotic prophylaxis significantly reduced the risk of death from all causes (46 trials, 5635 participants; risk ratio (RR) 0.66, 95% CI 0.55 to 0.79) and the risk of infection&#x2010;related death (43 trials, 5777 participants; RR 0.61, 95% CI 0.48 to 0.77). The estimated number needed to treat (NNT) to prevent one death was 34 (all&#x2010;cause mortality) and 48 (infection&#x2010;related mortality).</p>
          <p>Prophylaxis also significantly reduced the occurrence of fever (54 trials, 6658 participants; RR 0.80, 95% CI 0.74 to 0.87), clinically documented infection (48 trials, 5758 participants; RR 0.65, 95% CI 0.56 to 0.76), microbiologically documented infection (53 trials, 6383 participants; RR 0.51, 95% CI 0.42 to 0.62) and other indicators of infection.</p>
          <p>There were no significant differences between quinolone prophylaxis and TMP&#x2010;SMZ prophylaxis with regard to death from all causes or infection, however, quinolone prophylaxis was associated with fewer side effects leading to discontinuation (seven trials, 850 participants; RR 0.37, 95% CI 0.16 to 0.87) and less resistance to the drugs thereafter (six trials, 366 participants; RR 0.45, 95% CI 0.27 to 0.74).</p>
        </sec>
        <sec>
          <title>Authors' conclusions</title>
          <p>Antibiotic prophylaxis in afebrile neutropenic patients significantly reduced all&#x2010;cause mortality. In our review, the most significant reduction in mortality was observed in trials assessing prophylaxis with quinolones. The benefits of antibiotic prophylaxis outweighed the harm such as adverse effects and the development of resistance since all&#x2010;cause mortality was reduced. As most trials in our review were of patients with haematologic cancer, we strongly recommend antibiotic prophylaxis for these patients, preferably with a quinolone. Prophylaxis may also be considered for patients with solid tumours or lymphoma.</p>
        </sec>
      </abstract>
      <abstract abstract-type="short">
        <title>Antibiotics to prevent bacterial infections due to chemotherapy in cancer patients with a low white blood cell count and no fever</title>
        <p>For patients receiving chemotherapy, there is an increased risk of infection due to a low white blood cell count (neutropenia) caused by a toxic effect of chemotherapy on the bone marrow. The objective of this review was to establish whether preventive antibiotic therapy (prophylaxis) before the development of fever prevents illness and death in people with a low white blood cell count after chemotherapy and to assess whether certain types of antibiotics are better than others. We included 109 randomised controlled trials conducted between the years 1973 to 2010.</p>
        <p>Antibiotic prophylaxis significantly decreased the risk of death when compared to no intervention. We estimated that the number of patients needed to be treated with antibiotics in order to prevent one death from all causes was 34. Antibiotic prophylaxis also decreased the risk of death from infection and the risk of development of fever. &#xA0;Although antibiotic prophylaxis may be associated with unfavourable effects and may encourage new and more resistant infection, this was not shown in existing trials. Recent studies used antibiotics of the quinolone class, which showed fewer adverse events and better outcomes than other classes of antibiotics.</p>
        <p>Most studies were limited to haematological cancer patients (mostly leukaemia).</p>
        <p>In conclusion, patients with a low white blood count following chemotherapy who received preventive antibiotic treatment in the absence of fever had a reduced risk of dying. This was shown mainly for haematological cancer patients. Antibiotic prophylaxis, preferably from the quinolone class of antibiotics, should be recommended for routine use in these patients.</p>
      </abstract>
      <kwd-group kwd-group-type="mesh">
        <kwd>Humans</kwd>
        <kwd>Antibiotic Prophylaxis</kwd>
        <kwd>Antibiotic Prophylaxis/adverse effects</kwd>
        <kwd>Anti&#x2010;Bacterial Agents</kwd>
        <kwd>Anti&#x2010;Bacterial Agents/adverse effects</kwd>
        <kwd>Anti&#x2010;Bacterial Agents/therapeutic use</kwd>
        <kwd>Bacteremia</kwd>
        <kwd>Bacteremia/prevention &amp; control</kwd>
        <kwd>Bacterial Infections</kwd>
        <kwd>Bacterial Infections/mortality</kwd>
        <kwd>Bacterial Infections/prevention &amp; control</kwd>
        <kwd>Cause of Death</kwd>
        <kwd>Drug Resistance, Bacterial</kwd>
        <kwd>Fever</kwd>
        <kwd>Fever/prevention &amp; control</kwd>
        <kwd>Gram&#x2010;Negative Bacterial Infections</kwd>
        <kwd>Gram&#x2010;Negative Bacterial Infections/prevention &amp; control</kwd>
        <kwd>Gram&#x2010;Positive Bacterial Infections</kwd>
        <kwd>Gram&#x2010;Positive Bacterial Infections/prevention &amp; control</kwd>
        <kwd>Neoplasms</kwd>
        <kwd>Neoplasms/drug therapy</kwd>
        <kwd>Neutropenia</kwd>
        <kwd>Neutropenia/chemically induced</kwd>
        <kwd>Neutropenia/complications</kwd>
        <kwd>Quinolones</kwd>
        <kwd>Quinolones/adverse effects</kwd>
        <kwd>Quinolones/therapeutic use</kwd>
        <kwd>Randomized Controlled Trials as Topic</kwd>
        <kwd>Trimethoprim, Sulfamethoxazole Drug Combination</kwd>
        <kwd>Trimethoprim, Sulfamethoxazole Drug Combination/adverse effects</kwd>
        <kwd>Trimethoprim, Sulfamethoxazole Drug Combination/therapeutic use</kwd>
      </kwd-group>
    </article-meta>
    <notes notes-type="status-note">
      <p>Stable (no update expected for reasons given in 'What's new')</p>
    </notes>
  </front>
</article>
</pmc-articleset>