<?xml version="1.0" ?>
<!DOCTYPE pmc-articleset PUBLIC "-//NLM//DTD ARTICLE SET 2.0//EN" "https://dtd.nlm.nih.gov/ncbi/pmc/articleset/nlm-articleset-2.0.dtd">
<pmc-articleset><article xmlns:xlink="http://www.w3.org/1999/xlink" xmlns:mml="http://www.w3.org/1998/Math/MathML" article-type="research-article">
  <!--The publisher of this article does not allow downloading of the full text in XML form.-->
  <?properties manuscript?>
  <front>
    <journal-meta>
      <journal-id journal-id-type="nlm-journal-id">100909747</journal-id>
      <journal-id journal-id-type="pubmed-jr-id">21711</journal-id>
      <journal-id journal-id-type="nlm-ta">Cochrane Database Syst Rev</journal-id>
      <journal-id journal-id-type="iso-abbrev">Cochrane Database Syst Rev</journal-id>
      <journal-title-group>
        <journal-title>The Cochrane database of systematic reviews</journal-title>
      </journal-title-group>
      <issn pub-type="epub">1469-493X</issn>
    </journal-meta>
    <article-meta>
      <article-id pub-id-type="pmid">19588396</article-id>
      <article-id pub-id-type="pmc">4164845</article-id>
      <article-id pub-id-type="doi">10.1002/14651858.CD006529.pub2</article-id>
      <article-id pub-id-type="manuscript">EMS57601</article-id>
      <article-categories>
        <subj-group subj-group-type="heading">
          <subject>Article</subject>
        </subj-group>
      </article-categories>
      <title-group>
        <article-title>Milnacipran versus other antidepressive agents for depression</article-title>
      </title-group>
      <contrib-group>
        <contrib contrib-type="author">
          <name>
            <surname>Nakagawa</surname>
            <given-names>Atsuo</given-names>
          </name>
          <xref ref-type="aff" rid="A1">1</xref>
        </contrib>
        <contrib contrib-type="author">
          <name>
            <surname>Watanabe</surname>
            <given-names>Norio</given-names>
          </name>
          <xref ref-type="aff" rid="A2">2</xref>
        </contrib>
        <contrib contrib-type="author">
          <name>
            <surname>Omori</surname>
            <given-names>Ichiro M</given-names>
          </name>
          <xref ref-type="aff" rid="A3">3</xref>
        </contrib>
        <contrib contrib-type="author">
          <name>
            <surname>Barbui</surname>
            <given-names>Corrado</given-names>
          </name>
          <xref ref-type="aff" rid="A4">4</xref>
        </contrib>
        <contrib contrib-type="author">
          <name>
            <surname>Cipriani</surname>
            <given-names>Andrea</given-names>
          </name>
          <xref ref-type="aff" rid="A4">4</xref>
        </contrib>
        <contrib contrib-type="author">
          <name>
            <surname>McGuire</surname>
            <given-names>Hugh</given-names>
          </name>
          <xref ref-type="aff" rid="A5">5</xref>
        </contrib>
        <contrib contrib-type="author">
          <name>
            <surname>Churchill</surname>
            <given-names>Rachel</given-names>
          </name>
          <xref ref-type="aff" rid="A6">6</xref>
        </contrib>
        <contrib contrib-type="author">
          <name>
            <surname>Furukawa</surname>
            <given-names>Toshi A</given-names>
          </name>
          <xref ref-type="aff" rid="A2">2</xref>
        </contrib>
      </contrib-group>
      <aff id="A1"><label>1</label>Department of Psychiatry, Keio University School of Medicine, Tokyo, Japan
</aff>
      <aff id="A2"><label>2</label>Department of Psychiatry &amp; Cognitive-Behavioral Medicine, Nagoya City University Graduate School of Medical Sciences, Nagoya, Japan
</aff>
      <aff id="A3"><label>3</label>Cochrane Schizophrenia Group, University of Nottingham, Nottingham, UK
</aff>
      <aff id="A4"><label>4</label>Department of Medicine and Public Health, Section of Psychiatry and Clinical Psychology, University of Verona, Verona, Italy
</aff>
      <aff id="A5"><label>5</label>National Coordinating Centre for Women and Child Health, London, UK
</aff>
      <aff id="A6"><label>6</label>Academic Unit of Psychiatry, Community Based Medicine, University of Bristol, Bristol, UK
</aff>
      <author-notes>
        <corresp id="CR1">Contact address: Atsuo Nakagawa, Department of Psychiatry, Keio University School of Medicine, Shinanomachi 35, Shinjuku-ku, Tokyo, 160-8582, Japan. <email>nakagawa@keio-psychiatry.com</email></corresp>
        <fn id="FN1">
          <p id="P1"><bold>Editorial group:</bold> Cochrane Depression, Anxiety and Neurosis Group.</p>
          <p id="P2"><bold>Publication status and date:</bold> New, published in Issue 3, 2009.</p>
          <p id="P3"><bold>Review content assessed as up-to-date:</bold> 31 July 2008.</p>
        </fn>
        <fn id="FN2">
          <p id="P4"><bold>CONTRIBUTIONS OF AUTHORS</bold>
</p>
          <p id="P5">AN, NW, TAF, AC, CB, RC and HMG conceived and designed the review. AN, NW and HMG identified and acquired reports of trials, and contacted authors of trials and pharmaceutical industries for additional information. AN and NW extracted data. AN, NW and TAF analysed and interpreted the data. AC, CB and HMG contributed to the interpretation of the data. AN wrote the first draft of the manuscript. All authors contributed to make critical revision of the manuscript for important intellectual content and have approved the final version of the manuscript.</p>
        </fn>
      </author-notes>
      <pub-date pub-type="nihms-submitted">
        <day>12</day>
        <month>8</month>
        <year>2014</year>
      </pub-date>
      <pub-date pub-type="epub">
        <day>08</day>
        <month>7</month>
        <year>2009</year>
      </pub-date>
      <pub-date pub-type="collection">
        <year>2009</year>
      </pub-date>
      <pub-date pub-type="pmc-release">
        <day>16</day>
        <month>9</month>
        <year>2014</year>
      </pub-date>
      <issue>3</issue>
      <fpage>CD006529</fpage>
      <lpage>CD006529</lpage>
      <!--elocation-id from pubmed: 10.1002/14651858.CD006529.pub2-->
      <permissions>
        <copyright-statement>Copyright &#xA9; 2009 The Cochrane Collaboration. Published by John Wiley &amp; Sons, Ltd</copyright-statement>
        <copyright-year>2009</copyright-year>
      </permissions>
      <abstract>
        <sec id="S1">
          <title>Background</title>
          <p id="P6">Although pharmacological and psychological interventions are both effective for major depression, antidepressant drugs are frequently used as first-line treatment in primary and secondary care settings. Milnacipran, a dual serotonin-norepinephrine reuptake inhibitor (SNRI), is one of the antidepressant drugs that clinicians use for routine depression care.</p>
        </sec>
        <sec id="S2">
          <title>Objectives</title>
          <p id="P7">To assess the evidence for the efficacy, acceptability and tolerability of milnacipran in comparison with tricyclic antidepressants (TCAs), heterocyclics, SSRIs and other newer antidepressive agents in the acute-phase treatment of major depression.</p>
        </sec>
        <sec id="S3">
          <title>Search methods</title>
          <p id="P8">The Cochrane Collaboration Depression, Anxiety &amp; Neurosis review group Controlled Trials Register (CCDANCTR-Studies and CCDANCTR-References) were electronically searched in August 2008. References of relevant trials and other reviews were also checked. Trial databases of the drug-approving agencies and ongoing clinical trial registers for all published and unpublished trials were handsearched in 2007. All relevant authors were contacted for supplemental data. No language restriction was applied.</p>
        </sec>
        <sec id="S4">
          <title>Selection criteria</title>
          <p id="P9">Randomised controlled trials comparing milnacipran with any other active antidepressive agents (including non-conventional agents such as herbal products like hypericum) as monotherapy in the acute phase of major depression were selected.</p>
        </sec>
        <sec id="S5">
          <title>Data collection and analysis</title>
          <p id="P10">Two reviewers independently checked eligibility, assessed methodological quality and extracted data from the eligible trials using a standardised data extraction form. The number of participants who responded to treatment or those who achieved remission were calculated on an intention-to-treat basis. Random-effects meta-analyses were conducted, combining data from the included trials.</p>
        </sec>
        <sec id="S6">
          <title>Main results</title>
          <p id="P11">A total of 16 randomised controlled trials (n=2277) were included in the meta-analysis. Despite the size of this sample, the pooled 95% confidence intervals were rather wide and there were no statistically significant differences in efficacy, acceptability and tolerability when comparing milnacipran with other antidepressive agents. However, compared with TCAs, patients taking milnacipran were associated with fewer dropouts due to adverse events (OR 0.55; 95%CI 0.35 to 0.85). There was also some weak evidence to suggest that patients taking milnacipran experienced fewer adverse events of sleepiness/drowsiness, dry mouth or constipation compared with TCAs.</p>
        </sec>
        <sec id="S7">
          <title>Authors&#x2019; conclusions</title>
          <p id="P12">Currently, there is inadequate evidence to conclude whether milnacipran is superior, inferior or the same as other antidepressive agents in terms of efficacy, acceptability and tolerability in the acute phase treatment of major depression. However, there is some evidence in favour of milnacipran over TCAs in terms of dropouts due to adverse events (acceptability) and the rates of experiencing adverse events (tolerability). Information about other clinically meaningful outcomes such as cost-effectiveness and social functioning, including the ability to return to work, is lacking. Further study is needed to answer whether milnacipran would be the better choice of antidepressant for acute major depression.</p>
        </sec>
      </abstract>
      <kwd-group kwd-group-type="Medical Subject Headings">
        <title>Medical Subject Headings (MeSH)</title>
        <kwd>Antidepressive Agents [adverse effects; *therapeutic use]</kwd>
        <kwd>Cyclopropanes [adverse effects; *therapeutic use]</kwd>
        <kwd>Depressive Disorder, Major [* drug therapy]</kwd>
        <kwd>Randomized Controlled Trials as Topic</kwd>
        <kwd>Serotonin Uptake Inhibitors [adverse effects; *therapeutic use]</kwd>
      </kwd-group>
      <kwd-group kwd-group-type="MeSH check words">
        <title>MeSH check words</title>
        <kwd>Humans</kwd>
      </kwd-group>
    </article-meta>
  </front>
</article>
</pmc-articleset>