<?xml version="1.0" ?>
<!DOCTYPE pmc-articleset PUBLIC "-//NLM//DTD ARTICLE SET 2.0//EN" "https://dtd.nlm.nih.gov/ncbi/pmc/articleset/nlm-articleset-2.0.dtd">
<pmc-articleset><article xmlns:xlink="http://www.w3.org/1999/xlink" xmlns:mml="http://www.w3.org/1998/Math/MathML" id="CD005963.pub2" article-type="systematic-review">
  <!--The publisher of this article does not allow downloading of the full text in XML form.-->
  <front>
    <journal-meta>
      <journal-id journal-id-type="nlm-ta">Cochrane Database Syst Rev</journal-id>
      <journal-id journal-id-type="iso-abbrev">Cochrane Database Syst Rev</journal-id>
      <journal-id journal-id-type="publisher-id">14651858</journal-id>
      <journal-id journal-id-type="doi">10.1002/14651858</journal-id>
      <journal-title-group>
        <journal-title>The Cochrane Database of Systematic Reviews</journal-title>
      </journal-title-group>
      <issn pub-type="epub">1469-493X</issn>
      <issn-l>1361-6137</issn-l>
      <publisher>
        <publisher-name>John Wiley &amp; Sons, Ltd</publisher-name>
        <publisher-loc>Chichester, UK</publisher-loc>
      </publisher>
    </journal-meta>
    <article-meta>
      <article-id pub-id-type="pmid">19160260</article-id>
      <article-id pub-id-type="pmc">4161493</article-id>
      <article-id pub-id-type="doi">10.1002/14651858.CD005963.pub2</article-id>
      <article-id pub-id-type="publisher-id">CD005963</article-id>
      <article-id pub-id-type="other">CD005963.pub2</article-id>
      <article-categories>
        <subj-group subj-group-type="heading">
          <subject>Medicine General &amp; Introductory Medical Sciences</subject>
        </subj-group>
      </article-categories>
      <title-group>
        <article-title>Advance treatment directives for people with severe mental illness</article-title>
      </title-group>
      <contrib-group>
        <contrib id="d28e63" contrib-type="author" corresp="yes">
          <name>
            <surname>Campbell</surname>
            <given-names>Leslie Anne</given-names>
          </name>
          <address>
            <email>leslie.campbell@cdha.nshealth.ca</email>
          </address>
          <xref ref-type="aff" rid="CD005963-aff-0001"/>
        </contrib>
        <contrib id="d28e68" contrib-type="author">
          <name>
            <surname>Kisely</surname>
            <given-names>Steve R</given-names>
          </name>
          <xref ref-type="aff" rid="CD005963-aff-0002"/>
        </contrib>
      </contrib-group>
      <aff id="CD005963-aff-0001">
        <institution>Capital District Health Authority</institution>
        <addr-line>Centre for Clinical Research, West Annexe, Mackenzie Building5790 University Avenue</addr-line>
        <city>Halifax</city>
        <country>Canada</country>
        <postal-code>B3H 2E2</postal-code>
      </aff>
      <aff id="CD005963-aff-0002">
        <institution>The University of Queensland</institution>
        <institution content-type="dept">School of Population Health</institution>
        <city>Brisbane</city>
        <country>Australia</country>
        <postal-code/>
      </aff>
      <author-notes>
        <fn>
          <p>Editorial Group: Cochrane Schizophrenia Group.</p>
        </fn>
      </author-notes>
      <pub-date pub-type="epub">
        <day>21</day>
        <month>1</month>
        <year>2009</year>
      </pub-date>
      <pub-date pub-type="collection">
        <month>1</month>
        <year>2009</year>
      </pub-date>
      <pub-date pub-type="update">
        <day>21</day>
        <month>06</month>
        <year>2012</year>
      </pub-date>
      <volume>2009</volume>
      <issue>1</issue>
      <elocation-id>CD005963</elocation-id>
      <history>
        <date date-type="previous-update" publication-format="electronic">
          <day>19</day>
          <month>04</month>
          <year>2006</year>
        </date>
      </history>
      <permissions>
        <copyright-statement>Copyright &#xA9; 2012 The Cochrane Collaboration. Published by John Wiley &amp; Sons, Ltd.</copyright-statement>
        <copyright-year>2012</copyright-year>
        <copyright-holder>The Cochrane Collaboration</copyright-holder>
      </permissions>
      <related-article related-article-type="updated-article" ext-link-type="doi" xlink:href="10.1002/14651858.CD005963" id="d28e126"/>
      <abstract>
        <sec>
          <title>Background</title>
          <p>An advance directive is a document specifying a person's preferences for treatment, should he or she lose capacity to make such decisions in the future. They have been used in end&#x2010;of&#x2010;life settings to direct care but should be well suited to the mental health setting.</p>
        </sec>
        <sec>
          <title>Objectives</title>
          <p>To examine the effects of advance treatment directives for people with severe mental illness.</p>
        </sec>
        <sec>
          <title>Search methods</title>
          <p>We searched the Cochrane Schizophrenia Group's Register (February 2008), the Cochrane Library (Issue 1 2008), BIOSIS (1985 to February 2008), CINAHL (1982 to February 2008), EMBASE (1980 to February 2008), MEDLINE (1966 to February 2008), PsycINFO (1872 to February 2008), as well as SCISEARCH and Google &#x2010; Internet search engine (February 2008). We inspected relevant references and contacted first authors of included studies.</p>
          <p>We updated this search on 17 May 2012 and added the results to the awaiting classification section of the review.</p>
        </sec>
        <sec>
          <title>Selection criteria</title>
          <p>We included all randomised controlled trials (RCTs), involving adults with severe mental illness, comparing any form of advance directive with standard care for health service and clinical outcomes.</p>
        </sec>
        <sec>
          <title>Data collection and analysis</title>
          <p>We extracted data independently. For homogenous dichotomous data we calculated fixed&#x2010;effect relative risk (RR) and 95% confidence intervals (CI) on an intention&#x2010;to&#x2010;treat basis. For continuous data, we calculated weighted mean differences (WMD) and their 95% confidence interval again using a fixed&#x2010;effect model.</p>
        </sec>
        <sec>
          <title>Main results</title>
          <p>We were able to include two trials involving 321 people with severe mental illnesses. There was no significant difference in hospital admission (n=160, 1 RCT, RR 0.69 0.5 to 1.0), or number of psychiatric outpatient attendances between participants given advanced treatment directives or usual care. Similarly, no significant differences were found for compliance with treatment, self harm or number of arrests. Participants given advanced treatment directives needed less use of social workers time (n=160, 1 RCT, WMD &#x2010;106.00 CI &#x2010;156.2 to &#x2010;55.8) than the usual care group, and violent acts were also lower in the advanced directives group (n=160, 1 RCT, RR 0.27 CI 0.1 to 0.9, NNT 8 CI 6 to 92). The number of people leaving the study early were not different between groups (n=321, 2 RCTs, RR 0.92 CI 0.6 to 1.6).</p>
          <p>The addition of 11 studies to awaiting classification section of the review may alter the conclusions of the review once assessed.</p>
        </sec>
        <sec>
          <title>Authors' conclusions</title>
          <p>There are too few data available to make definitive recommendations. More intensive forms of advance directive appear to show promise, but currently practice must be guided by evidence other than that derived from randomised trials. More trials are indicated to determine whether higher intensity interventions, such as joint crisis planning, have an effect on outcomes of clinical relevance.</p>
        </sec>
      </abstract>
      <abstract abstract-type="short">
        <title>Advance treatment directives for people with severe mental illness</title>
        <p>An advance treatment directive is a document that specifies a person&#x2019;s future preferences for treatment, should he or she lose the mental ability to make treatment decisions (lose capacity). They have traditionally been used to stipulate treatment in end&#x2010;of&#x2010;life situations. However, people with mental health problems can also have periods where they are unable to make treatment decisions, and an advance statement could help with choosing suitable medication, saying who should look after children and specifying choices in other areas of their life and treatment.</p>
        <p>This review looks at whether having an advance statement leads to less hospitalisation (either voluntary or involuntary), less contact with mental health services and whether there is an improvement in general functioning. Two studies were found, involving 321 people. Both took place in England. One trial involved the person concerned making a joint crisis plan in collaboration with the psychiatrist, care coordinator and project worker (high intensity), while the other required filling in a booklet called &#x2018;preferences for care&#x2019; (low intensity). Both studies were compared to the usual care in the area concerned.</p>
        <p>Since the interventions were quite different, and not all outcomes were measured by both studies, it is quite difficult to compare the trials. Those who filled in the booklet showed no decrease in admission to hospital (voluntary or involuntary) or contact with out&#x2010;patient services, when compared to usual care.&#xA0;The high intensity group showed no differences in voluntary admissions compared to those in usual care, but were less likely to be hospitalised involuntarily, or assessed under the Mental Health Act. They were also less likely to be violent. There was no difference in use of psychiatric out&#x2010;patient services by those in the intervention groups. These are small studies and more research is needed, but it is suggested that using an advance treatment directive could be an alternative to community treatment orders. (Plain language summary prepared for this review by Janey Antoniou of RETHINK, UK <uri>www.rethink.org</uri>)</p>
      </abstract>
      <kwd-group kwd-group-type="mesh">
        <kwd>Adult</kwd>
        <kwd>Humans</kwd>
        <kwd>Advance Directives</kwd>
        <kwd>Commitment of Mentally Ill</kwd>
        <kwd>Mental Disorders</kwd>
        <kwd>Mental Disorders/therapy</kwd>
        <kwd>Patient Admission</kwd>
        <kwd>Randomized Controlled Trials as Topic</kwd>
      </kwd-group>
    </article-meta>
    <notes notes-type="status-note">
      <p>Edited (no change to conclusions)</p>
    </notes>
  </front>
</article>
</pmc-articleset>