<?xml version="1.0" ?>
<!DOCTYPE pmc-articleset PUBLIC "-//NLM//DTD ARTICLE SET 2.0//EN" "https://dtd.nlm.nih.gov/ncbi/pmc/articleset/nlm-articleset-2.0.dtd">
<pmc-articleset><article xmlns:xlink="http://www.w3.org/1999/xlink" xmlns:mml="http://www.w3.org/1998/Math/MathML" article-type="research-article">
  <!--The publisher of this article does not allow downloading of the full text in XML form.-->
  <?properties manuscript?>
  <front>
    <journal-meta>
      <journal-id journal-id-type="nlm-journal-id">100909747</journal-id>
      <journal-id journal-id-type="pubmed-jr-id">21711</journal-id>
      <journal-id journal-id-type="nlm-ta">Cochrane Database Syst Rev</journal-id>
      <journal-id journal-id-type="iso-abbrev">Cochrane Database Syst Rev</journal-id>
      <journal-title-group>
        <journal-title>The Cochrane database of systematic reviews</journal-title>
      </journal-title-group>
      <issn pub-type="epub">1469-493X</issn>
    </journal-meta>
    <article-meta>
      <article-id pub-id-type="pmid">19160299</article-id>
      <article-id pub-id-type="pmc">4261628</article-id>
      <article-id pub-id-type="doi">10.1002/14651858.CD006757.pub2</article-id>
      <article-id pub-id-type="manuscript">NIHMS644921</article-id>
      <article-categories>
        <subj-group subj-group-type="heading">
          <subject>Article</subject>
        </subj-group>
      </article-categories>
      <title-group>
        <article-title>Surgery for cataracts in people with age-related macular degeneration</article-title>
      </title-group>
      <contrib-group>
        <contrib contrib-type="author">
          <name>
            <surname>Casparis</surname>
            <given-names>Heather</given-names>
          </name>
          <xref ref-type="aff" rid="A1">1</xref>
        </contrib>
        <contrib contrib-type="author">
          <name>
            <surname>Lindsley</surname>
            <given-names>Kristina</given-names>
          </name>
          <xref ref-type="aff" rid="A2">2</xref>
        </contrib>
        <contrib contrib-type="author">
          <name>
            <surname>Bressler</surname>
            <given-names>Neil B</given-names>
          </name>
          <xref ref-type="aff" rid="A3">3</xref>
        </contrib>
      </contrib-group>
      <aff id="A1"><label>1</label>Unit&#xE9;s de Chirurgie Vitr&#xE9;or&#xE9;tinienne et R&#xE9;tine M&#xE9;dicale, Jules Gonin Eye Hospital, CH-1004 Lausanne, Switzerland</aff>
      <aff id="A2"><label>2</label>Epidemiology, Johns Hopkins Bloomberg School of Public Health, Baltimore, Maryland, USA</aff>
      <aff id="A3"><label>3</label>Johns Hopkins University, Baltimore, USA</aff>
      <author-notes>
        <corresp id="FN1">Contact address: Heather Casparis, Unit&#xE9;s de Chirurgie Vitr&#xE9;or&#xE9;tinienne et R&#xE9;tine M&#xE9;dicale, Jules Gonin Eye Hospital, 15, av. de France, CH-1004 Lausanne, Switzerland. <email>Heather.BartlettCasparis@fa2.ch</email></corresp>
      </author-notes>
      <pub-date pub-type="nihms-submitted">
        <day>2</day>
        <month>12</month>
        <year>2014</year>
      </pub-date>
      <pub-date pub-type="epub">
        <day>21</day>
        <month>1</month>
        <year>2009</year>
      </pub-date>
      <pub-date pub-type="collection">
        <year>2009</year>
      </pub-date>
      <pub-date pub-type="pmc-release">
        <day>10</day>
        <month>12</month>
        <year>2014</year>
      </pub-date>
      <issue>1</issue>
      <fpage>CD006757</fpage>
      <lpage>CD006757</lpage>
      <!--elocation-id from pubmed: 10.1002/14651858.CD006757.pub2-->
      <permissions>
        <copyright-statement>Copyright &#xA9; 2009 The Cochrane Collaboration. Published by John Wiley &amp; Sons, Ltd.</copyright-statement>
        <copyright-year>2009</copyright-year>
      </permissions>
      <abstract>
        <sec id="S1">
          <title>Background</title>
          <p id="P1">Cataract and age-related macular degeneration (AMD) are significant causes of decreased vision in the elderly that often occur simultaneously. Although cataract surgery is an effective treatment for cataract-induced visual loss, some clinicians suspect that such an intervention may increase the risk of progression of underlying AMD and thus have deleterious effects on vision.</p>
        </sec>
        <sec id="S2">
          <title>Objectives</title>
          <p id="P2">The objective of this review was to evaluate the effectiveness and safety of cataract surgery in eyes with AMD.</p>
        </sec>
        <sec id="S3">
          <title>Search strategy</title>
          <p id="P3">We searched the Cochrane Central Register of Controlled Trials (CENTRAL) (which contains the Cochrane Eyes and Vision Group Trials Register) (<italic>The Cochrane Library,</italic> Issue 4, 2008), MEDLINE (January 1966 to November 2008), EMBASE (January 1980 to November 2008) and Latin American and Caribbean Literature on Health Sciences (LILACS) (January 1982 to November 2008). There were no language or date restrictions in the search for trials. The electronic databases were last searched on 4 November 2008.</p>
        </sec>
        <sec id="S4">
          <title>Selection criteria</title>
          <p id="P4">We planned to include randomized controlled trials (RCTs) and quasi-randomized trials of eyes affected by both cataract and AMD in which cataract surgery would be compared to no surgery.</p>
        </sec>
        <sec id="S5">
          <title>Data collection and analysis</title>
          <p id="P5">Two authors independently evaluated the search results against the inclusion and exclusion criteria. Discrepancies were resolved by discussion.</p>
        </sec>
        <sec id="S6">
          <title>Main results</title>
          <p id="P6">We found no RCTs, thus no analysis was conducted. Evidence was limited to non-randomized clinical trials and prospective cohort and case-control studies.</p>
        </sec>
        <sec id="S7">
          <title>Authors' conclusions</title>
          <p id="P7">At this time, it is not possible to draw reliable conclusions from the available data to determine whether cataract surgery is beneficial or harmful in people with AMD. Physicians will have to make practice decisions based on best clinical judgement until controlled trials are conducted and their findings published.</p>
        </sec>
      </abstract>
      <kwd-group>
        <title>Medical Subject Headings (MeSH)</title>
        <kwd>Cataract [*complications]</kwd>
        <kwd>Cataract Extraction [*adverse effects]</kwd>
        <kwd>Disease Progression</kwd>
        <kwd>Macular Degeneration [complications; *pathology]</kwd>
      </kwd-group>
      <kwd-group>
        <title>MeSH check words</title>
        <kwd>Humans</kwd>
      </kwd-group>
    </article-meta>
  </front>
</article>
</pmc-articleset>