<?xml version="1.0" ?>
<!DOCTYPE pmc-articleset PUBLIC "-//NLM//DTD ARTICLE SET 2.0//EN" "https://dtd.nlm.nih.gov/ncbi/pmc/articleset/nlm-articleset-2.0.dtd">
<pmc-articleset><article xmlns:xlink="http://www.w3.org/1999/xlink" xmlns:mml="http://www.w3.org/1998/Math/MathML" article-type="research-article">
  <!--The publisher of this article does not allow downloading of the full text in XML form.-->
  <?properties manuscript?>
  <front>
    <journal-meta>
      <journal-id journal-id-type="nlm-journal-id">100909747</journal-id>
      <journal-id journal-id-type="pubmed-jr-id">21711</journal-id>
      <journal-id journal-id-type="nlm-ta">Cochrane Database Syst Rev</journal-id>
      <journal-id journal-id-type="iso-abbrev">Cochrane Database Syst Rev</journal-id>
      <journal-title-group>
        <journal-title>The Cochrane database of systematic reviews</journal-title>
      </journal-title-group>
      <issn pub-type="epub">1469-493X</issn>
    </journal-meta>
    <article-meta>
      <article-id pub-id-type="pmid">12076491</article-id>
      <article-id pub-id-type="pmc">4171455</article-id>
      <article-id pub-id-type="doi">10.1002/14651858.CD003602</article-id>
      <article-id pub-id-type="manuscript">EMS57257</article-id>
      <article-categories>
        <subj-group subj-group-type="heading">
          <subject>Article</subject>
        </subj-group>
      </article-categories>
      <title-group>
        <article-title>Pre-operative autologous donation for minimising perioperative allogeneic blood transfusion</article-title>
      </title-group>
      <contrib-group>
        <contrib contrib-type="author">
          <name>
            <surname>Henry</surname>
            <given-names>David A</given-names>
          </name>
          <xref ref-type="aff" rid="A1">1</xref>
        </contrib>
        <contrib contrib-type="author">
          <name>
            <surname>Carless</surname>
            <given-names>Paul A</given-names>
          </name>
          <xref ref-type="aff" rid="A2">2</xref>
        </contrib>
        <contrib contrib-type="author">
          <name>
            <surname>Moxey</surname>
            <given-names>Annette J</given-names>
          </name>
          <xref ref-type="aff" rid="A3">3</xref>
        </contrib>
        <contrib contrib-type="author">
          <name>
            <surname>O&#x2019;Connell</surname>
            <given-names>Dianne</given-names>
          </name>
          <xref ref-type="aff" rid="A4">4</xref>
        </contrib>
        <contrib contrib-type="author">
          <name>
            <surname>Ker</surname>
            <given-names>Katharine</given-names>
          </name>
          <xref ref-type="aff" rid="A5">5</xref>
        </contrib>
        <contrib contrib-type="author">
          <name>
            <surname>Fergusson</surname>
            <given-names>Dean A</given-names>
          </name>
          <xref ref-type="aff" rid="A6">6</xref>
        </contrib>
      </contrib-group>
      <aff id="A1"><label>1</label>Institute of Clinical Evaluative Sciences, Toronto, Canada
</aff>
      <aff id="A2"><label>2</label>Discipline of Clinical Pharmacology, Faculty of Health, University of Newcastle, Newcastle, Australia
</aff>
      <aff id="A3"><label>3</label>Research Centre for Gender, Health &amp; Ageing, Faculty of Health, University of Newcastle, Newcastle, Australia
</aff>
      <aff id="A4"><label>4</label>Cancer Epidemiology Research Unit, Cancer Council, Sydney, Australia
</aff>
      <aff id="A5"><label>5</label>Cochrane Injuries Group, London School of Hygiene &amp; Tropical Medicine, London, UK
</aff>
      <aff id="A6"><label>6</label>Ottawa Health Research Institute, University of Ottawa Centre for Transfusion Research, Ottawa, Canada
</aff>
      <author-notes>
        <corresp id="CR1">Contact address: David A Henry, Institute of Clinical Evaluative Sciences, 2075 Bayview Avenue, G1 06, Toronto, Ontario, M4N 3M5, Canada. <email>david.henry@ices.on.ca</email></corresp>
        <fn id="FN1">
          <p id="P1"><bold>CONTRIBUTIONS OF AUTHORS</bold> Contributors (names are listed alphabetically):</p>
          <p id="P2">Paul Carless (University of Newcastle, Australia) obtained relevant papers, applied inclusion/exclusion criteria to retrieved papers, quality assessed trials, extracted data from the trials, entered data into MetaView 4.1, entered all study details into Review Manager 4.1, and co-wrote the review;</p>
          <p id="P3">Dean Fergusson (*ISPOT International Research Coordinator/University of Ottawa Centre for Transfusion Research, Canada) coordinated the conduct of the original review as part of the International Study of Peri-Operative Transfusion;</p>
          <p id="P4">David Henry (Institute of Clinical Evaluative Sciences, Toronto, Canada) obtained funding for the study, was involved in study design, screened abstracts and titles for relevant articles, and co-wrote the review;</p>
          <p id="P5">Katharine Ker (London School of Hygiene &amp; Tropical Medicine, UK) undertook the following tasks for the 2009 update - screened search output, obtained articles, applied inclusion/exclusion criteria to retrieved papers, assessed risk of bias, extracted data, performed data analysis and revised the text of the review;</p>
          <p id="P6">Annette Moxey (University of Newcastle) obtained relevant papers, applied inclusion/exclusion criteria to retrieved papers, quality assessed trials, extracted data from the trials and entered data into MetaView 4.1;</p>
          <p id="P7">Dianne O&#x2019;Connell (Cancer Council, Sydney, Australia) provided statistical consultancy for the review, checked data for consistency, analysed and interpreted the results, provided methodological content, and co-wrote the review.</p>
          <p id="P8">* ISPOT - International Study of Peri-Operative Transfusion</p>
        </fn>
        <fn id="FN2">
          <p id="P9"><bold>Editorial group:</bold> Cochrane Injuries Group.</p>
          <p id="P10"><bold>Publication status and date:</bold> New search for studies and content updated (no change to conclusions), published in Issue 4, 2010.</p>
          <p id="P11"><bold>Review content assessed as up-to-date:</bold> 31 July 2009.</p>
        </fn>
      </author-notes>
      <pub-date pub-type="nihms-submitted">
        <day>18</day>
        <month>7</month>
        <year>2014</year>
      </pub-date>
      <pub-date pub-type="ppub">
        <year>2002</year>
      </pub-date>
      <pub-date pub-type="pmc-release">
        <day>23</day>
        <month>9</month>
        <year>2014</year>
      </pub-date>
      <issue>2</issue>
      <fpage>CD003602</fpage>
      <lpage>CD003602</lpage>
      <!--elocation-id from pubmed: 10.1002/14651858.CD003602-->
      <permissions>
        <copyright-statement>Copyright &#xA9; 2010 The Cochrane Collaboration. Published by John Wiley &amp; Sons, Ltd.</copyright-statement>
        <copyright-year>2010</copyright-year>
      </permissions>
      <abstract>
        <sec id="S1">
          <title>Background</title>
          <p id="P12">Public concerns regarding the safety of transfused blood have prompted reconsideration of the indications for the transfusion of allogeneic red cells (blood from an unrelated donor), and a range of techniques designed to minimise transfusion requirements.</p>
        </sec>
        <sec id="S2">
          <title>Objectives</title>
          <p id="P13">To examine the evidence for the efficacy of pre-operative autologous blood donation (PAD) in reducing the need for perioperative allogeneic red blood cell (RBC) transfusion.</p>
        </sec>
        <sec id="S3">
          <title>Search methods</title>
          <p id="P14">Articles were identified by searches of the electronic databases; MEDLINE (January 1950 to July 2009), EMBASE (January 1980 to Week 31, 2009), ISI Web of Science (inception to August 2009), <italic>The Cochrane Library</italic> 2009, Issue 3, and The Cochrane Injuries Group Specialised Register (searched August 7 2009). Reference lists in relevant publications were checked and authors were contacted to identify additional studies. The searches were updated in August 2009.</p>
        </sec>
        <sec id="S4">
          <title>Selection criteria</title>
          <p id="P15">Randomised controlled trials with a concurrent control group in which adult patients, scheduled for non-urgent surgery, were randomised to PAD, or to a control group who did not receive the intervention.</p>
        </sec>
        <sec id="S5">
          <title>Data collection and analysis</title>
          <p id="P16">Data were independently extracted and the risk of bias was assessed. Relative risks (RR) and mean differences (MD) with 95% confidence intervals (CIs) were calculated. Data were pooled using a random-effects model. The principal outcomes were the proportion of patients exposed to allogeneic red blood cells (RBCs) and the amount of blood transfused. Other clinical outcomes are detailed in the review.</p>
        </sec>
        <sec id="S6">
          <title>Main results</title>
          <p id="P17">Fourteen trials were included. Overall PAD reduced the risk of receiving an allogeneic blood transfusion by a relative 68% (RR 0.32; 95% CI 0.22 to 0.47). The absolute reduction in risk of allogeneic transfusion was 44% (risk difference (RD) &#x2212;0.44; 95% CI &#x2212;0.68 to &#x2212;0.21). In contrast, the results show that the risk of receiving any blood transfusion (allogeneic and/or autologous) is increased by PAD (RR 1.24; 95% CI 1.02 to 1.51). There was evidence of significant heterogeneity for both of these outcomes.</p>
        </sec>
        <sec id="S7">
          <title>Authors&#x2019; conclusions</title>
          <p id="P18">Although the trials of PAD showed a reduction in the need for allogeneic blood, the methodological quality of the trials was poor and the overall transfusion rates (allogeneic and/or autologous) in these trials were high, and were increased by recruitment into the PAD arms of the trials. This raises questions about the true benefit of PAD. In the absence of large, high quality trials using clinical endpoints, it is not possible to say whether the benefits of PAD outweigh the harms.</p>
        </sec>
      </abstract>
      <kwd-group kwd-group-type="Medical Subject Headings">
        <title>Medical Subject Headings (MeSH)</title>
        <kwd>*Blood Transfusion, Autologous</kwd>
        <kwd>*Erythrocyte Transfusion [adverse effects]</kwd>
        <kwd>Preoperative Care</kwd>
        <kwd>Randomized Controlled Trials as Topic</kwd>
        <kwd>Risk</kwd>
        <kwd>Transplantation, Homologous [adverse effects]</kwd>
      </kwd-group>
      <kwd-group kwd-group-type="MeSH check words">
        <title>MeSH check words</title>
        <kwd>Humans</kwd>
      </kwd-group>
    </article-meta>
  </front>
</article>
</pmc-articleset>