<?xml version="1.0" ?>
<!DOCTYPE pmc-articleset PUBLIC "-//NLM//DTD ARTICLE SET 2.0//EN" "https://dtd.nlm.nih.gov/ncbi/pmc/articleset/nlm-articleset-2.0.dtd">
<pmc-articleset><article xmlns:xlink="http://www.w3.org/1999/xlink" xmlns:mml="http://www.w3.org/1998/Math/MathML" article-type="research-article">
  <!--The publisher of this article does not allow downloading of the full text in XML form.-->
  <?properties manuscript?>
  <front>
    <journal-meta>
      <journal-id journal-id-type="nlm-journal-id">100909747</journal-id>
      <journal-id journal-id-type="pubmed-jr-id">21711</journal-id>
      <journal-id journal-id-type="nlm-ta">Cochrane Database Syst Rev</journal-id>
      <journal-id journal-id-type="iso-abbrev">Cochrane Database Syst Rev</journal-id>
      <journal-title-group>
        <journal-title>The Cochrane database of systematic reviews</journal-title>
      </journal-title-group>
      <issn pub-type="epub">1469-493X</issn>
    </journal-meta>
    <article-meta>
      <article-id pub-id-type="pmid">21069690</article-id>
      <article-id pub-id-type="pmc">4169186</article-id>
      <article-id pub-id-type="doi">10.1002/14651858.CD006633.pub2</article-id>
      <article-id pub-id-type="manuscript">EMS57808</article-id>
      <article-categories>
        <subj-group subj-group-type="heading">
          <subject>Article</subject>
        </subj-group>
      </article-categories>
      <title-group>
        <article-title>Clozapine versus other atypical antipsychotics for schizophrenia</article-title>
      </title-group>
      <contrib-group>
        <contrib contrib-type="author">
          <name>
            <surname>Asenjo Lobos</surname>
            <given-names>Claudia</given-names>
          </name>
          <xref ref-type="aff" rid="A1">1</xref>
        </contrib>
        <contrib contrib-type="author">
          <name>
            <surname>Komossa</surname>
            <given-names>Katja</given-names>
          </name>
          <xref ref-type="aff" rid="A2">2</xref>
        </contrib>
        <contrib contrib-type="author">
          <name>
            <surname>Rummel-Kluge</surname>
            <given-names>Christine</given-names>
          </name>
          <xref ref-type="aff" rid="A2">2</xref>
        </contrib>
        <contrib contrib-type="author">
          <name>
            <surname>Hunger</surname>
            <given-names>Heike</given-names>
          </name>
          <xref ref-type="aff" rid="A2">2</xref>
        </contrib>
        <contrib contrib-type="author">
          <name>
            <surname>Schmid</surname>
            <given-names>Franziska</given-names>
          </name>
          <xref ref-type="aff" rid="A2">2</xref>
        </contrib>
        <contrib contrib-type="author">
          <name>
            <surname>Schwarz</surname>
            <given-names>Sandra</given-names>
          </name>
          <xref ref-type="aff" rid="A2">2</xref>
        </contrib>
        <contrib contrib-type="author">
          <name>
            <surname>Leucht</surname>
            <given-names>Stefan</given-names>
          </name>
          <xref ref-type="aff" rid="A2">2</xref>
        </contrib>
      </contrib-group>
      <aff id="A1"><label>1</label>University of Concepcion, Concepcion, Chile
</aff>
      <aff id="A2"><label>2</label>Klinik und Poliklinik f&#xFC;r Psychiatrie und Psychotherapie, Technische Universit&#xE4;t M&#xFC;nchen Klinikum rechts der Isar, M&#xFC;nchen, Germany
</aff>
      <author-notes>
        <corresp id="CR1">Contact address: Claudia Asenjo Lobos, University of Concepcion, Victoria 232, Concepcion, Regi&#xF3;n del Bio Bio, <email>Chile.casenjolob@googlemail.com</email>. <email>casenjo@udec.cl</email></corresp>
        <fn id="FN1">
          <p id="P1"><bold>Editorial group:</bold> Cochrane Schizophrenia Group.</p>
          <p id="P2"><bold>Publication status and date:</bold> Edited (no change to conclusions), published in Issue 12, 2010.</p>
          <p id="P3"><bold>Review content assessed as up-to-date:</bold> 14 October 2008.</p>
        </fn>
        <fn id="FN2">
          <p id="P4">
            <bold>CONTRIBUTIONS OF AUTHORS</bold>
          </p>
          <p id="P5">Claudia Asenjo L: protocol development, searching, study selection, data extraction, report writing.</p>
          <p id="P6">Katja Komossa: protocol development, searching, study selection, data extraction, helped with report writing.</p>
          <p id="P7">Christine Rummel: protocol development, helped with data extraction.</p>
          <p id="P8">Heike Hunger: protocol development, helped with data extraction.</p>
          <p id="P9">Franziska Schmidt: protocol development, helped with data extraction.</p>
          <p id="P10">Sandra Schwarz: protocol development, helped with data extraction.</p>
          <p id="P11">Stefan Leucht: protocol development, searching, helped with data extraction, report writing.</p>
        </fn>
      </author-notes>
      <pub-date pub-type="nihms-submitted">
        <day>26</day>
        <month>8</month>
        <year>2014</year>
      </pub-date>
      <pub-date pub-type="epub">
        <day>10</day>
        <month>11</month>
        <year>2010</year>
      </pub-date>
      <pub-date pub-type="collection">
        <year>2010</year>
      </pub-date>
      <pub-date pub-type="pmc-release">
        <day>19</day>
        <month>9</month>
        <year>2014</year>
      </pub-date>
      <issue>11</issue>
      <fpage>CD006633</fpage>
      <lpage>CD006633</lpage>
      <!--elocation-id from pubmed: 10.1002/14651858.CD006633.pub2-->
      <permissions>
        <copyright-statement>Copyright &#xA9; 2010 The Cochrane Collaboration. Published by John Wiley &amp; Sons, Ltd.</copyright-statement>
        <copyright-year>2010</copyright-year>
      </permissions>
      <abstract>
        <sec id="S1">
          <title>Background</title>
          <p id="P12">Clozapine is an atypical antipsychotic demonstrated to be superior in the treatment of refractory schizophrenia which causes fewer movement disorders. Clozapine, however, entails a significant risk of serious blood disorders such as agranulocytosis which could be potentially fatal. Currently there are a number of newer antipsychotics which have been developed with the purpose to find both a better tolerability profile and a superior effectiveness.</p>
        </sec>
        <sec id="S2">
          <title>Objectives</title>
          <p id="P13">To compare the clinical effects of clozapine with other atypical antipsychotics (such as amisulpride, aripiprazole, olanzapine, quetiapine, risperidone, sertindole, ziprasidone and zotepine) in the treatment of schizophrenia and schizophrenia-like psychoses.</p>
        </sec>
        <sec id="S3">
          <title>Search methods</title>
          <p id="P14">We searched the Cochrane Schizophrenia Groups Register (June 2007) and reference lists of all included randomised controlled trials. We also manually searched appropriate journals and conference proceedings relating to clozapine combination strategies and contacted relevant pharmaceutical companies.</p>
        </sec>
        <sec id="S4">
          <title>Selection criteria</title>
          <p id="P15">All relevant randomised, at least single-blind trials, comparing clozapine with other atypical antipsychotics, any dose and oral formulations, for people with schizophrenia or related disorders.</p>
        </sec>
        <sec id="S5">
          <title>Data collection and analysis</title>
          <p id="P16">We selected trials and extracted data independently. For dichotomous data we calculated relative risks (RR) and their 95% confidence intervals (CI) based on a random-effects model. We calculated numbers needed to treat/harm (NNT/NNH) where appropriate. For continuous data, we calculated mean differences (MD) again based on a random-effects model.</p>
        </sec>
        <sec id="S6">
          <title>Main results</title>
          <p id="P17">The review currently includes 27 blinded randomised controlled trials, which involved 3099 participants. Twelve randomised control trials compared clozapine with olanzapine, five with quetiapine, nine with risperidone, one with ziprasidone and two with zotepine. Attrition from these studies was high (overall 30.1%), leaving the interpretation of results problematic. Clozapine had a higher attrition rate due to adverse effects than olanzapine (9 RCTs, n=1674, RR 1.60 CI 1.07 to 2.40, NNT 25 CI 15 to 73) and risperidone (6 RCTs, n=627, RR 1.88 CI 1.11 to 3.21, NNT 16 CI 9 to 59). Fewer participants in the clozapine groups left the trials early due to inefficacy than risperidone (6 RCTs, n=627, RR 0.40 CI 0.23 to 0.70, NNT 11 CI 7 to 21), suggesting a certain higher efficacy of clozapine.</p>
          <p id="P18">Clozapine was more efficacious than zotepine in improving the participants general mental state (BPRS total score: 1 RCT, n=59, MD &#x2212;6.00 CI &#x2212;9.83 to &#x2212;2.17), but not consistently more than olanzapine, quetiapine, risperidone and ziprasidone. There was no significant difference between clozapine and olanzapine or risperidone in terms of positive or negative symptoms of schizophrenia. According to two studies from China quetiapine was more efficacious for negative symptoms than clozapine (2 RCTs, n=142, MD 2.23 CI 0.99 to 3.48).</p>
          <p id="P19">Clozapine produced somewhat fewer extrapyramidal side-effects than risperidone (use of antiparkinson medication: 6 RCTs, n=304, RR 0.39 CI 0.22 to 0.68, NNT 7 CI 5 to 18) and zotepine (n=59, RR 0.05 CI 0.00 to 0.86, NNT 3 CI 2 to 5). More participants in the clozapine group showed decreased white blood cells than those taking olanzapine, more hypersalivation and sedation than those on olanzapine, risperidone and quetiapine and more seizures than people on olanzapine and risperidone. Also clozapine produced an important weight gain not seen with risperidone.</p>
          <p id="P20">Other differences in adverse effects were less documented and should be replicated, for example, clozapine did not alter prolactin levels whereas olanzapine, risperidone and zotepine did; compared with quetiapine, clozapine produced a higher incidence of electrocardiogram (ECG) alterations; and compared with quetiapine and risperidone clozapine produced a higher increase of triglyceride levels. Other findings that should be replicated were: clozapine improved social functioning less than risperidone and fewer participants in the clozapine group had to be hospitalised to avoid suicide attempts compared to olanzapine.</p>
          <p id="P21">Other important outcomes such as service use, cognitive functioning, satisfaction with care or quality of life were rarely reported.</p>
        </sec>
        <sec id="S7">
          <title>Authors&#x2019; conclusions</title>
          <p id="P22">Clozapine may be a little more efficacious than zotepine and risperidone but further trials are required to confirm this finding. Clozapine differs more clearly in adverse effects from other second generation antipsychotics and the side-effect profile could be key in the selection of treatment depending on the clinical situation and a patient&#x2019;s preferences. Data on other important outcomes such as cognitive functioning, quality of life, death or service use are currently largely missing, making further large and well-designed trials necessary. It is also important to take into account that the large number of people leaving the studies early limits the validity and interpretation of our findings.</p>
        </sec>
      </abstract>
      <kwd-group kwd-group-type="Medical Subject Headings">
        <title>Medical Subject Headings (MeSH)</title>
        <kwd>Antipsychotic Agents [* therapeutic use]</kwd>
        <kwd>Benzodiazepines [therapeutic use]</kwd>
        <kwd>Clozapine [* therapeutic use]</kwd>
        <kwd>Dibenzothiazepines [therapeutic use]</kwd>
        <kwd>Dibenzothiepins [therapeutic use]</kwd>
        <kwd>Piperazines [therapeutic use]</kwd>
        <kwd>Randomized Controlled Trials as Topic</kwd>
        <kwd>Risperidone [therapeutic use]</kwd>
        <kwd>Schizophrenia [* drug therapy]</kwd>
        <kwd>Thiazoles [therapeutic use]</kwd>
      </kwd-group>
      <kwd-group kwd-group-type="MeSH check words">
        <title>MeSH check words</title>
        <kwd>Humans</kwd>
      </kwd-group>
    </article-meta>
  </front>
</article>
</pmc-articleset>