<?xml version="1.0" ?>
<!DOCTYPE pmc-articleset PUBLIC "-//NLM//DTD ARTICLE SET 2.0//EN" "https://dtd.nlm.nih.gov/ncbi/pmc/articleset/nlm-articleset-2.0.dtd">
<pmc-articleset><article xmlns:xlink="http://www.w3.org/1999/xlink" xmlns:mml="http://www.w3.org/1998/Math/MathML" article-type="research-article">
  <!--The publisher of this article does not allow downloading of the full text in XML form.-->
  <?properties manuscript?>
  <front>
    <journal-meta>
      <journal-id journal-id-type="nlm-journal-id">100909747</journal-id>
      <journal-id journal-id-type="pubmed-jr-id">21711</journal-id>
      <journal-id journal-id-type="nlm-ta">Cochrane Database Syst Rev</journal-id>
      <journal-id journal-id-type="iso-abbrev">Cochrane Database Syst Rev</journal-id>
      <journal-title-group>
        <journal-title>The Cochrane database of systematic reviews</journal-title>
      </journal-title-group>
      <issn pub-type="epub">1469-493X</issn>
    </journal-meta>
    <article-meta>
      <article-id pub-id-type="pmid">22786531</article-id>
      <article-id pub-id-type="pmc">4053594</article-id>
      <article-id pub-id-type="doi">10.1002/14651858.CD009997</article-id>
      <article-id pub-id-type="manuscript">EMS58497</article-id>
      <article-categories>
        <subj-group subj-group-type="heading">
          <subject>Article</subject>
        </subj-group>
      </article-categories>
      <title-group>
        <article-title>Intermittent oral iron supplementation during pregnancy (Review)</article-title>
      </title-group>
      <contrib-group>
        <contrib contrib-type="author">
          <name>
            <surname>Pe&#xF1;a-Rosas</surname>
            <given-names>Juan Pablo</given-names>
          </name>
          <xref ref-type="aff" rid="A1">1</xref>
        </contrib>
        <contrib contrib-type="author">
          <name>
            <surname>De-Regil</surname>
            <given-names>Luz Maria</given-names>
          </name>
          <xref ref-type="aff" rid="A1">1</xref>
        </contrib>
        <contrib contrib-type="author">
          <name>
            <surname>Dowswell</surname>
            <given-names>Therese</given-names>
          </name>
          <xref ref-type="aff" rid="A2">2</xref>
        </contrib>
        <contrib contrib-type="author">
          <name>
            <surname>Viteri</surname>
            <given-names>Fernando E</given-names>
          </name>
          <xref ref-type="aff" rid="A3">3</xref>
        </contrib>
      </contrib-group>
      <aff id="A1"><label>1</label>Evidence and Programme Guidance, Department of Nutrition for Health and Development, World Health Organization, Geneva, Switzerland.
</aff>
      <aff id="A2"><label>2</label>Cochrane Pregnancy and Childbirth Group, Department of Women&#x2019;s and Children&#x2019;s Health, The University of Liverpool, Liverpool, UK.
</aff>
      <aff id="A3"><label>3</label>Children&#x2019;s Hospital and Oakland Research Institute, Oakland, CA, USA
</aff>
      <author-notes>
        <corresp id="CR1">Contact address: Juan Pablo Pe&#xF1;a-Rosas, Evidence and Programme Guidance, Department of Nutrition for Health and Development, World Health Organization, 20 Avenue Appia, Geneva, 1211, Switzerland. <email>penarosasj@who.int</email></corresp>
        <fn id="FN1">
          <p id="P1">
<bold>CONTRIBUTIONS OF AUTHORS:</bold> In this version of the review TD and LMD assessed eligibility for included trials and carried out additional data extraction for this update version of the review. JPPR and TD completed the description of included and excluded trials. TD and LMD produced the GRADE evidence profiles for the critical outcomes. All the authors actively participated in the discussions and drafted the manuscript.</p>
        </fn>
        <fn id="FN100">
          <p id="P1000">
<bold>Editorial group:</bold> Cochrane Pregnancy and Childbirth Group.</p>
          <p id="P1001">
<bold>Publication status and date:</bold> New, published in Issue 7, 2012.</p>
          <p id="P1002">
<bold>Review content assessed as up-to-date:</bold> 12 June 2012.</p>
        </fn>
      </author-notes>
      <pub-date pub-type="nihms-submitted">
        <day>28</day>
        <month>5</month>
        <year>2014</year>
      </pub-date>
      <pub-date pub-type="epub">
        <day>11</day>
        <month>7</month>
        <year>2012</year>
      </pub-date>
      <pub-date pub-type="collection">
        <year>2012</year>
      </pub-date>
      <pub-date pub-type="pmc-release">
        <day>12</day>
        <month>6</month>
        <year>2014</year>
      </pub-date>
      <volume>7</volume>
      <fpage>CD009997</fpage>
      <lpage>CD009997</lpage>
      <!--elocation-id from pubmed: 10.1002/14651858.CD009997-->
      <permissions>
        <copyright-statement>Copyright &#xA9; 2012 The Cochrane Collaboration. Published by John Wiley &amp; Sons, Ltd.</copyright-statement>
        <copyright-year>2012</copyright-year>
      </permissions>
      <abstract>
        <sec id="S1">
          <title>Background</title>
          <p id="P2">Anaemia is a frequent condition during pregnancy, particularly among women from developing countries who have insufficient iron intake to meet increased iron needs of both the mother and the fetus. Traditionally, gestational anaemia has been prevented with the provision of daily iron supplements throughout pregnancy, but adherence to this regimen due to side effects, interrupted supply of the supplements, and concerns about safety among women with an adequate iron intake, have limited the use of this intervention. Intermittent (i.e. one, two or three times a week on non-consecutive days) supplementation with iron alone or in combination with folic acid or other vitamins and minerals has recently been proposed as an alternative to daily supplementation.</p>
        </sec>
        <sec id="S2">
          <title>Objectives</title>
          <p id="P3">To assess the benefits and harms of intermittent supplementation with iron alone or in combination with folic acid or other vitamins and minerals to pregnant women on neonatal and pregnancy outcomes.</p>
        </sec>
        <sec id="S3">
          <title>Search methods</title>
          <p id="P4">We searched the Cochrane Pregnancy and Childbirth Group&#x2019;s Trials Register (23 March 2012). We also searched the WHO International Clinical Trials Registry Platform (ICTRP) for ongoing studies and contacted relevant organisations for the identification of ongoing and unpublished studies (23 March 2012).</p>
        </sec>
        <sec id="S4">
          <title>Selection criteria</title>
          <p id="P5">Randomised or quasi-randomised trials.</p>
        </sec>
        <sec id="S5">
          <title>Data collection and analysis</title>
          <p id="P6">We assessed the methodological quality of trials using standard Cochrane criteria. Two review authors independently assessed trial eligibility, extracted data and conducted checks for accuracy.</p>
        </sec>
        <sec id="S6">
          <title>Main results</title>
          <p id="P7">This review includes 21 trials from 13 different countries, but only 18 trials (with 4072 women) reported on our outcomes of interest and contributed data to the review. All of these studies compared daily versus intermittent iron supplementation.</p>
          <p id="P8">Three studies provided iron alone, 12 iron+folic acid and three more iron plus multiple vitamins and minerals. Their methodological quality was mixed and most had high levels of attrition. Overall, there was no clear evidence of differences between groups for infant primary outcomes: low birthweight (average risk ratio (RR) 0.96; 95% confidence interval (CI) 0.61 to 1.52, seven studies), infant birthweight (mean difference MD &#x2212;8.62 g; 95% CI &#x2212;52.76 g to 35.52 g, eight studies), premature birth (average RR 1.82; 95% CI 0.75 to 4.40, four studies). None of the studies reported neonatal deaths or congenital anomalies.</p>
          <p id="P9">For maternal outcomes, there was no clear evidence of differences between groups for anaemia at term (average RR 1.22; 95% CI 0.84 to 1.80, four studies) and women receiving intermittent supplementation had less side effects (average RR 0.56; 95% CI 0.37 to 0.84, 11 studies) than those receiving daily supplements. Women receiving intermittent supplements were also at lower risk of having high haemoglobin (Hb) concentrations (greater than 130 g/L) during the second or third trimester of pregnancy (average RR 0.48; 95% CI 0.35 to 0.67, 13 studies). There were no significant differences in iron-deficiency anaemia between women receiving intermittent or daily iron+folic acid supplementation (average RR 0.71; 95% CI 0.08 to 6.63, 1 study). There were no maternal deaths (six studies) or women with severe anaemia in pregnancy (six studies). None of the studies reported on iron deficiency at term or infections during pregnancy.</p>
          <p id="P10">Where sufficient data were available for primary outcomes, we set up subgroups to look for possible differences between studies in terms of earlier or later supplementation; women&#x2019;s anaemia status at the start of supplementation; higher and lower weekly doses of iron; and the malarial status of the region in which the trials were conducted. There was no clear effect of these variables on the results of the review.</p>
        </sec>
        <sec id="S7">
          <title>Authors&#x2019; conclusions</title>
          <p id="P11">The present systematic review is the most comprehensive summary of the evidence assessing the benefits and harms of intermittent iron supplementation regimens in pregnant women on haematological and pregnancy outcomes. The findings suggest that intermittent iron+folic acid regimens produce similar maternal and infant outcomes at birth as daily supplementation but are associated with fewer side effects. Women receiving daily supplements had increased risk of developing high levels of Hb in mid and late pregnancy but were less likely to present mild anaemia near term. Although the evidence is limited and the quality of the trials was low or very low, intermittent may be a feasible alternative to daily iron supplementation among those pregnant women who are not anaemic and have adequate antenatal care.</p>
        </sec>
      </abstract>
      <kwd-group kwd-group-type="Medical Subject Headings">
        <title>Medical Subject Headings (MeSH)</title>
        <kwd>*Dietary Supplements [adverse effects]</kwd>
        <kwd>Administration, Oral</kwd>
        <kwd>Anemia, Iron-Deficiency [blood; *prevention &amp; control]</kwd>
        <kwd>Developing Countries</kwd>
        <kwd>Drug Administration Schedule</kwd>
        <kwd>Drug Combinations</kwd>
        <kwd>Folic Acid [administration &amp; dosage]</kwd>
        <kwd>Hemoglobin A [metabolism]</kwd>
        <kwd>Infant, Low Birth Weight</kwd>
        <kwd>Infant, Newborn</kwd>
        <kwd>Iron [*administration &amp; dosage; adverse effects]</kwd>
        <kwd>Iron, Dietary [*administration &amp; dosage]</kwd>
        <kwd>Pregnancy Complications, Hematologic [blood; prevention &amp; control]</kwd>
        <kwd>Premature Birth</kwd>
        <kwd>Randomized Controlled Trials as Topic</kwd>
        <kwd>Vitamins [administration &amp; dosage]</kwd>
      </kwd-group>
      <kwd-group kwd-group-type="MeSH check words">
        <title>MeSH check words</title>
        <kwd>Female</kwd>
        <kwd>Humans</kwd>
        <kwd>Pregnancy</kwd>
      </kwd-group>
    </article-meta>
  </front>
</article>
</pmc-articleset>