<?xml version="1.0" ?>
<!DOCTYPE pmc-articleset PUBLIC "-//NLM//DTD ARTICLE SET 2.0//EN" "https://dtd.nlm.nih.gov/ncbi/pmc/articleset/nlm-articleset-2.0.dtd">
<pmc-articleset><article xmlns:xlink="http://www.w3.org/1999/xlink" xmlns:mml="http://www.w3.org/1998/Math/MathML" article-type="research-article">
  <!--The publisher of this article does not allow downloading of the full text in XML form.-->
  <?properties manuscript?>
  <front>
    <journal-meta>
      <journal-id journal-id-type="nlm-journal-id">100909747</journal-id>
      <journal-id journal-id-type="pubmed-jr-id">21711</journal-id>
      <journal-id journal-id-type="nlm-ta">Cochrane Database Syst Rev</journal-id>
      <journal-id journal-id-type="iso-abbrev">Cochrane Database Syst Rev</journal-id>
      <journal-title-group>
        <journal-title>The Cochrane database of systematic reviews</journal-title>
      </journal-title-group>
      <issn pub-type="epub">1469-493X</issn>
    </journal-meta>
    <article-meta>
      <article-id pub-id-type="pmid">23737090</article-id>
      <article-id pub-id-type="pmc">4465600</article-id>
      <article-id pub-id-type="doi">10.1002/14651858.CD008901.pub2</article-id>
      <article-id pub-id-type="manuscript">NIHMS693366</article-id>
      <article-categories>
        <subj-group subj-group-type="heading">
          <subject>Article</subject>
        </subj-group>
      </article-categories>
      <title-group>
        <article-title>Recombinant growth hormone therapy for cystic fibrosis in children and young adults</article-title>
      </title-group>
      <contrib-group>
        <contrib contrib-type="author">
          <name>
            <surname>Thaker</surname>
            <given-names>Vidhu</given-names>
          </name>
          <xref ref-type="aff" rid="A1">1</xref>
        </contrib>
        <contrib contrib-type="author">
          <name>
            <surname>Haagensen</surname>
            <given-names>Alexandra L</given-names>
          </name>
          <xref ref-type="aff" rid="A2">2</xref>
        </contrib>
        <contrib contrib-type="author">
          <name>
            <surname>Carter</surname>
            <given-names>Ben</given-names>
          </name>
          <xref ref-type="aff" rid="A3">3</xref>
        </contrib>
        <contrib contrib-type="author">
          <name>
            <surname>Fedorowicz</surname>
            <given-names>Zbys</given-names>
          </name>
          <xref ref-type="aff" rid="A4">4</xref>
        </contrib>
        <contrib contrib-type="author">
          <name>
            <surname>Houston</surname>
            <given-names>Brian W</given-names>
          </name>
          <xref ref-type="aff" rid="A5">5</xref>
        </contrib>
      </contrib-group>
      <aff id="A1"><label>1</label>Department of Medicine, Boston Children&#x2019;s Hospital, Boston, Massachusetts, USA</aff>
      <aff id="A2"><label>2</label>Children&#x2019;s Hospital Boston, Boston, USA</aff>
      <aff id="A3"><label>3</label>Institute of Primary Care &amp; Public Health, Cardiff University School of Medicine, Cardiff, UK</aff>
      <aff id="A4"><label>4</label>Bahrain Branch, Cochrane, Awali, Bahrain</aff>
      <aff id="A5"><label>5</label>School of Health &amp; Social Care, Teesside University, Middlesbrough, UK</aff>
      <author-notes>
        <corresp id="cor1">Contact address: Vidhu Thaker, Department of Medicine, Boston Children&#x2019;s Hospital, 300 Longwood Ave, Boston, Massachusetts, 02115, USA. <email>vidhuthaker@gmail.com</email></corresp>
        <fn id="FN2" fn-type="conflict">
          <p id="P270">
            <bold>DECLARATIONS OF INTEREST</bold>
          </p>
          <p id="P271">Alexandra Haagenson declares that she has participated in marketing review studies on growth hormone (as well as other pharmaceutical) advertisements.</p>
          <p id="P272">The remaining authors declare that there are no financial conflicts of interest and they do not have any associations with any parties who may have vested interests in the results of this review.</p>
        </fn>
      </author-notes>
      <pub-date pub-type="nihms-submitted">
        <day>27</day>
        <month>5</month>
        <year>2015</year>
      </pub-date>
      <pub-date pub-type="epub">
        <day>05</day>
        <month>6</month>
        <year>2013</year>
      </pub-date>
      <pub-date pub-type="collection">
        <year>2013</year>
      </pub-date>
      <pub-date pub-type="pmc-release">
        <day>14</day>
        <month>6</month>
        <year>2015</year>
      </pub-date>
      <volume>6</volume>
      <fpage>CD008901</fpage>
      <lpage>CD008901</lpage>
      <!--elocation-id from pubmed: 10.1002/14651858.CD008901.pub2-->
      <permissions>
        <copyright-statement>Copyright &#xA9; 2015 The Cochrane Collaboration. Published by John Wiley &amp; Sons, Ltd.</copyright-statement>
        <copyright-year>2015</copyright-year>
      </permissions>
      <abstract>
        <sec id="S1">
          <title>Background</title>
          <p id="P1">Cystic fibrosis is an inherited condition causing disease most noticeably in the lungs, digestive tract and pancreas. People with cystic fibrosis often have malnutrition and growth delay. Adequate nutritional supplementation does not improve growth optimally and hence an anabolic agent, recombinant growth hormone, has been proposed as a potential intervention.</p>
        </sec>
        <sec id="S2">
          <title>Objectives</title>
          <p id="P2">To evaluate the effectiveness and safety of recombinant human growth hormone therapy in improving lung function, quality of life and clinical status of children and young adults with cystic fibrosis.</p>
        </sec>
        <sec id="S3">
          <title>Search methods</title>
          <p id="P3">We searched the Cochrane Cystic Fibrosis and Genetic Disorders Group&#x2019;s Trials Register comprising references identified from comprehensive electronic database searches and handsearches of relevant journals and abstract books of conference proceedings. Date of latest search: 11 February 2015.</p>
          <p id="P4">We conducted a search of relevant endocrine journals and proceedings of the Endocrinology Society meetings using Scopus and Proceedings First. Date of latest search: 04 March 2015.</p>
        </sec>
        <sec id="S4">
          <title>Selection criteria</title>
          <p id="P5">Randomised and quasi-randomised controlled trials of all preparations of recombinant growth hormone compared to either no treatment, or placebo, or each other at any dose (high-dose and low-dose) or route and for any duration, in children or young adults aged up to 25 years diagnosed with cystic fibrosis (by sweat test or genetic testing).</p>
        </sec>
        <sec id="S5">
          <title>Data collection and analysis</title>
          <p id="P6">Two authors independently screened papers, extracted trial details and assessed their risk of bias.</p>
        </sec>
        <sec id="S6">
          <title>Main results</title>
          <p id="P7">Four controlled trials were included in this review (with 161 participants in total), each with an unclear risk of bias. Analysis of data obtained from these trials shows improvement in height for all comparisons, but improvements in weight and lean tissue mass were only reported in the comparison of standard dose recombinant growth hormone versus no treatment. One study showed moderate improvement at one time point in one parameter of pulmonary function tests, forced vital capacity (per cent predicted) when comparing standard dose recombinant growth hormone and no treatment, but there was no consistent benefit in lung function across all studies. Little evidence was found for improvement in quality of life. An improvement in fasting blood glucose levels was reported when comparing rhGH to placebo only. Exercise capacity improved in participants receiving standard dose recombinant growth hormone versus no treatment, but not for any other comparison. There is insufficient evidence to conclude any changes in hospitalisations, antibiotic use or significant adverse effects.</p>
        </sec>
        <sec id="S7">
          <title>Authors&#x2019; conclusions</title>
          <p id="P8">Recombinant growth hormone therapy is effective in improving the intermediate outcomes in height, weight and lean tissue mass when compared with no treatment. One measure of pulmonary function test showed moderate improvement at a single time point, but no consistent benefit was seen across all studies. No significant changes in quality of life, clinical status or side-effects were observed in this review. Long-term, well-designed randomised controlled trials of recombinant growth hormone therapy in people with cystic fibrosis are required prior to evaluation of human growth hormone treatment for routine use.</p>
        </sec>
      </abstract>
      <kwd-group>
        <title>Medical Subject Headings (MeSH)</title>
        <kwd>Blood Glucose [metabolism]</kwd>
        <kwd>Body Height [*drug effects]</kwd>
        <kwd>Body Mass Index</kwd>
        <kwd>Body Weight [drug effects; physiology]</kwd>
        <kwd>Cystic Fibrosis [complications; *drug therapy]</kwd>
        <kwd>Exercise Tolerance [drug effects; physiology]</kwd>
        <kwd>Fasting [blood]</kwd>
        <kwd>Human Growth Hormone [*therapeutic use]</kwd>
        <kwd>Quality of Life</kwd>
        <kwd>Randomized Controlled Trials as Topic</kwd>
        <kwd>Recombinant Proteins [therapeutic use]</kwd>
        <kwd>Vital Capacity [drug effects; physiology]</kwd>
      </kwd-group>
      <kwd-group>
        <title>MeSH check words</title>
        <kwd>Adolescent</kwd>
        <kwd>Child</kwd>
        <kwd>Humans</kwd>
        <kwd>Young Adult</kwd>
      </kwd-group>
    </article-meta>
  </front>
</article>
</pmc-articleset>