<?xml version="1.0" ?>
<!DOCTYPE pmc-articleset PUBLIC "-//NLM//DTD ARTICLE SET 2.0//EN" "https://dtd.nlm.nih.gov/ncbi/pmc/articleset/nlm-articleset-2.0.dtd">
<pmc-articleset><article xmlns:xlink="http://www.w3.org/1999/xlink" xmlns:mml="http://www.w3.org/1998/Math/MathML" article-type="research-article">
  <!--The publisher of this article does not allow downloading of the full text in XML form.-->
  <?properties manuscript?>
  <front>
    <journal-meta>
      <journal-id journal-id-type="nlm-journal-id">100909747</journal-id>
      <journal-id journal-id-type="pubmed-jr-id">21711</journal-id>
      <journal-id journal-id-type="nlm-ta">Cochrane Database Syst Rev</journal-id>
      <journal-id journal-id-type="iso-abbrev">Cochrane Database Syst Rev</journal-id>
      <journal-title-group>
        <journal-title>The Cochrane database of systematic reviews</journal-title>
      </journal-title-group>
      <issn pub-type="epub">1469-493X</issn>
    </journal-meta>
    <article-meta>
      <article-id pub-id-type="pmid">25267901</article-id>
      <article-id pub-id-type="pmc">4176677</article-id>
      <article-id pub-id-type="doi">10.1002/14651858.CD008518</article-id>
      <article-id pub-id-type="manuscript">EMS58292</article-id>
      <article-categories>
        <subj-group subj-group-type="heading">
          <subject>Article</subject>
        </subj-group>
      </article-categories>
      <title-group>
        <article-title>Psychological interventions for obsessive-compulsive personality disorder</article-title>
      </title-group>
      <contrib-group>
        <contrib contrib-type="author">
          <name>
            <surname>Alex</surname>
            <given-names>Rajesh</given-names>
          </name>
          <xref ref-type="aff" rid="A1">1</xref>
        </contrib>
        <contrib contrib-type="author">
          <name>
            <surname>Ferriter</surname>
            <given-names>Michael</given-names>
          </name>
          <xref ref-type="aff" rid="A1">1</xref>
        </contrib>
        <contrib contrib-type="author">
          <name>
            <surname>Jones</surname>
            <given-names>Hannah</given-names>
          </name>
          <xref ref-type="aff" rid="A1">1</xref>
        </contrib>
        <contrib contrib-type="author">
          <name>
            <surname>Duggan</surname>
            <given-names>Conor</given-names>
          </name>
          <xref ref-type="aff" rid="A2">2</xref>
        </contrib>
        <contrib contrib-type="author">
          <name>
            <surname>Huband</surname>
            <given-names>Nick</given-names>
          </name>
          <xref ref-type="aff" rid="A2">2</xref>
        </contrib>
        <contrib contrib-type="author">
          <name>
            <surname>Gibbon</surname>
            <given-names>Simon</given-names>
          </name>
          <xref ref-type="aff" rid="A3">3</xref>
        </contrib>
        <contrib contrib-type="author">
          <name>
            <surname>V&#xF6;llm</surname>
            <given-names>Birgit A</given-names>
          </name>
          <xref ref-type="aff" rid="A2">2</xref>
        </contrib>
        <contrib contrib-type="author">
          <name>
            <surname>Stoffers</surname>
            <given-names>Jutta</given-names>
          </name>
          <xref ref-type="aff" rid="A4">4</xref>
        </contrib>
        <contrib contrib-type="author">
          <name>
            <surname>Lieb</surname>
            <given-names>Klaus</given-names>
          </name>
          <xref ref-type="aff" rid="A5">5</xref>
        </contrib>
      </contrib-group>
      <aff id="A1"><label>1</label>Literature and Evidence Research Unit (LERU), Institute of Mental Health, Nottinghamshire Healthcare NHS Trust, Woodbeck, UK
</aff>
      <aff id="A2"><label>2</label>Section of Forensic Mental Health, Institute of Mental Health, Nottingham, UK
</aff>
      <aff id="A3"><label>3</label>St Andrew&#x2019;s Healthcare, Northampton, UK
</aff>
      <aff id="A4"><label>4</label>Department of Psychiatry and Psychotherapy, University Medical Center Freiburg, Freiburg, Germany
</aff>
      <aff id="A5"><label>5</label>Department of Psychiatry and Psychotherapy, University Medical Center Mainz, Mainz, Germany
</aff>
      <author-notes>
        <corresp id="CR1">Contact address: Michael Ferriter, Literature and Evidence Research Unit (LERU), Institute of Mental Health, Nottinghamshire Healthcare NHS Trust, The Clair Chilvers Centre, Rampton Hospital, Woodbeck, Nottinghamshire, DN22 0PD, UK. <email>Michael.Ferriter@nottshc.nhs.uk</email></corresp>
        <fn id="FN1">
          <p id="P1"><bold>CONTRIBUTIONS OF AUTHORS</bold> RA and MF helped prepare the protocol. NH and JS will examine and select the citations and CD will provide adjudication. BV and SG will examine and select the papers and CD will provide adjudication. RA and HJ will extract the data and MF will adjudicate. HJ and MF will complete the risk of bias assessment and RA will adjudicate. HJ and RA will enter the data. RA, with the help and advice of KL, will write the discussion with additional contributions from the other authors (MF, CD, NH, HJ JS, BV, SG).</p>
        </fn>
        <fn id="FN2">
          <p id="P2"><bold>Editorial group:</bold> Cochrane Developmental, Psychosocial and Learning Problems Group.</p>
          <p id="P3"><bold>Publication status and date:</bold> New, published in Issue 5, 2010.</p>
        </fn>
      </author-notes>
      <pub-date pub-type="nihms-submitted">
        <day>15</day>
        <month>7</month>
        <year>2014</year>
      </pub-date>
      <pub-date pub-type="epub">
        <day>12</day>
        <month>5</month>
        <year>2010</year>
      </pub-date>
      <pub-date pub-type="ppub">
        <year>2010</year>
      </pub-date>
      <pub-date pub-type="pmc-release">
        <day>26</day>
        <month>9</month>
        <year>2014</year>
      </pub-date>
      <issue>5</issue>
      <elocation-id>CD008518</elocation-id>
      <permissions>
        <copyright-statement>Copyright &#xA9; 2010 The Cochrane Collaboration. Published by John Wiley &amp; Sons, Ltd.</copyright-statement>
        <copyright-year>2010</copyright-year>
      </permissions>
      <self-uri xlink:href="http://onlinelibrary.wiley.com/doi/10.1002/14651858.CD008518/full"/>
      <abstract>
        <p id="P4">This is the protocol for a review and there is no abstract. The objectives are as follows:</p>
        <p id="P5">To evaluate the potential beneficial and adverse effects of psychological interventions for people with obsessive-compulsive personality disorder and to make recommendations for future areas of research.</p>
      </abstract>
    </article-meta>
  </front>
</article>
</pmc-articleset>