<?xml version="1.0" ?>
<!DOCTYPE pmc-articleset PUBLIC "-//NLM//DTD ARTICLE SET 2.0//EN" "https://dtd.nlm.nih.gov/ncbi/pmc/articleset/nlm-articleset-2.0.dtd">
<pmc-articleset><article xmlns:xlink="http://www.w3.org/1999/xlink" xmlns:mml="http://www.w3.org/1998/Math/MathML" article-type="research-article">
  <!--The publisher of this article does not allow downloading of the full text in XML form.-->
  <?properties manuscript?>
  <front>
    <journal-meta>
      <journal-id journal-id-type="nlm-journal-id">100909747</journal-id>
      <journal-id journal-id-type="pubmed-jr-id">21711</journal-id>
      <journal-id journal-id-type="nlm-ta">Cochrane Database Syst Rev</journal-id>
      <journal-id journal-id-type="iso-abbrev">Cochrane Database Syst Rev</journal-id>
      <journal-title-group>
        <journal-title>The Cochrane database of systematic reviews</journal-title>
      </journal-title-group>
      <issn pub-type="epub">1469-493X</issn>
    </journal-meta>
    <article-meta>
      <article-id pub-id-type="pmid">22161395</article-id>
      <article-id pub-id-type="pmc">4161490</article-id>
      <article-id pub-id-type="doi">10.1002/14651858.CD006013.pub3</article-id>
      <article-id pub-id-type="manuscript">EMS57591</article-id>
      <article-categories>
        <subj-group subj-group-type="heading">
          <subject>Article</subject>
        </subj-group>
      </article-categories>
      <title-group>
        <article-title>Interventions for reducing anxiety in women undergoing colposcopy</article-title>
      </title-group>
      <contrib-group>
        <contrib contrib-type="author">
          <name>
            <surname>Galaal</surname>
            <given-names>Khadra</given-names>
          </name>
          <xref ref-type="aff" rid="A1">1</xref>
        </contrib>
        <contrib contrib-type="author">
          <name>
            <surname>Bryant</surname>
            <given-names>Andrew</given-names>
          </name>
          <xref ref-type="aff" rid="A2">2</xref>
        </contrib>
        <contrib contrib-type="author">
          <name>
            <surname>Deane</surname>
            <given-names>Katherine HO</given-names>
          </name>
          <xref ref-type="aff" rid="A3">3</xref>
        </contrib>
        <contrib contrib-type="author">
          <name>
            <surname>Al-Khaduri</surname>
            <given-names>Maha</given-names>
          </name>
          <xref ref-type="aff" rid="A4">4</xref>
        </contrib>
        <contrib contrib-type="author">
          <name>
            <surname>Lopes</surname>
            <given-names>Alberto D</given-names>
          </name>
          <xref ref-type="aff" rid="A1">1</xref>
        </contrib>
      </contrib-group>
      <aff id="A1"><label>1</label>Gynaecological Oncology, Princess Alexandra Wing, Royal Cornwall Hospital, Truro, UK.
</aff>
      <aff id="A2"><label>2</label>Institute of Health &amp; Society, Newcastle University, Newcastle upon Tyne, UK.
</aff>
      <aff id="A3"><label>3</label>Edith Cavell Building, University of East Anglia, Norwich, UK.
</aff>
      <aff id="A4"><label>4</label>Reproductive Endocrinology and Infertility, Sultan Qaboos University Hospital, Muscat, Oman
</aff>
      <author-notes>
        <corresp id="CR1">Contact address: Khadra Galaal, Gynaecological Oncology, Princess Alexandra Wing, Royal Cornwall Hospital, Truro, TR1 3LJ, UK. <email>Khadra.Galaal@rcht.cornwall.nhs.uk.</email><email>khadragalaal@yahoo.co.uk</email></corresp>
        <fn id="FN1">
          <p id="P1"><bold>Editorial group:</bold> Cochrane Gynaecological Cancer Group.</p>
          <p id="P2"><bold>Publication status and date:</bold> Edited (no change to conclusions), published in Issue 3, 2014.</p>
          <p id="P3"><bold>Review content assessed as up-to-date:</bold> 3 November 2011.</p>
        </fn>
        <fn id="FN2">
          <p id="P4"><bold>CONTRIBUTIONS OF AUTHORS</bold> In the original protocol and review:</p>
          <p id="P5">Khadra Galaal and Shubha Sangal provided clinical expertise and helped design the protocol. Khadra Galaal was the primary author of the protocol and the review. Khadra Galaal and Katherine Dean completed the review. A Lopes provided clinical expertise and helped in the analysis, discussion and interpretation of the review findings. Katherine Deane provided systematic review methodological expertise and advice at all stages.</p>
          <p id="P6">In the updated version of the review:</p>
          <p id="P7">Khadra Galaal provided clinical expertise, sifted the updated searches, completed data extraction and revised the clinical sections of the review in accordance with RevMan 5. Maha Al-Khaduri reviewed the papers and assisted in writing the updated version of the review. Andrew Bryant revised the methods section of the review in accordance with the latest version of the handbook, sifted the updated searches, completed data extraction and revised the methodological and statistical sections of the review.</p>
        </fn>
      </author-notes>
      <pub-date pub-type="nihms-submitted">
        <day>1</day>
        <month>8</month>
        <year>2014</year>
      </pub-date>
      <pub-date pub-type="epub">
        <day>07</day>
        <month>12</month>
        <year>2011</year>
      </pub-date>
      <pub-date pub-type="collection">
        <year>2011</year>
      </pub-date>
      <pub-date pub-type="pmc-release">
        <day>11</day>
        <month>9</month>
        <year>2014</year>
      </pub-date>
      <issue>12</issue>
      <fpage>CD006013</fpage>
      <lpage>CD006013</lpage>
      <!--elocation-id from pubmed: 10.1002/14651858.CD006013.pub3-->
      <permissions>
        <copyright-statement>Copyright &#xA9; 2014 The Cochrane Collaboration. Published by John Wiley &amp; Sons, Ltd</copyright-statement>
        <copyright-year>2014</copyright-year>
      </permissions>
      <abstract>
        <sec id="S1">
          <title>Background</title>
          <p id="P8">Prior to the development of cervical cancer abnormal cervical cells can be detected on a cervical smear. The usual practice following an abnormal cervical smear is to perform colposcopy. Colposcopy is the visualisation of the cervix using a binocular microscope. Women experience high levels of anxiety and negative emotional responses at all stages of cervical screening. High levels of anxiety before and during colposcopy can have adverse consequences, including pain and discomfort during the procedure and high loss to follow-up rates. This review evaluates interventions designed to reduce anxiety levels during colposcopic examination.</p>
        </sec>
        <sec id="S2">
          <title>Objectives</title>
          <p id="P9">To compare the efficacy of various interventions aimed at reducing anxiety during colposcopic examination in women.</p>
        </sec>
        <sec id="S3">
          <title>Search methods</title>
          <p id="P10">We searched the Cochrane Gynaecological Cancer Group Trials Register, Cochrane Central Register of Controlled Trials (CENTRAL), Issue 3, 2010, MEDLINE and EMBASE up to July 2010. We also searched registers of clinical trials, abstracts of scientific meetings, reference lists of included studies and contacted experts in the field.</p>
        </sec>
        <sec id="S4">
          <title>Selection criteria</title>
          <p id="P11">Randomised controlled trials (RCTs) of interventions to reduce anxiety during colposcopic examination.</p>
        </sec>
        <sec id="S5">
          <title>Data collection and analysis</title>
          <p id="P12">Two review authors independently abstracted data and assessed risk of bias. Mean differences for anxiety levels, knowledge scores, pain, patient satisfaction and psychosexual dysfunction in women who underwent colposcopy were pooled in a random effects meta-analyses.</p>
        </sec>
        <sec id="S6">
          <title>Main results</title>
          <p id="P13">We found six trials that met our inclusion criteria. These trials assessed the effectiveness of different interventions for reducing anxiety in women undergoing colposcopy for the first time.</p>
          <p id="P14">All comparisons were restricted to single trial analyses or meta analysis of just two trials. There was evidence from a reasonably large trial (n = 220) that was at low risk of bias to suggest that music during colposcopy significantly reduced anxiety levels (MD = &#x2212;4.80, 95% CI: &#x2212;7.86 to &#x2212;1.74) and pain experienced during the procedure (MD = &#x2212;1.71, 95% CI: &#x2212;2.37 to &#x2212;1.05) compared to not listening to music. There was no statistically significant difference between anxiety levels prior to colposcopy in women receiving information leaflets versus no leaflets and information leaflets, video and counselling versus information leaflets and video with no counselling. However, knowledge scores were significantly higher and psychosexual dysfunction scores were significantly lower in women who received leaflets compared to those who did not so there was some sort of benefit to giving patients information leaflets. There is evidence for video colposcopy from a quasi randomised trial which assessed 81 women showing significant anxiety reduction.</p>
        </sec>
        <sec id="S7">
          <title>Authors&#x2019; conclusions</title>
          <p id="P15">Anxiety appears to be reduced by playing music during colposcopy. Although information leaflets did not reduce anxiety levels, they did increase knowledge levels and are therefore useful in obtaining clinical consent to the colposcopic procedure. Leaflets also contributed to improved patient quality of life by reducing psychosexual dysfunction.</p>
        </sec>
      </abstract>
      <kwd-group kwd-group-type="Medical Subject Headings">
        <title>Medical Subject Headings (MeSH)</title>
        <kwd>Anxiety [*prevention &amp; control]</kwd>
        <kwd>Colposcopy [adverse effects; *psychology]</kwd>
        <kwd>Microscopy, Video</kwd>
        <kwd>Music Therapy</kwd>
        <kwd>Pain [etiology]</kwd>
        <kwd>Pain Measurement [methods]</kwd>
        <kwd>Pamphlets</kwd>
        <kwd>Patient Education as Topic</kwd>
        <kwd>Randomized Controlled Trials as Topic</kwd>
        <kwd>Uterine Cervical Neoplasms [diagnosis; psychology]</kwd>
      </kwd-group>
      <kwd-group kwd-group-type="MeSH check words">
        <title>MeSH check words</title>
        <kwd>Female</kwd>
        <kwd>Humans</kwd>
      </kwd-group>
    </article-meta>
  </front>
</article>
</pmc-articleset>