<?xml version="1.0" ?>
<!DOCTYPE pmc-articleset PUBLIC "-//NLM//DTD ARTICLE SET 2.0//EN" "https://dtd.nlm.nih.gov/ncbi/pmc/articleset/nlm-articleset-2.0.dtd">
<pmc-articleset><article xmlns:xlink="http://www.w3.org/1999/xlink" xmlns:mml="http://www.w3.org/1998/Math/MathML" article-type="research-article">
  <!--The publisher of this article does not allow downloading of the full text in XML form.-->
  <?properties manuscript?>
  <front>
    <journal-meta>
      <journal-id journal-id-type="nlm-journal-id">100909747</journal-id>
      <journal-id journal-id-type="pubmed-jr-id">21711</journal-id>
      <journal-id journal-id-type="nlm-ta">Cochrane Database Syst Rev</journal-id>
      <journal-id journal-id-type="iso-abbrev">Cochrane Database Syst Rev</journal-id>
      <journal-title-group>
        <journal-title>The Cochrane database of systematic reviews</journal-title>
      </journal-title-group>
      <issn pub-type="epub">1469-493X</issn>
    </journal-meta>
    <article-meta>
      <article-id pub-id-type="pmid">25267895</article-id>
      <article-id pub-id-type="pmc">4176662</article-id>
      <article-id pub-id-type="doi">10.1002/14651858.CD009005</article-id>
      <article-id pub-id-type="manuscript">EMS58368</article-id>
      <article-categories>
        <subj-group subj-group-type="heading">
          <subject>Article</subject>
        </subj-group>
      </article-categories>
      <title-group>
        <article-title>Antipsychotic combinations for schizophrenia</article-title>
      </title-group>
      <contrib-group>
        <contrib contrib-type="author">
          <name>
            <surname>Maayan</surname>
            <given-names>Nicola</given-names>
          </name>
          <xref ref-type="aff" rid="A1">1</xref>
        </contrib>
        <contrib contrib-type="author">
          <name>
            <surname>Soares-Weiser</surname>
            <given-names>Karla</given-names>
          </name>
          <xref ref-type="aff" rid="A1">1</xref>
        </contrib>
        <contrib contrib-type="author">
          <name>
            <surname>Xia</surname>
            <given-names>Jun</given-names>
          </name>
          <xref ref-type="aff" rid="A2">2</xref>
        </contrib>
        <contrib contrib-type="author">
          <name>
            <surname>Adams</surname>
            <given-names>Clive E</given-names>
          </name>
          <xref ref-type="aff" rid="A2">2</xref>
        </contrib>
      </contrib-group>
      <aff id="A1"><label>1</label>Enhance Reviews Ltd, Oxford, UK
</aff>
      <aff id="A2"><label>2</label>Cochrane Schizophrenia Group, University of Nottingham, Nottingham, UK
</aff>
      <author-notes>
        <corresp id="CR1">Contact address: Nicola Maayan, Enhance Reviews Ltd, John Eccles House, Robert Robinson Avenue, Oxford Science Park, Oxford, OX4 4GP, UK. <email>Nicola@enhance-reviews.com</email></corresp>
        <fn id="FN1">
          <p id="P1"><bold>CONTRIBUTIONS OF AUTHORS</bold> Nicola Mayaan - protocol writing.</p>
          <p id="P2">Karla Soares-Weiser - protocol writing.</p>
          <p id="P3">Clive Adams - protocol writing.</p>
          <p id="P4">Jun Xia - translation.</p>
        </fn>
        <fn id="FN2">
          <p id="P5"><bold>Editorial group:</bold> Cochrane Schizophrenia Group.</p>
          <p id="P6"><bold>Publication status and date:</bold> New, published in Issue 2, 2011.</p>
        </fn>
      </author-notes>
      <pub-date pub-type="nihms-submitted">
        <day>15</day>
        <month>7</month>
        <year>2014</year>
      </pub-date>
      <pub-date pub-type="epub">
        <day>16</day>
        <month>2</month>
        <year>2011</year>
      </pub-date>
      <pub-date pub-type="ppub">
        <year>2011</year>
      </pub-date>
      <pub-date pub-type="pmc-release">
        <day>26</day>
        <month>9</month>
        <year>2014</year>
      </pub-date>
      <issue>2</issue>
      <elocation-id>CD009005</elocation-id>
      <permissions>
        <copyright-statement>Copyright &#xA9; 2011 The Cochrane Collaboration. Published by John Wiley &amp; Sons, Ltd.</copyright-statement>
        <copyright-year>2011</copyright-year>
      </permissions>
      <self-uri xlink:href="http://onlinelibrary.wiley.com/doi/10.1002/14651858.CD009005/full"/>
      <abstract>
        <p id="P7">This is the protocol for a review and there is no abstract. The objectives are as follows:</p>
        <p id="P8">The primary objectives of this review are to examine whether:
<list list-type="order" id="L1"><list-item><p id="P9">Treatment with antipsychotic combinations is effective for schizophrenia; and</p></list-item><list-item><p id="P10">Treatment with antipsychotic combinations is safe for the same illness.</p></list-item></list></p>
      </abstract>
    </article-meta>
  </front>
</article>
</pmc-articleset>