<?xml version="1.0" ?>
<!DOCTYPE pmc-articleset PUBLIC "-//NLM//DTD ARTICLE SET 2.0//EN" "https://dtd.nlm.nih.gov/ncbi/pmc/articleset/nlm-articleset-2.0.dtd">
<pmc-articleset><article xmlns:xlink="http://www.w3.org/1999/xlink" xmlns:mml="http://www.w3.org/1998/Math/MathML" id="CD010671.pub2" article-type="systematic-review">
  <!--The publisher of this article does not allow downloading of the full text in XML form.-->
  <front>
    <journal-meta>
      <journal-id journal-id-type="nlm-ta">Cochrane Database Syst Rev</journal-id>
      <journal-id journal-id-type="iso-abbrev">Cochrane Database Syst Rev</journal-id>
      <journal-id journal-id-type="publisher-id">14651858</journal-id>
      <journal-id journal-id-type="doi">10.1002/14651858</journal-id>
      <journal-title-group>
        <journal-title>The Cochrane Database of Systematic Reviews</journal-title>
      </journal-title-group>
      <issn pub-type="epub">1469-493X</issn>
      <issn-l>1361-6137</issn-l>
      <publisher>
        <publisher-name>John Wiley &amp; Sons, Ltd</publisher-name>
        <publisher-loc>Chichester, UK</publisher-loc>
      </publisher>
    </journal-meta>
    <article-meta>
      <article-id pub-id-type="pmid">28076926</article-id>
      <article-id pub-id-type="pmc">5294833</article-id>
      <article-id pub-id-type="doi">10.1002/14651858.CD010671.pub2</article-id>
      <article-id pub-id-type="publisher-id">CD010671</article-id>
      <article-id pub-id-type="other">CD010671.pub2</article-id>
      <article-categories>
        <subj-group subj-group-type="heading">
          <subject>Medicine General &amp; Introductory Medical Sciences</subject>
        </subj-group>
      </article-categories>
      <title-group>
        <article-title>Yoga treatment for chronic non&#x2010;specific low back pain</article-title>
      </title-group>
      <contrib-group>
        <contrib id="d28e63" contrib-type="author" corresp="yes">
          <name>
            <surname>Wieland</surname>
            <given-names>L. Susan</given-names>
          </name>
          <address>
            <email>swieland@som.umaryland.edu</email>
            <email>lswieland@gmail.com</email>
          </address>
          <xref ref-type="aff" rid="CD010671-aff-0001"/>
        </contrib>
        <contrib id="d28e68" contrib-type="author">
          <name>
            <surname>Skoetz</surname>
            <given-names>Nicole</given-names>
          </name>
          <xref ref-type="aff" rid="CD010671-aff-0002"/>
        </contrib>
        <contrib id="d28e73" contrib-type="author">
          <name>
            <surname>Pilkington</surname>
            <given-names>Karen</given-names>
          </name>
          <xref ref-type="aff" rid="CD010671-aff-0003"/>
        </contrib>
        <contrib id="d28e78" contrib-type="author">
          <name>
            <surname>Vempati</surname>
            <given-names>Ramaprabhu</given-names>
          </name>
          <xref ref-type="aff" rid="CD010671-aff-0004"/>
        </contrib>
        <contrib id="d28e83" contrib-type="author">
          <name>
            <surname>D'Adamo</surname>
            <given-names>Christopher R</given-names>
          </name>
          <xref ref-type="aff" rid="CD010671-aff-0001"/>
        </contrib>
        <contrib id="d28e88" contrib-type="author">
          <name>
            <surname>Berman</surname>
            <given-names>Brian M</given-names>
          </name>
          <xref ref-type="aff" rid="CD010671-aff-0001"/>
        </contrib>
      </contrib-group>
      <aff id="CD010671-aff-0001">
        <institution>University of Maryland School of Medicine</institution>
        <institution content-type="dept">Center for Integrative Medicine</institution>
        <addr-line>520 W. Lombard Street</addr-line>
        <city>Baltimore</city>
        <country>USA</country>
        <postal-code>21201</postal-code>
      </aff>
      <aff id="CD010671-aff-0002">
        <institution>University Hospital of Cologne</institution>
        <institution content-type="dept">Cochrane Haematological Malignancies Group, Department I of Internal Medicine</institution>
        <addr-line>Kerpener Str. 62</addr-line>
        <city>Cologne</city>
        <country>Germany</country>
        <postal-code>50937</postal-code>
      </aff>
      <aff id="CD010671-aff-0003">
        <institution>University of Portsmouth</institution>
        <institution content-type="dept">School of Health Sciences and Social Work (SHSSW)</institution>
        <city>Portsmouth</city>
        <country>UK</country>
        <postal-code/>
      </aff>
      <aff id="CD010671-aff-0004">
        <institution>Yoga Sangeeta</institution>
        <addr-line>1 Bunting Ln</addr-line>
        <city>Cranbury</city>
        <country>USA</country>
        <postal-code>08512&#x2010;2119</postal-code>
      </aff>
      <author-notes>
        <fn>
          <p>Editorial Group: Cochrane Back and Neck Group.</p>
        </fn>
      </author-notes>
      <pub-date pub-type="epub">
        <day>12</day>
        <month>1</month>
        <year>2017</year>
      </pub-date>
      <pub-date pub-type="collection">
        <month>1</month>
        <year>2017</year>
      </pub-date>
      <pub-date pub-type="update">
        <day>11</day>
        <month>01</month>
        <year>2017</year>
      </pub-date>
      <volume>2017</volume>
      <issue>1</issue>
      <elocation-id>CD010671</elocation-id>
      <history>
        <date date-type="previous-update" publication-format="electronic">
          <day>28</day>
          <month>07</month>
          <year>2013</year>
        </date>
        <date date-type="cl-record-assessed-up-to-date">
          <day>29</day>
          <month>03</month>
          <year>2016</year>
        </date>
      </history>
      <permissions>
        <copyright-statement>Copyright &#xA9; 2017 The Cochrane Collaboration. Published by John Wiley &amp; Sons, Ltd.</copyright-statement>
        <copyright-year>2017</copyright-year>
        <copyright-holder>The Cochrane Collaboration</copyright-holder>
      </permissions>
      <related-article related-article-type="updated-article" ext-link-type="doi" xlink:href="10.1002/14651858.CD010671" id="d28e177"/>
      <abstract>
        <sec>
          <title>Background</title>
          <p>Non&#x2010;specific low back pain is a common, potentially disabling condition usually treated with self&#x2010;care and non&#x2010;prescription medication. For chronic low back pain, current guidelines state that exercise therapy may be beneficial. Yoga is a mind&#x2010;body exercise sometimes used for non&#x2010;specific low back pain.</p>
        </sec>
        <sec>
          <title>Objectives</title>
          <p>To assess the effects of yoga for treating chronic non&#x2010;specific low back pain, compared to no specific treatment, a minimal intervention (e.g. education), or another active treatment, with a focus on pain, function, and adverse events.</p>
        </sec>
        <sec>
          <title>Search methods</title>
          <p>We searched CENTRAL, MEDLINE, Embase, five other databases and four trials registers to 11 March 2016 without restriction of language or publication status. We screened reference lists and contacted experts in the field to identify additional studies.</p>
        </sec>
        <sec>
          <title>Selection criteria</title>
          <p>We included randomized controlled trials of yoga treatment in people with chronic non&#x2010;specific low back pain. We included studies comparing yoga to any other intervention or to no intervention. We also included studies comparing yoga as an adjunct to other therapies, versus those other therapies alone.</p>
        </sec>
        <sec>
          <title>Data collection and analysis</title>
          <p>Two authors independently screened and selected studies, extracted outcome data, and assessed risk of bias. We contacted study authors to obtain missing or unclear information. We evaluated the overall certainty of evidence using the GRADE approach.</p>
        </sec>
        <sec>
          <title>Main results</title>
          <p>We included 12 trials (1080 participants) carried out in the USA (seven trials), India (three trials), and the UK (two trials). Studies were unfunded (one trial), funded by a yoga institution (one trial), funded by non&#x2010;profit or government sources (seven trials), or did not report on funding (three trials). Most trials used Iyengar, Hatha, or Viniyoga forms of yoga. The trials compared yoga to no intervention or a non&#x2010;exercise intervention such as education (seven trials), an exercise intervention (three trials), or both exercise and non&#x2010;exercise interventions (two trials). All trials were at high risk of performance and detection bias because participants and providers were not blinded to treatment assignment, and outcomes were self&#x2010;assessed. Therefore, we downgraded all outcomes to 'moderate' certainty evidence because of risk of bias, and when there was additional serious risk of bias, unexplained heterogeneity between studies, or the analyses were imprecise, we downgraded the certainty of the evidence further.</p>
          <p>For yoga compared to non&#x2010;exercise controls (9 trials; 810 participants), there was low&#x2010;certainty evidence that yoga produced small to moderate improvements in back&#x2010;related function at three to four months (standardized mean difference (SMD) &#x2010;0.40, 95% confidence interval (CI) &#x2010;0.66 to &#x2010;0.14; corresponding to a change in the Roland&#x2010;Morris Disability Questionnaire of mean difference (MD) &#x2010;2.18, 95% &#x2010;3.60 to &#x2010;0.76), moderate&#x2010;certainty evidence for small to moderate improvements at six months (SMD &#x2010;0.44, 95% CI &#x2010;0.66 to &#x2010;0.22; corresponding to a change in the Roland&#x2010;Morris Disability Questionnaire of MD &#x2010;2.15, 95% &#x2010;3.23 to &#x2010;1.08), and low&#x2010;certainty evidence for small improvements at 12 months (SMD &#x2010;0.26, 95% CI &#x2010;0.46 to &#x2010;0.05; corresponding to a change in the Roland&#x2010;Morris Disability Questionnaire of MD &#x2010;1.36, 95% &#x2010;2.41 to &#x2010;0.26). On a 0&#x2010;100 scale there was very low&#x2010; to moderate&#x2010;certainty evidence that yoga was slightly better for pain at three to four months (MD &#x2010;4.55, 95% CI &#x2010;7.04 to &#x2010;2.06), six months (MD &#x2010;7.81, 95% CI &#x2010;13.37 to &#x2010;2.25), and 12 months (MD &#x2010;5.40, 95% CI &#x2010;14.50 to &#x2010;3.70), however we pre&#x2010;defined clinically significant changes in pain as 15 points or greater and this threshold was not met. Based on information from six trials, there was moderate&#x2010;certainty evidence that the risk of adverse events, primarily increased back pain, was higher in yoga than in non&#x2010;exercise controls (risk difference (RD) 5%, 95% CI 2% to 8%).</p>
          <p>For yoga compared to non&#x2010;yoga exercise controls (4 trials; 394 participants), there was very&#x2010;low&#x2010;certainty evidence for little or no difference in back&#x2010;related function at three months (SMD &#x2010;0.22, 95% CI &#x2010;0.65 to 0.20; corresponding to a change in the Roland&#x2010;Morris Disability Questionnaire of MD &#x2010;0.99, 95% &#x2010;2.87 to 0.90) and six months (SMD &#x2010;0.20, 95% CI &#x2010;0.59 to 0.19; corresponding to a change in the Roland&#x2010;Morris Disability Questionnaire of MD &#x2010;0.90, 95% &#x2010;2.61 to 0.81), and no information on back&#x2010;related function after six months. There was very low&#x2010;certainty evidence for lower pain on a 0&#x2010;100 scale at seven months (MD &#x2010;20.40, 95% CI &#x2010;25.48 to &#x2010;15.32), and no information on pain at three months or after seven months. Based on information from three trials, there was low&#x2010;certainty evidence for no difference in the risk of adverse events between yoga and non&#x2010;yoga exercise controls (RD 1%, 95% CI &#x2010;4% to 6%).</p>
          <p>For yoga added to exercise compared to exercise alone (1 trial; 24 participants), there was very&#x2010;low&#x2010;certainty evidence for little or no difference at 10 weeks in back&#x2010;related function (SMD &#x2010;0.60, 95% CI &#x2010;1.42 to 0.22; corresponding to a change in the Oswestry Disability Index of MD &#x2010;17.05, 95% &#x2010;22.96 to 11.14) or pain on a 0&#x2010;100 scale (MD &#x2010;3.20, 95% CI &#x2010;13.76 to 7.36). There was no information on outcomes at other time points. There was no information on adverse events.</p>
          <p>Studies provided limited evidence on risk of clinical improvement, measures of quality of life, and depression. There was no evidence on work&#x2010;related disability.</p>
        </sec>
        <sec>
          <title>Authors' conclusions</title>
          <p>There is low&#x2010; to moderate&#x2010;certainty evidence that yoga compared to non&#x2010;exercise controls results in small to moderate improvements in back&#x2010;related function at three and six months. Yoga may also be slightly more effective for pain at three and six months, however the effect size did not meet predefined levels of minimum clinical importance. It is uncertain whether there is any difference between yoga and other exercise for back&#x2010;related function or pain, or whether yoga added to exercise is more effective than exercise alone. Yoga is associated with more adverse events than non&#x2010;exercise controls, but may have the same risk of adverse events as other back&#x2010;focused exercise. Yoga is not associated with serious adverse events. There is a need for additional high&#x2010;quality research to improve confidence in estimates of effect, to evaluate long&#x2010;term outcomes, and to provide additional information on comparisons between yoga and other exercise for chronic non&#x2010;specific low back pain.</p>
        </sec>
      </abstract>
      <abstract abstract-type="short">
        <title>Yoga treatment for chronic non&#x2010;specific low back pain</title>
        <p>
          <bold>Review question</bold>
        </p>
        <p>Does yoga improve back&#x2010;related function and pain in people with chronic non&#x2010;specific low back pain?</p>
        <p>
          <bold>Background</bold>
        </p>
        <p>Low back pain is a common health problem. For some people, it may last for three months or more and at this point it is termed 'chronic'. Yoga is sometimes used as a treatment for low back pain.</p>
        <p>
          <bold>Search date</bold>
        </p>
        <p>We searched medical databases for trials comparing yoga to any other treatment or to no treatment in adults (aged 18 years or greater). We also included trials comparing yoga added to other treatments, versus those other treatments alone. The evidence is current to March 2016.</p>
        <p>
          <bold>Study characteristics</bold>
        </p>
        <p>We included 12 trials with 1080 participants. Seven studies were carried out in the USA, three studies were carried out in India, and two studies were carried out in the UK. All studies measured changes in back&#x2010;related function or pain. Few studies reported on quality of life or depression, and only about half of the studies said anything about harms.</p>
        <p>
          <bold>Study funding sources</bold>
        </p>
        <p>Three studies did not report the source of funding. One study reported not receiving any funding; one study was funded by a yoga institution; and seven studies were funded by charity, university, or government sources.</p>
        <p>
          <bold>Key results</bold>
        </p>
        <p>Seven studies compared yoga to non&#x2010;exercise, which included no treatment, delayed yoga treatment, or education (e.g. booklets and lectures). Three studies compared yoga to back&#x2010;focused exercise or similar exercise programmes. Two studies had three treatment groups and compared yoga, non&#x2010;exercise, and back&#x2010;focused exercise. One of the studies comparing yoga to back&#x2010;focused exercise compared yoga plus back&#x2010;focused exercise to back&#x2010;focused exercise alone.</p>
        <p>For yoga compared to non&#x2010;exercise, there was low&#x2010;certainty evidence that yoga was probably better in improving back function at three months, moderate&#x2010;certainty evidence that yoga was probably better at six months, and low&#x2010;certainty evidence that yoga was probably slightly better at 12 months. There was very&#x2010;low&#x2010; to moderate&#x2010;certainty evidence for an improvement in pain at three, six, and 12 months, but the effects were not clinically important.</p>
        <p>For yoga compared to back&#x2010;focused exercise, there was very&#x2010;low&#x2010;certainty evidence that there may be little or no difference between yoga and non&#x2010;yoga exercise in improving back function at three and six months and no information on back function at 12 months, there was very&#x2010;low&#x2010;certainty evidence for an improvement in pain at seven months, and there was no information on pain at three or 12 months. For yoga plus back&#x2010;focused exercise compared to back&#x2010;focused exercise alone, there was very&#x2010;low&#x2010;certainty evidence from one study (24 participants) and it is uncertain whether yoga added to exercise was better than exercise alone for back function or pain at 10 weeks. Back function and pain were not measured after 10 weeks.</p>
        <p>The most common harms reported in the trials were increased back pain. There was moderate&#x2010;certainty evidence that the risk of harms was higher in yoga than in non&#x2010;exercise, and low&#x2010;certainty that the risk of harms was similar between yoga and back&#x2010;focused exercise. Yoga was not associated with a risk of serious adverse events.</p>
        <p>There was little information on clinical improvement, quality of life and depression, and no evidence on work&#x2010;related disability.</p>
        <p>
          <bold>Certainty of the evidence</bold>
        </p>
        <p>Participants in all the studies were aware of whether they were practicing yoga or not, and this may have influenced their reporting of changes in functioning, pain, and other measures. . In addition, some studies were very small, there were few studies in some comparisons, and the studies in some comparisons had inconsistent results. Therefore, we graded the certainty of the evidence 'moderate', 'low', or 'very low'.</p>
      </abstract>
      <kwd-group kwd-group-type="mesh">
        <kwd>Adult</kwd>
        <kwd>Humans</kwd>
        <kwd>Middle Aged</kwd>
        <kwd>Yoga</kwd>
        <kwd>Chronic Pain</kwd>
        <kwd>Chronic Pain/therapy</kwd>
        <kwd>Low Back Pain</kwd>
        <kwd>Low Back Pain/therapy</kwd>
        <kwd>Quality of Life</kwd>
        <kwd>Randomized Controlled Trials as Topic</kwd>
        <kwd>Surveys and Questionnaires</kwd>
        <kwd>Time Factors</kwd>
        <kwd>Treatment Outcome</kwd>
      </kwd-group>
    </article-meta>
    <notes notes-type="status-note">
      <p>New</p>
    </notes>
  </front>
</article>
</pmc-articleset>