<?xml version="1.0" ?>
<!DOCTYPE pmc-articleset PUBLIC "-//NLM//DTD ARTICLE SET 2.0//EN" "https://dtd.nlm.nih.gov/ncbi/pmc/articleset/nlm-articleset-2.0.dtd">
<pmc-articleset><article xmlns:xlink="http://www.w3.org/1999/xlink" xmlns:mml="http://www.w3.org/1998/Math/MathML" article-type="research-article">
  <!--The publisher of this article does not allow downloading of the full text in XML form.-->
  <?properties manuscript?>
  <front>
    <journal-meta>
      <journal-id journal-id-type="nlm-journal-id">100909747</journal-id>
      <journal-id journal-id-type="pubmed-jr-id">21711</journal-id>
      <journal-id journal-id-type="nlm-ta">Cochrane Database Syst Rev</journal-id>
      <journal-id journal-id-type="iso-abbrev">Cochrane Database Syst Rev</journal-id>
      <journal-title-group>
        <journal-title>The Cochrane database of systematic reviews</journal-title>
      </journal-title-group>
      <issn pub-type="epub">1469-493X</issn>
    </journal-meta>
    <article-meta>
      <article-id pub-id-type="pmid">24226646</article-id>
      <article-id pub-id-type="pmc">5298173</article-id>
      <article-id pub-id-type="doi">10.1002/14651858.CD003146.pub2</article-id>
      <article-id pub-id-type="manuscript">EMS71294</article-id>
      <article-categories>
        <subj-group subj-group-type="heading">
          <subject>Article</subject>
        </subj-group>
      </article-categories>
      <title-group>
        <article-title>Blood transfusion for preventing primary and secondary stroke in people with sickle cell disease</article-title>
      </title-group>
      <contrib-group>
        <contrib contrib-type="author">
          <name>
            <surname>Estcourt</surname>
            <given-names>Lise J</given-names>
          </name>
          <xref ref-type="aff" rid="A1">1</xref>
        </contrib>
        <contrib contrib-type="author">
          <name>
            <surname>Fortin</surname>
            <given-names>Patricia M</given-names>
          </name>
          <xref ref-type="aff" rid="A2">2</xref>
        </contrib>
        <contrib contrib-type="author">
          <name>
            <surname>Hopewell</surname>
            <given-names>Sally</given-names>
          </name>
          <xref ref-type="aff" rid="A3">3</xref>
        </contrib>
        <contrib contrib-type="author">
          <name>
            <surname>Trivella</surname>
            <given-names>Marialena</given-names>
          </name>
          <xref ref-type="aff" rid="A4">4</xref>
        </contrib>
        <contrib contrib-type="author">
          <name>
            <surname>Wang</surname>
            <given-names>Winfred C</given-names>
          </name>
          <xref ref-type="aff" rid="A5">5</xref>
        </contrib>
      </contrib-group>
      <aff id="A1"><label>1</label>Haematology/Transfusion Medicine, NHS Blood and Transplant, Oxford, UK</aff>
      <aff id="A2"><label>2</label>Systematic Review Initiative, NHS Blood and Transplant, Oxford, UK</aff>
      <aff id="A3"><label>3</label>Oxford Clinical Trials Research Unit, University of Oxford, Oxford, UK</aff>
      <aff id="A4"><label>4</label>Centre for Statistics in Medicine, University of Oxford, Oxford, UK</aff>
      <aff id="A5"><label>5</label>Department of Hematology, St Jude Children&#x2019;s Research Hospital, Memphis, Tennessee 38105, USA</aff>
      <author-notes>
        <corresp id="CR1">Contact address: Lise J Estcourt, Haematology/Transfusion Medicine, NHS Blood and Transplant, Level 2, John Radcliffe Hospital, Headington, Oxford, OX3 9BQ, UK. <email>lise.estcourt@nhsbt.nhs.uk</email>, <email>lise.estcourt@ndcls.ox.ac.uk</email>.</corresp>
        <fn id="FN1">
          <p id="P1"><bold>Editorial group:</bold> Cochrane Cystic Fibrosis and Genetic Disorders Group.</p>
          <p id="P2"><bold>Publication status and date:</bold> Edited (no change to conclusions), published in Issue 1, 2017.</p>
          <p id="P3"><bold>Review content assessed as up-to-date:</bold> 12 January 2017.</p>
        </fn>
        <fn fn-type="COI-statement" id="FN3">
          <p id="P598">
            <bold>Declarations of Interest</bold>
          </p>
          <p id="P599">Lise Estcourt: partly funded by the NIHR Cochrane Programme Grant - Safe and Appropriate Use of Blood Components.</p>
          <p id="P600">Patricia Fortin: funded by the NIHR Cochrane Programme Grant - Safe and Appropriate Use of Blood Components.</p>
          <p id="P601">Sally Hopewell: partly funded by the NIHR Cochrane Programme Grant - Safe and Appropriate Use of Blood Components.</p>
          <p id="P602">Marialena Trivella: partly funded by the NIHR Cochrane Programme Grant - Safe and Appropriate Use of Blood Components.</p>
          <p id="P603">Winfred Wang: was a PI on several of the included trials (<xref rid="R2" ref-type="bibr">STOP 1998</xref>; <xref rid="R3" ref-type="bibr">STOP 2 2005</xref>; <xref rid="R4" ref-type="bibr">SWiTCH 2012</xref>). He has been a consultant for: Celgene (at a one-day meeting involving an anti-sickling drug); and Baxter (at a one-day meeting involving gene therapy for haemoglobinopathies). These consultancies did not involve treatment that would be used in the management of stroke in people with SCD.</p>
        </fn>
      </author-notes>
      <pub-date pub-type="nihms-submitted">
        <day>30</day>
        <month>1</month>
        <year>2017</year>
      </pub-date>
      <pub-date pub-type="epub">
        <day>14</day>
        <month>11</month>
        <year>2013</year>
      </pub-date>
      <pub-date pub-type="collection">
        <day>14</day>
        <month>11</month>
        <year>2013</year>
      </pub-date>
      <pub-date pub-type="pmc-release">
        <day>08</day>
        <month>2</month>
        <year>2017</year>
      </pub-date>
      <issue>11</issue>
      <fpage>CD003146</fpage>
      <lpage>CD003146</lpage>
      <!--elocation-id from pubmed: 10.1002/14651858.CD003146.pub2-->
      <abstract>
        <sec id="S1">
          <title>Background</title>
          <p id="P4">Sickle cell disease is one of the commonest severe monogenic disorders in the world, due to the inheritance of two abnormal haemoglobin (beta globin) genes. Sickle cell disease can cause severe pain, significant end-organ damage, pulmonary complications, and premature death. Stroke affects around 10% of children with sickle cell anaemia (HbSS). Chronic blood transfusions may reduce the risk of vaso-occlusion and stroke by diluting the proportion of sickled cells in the circulation.</p>
          <p id="P5">This is an update of a Cochrane Review first published in 2002, and last updated in 2013.</p>
        </sec>
        <sec id="S2">
          <title>Objectives</title>
          <p id="P6">To assess risks and benefits of chronic blood transfusion regimens in people with sickle cell disease for primary and secondary stroke prevention (excluding silent cerebral infarcts).</p>
        </sec>
        <sec id="S3">
          <title>Search methods</title>
          <p id="P7">We searched for relevant trials in the Cochrane Library, MEDLINE (from 1946), Embase (from 1974), the Transfusion Evidence Library (from 1980), and ongoing trial databases; all searches current to 04 April 2016.</p>
          <p id="P8">We searched the Cochrane Cystic Fibrosis and Genetic Disorders Group Haemoglobinopathies Trials Register: 25 April 2016.</p>
        </sec>
        <sec id="S4">
          <title>Selection criteria</title>
          <p id="P9">Randomised controlled trials comparing red blood cell transfusions as prophylaxis for stroke in people with sickle cell disease to alternative or standard treatment. There were no restrictions by outcomes examined, language or publication status.</p>
        </sec>
        <sec id="S5">
          <title>Data collection and analysis</title>
          <p id="P10">Two authors independently assessed trial eligibility and the risk of bias and extracted data.</p>
        </sec>
        <sec id="S6">
          <title>Main results</title>
          <p id="P11">We included five trials (660 participants) published between 1998 and 2016. Four of these trials were terminated early. The vast majority of participants had the haemoglobin (Hb)SS form of sickle cell disease.</p>
          <p id="P12">Three trials compared regular red cell transfusions to standard care in primary prevention of stroke: two in children with no previous long-term transfusions; and one in children and adolescents on long-term transfusion.</p>
          <p id="P13">Two trials compared the drug hydroxyurea (hydroxycarbamide) and phlebotomy to long-term transfusions and iron chelation therapy: one in primary prevention (children); and one in secondary prevention (children and adolescents).</p>
          <p id="P14">The quality of the evidence was very low to moderate across different outcomes according to GRADE methodology. This was due to the trials being at a high risk of bias due to lack of blinding, indirectness and imprecise outcome estimates.</p>
        </sec>
        <sec id="S7">
          <title>Red cell transfusions versus standard care</title>
          <sec id="S8">
            <title>Children with no previous long-term transfusions</title>
            <p id="P15">Long-term transfusions probably reduce the incidence of clinical stroke in children with a higher risk of stroke (abnormal transcranial doppler velocities or previous history of silent cerebral infarct), risk ratio 0.12 (95% confidence interval 0.03 to 0.49) (two trials, 326 participants), moderate quality evidence.</p>
            <p id="P16">Long-term transfusions may: reduce the incidence of other sickle cell disease-related complications (acute chest syndrome, risk ratio 0.24 (95% confidence interval 0.12 to 0.48)) (two trials, 326 participants); increase quality of life (difference estimate -0.54, 95% confidence interval -0.92 to -0.17) (one trial, 166 participants); but make little or no difference to IQ scores (least square mean: 1.7, standard error 95% confidence interval -1.1 to 4.4) (one trial, 166 participants), low quality evidence.</p>
            <p id="P17">We are very uncertain whether long-term transfusions: reduce the risk of transient ischaemic attacks, Peto odds ratio 0.13 (95% confidence interval 0.01 to 2.11) (two trials, 323 participants); have any effect on all-cause mortality, no deaths reported (two trials, 326 participants); or increase the risk of alloimmunisation, risk ratio 3.16 (95% confidence interval 0.18 to 57.17) (one trial, 121 participants), very low quality evidence.</p>
          </sec>
          <sec id="S9">
            <title>Children and adolescents with previous long-term transfusions (one trial, 79 participants)</title>
            <p id="P18">We are very uncertain whether continuing long-term transfusions reduces the incidence of: stroke, risk ratio 0.22 (95% confidence interval 0.01 to 4.35); or all-cause mortality, Peto odds ratio 8.00 (95% confidence interval 0.16 to 404.12), very low quality evidence.</p>
            <p id="P19">Several review outcomes were only reported in one trial arm (sickle cell disease-related complications, alloimmunisation, transient ischaemic attacks).</p>
            <p id="P20">The trial did not report neurological impairment, or quality of life.</p>
          </sec>
        </sec>
        <sec id="S10">
          <title>Hydroxyurea and phlebotomy versus red cell transfusions and chelation</title>
          <p id="P21">Neither trial reported on neurological impairment, alloimmunisation, or quality of life.</p>
          <sec id="S11">
            <title>Primary prevention, children (one trial, 121 participants)</title>
            <p id="P22">Switching to hydroxyurea and phlebotomy may have little or no effect on liver iron concentrations, mean difference -1.80 mg Fe/g dry-weight liver (95% confidence interval -5.16 to 1.56), low quality evidence.</p>
            <p id="P23">We are very uncertain whether switching to hydroxyurea and phlebotomy has any effect on: risk of stroke (no strokes); all-cause mortality (no deaths); transient ischaemic attacks, risk ratio 1.02 (95% confidence interval 0.21 to 4.84); or other sickle cell disease-related complications (acute chest syndrome, risk ratio 2.03 (95% confidence interval 0.39 to 10.69)), very low quality evidence.</p>
          </sec>
          <sec id="S12">
            <title>Secondary prevention, children and adolescents (one trial, 133 participants)</title>
            <p id="P24">Switching to hydroxyurea and phlebotomy may: increase the risk of sickle cell disease-related serious adverse events, risk ratio 3.10 (95% confidence interval 1.42 to 6.75); but have little or no effect on median liver iron concentrations (hydroxyurea, 17.3 mg Fe/g dry-weight liver (interquartile range 10.0 to 30.6)); transfusion 17.3 mg Fe/g dry-weight liver (interquartile range 8.8 to 30.7), low quality evidence.</p>
            <p id="P25">We are very uncertain whether switching to hydroxyurea and phlebotomy: increases the risk of stroke, risk ratio 14.78 (95% confidence interval 0.86 to 253.66); or has any effect on all-cause mortality, Peto odds ratio 0.98 (95% confidence interval 0.06 to 15.92); or transient ischaemic attacks, risk ratio 0.66 (95% confidence interval 0.25 to 1.74), very low quality evidence.</p>
          </sec>
        </sec>
        <sec id="S13">
          <title>Authors&#x2019; conclusions</title>
          <p id="P26">There is no evidence for managing adults, or children who do not have HbSS sickle cell disease.</p>
          <p id="P27">In children who are at higher risk of stroke and have not had previous long-term transfusions, there is moderate quality evidence that long-term red cell transfusions reduce the risk of stroke, and low quality evidence they also reduce the risk of other sickle cell disease-related complications.</p>
          <p id="P28">In primary and secondary prevention of stroke there is low quality evidence that switching to hydroxyurea with phlebotomy has little or no effect on the liver iron concentration.</p>
          <p id="P29">In secondary prevention of stroke there is low-quality evidence that switching to hydroxyurea with phlebotomy increases the risk of sickle cell disease-related events.</p>
          <p id="P30">All other evidence in this review is of very low quality.</p>
        </sec>
      </abstract>
      <kwd-group kwd-group-type="Medical Subject Headings">
        <title>Medical Subject Headings (MeSH)</title>
        <kwd>*Blood Transfusion [adverse effects]</kwd>
        <kwd>Anemia, Sickle Cell [*complications]</kwd>
        <kwd>Early Termination of Clinical Trials</kwd>
        <kwd>Hydroxyurea [therapeutic use]</kwd>
        <kwd>Randomized Controlled Trials as Topic</kwd>
        <kwd>Secondary Prevention</kwd>
        <kwd>Stroke [etiology; *prevention &amp; control]</kwd>
      </kwd-group>
      <kwd-group kwd-group-type="MeSH check words">
        <title>MeSH check words</title>
        <kwd>Child</kwd>
        <kwd>Humans</kwd>
      </kwd-group>
    </article-meta>
  </front>
</article>
</pmc-articleset>