<?xml version="1.0" ?>
<!DOCTYPE pmc-articleset PUBLIC "-//NLM//DTD ARTICLE SET 2.0//EN" "https://dtd.nlm.nih.gov/ncbi/pmc/articleset/nlm-articleset-2.0.dtd">
<pmc-articleset><article xmlns:xlink="http://www.w3.org/1999/xlink" xmlns:mml="http://www.w3.org/1998/Math/MathML" id="CD011980.pub3" article-type="systematic-review">
  <!--The publisher of this article does not allow downloading of the full text in XML form.-->
  <front>
    <journal-meta>
      <journal-id journal-id-type="nlm-ta">Cochrane Database Syst Rev</journal-id>
      <journal-id journal-id-type="iso-abbrev">Cochrane Database Syst Rev</journal-id>
      <journal-id journal-id-type="publisher-id">14651858</journal-id>
      <journal-id journal-id-type="doi">10.1002/14651858</journal-id>
      <journal-title-group>
        <journal-title>The Cochrane Database of Systematic Reviews</journal-title>
      </journal-title-group>
      <issn pub-type="epub">1469-493X</issn>
      <issn-l>1361-6137</issn-l>
      <publisher>
        <publisher-name>John Wiley &amp; Sons, Ltd</publisher-name>
        <publisher-loc>Chichester, UK</publisher-loc>
      </publisher>
    </journal-meta>
    <article-meta>
      <article-id pub-id-type="pmid">29709077</article-id>
      <article-id pub-id-type="pmc">5957267</article-id>
      <article-id pub-id-type="doi">10.1002/14651858.CD011980.pub3</article-id>
      <article-id pub-id-type="publisher-id">CD011980</article-id>
      <article-id pub-id-type="other">CD011980.pub3</article-id>
      <article-categories>
        <subj-group subj-group-type="heading">
          <subject>Medicine General &amp; Introductory Medical Sciences</subject>
        </subj-group>
      </article-categories>
      <title-group>
        <article-title>Use of platelet transfusions prior to lumbar punctures or epidural anaesthesia for the prevention of complications in people with thrombocytopenia</article-title>
      </title-group>
      <contrib-group>
        <contrib id="d28e63" contrib-type="author" corresp="yes">
          <name>
            <surname>Estcourt</surname>
            <given-names>Lise J</given-names>
          </name>
          <address>
            <email>lise.estcourt@nhsbt.nhs.uk</email>
            <email>lise.estcourt@ndcls.ox.ac.uk</email>
          </address>
          <xref ref-type="aff" rid="CD011980-aff-0001"/>
        </contrib>
        <contrib id="d28e68" contrib-type="author">
          <name>
            <surname>Malouf</surname>
            <given-names>Reem</given-names>
          </name>
          <xref ref-type="aff" rid="CD011980-aff-0002"/>
        </contrib>
        <contrib id="d28e73" contrib-type="author">
          <name>
            <surname>Hopewell</surname>
            <given-names>Sally</given-names>
          </name>
          <xref ref-type="aff" rid="CD011980-aff-0003"/>
        </contrib>
        <contrib id="d28e78" contrib-type="author">
          <name>
            <surname>Doree</surname>
            <given-names>Carolyn</given-names>
          </name>
          <xref ref-type="aff" rid="CD011980-aff-0004"/>
        </contrib>
        <contrib id="d28e83" contrib-type="author">
          <name>
            <surname>Van Veen</surname>
            <given-names>Joost</given-names>
          </name>
          <xref ref-type="aff" rid="CD011980-aff-0005"/>
        </contrib>
      </contrib-group>
      <aff id="CD011980-aff-0001">
        <institution>NHS Blood and Transplant</institution>
        <institution content-type="dept">Haematology/Transfusion Medicine</institution>
        <addr-line>Level 2, John Radcliffe HospitalHeadington</addr-line>
        <city>Oxford</city>
        <country>UK</country>
        <postal-code>OX3 9BQ</postal-code>
      </aff>
      <aff id="CD011980-aff-0002">
        <institution>University of Oxford</institution>
        <institution content-type="dept">National Perinatal Epidemiology Unit (NPEU)</institution>
        <addr-line>Old Road Campus</addr-line>
        <city>Oxford</city>
        <country>UK</country>
        <postal-code>OX3 7LF</postal-code>
      </aff>
      <aff id="CD011980-aff-0003">
        <institution>University of Oxford</institution>
        <institution content-type="dept">Nuffield Department of Orthopaedics, Rheumatology and Musculoskeletal Sciences (NDORMS)</institution>
        <addr-line>Botnar Research Centre, Windmill Road</addr-line>
        <city>Oxford</city>
        <country>UK</country>
        <postal-code>OX3 7LD</postal-code>
      </aff>
      <aff id="CD011980-aff-0004">
        <institution>NHS Blood and Transplant</institution>
        <institution content-type="dept">Systematic Review Initiative</institution>
        <addr-line>John Radcliffe Hospital</addr-line>
        <city>Oxford</city>
        <country>UK</country>
        <postal-code>OX3 9BQ</postal-code>
      </aff>
      <aff id="CD011980-aff-0005">
        <institution>Sheffield Teaching Hospitals NHS Foundation Trust</institution>
        <institution content-type="dept">Department of Haematology</institution>
        <addr-line>Glossop RoadRoom H101D, H floor</addr-line>
        <city>Sheffield</city>
        <country>UK</country>
        <postal-code>S10 2JF</postal-code>
      </aff>
      <author-notes>
        <fn>
          <p>Editorial Group: Cochrane Haematological Malignancies Group.</p>
        </fn>
      </author-notes>
      <pub-date pub-type="epub">
        <day>30</day>
        <month>4</month>
        <year>2018</year>
      </pub-date>
      <pub-date pub-type="collection">
        <month>4</month>
        <year>2018</year>
      </pub-date>
      <pub-date pub-type="update">
        <day>30</day>
        <month>04</month>
        <year>2018</year>
      </pub-date>
      <volume>2018</volume>
      <issue>4</issue>
      <elocation-id>CD011980</elocation-id>
      <history>
        <date date-type="previous-update" publication-format="electronic">
          <day>24</day>
          <month>05</month>
          <year>2016</year>
        </date>
      </history>
      <permissions>
        <copyright-statement>Copyright &#xA9; 2018 The Cochrane Collaboration. Published by John Wiley &amp; Sons, Ltd.</copyright-statement>
        <copyright-year>2018</copyright-year>
        <copyright-holder>The Cochrane Collaboration</copyright-holder>
      </permissions>
      <related-article related-article-type="updated-article" ext-link-type="doi" xlink:href="10.1002/14651858.CD011980.pub2" id="d28e193"/>
      <abstract>
        <sec>
          <title>Background</title>
          <p>People with a low platelet count (thrombocytopenia) often require lumbar punctures or an epidural anaesthetic. Lumbar punctures can be diagnostic (haematological malignancies, subarachnoid haematoma, meningitis) or therapeutic (spinal anaesthetic, administration of chemotherapy). Epidural catheters are placed for administration of epidural anaesthetic. Current practice in many countries is to correct thrombocytopenia with platelet transfusions prior to lumbar punctures and epidural anaesthesia, in order to mitigate the risk of serious procedure&#x2010;related bleeding. However, the platelet count threshold recommended prior to these procedures varies significantly from country to country. This indicates significant uncertainty among clinicians regarding the correct management of these patients. The risk of bleeding appears to be low, but if bleeding occurs it can be very serious (spinal haematoma). Consequently, people may be exposed to the risks of a platelet transfusion without any obvious clinical benefit.</p>
          <p>This is an update of a Cochrane Review first published in 2016.</p>
        </sec>
        <sec>
          <title>Objectives</title>
          <p>To assess the effects of different platelet transfusion thresholds prior to a lumbar puncture or epidural anaesthesia in people with thrombocytopenia (low platelet count).</p>
        </sec>
        <sec>
          <title>Search methods</title>
          <p>We searched for randomised controlled trials (RCTs), non&#x2010;randomised controlled trials (nRCTs), controlled before&#x2010;after studies (CBAs), interrupted time series studies (ITSs), and cohort studies in CENTRAL (the Cochrane Library 2018, Issue 1), MEDLINE (from 1946), Embase (from 1974), the Transfusion Evidence Library (from 1950), and ongoing trial databases to 13 February 2018.</p>
        </sec>
        <sec>
          <title>Selection criteria</title>
          <p>We included RCTs, nRCTs, CBAs, ITSs, and cohort studies involving transfusions of platelet concentrates, prepared either from individual units of whole blood or by apheresis, and given to prevent bleeding in people of any age with thrombocytopenia requiring insertion of a lumbar puncture needle or epidural catheter.</p>
          <p>The original review only included RCTs.</p>
        </sec>
        <sec>
          <title>Data collection and analysis</title>
          <p>We used standard methodological procedures expected by Cochrane for including RCTs, nRCTs, CBAs, and ITSs. Two review authors independently assessed studies for eligibility and risk of bias and extracted data. Results were only expressed narratively.</p>
        </sec>
        <sec>
          <title>Main results</title>
          <p>We identified no completed or ongoing RCTs, nRCTs, CBAs, or ITSs. No studies included people undergoing an epidural procedure. No studies compared different platelet count thresholds prior to a procedure.</p>
          <p>In this update we identified three retrospective cohort studies that contained participants who did and did not receive platelet transfusions prior to lumbar puncture procedures. All three studies were carried out in people with cancer, most of whom had a haematological malignancy. Two studies were in children, and one was in adults.</p>
          <p>The number of participants receiving platelet transfusions prior to the lumbar puncture procedures was not reported in one study. We therefore only summarised in a narrative form the relevant outcomes from two studies (150 participants; 129 children and 21 adults), in which the number of participants who received the transfusion was given.</p>
          <p>We judged the overall risk of bias for all reported outcomes for both studies as 'serious' based on the ROBINS&#x2010;I tool.</p>
          <p>No procedure&#x2010;related major bleeding occurred in the two studies that reported this outcome (2 studies, 150 participants, no cases, very low&#x2010;quality evidence).</p>
          <p>There was no evidence of a difference in the risk of minor bleeding (traumatic tap) in participants who received platelet transfusions before a lumbar puncture and those who did not receive a platelet transfusion before the procedure (2 studies, 150 participants, very low&#x2010;quality evidence). One of the 14 adults who received a platelet transfusion experienced minor bleeding (traumatic tap; defined as at least 500 x 10<sup>6</sup>/L red blood cells in the cerebrospinal fluid); none of the seven adults who did not receive a platelet transfusion experienced this event. Ten children experienced minor bleeding (traumatic taps; defined as at least 100 x 10<sup>6</sup>/L red blood cells in the cerebrospinal fluid), six out of the 57 children who received a platelet transfusion and four out of the 72 children who did not receive a platelet transfusion.</p>
          <p>No serious adverse events occurred in the one study that reported this outcome (1 study, 21 participants, very low&#x2010;quality evidence).</p>
          <p>We found no studies that evaluated all&#x2010;cause mortality within 30 days from the lumbar puncture procedure, length of hospital stay, proportion of participants who received platelet transfusions, or quality of life.</p>
        </sec>
        <sec>
          <title>Authors' conclusions</title>
          <p>We found no evidence from RCTs or non&#x2010;randomised studies on which to base an assessment of the correct platelet transfusion threshold prior to insertion of a lumbar puncture needle or epidural catheter. There are no ongoing registered RCTs assessing the effects of different platelet transfusion thresholds prior to the insertion of a lumbar puncture or epidural anaesthesia in people with thrombocytopenia. Any future study would need to be very large to detect a difference in the risk of bleeding. A study would need to be designed with at least 47,030 participants to be able to detect an increase in the number of people who had major procedure&#x2010;related bleeding from 1 in 1000 to 2 in 1000. The use of a central data collection register or routinely collected electronic records (big data) is likely to be the only method to systematically gather data relevant to this population.</p>
        </sec>
      </abstract>
      <abstract abstract-type="short">
        <title>Use of platelet transfusions prior to a lumbar puncture or epidural anaesthetic in people with a low platelet count</title>
        <p>
          <bold>Review question</bold>
        </p>
        <p>We evaluated the evidence for whether people with a low platelet count (increases risk of bleeding) require a platelet transfusion prior to insertion of a lumbar puncture needle or epidural catheter, and if so what is the platelet count level at which a platelet transfusion is required.</p>
        <p>
          <bold>Background</bold>
        </p>
        <p>Platelets are found in the blood and are an essential part of a blood clot. A low platelet count increases the risk of bleeding. People with a low platelet count often require a lumbar puncture or epidural anaesthetic for administration of treatment or to aid in diagnosis.</p>
        <p>A lumbar puncture is usually performed by inserting a needle between the bones (vertebrae) of the spine in the lower back into the fluid surrounding the spinal cord (the bundle of nerves that runs down the spine and connects the brain with the body). Lumbar punctures are performed either to obtain a sample of this fluid or to administer treatment into the fluid (chemotherapy or an anaesthetic). The lumbar puncture needle is removed immediately after any fluid samples have been taken or treatment administered.</p>
        <p>An epidural involves inserting a needle with a larger diameter than a lumbar puncture needle. The epidural needle passes through the same tissues as the lumbar puncture needle, but stops short of penetrating the fluid sac surrounding the spinal cord. Instead any treatment is injected into the space just outside the fluid sac (called the epidural space). A small tube (an epidural catheter) is often passed through the epidural needle and left in position so that additional local anaesthetic medicines can be given.</p>
        <p>Current practice in many countries is to increase the platelet count above a prespecified level with platelet transfusions (platelets given by injection into a vein) to prevent serious bleeding due to the lumbar puncture or epidural anaesthetic. Although the risk of bleeding appears to be low, if bleeding does occur, it can be very serious. Due to a lack of evidence the platelet count level recommended prior to lumbar puncture or epidural anaesthetic varies significantly from country to country. This means that doctors are uncertain about what is the correct platelet count level, or if a platelet transfusion is required. Consequently, people may be exposed to the risks of a platelet transfusion (e.g. allergic reaction, infection) without any obvious clinical benefit.</p>
        <p>
          <bold>Study characteristics</bold>
        </p>
        <p>We searched scientific databases for clinical studies of people of any age with low platelet counts requiring a lumbar puncture or epidural anaesthesia. The evidence is current to 13 February 2018. In this review, we found only three cohort studies. Only two of these studies reported outcomes relevant to this review. Both studies included people with low platelet counts and blood cancer; one included 21 adults and the other included 129 children. Both studies compared people who had and had not received platelet transfusions before the insertion of a lumbar puncture needle. No studies assessed the use of platelet transfusions prior to insertion of an epidural catheter or different platelet count thresholds for platelet transfusion administration prior to a procedure.</p>
        <p>
          <bold>Key results</bold>
        </p>
        <p>There were no major procedure&#x2010;related bleeding complications in either study. No serious adverse events occurred in the one study (21 participants) that reported this outcome.</p>
        <p>There was little or no difference in the number of minor bleeding complications in either adults or children who received or did not receive platelet transfusions.</p>
        <p>None of the studies reported on death, number of platelet transfusions given after the procedure, length of hospital stay, or quality of life.</p>
        <p>
          <bold>Quality of the evidence</bold>
        </p>
        <p>The quality of the evidence from the included studies was very poor.</p>
        <p>We found no evidence from randomised controlled trials to answer our review question.</p>
        <p>A study would need to be designed with at least 47,030 participants to be able to detect an increase in the number of people who had bleeding after lumbar puncture or epidural anaesthetic from 1 in 1000 to 2 in 1000. A study that uses routinely collected electronic medical records (big data) is likely to be the only study design that could answer our review question.</p>
      </abstract>
      <kwd-group kwd-group-type="mesh">
        <kwd>Adult</kwd>
        <kwd>Child</kwd>
        <kwd>Humans</kwd>
        <kwd>Platelet Transfusion</kwd>
        <kwd>Anesthesia, Epidural</kwd>
        <kwd>Anesthesia, Epidural/adverse effects</kwd>
        <kwd>Retrospective Studies</kwd>
        <kwd>Spinal Puncture</kwd>
        <kwd>Spinal Puncture/adverse effects</kwd>
        <kwd>Thrombocytopenia</kwd>
        <kwd>Thrombocytopenia/complications</kwd>
        <kwd>Thrombocytopenia/therapy</kwd>
      </kwd-group>
    </article-meta>
    <notes notes-type="status-note">
      <p>New search for studies and content updated (no change to conclusions)</p>
    </notes>
  </front>
</article>
</pmc-articleset>