<?xml version="1.0" ?>
<!DOCTYPE pmc-articleset PUBLIC "-//NLM//DTD ARTICLE SET 2.0//EN" "https://dtd.nlm.nih.gov/ncbi/pmc/articleset/nlm-articleset-2.0.dtd">
<pmc-articleset><article xmlns:xlink="http://www.w3.org/1999/xlink" xmlns:mml="http://www.w3.org/1998/Math/MathML" id="CD008587.pub2" article-type="systematic-review">
  <!--The publisher of this article does not allow downloading of the full text in XML form.-->
  <front>
    <journal-meta>
      <journal-id journal-id-type="nlm-ta">Cochrane Database Syst Rev</journal-id>
      <journal-id journal-id-type="iso-abbrev">Cochrane Database Syst Rev</journal-id>
      <journal-id journal-id-type="publisher-id">14651858</journal-id>
      <journal-id journal-id-type="doi">10.1002/14651858</journal-id>
      <journal-title-group>
        <journal-title>The Cochrane Database of Systematic Reviews</journal-title>
      </journal-title-group>
      <issn pub-type="epub">1469-493X</issn>
      <issn-l>1361-6137</issn-l>
      <publisher>
        <publisher-name>John Wiley &amp; Sons, Ltd</publisher-name>
        <publisher-loc>Chichester, UK</publisher-loc>
      </publisher>
    </journal-meta>
    <article-meta>
      <article-id pub-id-type="pmid">28796882</article-id>
      <article-id pub-id-type="pmc">6483676</article-id>
      <article-id pub-id-type="doi">10.1002/14651858.CD008587.pub2</article-id>
      <article-id pub-id-type="publisher-id">CD008587</article-id>
      <article-id pub-id-type="other">CD008587.pub2</article-id>
      <article-categories>
        <subj-group subj-group-type="heading">
          <subject>Medicine General &amp; Introductory Medical Sciences</subject>
        </subj-group>
      </article-categories>
      <title-group>
        <article-title>Cytology versus HPV testing for cervical cancer screening in the general population</article-title>
      </title-group>
      <contrib-group>
        <contrib id="d28e63" contrib-type="author" corresp="yes">
          <name>
            <surname>Koliopoulos</surname>
            <given-names>George</given-names>
          </name>
          <address>
            <email>georgekoliopoulos@yahoo.com</email>
          </address>
          <xref ref-type="aff" rid="CD008587-aff-0001"/>
        </contrib>
        <contrib id="d28e68" contrib-type="author">
          <name>
            <surname>Nyaga</surname>
            <given-names>Victoria N</given-names>
          </name>
          <xref ref-type="aff" rid="CD008587-aff-0002"/>
        </contrib>
        <contrib id="d28e73" contrib-type="author">
          <name>
            <surname>Santesso</surname>
            <given-names>Nancy</given-names>
          </name>
          <xref ref-type="aff" rid="CD008587-aff-0003"/>
        </contrib>
        <contrib id="d28e78" contrib-type="author">
          <name>
            <surname>Bryant</surname>
            <given-names>Andrew</given-names>
          </name>
          <xref ref-type="aff" rid="CD008587-aff-0004"/>
        </contrib>
        <contrib id="d28e83" contrib-type="author">
          <name>
            <surname>Martin&#x2010;Hirsch</surname>
            <given-names>Pierre PL</given-names>
          </name>
          <xref ref-type="aff" rid="CD008587-aff-0005"/>
        </contrib>
        <contrib id="d28e88" contrib-type="author">
          <name>
            <surname>Mustafa</surname>
            <given-names>Reem A</given-names>
          </name>
          <xref ref-type="aff" rid="CD008587-aff-0003"/>
        </contrib>
        <contrib id="d28e93" contrib-type="author">
          <name>
            <surname>Sch&#xFC;nemann</surname>
            <given-names>Holger</given-names>
          </name>
          <xref ref-type="aff" rid="CD008587-aff-0006"/>
        </contrib>
        <contrib id="d28e98" contrib-type="author">
          <name>
            <surname>Paraskevaidis</surname>
            <given-names>Evangelos</given-names>
          </name>
          <xref ref-type="aff" rid="CD008587-aff-0007"/>
        </contrib>
        <contrib id="d28e103" contrib-type="author">
          <name>
            <surname>Arbyn</surname>
            <given-names>Marc</given-names>
          </name>
          <xref ref-type="aff" rid="CD008587-aff-0008"/>
        </contrib>
      </contrib-group>
      <aff id="CD008587-aff-0001">
        <institution>Elena Venizelou Maternity Hospital</institution>
        <institution content-type="dept">Department of Obstetrics and Gynaecology</institution>
        <addr-line>1 Elena Venizelou Square</addr-line>
        <city>Athens</city>
        <country>Greece</country>
        <postal-code>11521</postal-code>
      </aff>
      <aff id="CD008587-aff-0002">
        <institution>Scientific Institute of Public Health</institution>
        <institution content-type="dept">Unit of Cancer Epidemiology</institution>
        <addr-line>Juliette Wytsmanstraat 14</addr-line>
        <city>Brussels</city>
        <country>Belgium</country>
        <postal-code>1050</postal-code>
      </aff>
      <aff id="CD008587-aff-0003">
        <institution>McMaster University</institution>
        <institution content-type="dept">Department of Clinical Epidemiology and Biostatistics</institution>
        <addr-line>1200 Main Street West</addr-line>
        <city>Hamilton</city>
        <country>Canada</country>
        <postal-code>L8N 3Z5</postal-code>
      </aff>
      <aff id="CD008587-aff-0004">
        <institution>Newcastle University</institution>
        <institution content-type="dept">Institute of Health &amp; Society</institution>
        <addr-line>Medical School New BuildRichardson Road</addr-line>
        <city>Newcastle upon Tyne</city>
        <country>UK</country>
        <postal-code>NE2 4AX</postal-code>
      </aff>
      <aff id="CD008587-aff-0005">
        <institution>Royal Preston Hospital, Lancashire Teaching Hospital NHS Trust</institution>
        <institution content-type="dept">Gynaecological Oncology Unit</institution>
        <addr-line>Sharoe Green LaneFullwood</addr-line>
        <city>Preston</city>
        <country>UK</country>
        <postal-code>PR2 9HT</postal-code>
      </aff>
      <aff id="CD008587-aff-0006">
        <institution>McMaster University</institution>
        <institution content-type="dept">Departments of Health Research Methods, Evidence, and Impact and of Medicine</institution>
        <addr-line>1280 Main Street West</addr-line>
        <city>Hamilton</city>
        <country>Canada</country>
        <postal-code>L8N 4K1</postal-code>
      </aff>
      <aff id="CD008587-aff-0007">
        <institution>Ioannina University Hospital</institution>
        <institution content-type="dept">Department of Obstetrics and Gynaecology</institution>
        <city>Ioannina</city>
        <country>Greece</country>
        <postal-code>45001</postal-code>
      </aff>
      <aff id="CD008587-aff-0008">
        <institution>Sciensano</institution>
        <institution content-type="dept">Unit of Cancer Epidemiology, Belgian Cancer Centre</institution>
        <addr-line>Juliette Wytsmanstreet 14</addr-line>
        <city>Brussels</city>
        <country>Belgium</country>
        <postal-code>B&#x2010;1050</postal-code>
      </aff>
      <author-notes>
        <fn>
          <p>Editorial Group: Cochrane Gynaecological, Neuro&#x2010;oncology and Orphan Cancer Group.</p>
        </fn>
      </author-notes>
      <pub-date pub-type="epub">
        <day>10</day>
        <month>8</month>
        <year>2017</year>
      </pub-date>
      <pub-date pub-type="collection">
        <month>8</month>
        <year>2017</year>
      </pub-date>
      <pub-date pub-type="update">
        <day>12</day>
        <month>07</month>
        <year>2018</year>
      </pub-date>
      <volume>2017</volume>
      <issue>8</issue>
      <elocation-id>CD008587</elocation-id>
      <history>
        <date date-type="previous-update" publication-format="electronic">
          <day>07</day>
          <month>07</month>
          <year>2010</year>
        </date>
      </history>
      <permissions>
        <copyright-statement>Copyright &#xA9; 2018 The Cochrane Collaboration. Published by John Wiley &amp; Sons, Ltd.</copyright-statement>
        <copyright-year>2018</copyright-year>
        <copyright-holder>The Cochrane Collaboration</copyright-holder>
      </permissions>
      <related-article related-article-type="updated-article" ext-link-type="doi" xlink:href="10.1002/14651858.CD008587" id="d28e256"/>
      <abstract>
        <sec>
          <title>Background</title>
          <p>Cervical cancer screening has traditionally been based on cervical cytology. Given the aetiological relationship between human papillomavirus (HPV) infection and cervical carcinogenesis, HPV testing has been proposed as an alternative screening test.</p>
        </sec>
        <sec>
          <title>Objectives</title>
          <p>To determine the diagnostic accuracy of HPV testing for detecting histologically confirmed cervical intraepithelial neoplasias (CIN) of grade 2 or worse (CIN 2+), including adenocarcinoma in situ, in women participating in primary cervical cancer screening; and how it compares to the accuracy of cytological testing (liquid&#x2010;based and conventional) at various thresholds.</p>
        </sec>
        <sec>
          <title>Search methods</title>
          <p>We performed a systematic literature search of articles in MEDLINE and Embase (1992 to November 2015) containing quantitative data and handsearched the reference lists of retrieved articles.</p>
        </sec>
        <sec>
          <title>Selection criteria</title>
          <p>We included comparative test accuracy studies if all women received both HPV testing and cervical cytology followed by verification of the disease status with the reference standard, if positive for at least one screening test. The studies had to include women participating in a cervical cancer screening programme who were not being followed up for previous cytological abnormalities.</p>
        </sec>
        <sec>
          <title>Data collection and analysis</title>
          <p>We completed a 2 x 2 table with the number of true positives (TP), false positives (FP), true negatives (TN), and false negatives for each screening test (HPV test and cytology) used in each study. We calculated the absolute and relative sensitivities and the specificities of the tests for the detection of CIN 2+ and CIN 3+ at various thresholds and computed sensitivity (TP/(TP + TN) and specificity (TN/ (TN + FP) for each test separately. Relative sensitivity and specificity of one test compared to another test were defined as sensitivity of test&#x2010;1 over sensitivity of test&#x2010;2 and specificity of test&#x2010;1 over specificity of test&#x2010;2, respectively. To assess bias in the studies, we used the Quality Assessment of Diagnostic test Accuracy Studies (QUADAS) tool. We used a bivariate random&#x2010;effects model for computing pooled accuracy estimates. This model takes into account the within&#x2010; and between&#x2010;study variability and the intrinsic correlation between sensitivity and specificity.</p>
        </sec>
        <sec>
          <title>Main results</title>
          <p>We included a total of 40 studies in the review, with more than 140,000 women aged between 20 and 70 years old. Many studies were at low risk of bias. There were a sufficient number of included studies with adequate methodology to perform the following test comparisons: hybrid capture 2 (HC2) (1 pg/mL threshold) versus conventional cytology (CC) (atypical squamous cells of undetermined significance (ASCUS)+ and low&#x2010;grade squamous intraepithelial lesions (LSIL)+ thresholds) or liquid&#x2010;based cytology (LBC) (ASCUS+ and LSIL+ thresholds), other high&#x2010;risk HPV tests versus conventional cytology (ASCUS+ and LSIL+ thresholds) or LBC (ASCUS+ and LSIL+ thresholds). For CIN 2+, pooled sensitivity estimates for HC2, CC and LBC (ASCUS+) were 89.9%, 62.5% and 72.9%, respectively, and pooled specificity estimates were 89.9%, 96.6%, and 90.3%, respectively. The results did not differ by age of women (less than or greater than 30 years old), or in studies with verification bias. Accuracy of HC2 was, however, greater in European countries compared to other countries. The results for the sensitivity of the tests were heterogeneous ranging from 52% to 94% for LBC, and 61% to 100% for HC2. Overall, the quality of the evidence for the sensitivity of the tests was moderate, and high for the specificity.</p>
          <p>The relative sensitivity of HC2 versus CC for CIN 2+ was 1.52 (95% CI: 1.24 to 1.86) and the relative specificity 0.94 (95% CI: 0.92 to 0.96), and versus LBC for CIN 2+ was 1.18 (95% CI: 1.10 to 1.26) and the relative specificity 0.96 (95% CI: 0.95 to 0.97). The relative sensitivity of HC2 versus CC for CIN 3+ was 1.46 (95% CI: 1.12 to 1.91) and the relative specificity 0.95 (95% CI: 0.93 to 0.97). The relative sensitivity of HC2 versus LBC for CIN 3+ was 1.17 (95% CI: 1.07 to 1.28) and the relative specificity 0.96 (95% CI: 0.95 to 0.97).</p>
        </sec>
        <sec>
          <title>Authors' conclusions</title>
          <p>Whilst HPV tests are less likely to miss cases of CIN 2+ and CIN 3+, these tests do lead to more unnecessary referrals. However, a negative HPV test is more reassuring than a negative cytological test, as the cytological test has a greater chance of being falsely negative, which could lead to delays in receiving the appropriate treatment. Evidence from prospective longitudinal studies is needed to establish the relative clinical implications of these tests.</p>
        </sec>
      </abstract>
      <abstract abstract-type="short">
        <title>Human papillomavirus (HPV) test compared to the Papanicolaou (Pap) test to screen for cervical cancer</title>
        <p><bold>Review question</bold> We assessed studies comparing two tests to screen for cervical cancer: the HPV test (Human papillomavirus test) and the Pap test otherwise known as cervical smear or Papanicolaou test. The aim was to find out which test detects precancerous changes of the cervix more accurately.</p>
        <p><bold>Background</bold> The HPV and the Pap tests are tests that a doctor performs to check for the development of cervical cancer or precancerous changes to the cells of the cervix (called lesions). These lesions can develop into cervical cancer within about 10 to 20 years. The HPV test checks whether a woman has an HPV infection which may lead to cervical cancer. If the HPV test is positive, it may mean that there are precancerous changes in the cervix. There are many types of HPV tests. One of them is called the HC2 test. The Pap test checks for whether cells in the cervix are abnormal. Abnormal cervical cells that are tested as &#x2018;low grade to high grade&#x2019; may mean that there are precancerous changes in the cervix that may lead to cervical cancer. One type of Pap test is &#x2018;conventional cytology' and another is 'liquid&#x2010;based cytology'. Depending on the test, if it is positive a woman may need to have the cervix examined or could receive surgery to have the precancerous lesion removed.</p>
        <p><bold>Study characteristics</bold> We searched for all relevant studies up to November 2015. Forty studies compared the HPV test to the Pap test on over 140,000 women between 20 to 70 years old who attended for their routine cervical screening. The studies examined which test can detect precancerous cervical changes which are called cervical intraepithelial neoplasias (CIN 2 and CIN 3).</p>
        <p><bold>Quality of the evidence</bold> There were enough studies with enough women in them to allow us to draw conclusions. However, some of the results from the studies were different from each other. For example, tests were more accurate in studies in Europe than in Asia or Central or South America. Overall, the quality of the evidence was moderate to high.</p>
        <p><bold>Key results</bold> A perfect test would correctly say if a woman has precancerous changes or if a woman does not. But most tests are not perfect.</p>
        <p>This review found that for every 1000 women screened, around 20 women will have precancerous changes. The HPV test will correctly identify 18 of these women (but will miss 2 women). The Pap test will identify 15 of the women (but will miss 5 women). The women who are missed could develop cervical cancer.</p>
        <p>For every 1000 women screened, there will be 980 women who will not have precancerous changes. The HPV test will correctly identify 881 women (but 99 women will be incorrectly told that they have a lesion). The Pap test will correctly identify 885 women (but 95 will be incorrectly told that they have a lesion). Women who are incorrectly told that they have a lesion may have their cervix examined or may receive surgery unnecessarily.</p>
      </abstract>
      <kwd-group kwd-group-type="mesh">
        <kwd>Adult</kwd>
        <kwd>Aged</kwd>
        <kwd>Female</kwd>
        <kwd>Humans</kwd>
        <kwd>Middle Aged</kwd>
        <kwd>Cervical Intraepithelial Neoplasia</kwd>
        <kwd>Cervical Intraepithelial Neoplasia/diagnosis</kwd>
        <kwd>Cervical Intraepithelial Neoplasia/pathology</kwd>
        <kwd>Cervical Intraepithelial Neoplasia/virology</kwd>
        <kwd>Early Detection of Cancer</kwd>
        <kwd>Early Detection of Cancer/methods</kwd>
        <kwd>Papillomavirus Infections</kwd>
        <kwd>Papillomavirus Infections/diagnosis</kwd>
        <kwd>Polymerase Chain Reaction</kwd>
        <kwd>Precancerous Conditions</kwd>
        <kwd>Precancerous Conditions/diagnosis</kwd>
        <kwd>Precancerous Conditions/pathology</kwd>
        <kwd>Precancerous Conditions/virology</kwd>
        <kwd>Sensitivity and Specificity</kwd>
        <kwd>Uterine Cervical Neoplasms</kwd>
        <kwd>Uterine Cervical Neoplasms/diagnosis</kwd>
        <kwd>Uterine Cervical Neoplasms/pathology</kwd>
        <kwd>Uterine Cervical Neoplasms/virology</kwd>
        <kwd>Vaginal Smears</kwd>
        <kwd>Vaginal Smears/methods</kwd>
      </kwd-group>
    </article-meta>
    <notes notes-type="status-note">
      <p>Edited (no change to conclusions)</p>
    </notes>
  </front>
</article>
</pmc-articleset>