<?xml version="1.0" ?>
<!DOCTYPE pmc-articleset PUBLIC "-//NLM//DTD ARTICLE SET 2.0//EN" "https://dtd.nlm.nih.gov/ncbi/pmc/articleset/nlm-articleset-2.0.dtd">
<pmc-articleset><article xmlns:xlink="http://www.w3.org/1999/xlink" xmlns:mml="http://www.w3.org/1998/Math/MathML" id="CD013230" article-type="systematic-review">
  <!--The publisher of this article does not allow downloading of the full text in XML form.-->
  <front>
    <journal-meta>
      <journal-id journal-id-type="nlm-ta">Cochrane Database Syst Rev</journal-id>
      <journal-id journal-id-type="iso-abbrev">Cochrane Database Syst Rev</journal-id>
      <journal-id journal-id-type="publisher-id">14651858</journal-id>
      <journal-id journal-id-type="doi">10.1002/14651858</journal-id>
      <journal-title-group>
        <journal-title>The Cochrane Database of Systematic Reviews</journal-title>
      </journal-title-group>
      <issn pub-type="epub">1469-493X</issn>
      <issn-l>1361-6137</issn-l>
      <publisher>
        <publisher-name>John Wiley &amp; Sons, Ltd</publisher-name>
        <publisher-loc>Chichester, UK</publisher-loc>
      </publisher>
    </journal-meta>
    <article-meta>
      <article-id pub-id-type="pmid">30565220</article-id>
      <article-id pub-id-type="pmc">6438817</article-id>
      <article-id pub-id-type="doi">10.1002/14651858.CD013230</article-id>
      <article-id pub-id-type="publisher-id">CD013230</article-id>
      <article-id pub-id-type="other">CD013230</article-id>
      <article-categories>
        <subj-group>
          <subject>Poisoning</subject>
          <subject>Child health</subject>
          <subject>Orthopaedics &amp; trauma</subject>
        </subj-group>
      </article-categories>
      <title-group>
        <article-title>First aid interventions by laypeople for acute oral poisoning</article-title>
      </title-group>
      <contrib-group>
        <contrib id="d20e182" contrib-type="author" corresp="yes">
          <name>
            <surname>Avau</surname>
            <given-names>Bert</given-names>
          </name>
          <address>
            <email>bert.avau@rodekruis.be</email>
          </address>
          <xref ref-type="aff" rid="CD013230-aff-0001"/>
          <xref ref-type="aff" rid="CD013230-aff-0002"/>
        </contrib>
        <contrib id="d20e186" contrib-type="author">
          <name>
            <surname>Borra</surname>
            <given-names>Vere</given-names>
          </name>
          <xref ref-type="aff" rid="CD013230-aff-0001"/>
        </contrib>
        <contrib id="d20e190" contrib-type="author">
          <name>
            <surname>Vanhove</surname>
            <given-names>Anne&#x2010;Catherine</given-names>
          </name>
          <xref ref-type="aff" rid="CD013230-aff-0001"/>
          <xref ref-type="aff" rid="CD013230-aff-0002"/>
        </contrib>
        <contrib id="d20e194" contrib-type="author">
          <name>
            <surname>Vandekerckhove</surname>
            <given-names>Philippe</given-names>
          </name>
          <xref ref-type="aff" rid="CD013230-aff-0003"/>
          <xref ref-type="aff" rid="CD013230-aff-0004"/>
        </contrib>
        <contrib id="d20e198" contrib-type="author">
          <name>
            <surname>De Paepe</surname>
            <given-names>Peter</given-names>
          </name>
          <xref ref-type="aff" rid="CD013230-aff-0005"/>
        </contrib>
        <contrib id="d20e202" contrib-type="author">
          <name>
            <surname>De Buck</surname>
            <given-names>Emmy</given-names>
          </name>
          <xref ref-type="aff" rid="CD013230-aff-0001"/>
          <xref ref-type="aff" rid="CD013230-aff-0004"/>
        </contrib>
        <contrib id="d20e212" contrib-type="editor">
          <collab collab-type="editors">Cochrane Injuries Group</collab>
        </contrib>
      </contrib-group>
      <aff id="CD013230-aff-0001">
        <institution>Belgian Red Cross</institution>
        <institution content-type="dept">Centre for Evidence&#x2010;Based Practice</institution>
        <addr-line>Motstraat 42</addr-line>
        <city>Mechelen</city>
        <country>Belgium</country>
        <postal-code>2800</postal-code>
      </aff>
      <aff id="CD013230-aff-0002">
        <institution>Belgian Centre for Evidence&#x2010;Based Medicine &#x2010; Cochrane Belgium</institution>
        <addr-line>Kapucijnenvoer 33, blok J</addr-line>
        <city>Leuven</city>
        <country>Belgium</country>
        <postal-code>3000</postal-code>
      </aff>
      <aff id="CD013230-aff-0003">
        <institution>Belgian Red Cross</institution>
        <addr-line>Motstraat 40</addr-line>
        <city>Mechelen</city>
        <country>Belgium</country>
        <postal-code>2800</postal-code>
      </aff>
      <aff id="CD013230-aff-0004">
        <institution>KU Leuven</institution>
        <institution content-type="dept">Department of Public Health and Primary Care, Faculty of Medicine</institution>
        <addr-line>Kapucijnenvoer 35 blok d</addr-line>
        <city>Leuven</city>
        <country>Belgium</country>
        <postal-code>3000</postal-code>
      </aff>
      <aff id="CD013230-aff-0005">
        <institution>Ghent University Hospital</institution>
        <institution content-type="dept">Department of Emergency Medicine</institution>
        <city>Ghent</city>
        <country>Belgium</country>
      </aff>
      <pub-date pub-type="epub">
        <day>19</day>
        <month>12</month>
        <year>2018</year>
      </pub-date>
      <pub-date pub-type="collection">
        <month>12</month>
        <year>2018</year>
      </pub-date>
      <pub-date pub-type="update">
        <day>8</day>
        <month>7</month>
        <year>2019</year>
      </pub-date>
      <volume>2018</volume>
      <issue>12</issue>
      <elocation-id>CD013230</elocation-id>
      <permissions>
        <copyright-statement>Copyright &#xA9; 2019 The Cochrane Collaboration. Published by John Wiley &amp; Sons, Ltd.</copyright-statement>
      </permissions>
      <abstract>
        <title>Abstract</title>
        <sec id="CD013230-abs1-0001">
          <title>Background</title>
          <p>Oral poisoning is a major cause of mortality and disability worldwide, with estimates of over 100,000 deaths due to unintentional poisoning each year and an overrepresentation of children below five years of age. Any effective intervention that laypeople can apply to limit or delay uptake or to evacuate, dilute or neutralize the poison before professional help arrives may limit toxicity and save lives.</p>
        </sec>
        <sec id="CD013230-abs1-0002">
          <title>Objectives</title>
          <p>To assess the effects of pre&#x2010;hospital interventions (alone or in combination) for treating acute oral poisoning, available to and feasible for laypeople before the arrival of professional help.</p>
        </sec>
        <sec id="CD013230-abs1-0003">
          <title>Search methods</title>
          <p>We searched the Cochrane Central Register of Controlled Trials, MEDLINE, Embase, CINAHL, ISI Web of Science, International Pharmaceutical Abstracts, and three clinical trials registries to 4 December 2018, and we also carried out reference checking and citation searching.</p>
        </sec>
        <sec id="CD013230-abs1-0004">
          <title>Selection criteria</title>
          <p>We included randomized controlled trials comparing interventions (alone or in combination) that are feasible in a pre&#x2010;hospital setting for treating acute oral poisoning patients, including but potentially not limited to activated charcoal (AC), emetics, cathartics, diluents, neutralizing agents and body positioning.</p>
        </sec>
        <sec id="CD013230-abs1-0005">
          <title>Data collection and analysis</title>
          <p>Two review authors independently performed study selection, data collection and assessment. Primary outcomes of this review were incidence of mortality and adverse events, plus incidence and severity of symptoms of poisoning. Secondary outcomes were duration of symptoms of poisoning, drug absorption, and incidence of hospitalization and ICU admission.</p>
        </sec>
        <sec id="CD013230-abs1-0006">
          <title>Main results</title>
          <p>We included 24 trials involving 7099 participants. Using the Cochrane 'Risk of bias' tool, we assessed no study as being at low risk of bias for all domains. Many studies were poorly reported, so the risk of selection and detection biases were often unclear. Most studies reported important outcomes incompletely, and we judged them to be at high risk of reporting bias.</p>
          <p>All but one study enrolled oral poisoning patients in an emergency department; the remaining study was conducted in a pre&#x2010;hospital setting. Fourteen studies included multiple toxic syndromes or did not specify, while the other studies specifically investigated paracetamol (2 studies), carbamazepine (2 studies), tricyclic antidepressant (2 studies), yellow oleander (2 studies), benzodiazepine (1 study), or toxic berry intoxication (1 study). Twenty&#x2010;one trials investigated the effects of activated charcoal (AC), administered as a single dose (SDAC) or in multiple doses (MDAC), alone or in combination with other first aid interventions (a cathartic) and/or hospital treatments. Six studies investigated syrup of ipecac plus other first aid interventions (SDAC + cathartic) versus ipecac alone. The collected evidence was mostly of low to very low certainty, often downgraded for indirectness, risk of bias or imprecision due to low numbers of events.</p>
          <p>
            <bold>First aid interventions that limit or delay the absorption of the poison in the body</bold>
          </p>
          <p>We are uncertain about the effect of SDAC compared to no intervention on the incidence of adverse events in general (zero events in both treatment groups; 1 study, 451 participants) or vomiting specifically (Peto odds ratio (OR) 4.17, 95% confidence interval (CI) 0.30 to 57.26, 1 study, 25 participants), ICU admission (Peto OR 7.77, 95% CI 0.15 to 391.93, 1 study, 451 participants) and clinical deterioration (zero events in both treatment groups; 1 study, 451 participants) in participants with mixed types or paracetamol poisoning, as all evidence for these outcomes was of very low certainty. No studies assessed SDAC for mortality, duration of symptoms, drug absorption or hospitalization.</p>
          <p>Only one study compared SDAC to syrup of ipecac in participants with mixed types of poisoning, providing very low&#x2010;certainty evidence. Therefore we are uncertain about the effects on Glasgow Coma Scale scores (mean difference (MD) &#x2212;0.15, 95% CI &#x2212;0.43 to 0.13, 1 study, 34 participants) or incidence of adverse events (risk ratio (RR) 1.24, 95% CI 0.26 to 5.83, 1 study, 34 participants). No information was available concerning mortality, duration of symptoms, drug absorption, hospitalization or ICU admission.</p>
          <p>This review also considered the added value of SDAC or MDAC to hospital interventions, which mostly included gastric lavage. No included studies investigated the use of body positioning in oral poisoning patients.</p>
          <p>
            <bold>First aid interventions that evacuate the poison from the gastrointestinal tract</bold>
          </p>
          <p>We found one study comparing ipecac versus no intervention in toxic berry ingestion in a pre&#x2010;hospital setting. Low&#x2010;certainty evidence suggests there may be an increase in the incidence of adverse events, but the study did not report incidence of mortality, incidence or duration of symptoms of poisoning, drug absorption, hospitalization or ICU admission (103 participants).</p>
          <p>In addition, we also considered the added value of syrup of ipecac to SDAC plus a cathartic and the added value of a cathartic to SDAC.</p>
          <p>No studies used cathartics as an individual intervention.</p>
          <p>
            <bold>First aid interventions that neutralize or dilute the poison</bold>
          </p>
          <p>No included studies investigated the neutralization or dilution of the poison in oral poisoning patients.</p>
        </sec>
        <sec id="CD013230-abs1-0007">
          <title>Authors' conclusions</title>
          <p>The studies included in this review provided mostly low&#x2010; or very low&#x2010;certainty evidence about the use of first aid interventions for acute oral poisoning. A key limitation was the fact that only one included study actually took place in a pre&#x2010;hospital setting, which undermines our confidence in the applicability of these results to this setting<italic>.</italic> Thus, the amount of evidence collected was insufficient to draw any conclusions.</p>
        </sec>
      </abstract>
      <abstract abstract-type="short">
        <title>Plain language summary</title>
        <p>
          <bold>First aid treatments for oral poisoning</bold>
        </p>
        <p>
          <bold>Review question</bold>
        </p>
        <p>We reviewed the evidence on the effects of first aid treatments for poisoning that could be feasibly given by people who are not health professionals.</p>
        <p>
          <bold>Background</bold>
        </p>
        <p>Many first aid treatments are recommended for treating people who have ingested poisonous substances. Some treatments, such as activated charcoal (AC), bind to the poison, limiting the body's absorption of it. Others may induce vomiting (such as syrup of ipecac) or dilute or neutralize the poison (such as drinking water, milk or juices). Adjusting the person's body position may also have an effect.</p>
        <p>
          <bold>Study characteristics</bold>
        </p>
        <p>In December 2018 we searched for high&#x2010;quality studies (randomly dividing participants into different treatment groups) investigating treatments for poisoning that laypeople can perform. We found 24 studies with 7099 participants. All but one study took place in hospitals; the remaining one was in a home setting.</p>
        <p>Fourteen studies either did not specify the type of poison or studied different kinds. The others investigated overdoses of specific medicines (paracetamol, carbamazepine, antidepressant, benzodiazepine) or poisonous plants (yellow oleander or poisonous berries).</p>
        <p>Twenty&#x2010;one trials studied different treatments with activated charcoal: as a single dose or multiple doses, with or without other first aid treatments (a substance to speed up bowel transit), and with or without hospital treatments. Six studies compared syrup of ipecac, with or without other first aid treatments (single&#x2010;dose activated charcoal plus bowel transit enhancing substance) versus no treatment. We found no studies that investigated the neutralization or dilution of the poison or the use of certain body positions.</p>
        <p>
          <bold>Key results</bold>
        </p>
        <p>Two studies compared a single dose of activated charcoal to no treatment following poisoning with paracetamol or different kinds of poisoning. We are uncertain about the treatment's side effects, admission to intensive care or worsening of the patient, and there was no information about effects on death, symptom duration, poison uptake or hospitalization.</p>
        <p>One study compared a single dose of activated charcoal to ipecac in mixed types of poisoning. We are uncertain about the effect of activated charcoal compared to ipecac, on the patient's level of coma or the number of unwanted effects. There was no information about effects on death, symptom duration, poison uptake, hospitalization or intensive care admission.</p>
        <p>One study compared ipecac to no treatment in children who ate poisonous berries at home. There may be an increase in the number of unwanted effects for ipecac. There was no information about effects on death, poisoning symptoms, symptoms duration, poison uptake, hospitalization or intensive care admission.</p>
        <p>We also investigated the use of single&#x2010;dose or multi&#x2010;dose activated charcoal, with or without hospital treatment, compared to each other or no treatment. Furthermore, we investigated the added value of ipecac to single&#x2010;dose activated charcoal and the added value of adding bowel transit enhancing substances to AC.</p>
        <p>
          <bold>Certainty of the evidence</bold>
        </p>
        <p>All but one study took place in a hospital setting, which means that the results cannot be directly applied to the lay setting. Because studies did not always report the methods they used, we are uncertain about the quality of the research conduct for many. Outcomes important to patients and pre&#x2010;specified by us as important outcomes for this review were often absent or incompletely reported. Our certainty about the results of this review is mostly low to very low. Therefore future research is highly likely to change the findings.</p>
        <p>
          <bold>Conclusion</bold>
        </p>
        <p>Based on the identified evidence, we cannot draw any conclusions about the effects of any of the investigated first aid treatments in a lay setting.</p>
      </abstract>
    </article-meta>
    <notes notes-type="status-note">
      <p>Edited (no change to conclusions)</p>
    </notes>
  </front>
</article>
</pmc-articleset>