<?xml version="1.0" ?>
<!DOCTYPE pmc-articleset PUBLIC "-//NLM//DTD ARTICLE SET 2.0//EN" "https://dtd.nlm.nih.gov/ncbi/pmc/articleset/nlm-articleset-2.0.dtd">
<pmc-articleset><article xmlns:xlink="http://www.w3.org/1999/xlink" xmlns:mml="http://www.w3.org/1998/Math/MathML" id="CD006366.pub4" article-type="systematic-review">
  <!--The publisher of this article does not allow downloading of the full text in XML form.-->
  <front>
    <journal-meta>
      <journal-id journal-id-type="nlm-ta">Cochrane Database Syst Rev</journal-id>
      <journal-id journal-id-type="iso-abbrev">Cochrane Database Syst Rev</journal-id>
      <journal-id journal-id-type="publisher-id">14651858</journal-id>
      <journal-id journal-id-type="doi">10.1002/14651858</journal-id>
      <journal-title-group>
        <journal-title>The Cochrane Database of Systematic Reviews</journal-title>
      </journal-title-group>
      <issn pub-type="epub">1469-493X</issn>
      <issn-l>1361-6137</issn-l>
      <publisher>
        <publisher-name>John Wiley &amp; Sons, Ltd</publisher-name>
        <publisher-loc>Chichester, UK</publisher-loc>
      </publisher>
    </journal-meta>
    <article-meta>
      <article-id pub-id-type="pmid">29364503</article-id>
      <article-id pub-id-type="pmc">6491312</article-id>
      <article-id pub-id-type="doi">10.1002/14651858.CD006366.pub4</article-id>
      <article-id pub-id-type="publisher-id">CD006366</article-id>
      <article-id pub-id-type="other">CD006366.pub4</article-id>
      <article-categories>
        <subj-group subj-group-type="heading">
          <subject>Medicine General &amp; Introductory Medical Sciences</subject>
        </subj-group>
      </article-categories>
      <title-group>
        <article-title>Surgery for postvitrectomy cataract</article-title>
      </title-group>
      <contrib-group>
        <contrib id="d28e63" contrib-type="author" corresp="yes">
          <name>
            <surname>Do</surname>
            <given-names>Diana V</given-names>
          </name>
          <address>
            <email>dianado@stanford.edu</email>
          </address>
          <xref ref-type="aff" rid="CD006366-aff-0001"/>
        </contrib>
        <contrib id="d28e68" contrib-type="author">
          <name>
            <surname>Gichuhi</surname>
            <given-names>Stephen</given-names>
          </name>
          <xref ref-type="aff" rid="CD006366-aff-0002"/>
        </contrib>
        <contrib id="d28e73" contrib-type="author">
          <name>
            <surname>Vedula</surname>
            <given-names>Satyanarayana S</given-names>
          </name>
          <xref ref-type="aff" rid="CD006366-aff-0003"/>
        </contrib>
        <contrib id="d28e78" contrib-type="author">
          <name>
            <surname>Hawkins</surname>
            <given-names>Barbara S</given-names>
          </name>
          <xref ref-type="aff" rid="CD006366-aff-0004"/>
        </contrib>
      </contrib-group>
      <aff id="CD006366-aff-0001">
        <institution>Stanford University School of Medicine</institution>
        <institution content-type="dept">Byers Eye Institute</institution>
        <addr-line>2452 Watson Court</addr-line>
        <city>Palo Alto</city>
        <country>USA</country>
        <postal-code>94303</postal-code>
      </aff>
      <aff id="CD006366-aff-0002">
        <institution>University of Nairobi</institution>
        <institution content-type="dept">Department of Ophthalmology</institution>
        <addr-line>P.O Box 347, KNH</addr-line>
        <city>Nairobi</city>
        <country>Kenya</country>
        <postal-code>00202</postal-code>
      </aff>
      <aff id="CD006366-aff-0003">
        <institution>Johns Hopkins University</institution>
        <addr-line>3400 N. Charles Street</addr-line>
        <city>Baltimore</city>
        <country>USA</country>
        <postal-code>21218</postal-code>
      </aff>
      <aff id="CD006366-aff-0004">
        <institution>Johns Hopkins University School of Medicine</institution>
        <institution content-type="dept">Wilmer Eye Institute</institution>
        <addr-line>550 North Broadway, 9th floor</addr-line>
        <city>Baltimore</city>
        <country>USA</country>
        <postal-code>21205&#x2010;2010</postal-code>
      </aff>
      <author-notes>
        <fn>
          <p>Editorial Group: Cochrane Eyes and Vision Group.</p>
        </fn>
      </author-notes>
      <pub-date pub-type="epub">
        <day>10</day>
        <month>1</month>
        <year>2018</year>
      </pub-date>
      <pub-date pub-type="collection">
        <month>1</month>
        <year>2018</year>
      </pub-date>
      <pub-date pub-type="update">
        <day>03</day>
        <month>01</month>
        <year>2018</year>
      </pub-date>
      <volume>2018</volume>
      <issue>1</issue>
      <elocation-id>CD006366</elocation-id>
      <history>
        <date date-type="previous-update" publication-format="electronic">
          <day>19</day>
          <month>12</month>
          <year>2013</year>
        </date>
        <date date-type="cl-record-assessed-up-to-date">
          <day>17</day>
          <month>05</month>
          <year>2017</year>
        </date>
      </history>
      <permissions>
        <copyright-statement>Copyright &#xA9; 2018 The Cochrane Collaboration. Published by John Wiley &amp; Sons, Ltd.</copyright-statement>
        <copyright-year>2018</copyright-year>
        <copyright-holder>The Cochrane Collaboration</copyright-holder>
      </permissions>
      <related-article related-article-type="updated-article" ext-link-type="doi" xlink:href="10.1002/14651858.CD006366.pub3" id="d28e171"/>
      <abstract>
        <sec>
          <title>Background</title>
          <p>Cataract formation or acceleration can occur after intraocular surgery, especially following vitrectomy, a surgical technique for removing the vitreous that is used in the treatment of many disorders that affect the posterior segment of the eye. The underlying problem that led to vitrectomy may limit the benefit from removal of the cataractous lens.</p>
        </sec>
        <sec>
          <title>Objectives</title>
          <p>To evaluate the effectiveness and safety of surgery versus no surgery for postvitrectomy cataract with respect to visual acuity, quality of life, and other outcomes.</p>
        </sec>
        <sec>
          <title>Search methods</title>
          <p>We searched the Cochrane Central Register of Controlled Trials (CENTRAL) (which contains the Cochrane Eyes and Vision Trials Register) (2017, Issue 5), MEDLINE Ovid (1946 to 17 May 2017), Embase.com (1947 to 17 May 2017), PubMed (1946 to 17 May 2017), Latin American and Caribbean Health Sciences Literature database (LILACS) (January 1982 to 17 May 2017), the <italic>meta</italic>Register of Controlled Trials (<italic>m</italic>RCT) (<uri>www.controlled&#x2010;trials.com</uri>); last searched May 2013, ClinicalTrials.gov (<uri>www.clinicaltrials.gov</uri>); searched 17 May 2017, and the World Health Organization (WHO) International Clinical Trials Registry Platform (ICTRP) (<uri>www.who.int/ictrp/search/en</uri>); searched 17 May 2017. We did not use any date or language restrictions in the electronic searches for trials.</p>
        </sec>
        <sec>
          <title>Selection criteria</title>
          <p>We planned to include randomized controlled trials (RCTs) and quasi&#x2010;RCTs that had compared surgery versus no surgery to remove the lens from eyes of adults in which cataracts had developed following vitrectomy.</p>
        </sec>
        <sec>
          <title>Data collection and analysis</title>
          <p>Two review authors independently screened the search results according to the standard methodological procedures expected by Cochrane.</p>
        </sec>
        <sec>
          <title>Main results</title>
          <p>We found no RCTs or quasi&#x2010;RCTs that had compared surgery versus no surgery to remove the lens from eyes of adults in which cataracts had developed following vitrectomy.</p>
        </sec>
        <sec>
          <title>Authors' conclusions</title>
          <p>There is no evidence from RCTs or quasi&#x2010;RCTs on which to base clinical recommendations for surgery for postvitrectomy cataract. There is a clear need for RCTs to address this evidence gap. Such trials should stratify participants by their age, the retinal disorder leading to vitrectomy, and the status of the underlying disease process in the contralateral eye. Outcomes assessed in such trials may include changes (both gains and losses) of visual acuity, quality of life, and adverse events such as posterior capsular rupture and retinal detachment. Both short&#x2010;term (six&#x2010;month) and long&#x2010;term (one&#x2010; or two&#x2010;year) outcomes should be examined.</p>
        </sec>
      </abstract>
      <abstract abstract-type="short">
        <title>Surgery to remove cataracts after vitrectomy</title>
        <p><bold>Review aim</bold> The aim of this Cochrane Review was to evaluate the evidence regarding the effect of surgery to remove the lens from eyes in which cataracts (clouding of the lens in front of the eye) develop after vitrectomy. Vitrectomy surgery is used to remove the vitreous (the clear gel) in the center of the eye during repair or amelioration of a number of retinal disorders (such as retinal detachment and macular holes or in cases of vitreous hemorrhage).</p>
        <p><bold>What was studied in this review?</bold> Vitrectomy can result in the formation or acceleration of cataract. The underlying problem that led to vitrectomy may affect visual acuity, quality of life, and other outcomes after the surgery to remove the cataractous lens.</p>
        <p><bold>Main results</bold> We found no randomized controlled trials (trials in which participants had been randomly assigned to one treatment group or another) that evaluated the benefits or risks (or both) of cataract surgery following vitrectomy. Since cataract surgery may lead to loss of vision due to worsening or recurrence of the condition that prompted the vitrectomy, its role in these patients remains unknown. Future trials to address this review question should separate participants by age, the disorder leading to vitrectomy, and the status of the underlying disease process in the opposite eye. Outcomes relevant to patients such as improvement in visual acuity, other measures of vision, and quality of life usually expected from cataract surgery, and harms should be examined both in the short term (six months after cataract surgery) and in the long term (one to two years after cataract surgery).</p>
        <p><bold>Key messages</bold> There is an evidence gap as to whether surgery to remove cataracts in people in whose eyes cataracts develop after vitrectomy is better than no surgery.</p>
        <p><bold>How up&#x2010;to&#x2010;date is the review?</bold> We searched for studies published up to 17 May 2017.</p>
      </abstract>
      <kwd-group kwd-group-type="mesh">
        <kwd>Adult</kwd>
        <kwd>Humans</kwd>
        <kwd>Cataract Extraction</kwd>
        <kwd>Cataract</kwd>
        <kwd>Cataract/etiology</kwd>
        <kwd>Postoperative Complications</kwd>
        <kwd>Postoperative Complications/surgery</kwd>
        <kwd>Quality of Life</kwd>
        <kwd>Visual Acuity</kwd>
        <kwd>Vitrectomy</kwd>
        <kwd>Vitrectomy/adverse effects</kwd>
      </kwd-group>
    </article-meta>
    <notes notes-type="status-note">
      <p>New search for studies and content updated (no change to conclusions)</p>
    </notes>
  </front>
</article>
</pmc-articleset>