<?xml version="1.0" ?>
<!DOCTYPE pmc-articleset PUBLIC "-//NLM//DTD ARTICLE SET 2.0//EN" "https://dtd.nlm.nih.gov/ncbi/pmc/articleset/nlm-articleset-2.0.dtd">
<pmc-articleset><article xmlns:xlink="http://www.w3.org/1999/xlink" xmlns:mml="http://www.w3.org/1998/Math/MathML" id="CD010277.pub3" article-type="systematic-review">
  <!--The publisher of this article does not allow downloading of the full text in XML form.-->
  <front>
    <journal-meta>
      <journal-id journal-id-type="nlm-ta">Cochrane Database Syst Rev</journal-id>
      <journal-id journal-id-type="iso-abbrev">Cochrane Database Syst Rev</journal-id>
      <journal-id journal-id-type="publisher-id">14651858</journal-id>
      <journal-id journal-id-type="doi">10.1002/14651858</journal-id>
      <journal-title-group>
        <journal-title>The Cochrane Database of Systematic Reviews</journal-title>
      </journal-title-group>
      <issn pub-type="epub">1469-493X</issn>
      <issn-l>1361-6137</issn-l>
      <publisher>
        <publisher-name>John Wiley &amp; Sons, Ltd</publisher-name>
        <publisher-loc>Chichester, UK</publisher-loc>
      </publisher>
    </journal-meta>
    <article-meta>
      <article-id pub-id-type="pmid">30601584</article-id>
      <article-id pub-id-type="pmc">6353233</article-id>
      <article-id pub-id-type="doi">10.1002/14651858.CD010277.pub3</article-id>
      <article-id pub-id-type="publisher-id">CD010277.pub3</article-id>
      <article-id pub-id-type="other">CD010277</article-id>
      <article-categories>
        <subj-group>
          <subject>Pneumonia</subject>
          <subject>Child health</subject>
          <subject>Infectious disease</subject>
          <subject>Lungs &amp; airways</subject>
        </subj-group>
      </article-categories>
      <title-group>
        <article-title>Chest physiotherapy for pneumonia in children</article-title>
      </title-group>
      <contrib-group>
        <contrib id="d20e204" contrib-type="author">
          <name>
            <surname>Chaves</surname>
            <given-names>Gabriela SS</given-names>
          </name>
          <xref ref-type="aff" rid="CD010277-aff-0001"/>
        </contrib>
        <contrib id="d20e208" contrib-type="author">
          <name>
            <surname>Freitas</surname>
            <given-names>Diana A</given-names>
          </name>
          <xref ref-type="aff" rid="CD010277-aff-0002"/>
        </contrib>
        <contrib id="d20e212" contrib-type="author">
          <name>
            <surname>Santino</surname>
            <given-names>Thayla A</given-names>
          </name>
          <xref ref-type="aff" rid="CD010277-aff-0003"/>
        </contrib>
        <contrib id="d20e216" contrib-type="author">
          <name>
            <surname>Nogueira</surname>
            <given-names>Patricia Angelica MS</given-names>
          </name>
          <xref ref-type="aff" rid="CD010277-aff-0003"/>
        </contrib>
        <contrib id="d20e220" contrib-type="author">
          <name>
            <surname>Fregonezi</surname>
            <given-names>Guilherme AF</given-names>
          </name>
          <xref ref-type="aff" rid="CD010277-aff-0003"/>
          <xref ref-type="aff" rid="CD010277-aff-0004"/>
        </contrib>
        <contrib id="d20e224" contrib-type="author" corresp="yes">
          <name>
            <surname>Mendon&#xE7;a</surname>
            <given-names>Karla MPP</given-names>
          </name>
          <address>
            <email>karla-morganna@hotmail.com</email>
          </address>
          <xref ref-type="aff" rid="CD010277-aff-0005"/>
        </contrib>
        <contrib id="d20e234" contrib-type="editor">
          <collab collab-type="editors">Cochrane Acute Respiratory Infections Group</collab>
        </contrib>
      </contrib-group>
      <aff id="CD010277-aff-0001">
        <institution>Federal University of Minas Gerais</institution>
        <institution content-type="dept">Rehabilitation Science Program</institution>
        <city>Belo Horizonte</city>
        <country>Brazil</country>
      </aff>
      <aff id="CD010277-aff-0002">
        <institution>Centro Universit&#xE1;rio Facex (UNIFACEX)</institution>
        <addr-line>Rua Orlando Silva, 2896</addr-line>
        <addr-line>Bairro Capim Macio</addr-line>
        <city>Natal</city>
        <state>Rio Grande do Norte</state>
        <country>Brazil</country>
        <postal-code>59080&#x2010;020</postal-code>
      </aff>
      <aff id="CD010277-aff-0003">
        <institution>Federal University of Rio Grande do Norte</institution>
        <institution content-type="dept">Department of Physical Therapy</institution>
        <addr-line>Av. Senador Salgado Filho, 3000</addr-line>
        <city>Natal</city>
        <state>Rio Grande do Norte</state>
        <country>Brazil</country>
        <postal-code>59.078&#x2010;970</postal-code>
      </aff>
      <aff id="CD010277-aff-0004">
        <institution>Onofre Lopes University Hospital, Brazilian Company of Hospital Services (EBSERH)</institution>
        <institution content-type="dept">PneumoCardioVascular Lab</institution>
        <city>Natal</city>
        <state>Rio Grande do Norte</state>
        <country>Brazil</country>
        <postal-code>59078&#x2010;970</postal-code>
      </aff>
      <aff id="CD010277-aff-0005">
        <institution>Federal University of Rio Grande do Norte</institution>
        <institution content-type="dept">PhD Program in Physical Therapy</institution>
        <addr-line>Avenida Senador Salgado Filho, 300</addr-line>
        <addr-line>Bairro Lagoa Nova</addr-line>
        <city>Natal</city>
        <state>Rio Grande do Norte</state>
        <country>Brazil</country>
        <postal-code>59078&#x2010;970</postal-code>
      </aff>
      <pub-date pub-type="epub">
        <day>2</day>
        <month>1</month>
        <year>2019</year>
      </pub-date>
      <pub-date pub-type="collection">
        <month>1</month>
        <year>2019</year>
      </pub-date>
      <pub-date pub-type="update">
        <day>18</day>
        <month>9</month>
        <year>2019</year>
      </pub-date>
      <volume>2019</volume>
      <issue>1</issue>
      <elocation-id>CD010277</elocation-id>
      <permissions>
        <copyright-statement>Copyright &#xA9; 2019 The Cochrane Collaboration. Published by John Wiley &amp; Sons, Ltd.</copyright-statement>
      </permissions>
      <related-article related-article-type="updated-article" ext-link-type="doi" xlink:href="10.1002/14651858.CD010277.pub2" id="d20e38"/>
      <abstract>
        <title>Abstract</title>
        <sec id="CD010277-abs1-0001">
          <title>Background</title>
          <p>Pneumonia is a lung infection that causes more deaths in children aged under five years than any other single cause. Chest physiotherapy is widely used as adjuvant treatment for pneumonia. Physiotherapy is thought to help remove inflammatory exudates, tracheobronchial secretions, and airway obstructions, and reduce airway resistance to improve breathing and enhance gas exchange. This is an update of a review published in 2013.</p>
        </sec>
        <sec id="CD010277-abs1-0002">
          <title>Objectives</title>
          <p>To assess the effectiveness of chest physiotherapy with regard to time until clinical resolution in children (from birth to 18 years) of either gender with any type of pneumonia.</p>
        </sec>
        <sec id="CD010277-abs1-0003">
          <title>Search methods</title>
          <p>We searched the Cochrane Central Register of Controlled Trials (CENTRAL; 2018, Issue 1), which includes the Cochrane Acute Respiratory Infections Group Specialised Register, MEDLINE (22 February 2018), Embase (22 February 2018), CINAHL (22 February 2018), LILACS (22 February 2018), Web of Science (22 February 2018), and PEDro (22 February 2018). We also searched clinical trials registers (ClinicalTrials.gov and WHO ICTRP) to identify planned, ongoing, and unpublished trials.</p>
        </sec>
        <sec id="CD010277-abs1-0004">
          <title>Selection criteria</title>
          <p>We included randomised controlled trials (RCTs) that compared any type of chest physiotherapy with no chest physiotherapy for children with pneumonia.</p>
        </sec>
        <sec id="CD010277-abs1-0005">
          <title>Data collection and analysis</title>
          <p>We used standard Cochrane methodological procedures. The primary outcomes of interest were mortality, duration of hospital stay, and time to clinical resolution. We used Review Manager 5 software to analyse data and GRADE to assess the quality of the evidence for each outcome.</p>
        </sec>
        <sec id="CD010277-abs1-0006">
          <title>Main results</title>
          <p>We included three new RCTs for this update, for a total of six included RCTs involving 559 children aged from 29 days to 12 years with pneumonia who were treated as inpatients. Pneumonia severity was described as moderate in one trial, severe in two trials, and was not stated in three trials<italic>.</italic> The studies assessed five different interventions: effects of conventional chest physiotherapy (3 studies, 211 children), positive expiratory pressure (1 study, 72 children), continuous positive airway pressure (CPAP) (1 study, 94 children), bubble CPAP (bCPAP) (1 study, 225 children), and assisted autogenic drainage (1 studies, 29 children). The included studies were conducted in Bangladesh, Brazil, China, Egypt, and South Africa. The studies were overall at low risk of bias. Blinding of participants was not possible in most studies, but we considered that the outcomes were unlikely to be influenced by the lack of blinding.</p>
          <p>One study of bCPAP reported that three deaths occurred in children in the physiotherapy group (N = 79), and 20 deaths in the control group (N = 146) (risk ratio (RR) 0.28, 95% confidence interval (CI) 0.08 to 0.90; 225 children; low&#x2010;quality evidence). One study of assisted autogenic drainage (N = 29), and one study of conventional chest physiotherapy (N = 72) reported no deaths occurred. It is uncertain whether chest physiotherapy techniques (bCPAP, assisted autogenic drainage, and conventional chest physiotherapy) reduced hospital stay duration (days) (mean difference (MD) 0.10, 95% CI &#x2010;0.56 to 0.76; 4 studies; low&#x2010;quality evidence).</p>
          <p>There was variation among clinical parameters used to define clinical resolution. Two small studies found no difference in resolution of fever between children in the physiotherapy (conventional chest physiotherapy and assisted autogenic drainage) and control groups. Of five studies that considered peripheral oxygen saturation levels, only two reported that use of chest physiotherapy (CPAP and conventional chest physiotherapy) showed a greater improvement in peripheral oxygen saturation levels. However, it was unclear whether respiratory rate (breaths/min) improved after conventional chest physiotherapy (MD &#x2010;2.25, 95% CI &#x2010;5.17 to 0.68; 2 studies, 122 children; low&#x2010;quality evidence). Two studies assessed adverse events (number of events), but only one study reported any events (RR 1.28, 95% CI 0.98 to 1.67; 2 studies, 254 children; low&#x2010;quality evidence).</p>
        </sec>
        <sec id="CD010277-abs1-0007">
          <title>Authors' conclusions</title>
          <p>We could draw no reliable conclusions concerning the use of chest physiotherapy for children with pneumonia due to the small number of included trials with differing study characteristics and statistical presentation of data. Future studies should consider the following key points: appropriate sample size with adequate power to detect expected differences, standardisation of chest physiotherapy techniques, appropriate outcomes (such as duration of leukocytosis, and airway clearance), and adverse effects.</p>
        </sec>
      </abstract>
      <abstract abstract-type="short">
        <title>Plain language summary</title>
        <p>
          <bold>Chest physiotherapy for pneumonia in children</bold>
        </p>
        <p>
          <bold>Review question</bold>
        </p>
        <p>We reviewed the evidence regarding the effect of any type of chest physiotherapy for children with pneumonia.</p>
        <p>
          <bold>Background</bold>
        </p>
        <p>Pneumonia is a type of lung infection and the biggest cause of worldwide deaths among children aged up to five years. Chest physiotherapy may contribute to children's recovery because it can help to open airways and assist breathing.</p>
        <p>
          <bold>Search date</bold>
        </p>
        <p>The evidence is current to 22 February 2018.</p>
        <p>
          <bold>Study characteristics</bold>
        </p>
        <p>We included six studies involving 559 children with pneumonia aged from 29 days to 12 years. This is an update of a review published in 2013 and includes three new studies.</p>
        <p>Studies were conducted in hospitals in Bangladesh, Brazil, China, Egypt, and South Africa.</p>
        <p>Pneumonia was described as moderate to severe in three studies, but severity was not described in three studies. All studies included children who received physiotherapy and others who did not. All children also received standard medical treatment for pneumonia.</p>
        <p>The studies assessed deaths, length of hospital stay, time taken to attain normal test results (no signs of pneumonia), and adverse events.</p>
        <p>
          <bold>Study funding sources</bold>
        </p>
        <p>Four studies reported sources of funding (a child health agency, university, government research grants), and two did not report study funding sources.</p>
        <p>
          <bold>Key results</bold>
        </p>
        <p>One study reported fewer deaths in children who received bubble continuous positive airway pressure (bCPAP). Physiotherapy techniques (bCPAP, assisted autogenic drainage, and conventional chest physiotherapy) were not associated with shorter hospital stays. Two studies reported improvements in blood oxygen levels after chest physiotherapy (CPAP and conventional chest physiotherapy). No clear improvement in respiratory rate was observed after conventional chest physiotherapy. Based on the available evidence, we could not confirm if chest physiotherapy is beneficial or not for children with pneumonia.</p>
        <p>
          <bold>Quality of the evidence</bold>
        </p>
        <p>We assessed the overall quality of the evidence as low due to inadequate study methods and design, differing results among studies, and few data.</p>
      </abstract>
    </article-meta>
    <notes notes-type="status-note">
      <p>Edited (no change to conclusions)</p>
    </notes>
  </front>
</article>
</pmc-articleset>