<?xml version="1.0" ?>
<!DOCTYPE pmc-articleset PUBLIC "-//NLM//DTD ARTICLE SET 2.0//EN" "https://dtd.nlm.nih.gov/ncbi/pmc/articleset/nlm-articleset-2.0.dtd">
<pmc-articleset><article xmlns:xlink="http://www.w3.org/1999/xlink" xmlns:mml="http://www.w3.org/1998/Math/MathML" id="CD009376.pub2" article-type="systematic-review">
  <!--The publisher of this article does not allow downloading of the full text in XML form.-->
  <front>
    <journal-meta>
      <journal-id journal-id-type="nlm-ta">Cochrane Database Syst Rev</journal-id>
      <journal-id journal-id-type="iso-abbrev">Cochrane Database Syst Rev</journal-id>
      <journal-id journal-id-type="publisher-id">14651858</journal-id>
      <journal-id journal-id-type="doi">10.1002/14651858</journal-id>
      <journal-title-group>
        <journal-title>The Cochrane Database of Systematic Reviews</journal-title>
      </journal-title-group>
      <issn pub-type="epub">1469-493X</issn>
      <issn-l>1361-6137</issn-l>
      <publisher>
        <publisher-name>John Wiley &amp; Sons, Ltd</publisher-name>
        <publisher-loc>Chichester, UK</publisher-loc>
      </publisher>
    </journal-meta>
    <article-meta>
      <article-id pub-id-type="pmid">29291254</article-id>
      <article-id pub-id-type="pmc">6491071</article-id>
      <article-id pub-id-type="doi">10.1002/14651858.CD009376.pub2</article-id>
      <article-id pub-id-type="publisher-id">CD009376</article-id>
      <article-id pub-id-type="other">CD009376.pub2</article-id>
      <article-categories>
        <subj-group subj-group-type="heading">
          <subject>Medicine General &amp; Introductory Medical Sciences</subject>
        </subj-group>
      </article-categories>
      <title-group>
        <article-title>Supportive periodontal therapy (SPT) for maintaining the dentition in adults treated for periodontitis</article-title>
      </title-group>
      <contrib-group>
        <contrib id="d28e63" contrib-type="author" corresp="yes">
          <name>
            <surname>Manresa</surname>
            <given-names>Carolina</given-names>
          </name>
          <address>
            <email>cmanresa@ub.edu</email>
            <email>manresa.carolina@gmail.com</email>
          </address>
          <xref ref-type="aff" rid="CD009376-aff-0001"/>
        </contrib>
        <contrib id="d28e68" contrib-type="author">
          <name>
            <surname>Sanz&#x2010;Miralles</surname>
            <given-names>Elena C</given-names>
          </name>
          <xref ref-type="aff" rid="CD009376-aff-0001 CD009376-aff-0002"/>
        </contrib>
        <contrib id="d28e73" contrib-type="author">
          <name>
            <surname>Twigg</surname>
            <given-names>Joshua</given-names>
          </name>
          <xref ref-type="aff" rid="CD009376-aff-0003"/>
        </contrib>
        <contrib id="d28e78" contrib-type="author">
          <name>
            <surname>Bravo</surname>
            <given-names>Manuel</given-names>
          </name>
          <xref ref-type="aff" rid="CD009376-aff-0004"/>
        </contrib>
      </contrib-group>
      <aff id="CD009376-aff-0001">
        <institution>Dental School, University of Barcelona</institution>
        <institution content-type="dept">Adult Comprehensive Dentistry</institution>
        <addr-line>Feixa LLarga s/nHospitalet de Llobregat</addr-line>
        <city>Barcelona</city>
        <country>Spain</country>
        <postal-code>08907</postal-code>
      </aff>
      <aff id="CD009376-aff-0002">
        <institution>Columbia University</institution>
        <institution content-type="dept">Division of Periodontics, Section of Oral, Diagnostic and Rehabilitation Sciences, College of Dental Medicine</institution>
        <city>New York</city>
        <country>USA</country>
        <postal-code/>
      </aff>
      <aff id="CD009376-aff-0003">
        <institution>Cardiff University</institution>
        <institution content-type="dept">School of Dentistry</institution>
        <addr-line>Department of Oral and Biomedical SciencesHeath Park</addr-line>
        <city>Cardiff</city>
        <country>UK</country>
        <postal-code>CF14 4XY</postal-code>
      </aff>
      <aff id="CD009376-aff-0004">
        <institution>Dental School, University of Granada</institution>
        <institution content-type="dept">Preventive Dentistry</institution>
        <addr-line>Campus de la Cartuja s/n</addr-line>
        <city>Granada</city>
        <country>Spain</country>
        <postal-code>08071</postal-code>
      </aff>
      <author-notes>
        <fn>
          <p>Editorial Group: Cochrane Oral Health Group.</p>
        </fn>
      </author-notes>
      <pub-date pub-type="epub">
        <day>01</day>
        <month>1</month>
        <year>2018</year>
      </pub-date>
      <pub-date pub-type="collection">
        <month>1</month>
        <year>2018</year>
      </pub-date>
      <pub-date pub-type="update">
        <day>31</day>
        <month>12</month>
        <year>2017</year>
      </pub-date>
      <volume>2018</volume>
      <issue>1</issue>
      <elocation-id>CD009376</elocation-id>
      <history>
        <date date-type="previous-update" publication-format="electronic">
          <day>05</day>
          <month>10</month>
          <year>2011</year>
        </date>
        <date date-type="cl-record-assessed-up-to-date">
          <day>08</day>
          <month>05</month>
          <year>2017</year>
        </date>
      </history>
      <permissions>
        <copyright-statement>Copyright &#xA9; 2018 The Cochrane Collaboration. Published by John Wiley &amp; Sons, Ltd.</copyright-statement>
        <copyright-year>2018</copyright-year>
        <copyright-holder>The Cochrane Collaboration</copyright-holder>
      </permissions>
      <related-article related-article-type="updated-article" ext-link-type="doi" xlink:href="10.1002/14651858.CD009376" id="d28e171"/>
      <abstract>
        <sec>
          <title>Background</title>
          <p>Periodontitis is a bacterially&#x2010;induced, chronic inflammatory disease that destroys the connective tissues and bone that support teeth. Active periodontal treatment aims to reduce the inflammatory response, primarily through eradication of bacterial deposits. Following completion of treatment and arrest of inflammation, supportive periodontal therapy (SPT) is employed to reduce the probability of re&#x2010;infection and progression of the disease; to maintain teeth without pain, excessive mobility or persistent infection in the long term, and to prevent related oral diseases.</p>
          <p>According to the American Academy of Periodontology, SPT should include all components of a typical dental recall examination, and importantly should also include periodontal re&#x2010;evaluation and risk assessment, supragingival and subgingival removal of bacterial plaque and calculus, and re&#x2010;treatment of any sites showing recurrent or persistent disease. While the first four points might be expected to form part of the routine examination appointment for periodontally healthy patients, the inclusion of thorough periodontal evaluation, risk assessment and subsequent treatment &#x2010; normally including mechanical debridement of any plaque or calculus deposits &#x2010; differentiates SPT from routine care.</p>
          <p>Success of SPT has been reported in a number of long&#x2010;term, retrospective studies. This review aimed to assess the evidence available from randomised controlled trials (RCTs).</p>
        </sec>
        <sec>
          <title>Objectives</title>
          <p>To determine the effects of supportive periodontal therapy (SPT) in the maintenance of the dentition of adults treated for periodontitis.</p>
        </sec>
        <sec>
          <title>Search methods</title>
          <p>Cochrane Oral Health&#x2019;s Information Specialist searched the following databases: Cochrane Oral Health&#x2019;s Trials Register (to 8 May 2017), the Cochrane Central Register of Controlled Trials (CENTRAL) (the Cochrane Library, 2017, Issue 5), MEDLINE Ovid (1946 to 8 May 2017), and Embase Ovid (1980 to 8 May 2017). The US National Institutes of Health Trials Registry (<uri>ClinicalTrials.gov</uri>) and the <uri>World Health Organization International Clinical Trials Registry Platform</uri> were searched for ongoing trials. No restrictions were placed on the language or date of publication when searching the electronic databases.</p>
        </sec>
        <sec>
          <title>Selection criteria</title>
          <p>Randomised controlled trials (RCTs) evaluating SPT versus monitoring only or alternative approaches to mechanical debridement; SPT alone versus SPT with adjunctive interventions; different approaches to or providers of SPT; and different time intervals for SPT delivery.</p>
          <p>We excluded split&#x2010;mouth studies where we considered there could be a risk of contamination.</p>
          <p>Participants must have completed active periodontal therapy at least six months prior to randomisation and be enrolled in an SPT programme. Trials must have had a minimum follow&#x2010;up period of 12 months.</p>
        </sec>
        <sec>
          <title>Data collection and analysis</title>
          <p>Two review authors independently screened search results to identify studies for inclusion, assessed the risk of bias in included studies and extracted study data. When possible, we calculated mean differences (MDs) and 95% confidence intervals (CIs) for continuous variables. Two review authors assessed the quality of evidence for each comparison and outcome using GRADE criteria.</p>
        </sec>
        <sec>
          <title>Main results</title>
          <p>We included four trials involving 307 participants aged 31 to 85 years, who had been previously treated for moderate to severe chronic periodontitis. Three studies compared adjuncts to mechanical debridement in SPT versus debridement only. The adjuncts were local antibiotics in two studies (one at high risk of bias and one at low risk) and photodynamic therapy in one study (at unclear risk of bias). One study at high risk of bias compared provision of SPT by a specialist versus general practitioner. We did not identify any RCTs evaluating the effects of SPT versus monitoring only, or of providing SPT at different time intervals, or that compared the effects of mechanical debridement using different approaches or technologies.</p>
          <p>No included trials measured our primary outcome 'tooth loss'; however, studies evaluated signs of inflammation and potential periodontal disease progression, including bleeding on probing (BoP), clinical attachment level (CAL) and probing pocket depth (PPD).</p>
          <p>There was no evidence of a difference between SPT delivered by a specialist versus a general practitioner for BoP or PPD at 12 months (very low&#x2010;quality evidence). This study did not measure CAL or adverse events.</p>
          <p>Due to heterogeneous outcome reporting, it was not possible to combine data from the two studies comparing mechanical debridement with or without the use of adjunctive local antibiotics. Both studies found no evidence of a difference between groups at 12 months (low to very low&#x2010;quality evidence). There were no adverse events in either study.</p>
          <p>The use of adjunctive photodynamic therapy did not demonstrate evidence of benefit compared to mechanical debridement only (very low&#x2010;quality evidence). Adverse events were not measured.</p>
          <p>The quality of the evidence is low to very low for these comparisons. Future research is likely to change the findings, therefore the results should be interpreted with caution.</p>
        </sec>
        <sec>
          <title>Authors' conclusions</title>
          <p>Overall, there is insufficient evidence to determine the superiority of different protocols or adjunctive strategies to improve tooth maintenance during SPT. No trials evaluated SPT versus monitoring only. The evidence available for the comparisons evaluated is of low to very low quality, and hampered by dissimilarities in outcome reporting. More trials using uniform definitions and outcomes are required to address the objectives of this review.</p>
        </sec>
      </abstract>
      <abstract abstract-type="short">
        <title>Supportive periodontal therapy (SPT) to preserve teeth in people previously treated for periodontitis</title>
        <p>
          <bold>Background</bold>
        </p>
        <p>Periodontitis (gum disease) is a chronic condition caused by bacteria, which stimulate inflammation and destruction of the bone and gum tissue supporting teeth. People treated for periodontitis can reduce the probability of re&#x2010;infection and disease progression through regular supportive periodontal therapy (SPT). SPT starts once periodontitis has been treated satisfactorily, meaning that inflammation has been controlled and destruction of tissues supporting the tooth (bone and gums) has been arrested. SPT aims to maintain teeth in function, without pain, excessive mobility or persistent infection over the long term. SPT treatment typically includes ensuring excellent oral hygiene, frequent monitoring for progression or recurrence of disease, and removal of microbial deposits by dental professionals. Although success of SPT has been suggested through a number of long&#x2010;term, retrospective studies, it is important to consider evidence available from randomised controlled trials (RCTs).</p>
        <p>
          <bold>Review question</bold>
        </p>
        <p>This review explored the effects of different SPT approaches in adults previously treated for periodontitis.</p>
        <p>
          <bold>Study characteristics</bold>
        </p>
        <p>We searched the medical and dental literature up to 8 May 2017. We found four relevant studies known as randomised controlled trials (RCTs), with 307 participants aged 31 to 85 years. All participants had previously been treated for moderate to severe chronic periodontitis and enrolled in a SPT programme for at least three months. Studies evaluated participants for at least 12 months after starting their SPT programme.</p>
        <p>The studies compared: additional use of an antibiotic (doxycycline in one study, minocycline in another) to professional cleaning (debridement); additional use of photodynamic therapy to debridement only, and SPT provided by a specialist versus a general dentist. We did not identify any RCTs comparing the effects of providing SPT versus monitoring only, the effects of SPT provided at different time intervals or the effects of mechanical debridement using different approaches or technologies.</p>
        <p>None of the studies reported tooth loss. However, studies evaluated signs of inflammation and potential periodontal disease progression, including bleeding on probing, clinical attachment level and probing pocket depth.</p>
        <p>
          <bold>Key results</bold>
        </p>
        <p>The very limited amount of evidence did not provide evidence of one approach being better than another to improve tooth maintenance during SPT. Low&#x2010; to very low&#x2010;quality evidence suggests that adjunctive treatments may not provide any additional benefit for SPT compared with mechanical debridement alone. Evidence of very low quality suggests that SPT performed by general dentists under specialised prescription may be as effective as specialised treatment. Overall, there is not enough evidence available to recommend a certain approach or additional treatment in SPT to maintain teeth, promote gum health and prevent relapse.</p>
        <p>
          <bold>Quality of the evidence</bold>
        </p>
        <p>There were only four small studies, and only one of them was at low risk of bias. We judged the evidence to be of low or very low quality, therefore we cannot be confident in any conclusions drawn from the studies' results.</p>
        <p>
          <bold>Authors' conclusions</bold>
        </p>
        <p>We found insufficient evidence about the best approaches to SPT, and no RCTs evaluated SPT versus monitoring only. The evidence we found was low to very low quality, and studies used different methods to report their results, making comparison difficult. More studies are needed that report their findings in a uniform manner.</p>
      </abstract>
      <kwd-group kwd-group-type="mesh">
        <kwd>Adult</kwd>
        <kwd>Aged</kwd>
        <kwd>Aged, 80 and over</kwd>
        <kwd>Humans</kwd>
        <kwd>Middle Aged</kwd>
        <kwd>Anti&#x2010;Bacterial Agents</kwd>
        <kwd>Anti&#x2010;Bacterial Agents/therapeutic use</kwd>
        <kwd>Chronic Periodontitis</kwd>
        <kwd>Chronic Periodontitis/complications</kwd>
        <kwd>Chronic Periodontitis/therapy</kwd>
        <kwd>Dental Plaque</kwd>
        <kwd>Dental Plaque/therapy</kwd>
        <kwd>Periodontal Debridement</kwd>
        <kwd>Periodontal Debridement/methods</kwd>
        <kwd>Periodontics</kwd>
        <kwd>Periodontics/methods</kwd>
        <kwd>Photochemotherapy</kwd>
        <kwd>Photochemotherapy/methods</kwd>
        <kwd>Randomized Controlled Trials as Topic</kwd>
        <kwd>Tooth Loss</kwd>
        <kwd>Tooth Loss/prevention &amp; control</kwd>
      </kwd-group>
    </article-meta>
    <notes notes-type="status-note">
      <p>New</p>
    </notes>
  </front>
</article>
</pmc-articleset>