<?xml version="1.0" ?>
<!DOCTYPE pmc-articleset PUBLIC "-//NLM//DTD ARTICLE SET 2.0//EN" "https://dtd.nlm.nih.gov/ncbi/pmc/articleset/nlm-articleset-2.0.dtd">
<pmc-articleset><article xmlns:xlink="http://www.w3.org/1999/xlink" xmlns:mml="http://www.w3.org/1998/Math/MathML" id="CD012840" article-type="systematic-review">
  <!--The publisher of this article does not allow downloading of the full text in XML form.-->
  <front>
    <journal-meta>
      <journal-id journal-id-type="nlm-ta">Cochrane Database Syst Rev</journal-id>
      <journal-id journal-id-type="iso-abbrev">Cochrane Database Syst Rev</journal-id>
      <journal-id journal-id-type="publisher-id">14651858</journal-id>
      <journal-id journal-id-type="doi">10.1002/14651858</journal-id>
      <journal-title-group>
        <journal-title>The Cochrane Database of Systematic Reviews</journal-title>
      </journal-title-group>
      <issn pub-type="epub">1469-493X</issn>
      <issn-l>1361-6137</issn-l>
      <publisher>
        <publisher-name>John Wiley &amp; Sons, Ltd</publisher-name>
        <publisher-loc>Chichester, UK</publisher-loc>
      </publisher>
    </journal-meta>
    <article-meta>
      <article-id pub-id-type="pmc">6486108</article-id>
      <article-id pub-id-type="doi">10.1002/14651858.CD012840</article-id>
      <article-id pub-id-type="publisher-id">CD012840</article-id>
      <article-id pub-id-type="other">CD012840</article-id>
      <article-categories>
        <subj-group subj-group-type="heading">
          <subject>Medicine General &amp; Introductory Medical Sciences</subject>
        </subj-group>
      </article-categories>
      <title-group>
        <article-title>Gastrografin for treatment of meconium obstruction in term and preterm infants</article-title>
      </title-group>
      <contrib-group>
        <contrib id="d28e63" contrib-type="author" corresp="yes">
          <name>
            <surname>Fontijn</surname>
            <given-names>Jehudith</given-names>
          </name>
          <address>
            <email>Jehudith.fontijn@usz.ch</email>
          </address>
          <xref ref-type="aff" rid="CD012840-aff-0001 CD012840-aff-0002"/>
        </contrib>
        <contrib id="d28e68" contrib-type="author">
          <name>
            <surname>Koch</surname>
            <given-names>Alexander</given-names>
          </name>
          <xref ref-type="aff" rid="CD012840-aff-0003"/>
        </contrib>
        <contrib id="d28e73" contrib-type="author">
          <name>
            <surname>Wolff</surname>
            <given-names>Michael</given-names>
          </name>
          <xref ref-type="aff" rid="CD012840-aff-0001"/>
        </contrib>
        <contrib id="d28e78" contrib-type="author">
          <name>
            <surname>Meerpohl</surname>
            <given-names>Joerg J</given-names>
          </name>
          <xref ref-type="aff" rid="CD012840-aff-0004"/>
        </contrib>
        <contrib id="d28e83" contrib-type="author">
          <name>
            <surname>Bassler</surname>
            <given-names>Dirk</given-names>
          </name>
          <xref ref-type="aff" rid="CD012840-aff-0001 CD012840-aff-0002"/>
        </contrib>
      </contrib-group>
      <aff id="CD012840-aff-0001">
        <institution>University Hospital Z&#xFC;rich</institution>
        <institution content-type="dept">Department of Neonatology</institution>
        <city>Z&#xFC;rich</city>
        <country>Switzerland</country>
        <postal-code/>
      </aff>
      <aff id="CD012840-aff-0002">
        <institution>University of Z&#xFC;rich</institution>
        <city>Z&#xFC;rich</city>
        <country>Switzerland</country>
        <postal-code/>
      </aff>
      <aff id="CD012840-aff-0003">
        <institution>University Children's Hospital T&#xFC;bingen</institution>
        <institution content-type="dept">Department of Neonatology</institution>
        <addr-line>Calwerstr. 7</addr-line>
        <city>T&#xFC;bingen</city>
        <country>Germany</country>
        <postal-code>72076</postal-code>
      </aff>
      <aff id="CD012840-aff-0004">
        <institution>Medical Center &#x2013; Univ. of Freiburg, Faculty of Medicine, Univ. of Freiburg</institution>
        <institution content-type="dept">Cochrane Germany</institution>
        <addr-line>Breisacher Stra&#xDF;e 153</addr-line>
        <city>Freiburg</city>
        <country>Germany</country>
        <postal-code>79110</postal-code>
      </aff>
      <aff id="CD012840-aff-0005">
        <institution>University Hospital Z&#xFC;rich</institution>
        <institution content-type="dept">Neonatology</institution>
        <city>Z&#xFC;rich</city>
        <country>Switzerland</country>
        <postal-code/>
      </aff>
      <author-notes>
        <fn>
          <p>Editorial Group: Cochrane Neonatal Group.</p>
        </fn>
      </author-notes>
      <pub-date pub-type="epub">
        <day>06</day>
        <month>11</month>
        <year>2017</year>
      </pub-date>
      <pub-date pub-type="collection">
        <month>11</month>
        <year>2017</year>
      </pub-date>
      <pub-date pub-type="update">
        <day>23</day>
        <month>10</month>
        <year>2017</year>
      </pub-date>
      <volume>2017</volume>
      <issue>11</issue>
      <elocation-id>CD012840</elocation-id>
      <history/>
      <permissions>
        <copyright-statement>Copyright &#xA9; 2017 The Cochrane Collaboration. Published by John Wiley &amp; Sons, Ltd.</copyright-statement>
        <copyright-year>2017</copyright-year>
        <copyright-holder>The Cochrane Collaboration</copyright-holder>
      </permissions>
      <abstract>
        <title>Abstract</title>
        <p>This is a protocol for a Cochrane Review (Intervention). The objectives are as follows:</p>
        <p>To assess the efficacy and safety of gastrografin in relieving manifestations of meconium obstruction in newborn infants.</p>
      </abstract>
    </article-meta>
    <notes notes-type="status-note">
      <p>New</p>
    </notes>
  </front>
</article>
</pmc-articleset>