<?xml version="1.0" ?>
<!DOCTYPE pmc-articleset PUBLIC "-//NLM//DTD ARTICLE SET 2.0//EN" "https://dtd.nlm.nih.gov/ncbi/pmc/articleset/nlm-articleset-2.0.dtd">
<pmc-articleset><article xmlns:xlink="http://www.w3.org/1999/xlink" xmlns:mml="http://www.w3.org/1998/Math/MathML" id="CD012359" article-type="systematic-review">
  <!--The publisher of this article does not allow downloading of the full text in XML form.-->
  <front>
    <journal-meta>
      <journal-id journal-id-type="nlm-ta">Cochrane Database Syst Rev</journal-id>
      <journal-id journal-id-type="iso-abbrev">Cochrane Database Syst Rev</journal-id>
      <journal-id journal-id-type="publisher-id">14651858</journal-id>
      <journal-id journal-id-type="doi">10.1002/14651858</journal-id>
      <journal-title-group>
        <journal-title>The Cochrane Database of Systematic Reviews</journal-title>
      </journal-title-group>
      <issn pub-type="epub">1469-493X</issn>
      <issn-l>1361-6137</issn-l>
      <publisher>
        <publisher-name>John Wiley &amp; Sons, Ltd</publisher-name>
        <publisher-loc>Chichester, UK</publisher-loc>
      </publisher>
    </journal-meta>
    <article-meta>
      <article-id pub-id-type="pmc">6457591</article-id>
      <article-id pub-id-type="doi">10.1002/14651858.CD012359</article-id>
      <article-id pub-id-type="publisher-id">CD012359</article-id>
      <article-id pub-id-type="other">CD012359</article-id>
      <article-categories>
        <subj-group subj-group-type="heading">
          <subject>Medicine General &amp; Introductory Medical Sciences</subject>
        </subj-group>
      </article-categories>
      <title-group>
        <article-title>Fish oil&#x2010;based lipid emulsions versus standard lipid emulsions for treatment of parenteral nutrition&#x2010;associated liver disease in children</article-title>
      </title-group>
      <contrib-group>
        <contrib id="d28e63" contrib-type="author">
          <name>
            <surname>Alberti</surname>
            <given-names>Gigliola</given-names>
          </name>
          <xref ref-type="aff" rid="CD012359-aff-0001"/>
        </contrib>
        <contrib id="d28e68" contrib-type="author">
          <name>
            <surname>Castet</surname>
            <given-names>Alex</given-names>
          </name>
          <xref ref-type="aff" rid="CD012359-aff-0002"/>
        </contrib>
        <contrib id="d28e73" contrib-type="author">
          <name>
            <surname>Villarroel del Pino</surname>
            <given-names>Luis A</given-names>
          </name>
          <xref ref-type="aff" rid="CD012359-aff-0003"/>
        </contrib>
        <contrib id="d28e78" contrib-type="author">
          <name>
            <surname>Cifuentes</surname>
            <given-names>Lorena I</given-names>
          </name>
          <xref ref-type="aff" rid="CD012359-aff-0004"/>
        </contrib>
        <contrib id="d28e83" contrib-type="author">
          <name>
            <surname>Rivera&#x2010;Cornejo</surname>
            <given-names>Marcela</given-names>
          </name>
          <xref ref-type="aff" rid="CD012359-aff-0005"/>
        </contrib>
        <contrib id="d28e88" contrib-type="author" corresp="yes">
          <name>
            <surname>Gana</surname>
            <given-names>Juan Crist&#xF3;bal</given-names>
          </name>
          <address>
            <email>jcgana@gmail.com</email>
          </address>
          <xref ref-type="aff" rid="CD012359-aff-0001"/>
        </contrib>
      </contrib-group>
      <aff id="CD012359-aff-0001">
        <institution>Division of Pediatrics, Escuela de Medicina, Pontificia Universidad Cat&#xF3;lica de Chile</institution>
        <institution content-type="dept">Gastroenterology and Nutrition Department</institution>
        <addr-line>85 Lira</addr-line>
        <city>Santiago</city>
        <country>Chile</country>
        <postal-code>8330074</postal-code>
      </aff>
      <aff id="CD012359-aff-0002">
        <institution>Pontificia Universidad Cat&#xF3;lica de Chile</institution>
        <institution content-type="dept">Division of Paediatrics</institution>
        <addr-line>Marcoleta 367</addr-line>
        <city>Santiago</city>
        <country>Chile</country>
        <postal-code/>
      </aff>
      <aff id="CD012359-aff-0003">
        <institution>Faculty of Medicine, Pontificia Universidad Cat&#xF3;lica de Chile</institution>
        <institution content-type="dept">Department of Public Health</institution>
        <addr-line>Marcoleta 434</addr-line>
        <city>Santiago</city>
        <country>Chile</country>
        <postal-code>354&#x2010;6894</postal-code>
      </aff>
      <aff id="CD012359-aff-0004">
        <institution>Escuela de Medicina, Pontificia Universidad Cat&#xF3;lica de Chile</institution>
        <institution content-type="dept">Division of Paediatrics, Evidence&#x2010;based Health Care Programme</institution>
        <addr-line>Lira 85, 5&#xBA; piso</addr-line>
        <city>Santiago</city>
        <country>Chile</country>
        <postal-code>833&#x2010;0074</postal-code>
      </aff>
      <aff id="CD012359-aff-0005">
        <institution>Pontificia Universidad Cat&#xF3;lica de Chile</institution>
        <institution content-type="dept">Sistema de Bibliotecas UC</institution>
        <city>Santiago</city>
        <country>Chile</country>
        <postal-code>8330074</postal-code>
      </aff>
      <author-notes>
        <fn>
          <p>Editorial Group: Cochrane Hepato&#x2010;Biliary Group.</p>
        </fn>
      </author-notes>
      <pub-date pub-type="epub">
        <day>19</day>
        <month>9</month>
        <year>2016</year>
      </pub-date>
      <pub-date pub-type="collection">
        <month>9</month>
        <year>2016</year>
      </pub-date>
      <pub-date pub-type="update">
        <day>15</day>
        <month>09</month>
        <year>2016</year>
      </pub-date>
      <volume>2016</volume>
      <issue>9</issue>
      <elocation-id>CD012359</elocation-id>
      <history/>
      <permissions>
        <copyright-statement>Copyright &#xA9; 2016 The Cochrane Collaboration. Published by John Wiley &amp; Sons, Ltd.</copyright-statement>
        <copyright-year>2016</copyright-year>
        <copyright-holder>The Cochrane Collaboration</copyright-holder>
      </permissions>
      <abstract>
        <title>Abstract</title>
        <p>This is the protocol for a review and there is no abstract. The objectives are as follows:</p>
        <p>To assess the benefits and harms of lipid emulsions based on fish oil versus conventional lipid emulsions, or placebo, or no intervention for treatment of parenteral nutrition&#x2010;associated liver disease (PNALD) in children (&#x2264; 18 years).</p>
      </abstract>
    </article-meta>
    <notes notes-type="status-note">
      <p>New</p>
    </notes>
  </front>
</article>
</pmc-articleset>