<?xml version="1.0" ?>
<!DOCTYPE pmc-articleset PUBLIC "-//NLM//DTD ARTICLE SET 2.0//EN" "https://dtd.nlm.nih.gov/ncbi/pmc/articleset/nlm-articleset-2.0.dtd">
<pmc-articleset><article xmlns:xlink="http://www.w3.org/1999/xlink" xmlns:mml="http://www.w3.org/1998/Math/MathML" id="CD002768.pub4" article-type="systematic-review">
  <!--The publisher of this article does not allow downloading of the full text in XML form.-->
  <front>
    <journal-meta>
      <journal-id journal-id-type="nlm-ta">Cochrane Database Syst Rev</journal-id>
      <journal-id journal-id-type="iso-abbrev">Cochrane Database Syst Rev</journal-id>
      <journal-id journal-id-type="publisher-id">14651858</journal-id>
      <journal-id journal-id-type="doi">10.1002/14651858</journal-id>
      <journal-title-group>
        <journal-title>The Cochrane Database of Systematic Reviews</journal-title>
      </journal-title-group>
      <issn pub-type="epub">1469-493X</issn>
      <issn-l>1361-6137</issn-l>
      <publisher>
        <publisher-name>John Wiley &amp; Sons, Ltd</publisher-name>
        <publisher-loc>Chichester, UK</publisher-loc>
      </publisher>
    </journal-meta>
    <article-meta>
      <article-id pub-id-type="pmid">29090734</article-id>
      <article-id pub-id-type="pmc">6485991</article-id>
      <article-id pub-id-type="doi">10.1002/14651858.CD002768.pub4</article-id>
      <article-id pub-id-type="publisher-id">CD002768.pub4</article-id>
      <article-id pub-id-type="other">CD002768</article-id>
      <article-categories>
        <subj-group>
          <subject>CYSTIC FIBROSIS</subject>
          <subject>Child health</subject>
          <subject>Genetic disorders</subject>
          <subject>Lungs &amp; airways</subject>
        </subj-group>
      </article-categories>
      <title-group>
        <article-title>Physical exercise training for cystic fibrosis</article-title>
      </title-group>
      <contrib-group>
        <contrib id="d20e203" contrib-type="author" corresp="yes">
          <name>
            <surname>Radtke</surname>
            <given-names>Thomas</given-names>
          </name>
          <address>
            <email>thomas.radtke@uzh.ch</email>
          </address>
          <xref ref-type="aff" rid="CD002768-aff-0001"/>
        </contrib>
        <contrib id="d20e207" contrib-type="author">
          <name>
            <surname>Nevitt</surname>
            <given-names>Sarah J</given-names>
          </name>
          <xref ref-type="aff" rid="CD002768-aff-0002"/>
        </contrib>
        <contrib id="d20e211" contrib-type="author">
          <name>
            <surname>Hebestreit</surname>
            <given-names>Helge</given-names>
          </name>
          <xref ref-type="aff" rid="CD002768-aff-0003"/>
        </contrib>
        <contrib id="d20e215" contrib-type="author">
          <name>
            <surname>Kriemler</surname>
            <given-names>Susi</given-names>
          </name>
          <xref ref-type="aff" rid="CD002768-aff-0001"/>
        </contrib>
        <contrib id="d20e225" contrib-type="editor">
          <collab collab-type="editors">Cochrane Cystic Fibrosis and Genetic Disorders Group</collab>
        </contrib>
      </contrib-group>
      <aff id="CD002768-aff-0001">
        <institution>University of Zurich</institution>
        <institution content-type="dept">Epidemiology, Biostatistics and Prevention Institute</institution>
        <addr-line>Hirschengraben 84</addr-line>
        <city>Zurich</city>
        <country>Switzerland</country>
        <postal-code>8001</postal-code>
      </aff>
      <aff id="CD002768-aff-0002">
        <institution>University of Liverpool</institution>
        <institution content-type="dept">Department of Biostatistics</institution>
        <addr-line>Block F, Waterhouse Building</addr-line>
        <addr-line>1&#x2010;5 Brownlow Hill</addr-line>
        <city>Liverpool</city>
        <country>UK</country>
        <postal-code>L69 3GL</postal-code>
      </aff>
      <aff id="CD002768-aff-0003">
        <institution>Julius&#x2010;Maximilians University</institution>
        <institution content-type="dept">Paediatric Departement</institution>
        <addr-line>Josef&#x2010;Schneider&#x2010;Stra&#xDF;e 2</addr-line>
        <city>W&#xFC;rzburg</city>
        <country>Germany</country>
        <postal-code>97080</postal-code>
      </aff>
      <pub-date pub-type="epub">
        <day>1</day>
        <month>11</month>
        <year>2017</year>
      </pub-date>
      <pub-date pub-type="collection">
        <month>11</month>
        <year>2017</year>
      </pub-date>
      <pub-date pub-type="update">
        <day>2</day>
        <month>11</month>
        <year>2017</year>
      </pub-date>
      <volume>2017</volume>
      <issue>11</issue>
      <elocation-id>CD002768</elocation-id>
      <permissions>
        <copyright-statement>Copyright &#xA9; 2017 The Cochrane Collaboration. Published by John Wiley &amp; Sons, Ltd.</copyright-statement>
      </permissions>
      <related-article related-article-type="updated-article" ext-link-type="doi" xlink:href="10.1002/14651858.CD002768.pub3" id="d20e38"/>
      <abstract>
        <title>Abstract</title>
        <sec id="CD002768-abs1-0001">
          <title>Background</title>
          <p>Physical exercise training may form an important part of regular care for people with cystic fibrosis. This is an update of a previously published review.</p>
        </sec>
        <sec id="CD002768-abs1-0002">
          <title>Objectives</title>
          <p>To assess the effects of physical exercise training on exercise capacity by peak oxygen consumption, pulmonary function by forced expiratory volume in one second, health&#x2010;related quality of life and further important patient&#x2010;relevant outcomes in people with cystic fibrosis.</p>
        </sec>
        <sec id="CD002768-abs1-0003">
          <title>Search methods</title>
          <p>We searched the Cochrane Cystic Fibrosis and Genetic Disorders Group Trials Register which comprises references identified from comprehensive electronic database searches and handsearches of relevant journals and abstract books of conference proceedings.</p>
          <p>Date of the most recent search: 04 May 2017.</p>
          <p>We searched ongoing trials registers (clinicaltrials.gov and the WHO ICTRP). Date of most recent search: 10 August 2017.</p>
        </sec>
        <sec id="CD002768-abs1-0004">
          <title>Selection criteria</title>
          <p>All randomised and quasi&#x2010;randomised controlled clinical trials comparing exercise training of any type and a minimum duration of two weeks with conventional care (no training) in people with cystic fibrosis.</p>
        </sec>
        <sec id="CD002768-abs1-0005">
          <title>Data collection and analysis</title>
          <p>Two authors independently selected studies for inclusion, assessed methodological quality and extracted data. The quality of the evidence was assessed using the GRADE system.</p>
        </sec>
        <sec id="CD002768-abs1-0006">
          <title>Main results</title>
          <p>Of the 83 studies identified, 15 studies which included 487 participants, met the inclusion criteria. The numbers in each study ranged from nine up to 72 participants; two studies were in adults, seven were in children and adolescents and six studies included all age ranges. Four studies of hospitalised participants lasted less than one month and 11 studies were outpatient&#x2010;based, lasting between two months and three years. The studies included participants with a wide range of disease severity and employed differing levels of supervision with a mixture of types of training. There was also wide variation in the quality of the included studies.</p>
          <p>This systematic review shows very low&#x2010; to low&#x2010;quality evidence from both short&#x2010; and long&#x2010;term studies that in people with cystic fibrosis aerobic or anaerobic physical exercise training (or a combination of both) has a positive effect on aerobic exercise capacity, pulmonary function and health&#x2010;related quality of life. No study reported on mortality; two studies reported on adverse events (moderate&#x2010;quality evidence); one of each study reported on pulmonary exacerbations (low&#x2010;quality evidence) and diabetic control (very low&#x2010;quality evidence). Although improvements were not consistent between studies and ranged from no effects to clearly positive effects, the most consistent effects of the heterogeneous exercise training modalities and durations were found for maximal aerobic exercise capacity (in four out of seven studies) with unclear effects on forced expiratory volume in one second (in two out of 11 studies) and health&#x2010;related quality of life (in two out of seven studies).</p>
        </sec>
        <sec id="CD002768-abs1-0007">
          <title>Authors' conclusions</title>
          <p>Evidence about the efficacy of physical exercise training in cystic fibrosis from 15 small studies with low to moderate methodological quality is limited. Exercise training is already part of regular outpatient care offered to most people with cystic fibrosis, and since there is some evidence for beneficial effects on aerobic fitness and no negative side effects exist, there is no reason to actively discourage this. The benefits from including physical exercise training in an individual's regular care may be influenced by the type and duration of the training programme. High&#x2010;quality randomised controlled trials are needed to comprehensively assess the benefits of exercise programmes in people with cystic fibrosis and the relative benefits of the addition of aerobic versus anaerobic versus a combination of both types of physical exercise training to the care of people with cystic fibrosis.</p>
        </sec>
      </abstract>
      <abstract abstract-type="short">
        <title>Plain language summary</title>
        <p>
          <bold>Physical training to improve exercise capacity in people with cystic fibrosis</bold>
        </p>
        <p>
          <bold>Review question</bold>
        </p>
        <p>We reviewed the evidence about whether physical exercise training improves low aerobic fitness, improves health&#x2010;related quality of life and slows the decline in lung function in people with cystic fibrosis (CF). This is an update of a previously published review.</p>
        <p>
          <bold>Background</bold>
        </p>
        <p>CF affects many systems in the body, but mainly the lungs. It causes shortness of breath and limits the amount of exercise people with the condition can tolerate. The progress of lung disease leads to a low ability to exercise and physical inactivity, which in turn affects health and health&#x2010;related quality of life. We looked for studies where people with CF of any age did aerobic training (continuous activity at a low to moderate intensity, such as jogging, cycling, swimming or walking) or anaerobic training (weight or resistance training or sprinting at a high intensity for a short duration) or a combination of both compared to no training.</p>
        <p>
          <bold>Search date</bold>
        </p>
        <p>The evidence is current to: 04 May 2017.</p>
        <p>
          <bold>Study characteristics</bold>
        </p>
        <p>This review includes 15 studies with a total of 487 people with CF; the numbers in each study ranged from just nine people up to 72 people in the largest study. Two studies were in adults, seven were in children and adolescents and six studies included all age ranges. Four studies lasted less than one month and took place while the participants were in hospital; 11 studies were outpatient&#x2010;based and lasted from two months up to three years. The studies included people with a wide range of severity of CF lung disease. There were differing levels of supervision in the studies and a mixture of types of training.</p>
        <p>The outcome most often reported in the studies was the change in lung function; other commonly reported outcomes included peak oxygen consumption, health&#x2010;related quality of life, change in muscle strength and change in body composition (e.g. muscle and fat).</p>
        <p>
          <bold>Key results</bold>
        </p>
        <p>Due to different study designs (type of exercise training, duration, etc.), we could not combine results from different studies. The short&#x2010;term studies did not show differences between treatments. The longer studies showed that physical exercise training can improve aerobic capacity, there were some improvements in lung function and health&#x2010;related quality of life, but these were not consistent across all studies. No study reported the number of deaths; two studies reported on side effects; one study reported on pulmonary exacerbations and another on diabetic control.</p>
        <p>
          <bold>Quality of the evidence</bold>
        </p>
        <p>We included a number of small studies and thought the quality of these studies was moderate at best (only for side effects). Overall, there was only low&#x2010; to very low&#x2010;quality evidence that aerobic or anaerobic physical exercise training (or a combination of both) has a positive effect on aerobic exercise capacity, pulmonary function and health&#x2010;related quality of life in people with CF. In four of the studies the participant characteristics at the start of the studies were different between groups, despite being put into the different treatment groups at random. It is not possible for people not to know which treatment group they are in when comparing exercise training to no exercise. However, we do not think the fact that people knew which treatment they were receiving would affect the results for lung function as long as the assessments were done properly. In contrast, there may be bias when the people assessing an individual's cardiopulmonary fitness are not blinded to which group the volunteer is in. In less than half of the included studies, the investigators tried to prevent the outcome assessors from knowing which groups the participants were in; and in only one study was the lead researcher blinded. The studies did not routinely measure health&#x2010;related quality of life and where it was measured, different measurement tools were used. Selective reporting of results maybe an issue, especially as most of the included studies were not listed in trial registries, which give advance details of the outcomes being measured. We are uncertain about the effects and further better quality studies will likely change these findings.</p>
      </abstract>
    </article-meta>
    <notes notes-type="status-note">
      <p>Edited (no change to conclusions)</p>
    </notes>
  </front>
</article>
</pmc-articleset>