<?xml version="1.0" ?>
<!DOCTYPE pmc-articleset PUBLIC "-//NLM//DTD ARTICLE SET 2.0//EN" "https://dtd.nlm.nih.gov/ncbi/pmc/articleset/nlm-articleset-2.0.dtd">
<pmc-articleset><article xmlns:xlink="http://www.w3.org/1999/xlink" xmlns:mml="http://www.w3.org/1998/Math/MathML" id="CD009764.pub3" article-type="systematic-review">
  <!--The publisher of this article does not allow downloading of the full text in XML form.-->
  <front>
    <journal-meta>
      <journal-id journal-id-type="nlm-ta">Cochrane Database Syst Rev</journal-id>
      <journal-id journal-id-type="iso-abbrev">Cochrane Database Syst Rev</journal-id>
      <journal-id journal-id-type="publisher-id">14651858</journal-id>
      <journal-id journal-id-type="doi">10.1002/14651858</journal-id>
      <journal-title-group>
        <journal-title>The Cochrane Database of Systematic Reviews</journal-title>
      </journal-title-group>
      <issn pub-type="epub">1469-493X</issn>
      <issn-l>1361-6137</issn-l>
      <publisher>
        <publisher-name>John Wiley &amp; Sons, Ltd</publisher-name>
        <publisher-loc>Chichester, UK</publisher-loc>
      </publisher>
    </journal-meta>
    <article-meta>
      <article-id pub-id-type="pmid">30376188</article-id>
      <article-id pub-id-type="pmc">6517028</article-id>
      <article-id pub-id-type="doi">10.1002/14651858.CD009764.pub3</article-id>
      <article-id pub-id-type="publisher-id">CD009764</article-id>
      <article-id pub-id-type="other">CD009764.pub3</article-id>
      <article-categories>
        <subj-group subj-group-type="heading">
          <subject>Medicine General &amp; Introductory Medical Sciences</subject>
        </subj-group>
      </article-categories>
      <title-group>
        <article-title>Prophylactic antibiotic therapy for chronic obstructive pulmonary disease (COPD)</article-title>
      </title-group>
      <contrib-group>
        <contrib id="d28e63" contrib-type="author">
          <name>
            <surname>Herath</surname>
            <given-names>Samantha C</given-names>
          </name>
          <xref ref-type="aff" rid="CD009764-aff-0001"/>
        </contrib>
        <contrib id="d28e68" contrib-type="author" corresp="yes">
          <name>
            <surname>Normansell</surname>
            <given-names>Rebecca</given-names>
          </name>
          <address>
            <email>rnormans@sgul.ac.uk</email>
          </address>
          <xref ref-type="aff" rid="CD009764-aff-0002"/>
        </contrib>
        <contrib id="d28e73" contrib-type="author">
          <name>
            <surname>Maisey</surname>
            <given-names>Samantha</given-names>
          </name>
          <xref ref-type="aff" rid="CD009764-aff-0003"/>
        </contrib>
        <contrib id="d28e78" contrib-type="author">
          <name>
            <surname>Poole</surname>
            <given-names>Phillippa</given-names>
          </name>
          <xref ref-type="aff" rid="CD009764-aff-0004"/>
        </contrib>
      </contrib-group>
      <aff id="CD009764-aff-0001">
        <institution>Westmead Public Hospital</institution>
        <institution content-type="dept">Department of Respiratory and Sleep Medicine</institution>
        <city>Sydney</city>
        <country>Australia</country>
        <postal-code/>
      </aff>
      <aff id="CD009764-aff-0002">
        <institution>St George's, University of London</institution>
        <institution content-type="dept">Cochrane Airways, Population Health Research Institute</institution>
        <city>London</city>
        <country>UK</country>
        <postal-code>SW17 0RE</postal-code>
      </aff>
      <aff id="CD009764-aff-0003">
        <institution>St George's University of London</institution>
        <institution content-type="dept">Population Health Research Institute</institution>
        <city>London</city>
        <country>UK</country>
        <postal-code/>
      </aff>
      <aff id="CD009764-aff-0004">
        <institution>University of Auckland</institution>
        <institution content-type="dept">Department of Medicine</institution>
        <addr-line>Private Bag 92019</addr-line>
        <city>Auckland</city>
        <country>New Zealand</country>
        <postal-code/>
      </aff>
      <author-notes>
        <fn>
          <p>Editorial Group: Cochrane Airways Group.</p>
        </fn>
      </author-notes>
      <pub-date pub-type="epub">
        <day>30</day>
        <month>10</month>
        <year>2018</year>
      </pub-date>
      <pub-date pub-type="collection">
        <month>10</month>
        <year>2018</year>
      </pub-date>
      <pub-date pub-type="update">
        <day>29</day>
        <month>10</month>
        <year>2018</year>
      </pub-date>
      <volume>2018</volume>
      <issue>10</issue>
      <elocation-id>CD009764</elocation-id>
      <history>
        <date date-type="previous-update" publication-format="electronic">
          <day>28</day>
          <month>11</month>
          <year>2013</year>
        </date>
      </history>
      <permissions>
        <copyright-statement>Copyright &#xA9; 2018 The Cochrane Collaboration. Published by John Wiley &amp; Sons, Ltd.</copyright-statement>
        <copyright-year>2018</copyright-year>
        <copyright-holder>The Cochrane Collaboration</copyright-holder>
      </permissions>
      <related-article related-article-type="updated-article" ext-link-type="doi" xlink:href="10.1002/14651858.CD009764.pub2" id="d28e156"/>
      <abstract>
        <sec>
          <title>Background</title>
          <p>There has been renewal of interest in the use of prophylactic antibiotics to reduce the frequency of exacerbations and improve quality of life in chronic obstructive pulmonary disease (COPD).</p>
        </sec>
        <sec>
          <title>Objectives</title>
          <p>To determine whether or not regular (continuous, intermittent or pulsed) treatment of COPD patients with prophylactic antibiotics reduces exacerbations or affects quality of life.</p>
        </sec>
        <sec>
          <title>Search methods</title>
          <p>We searched the Cochrane Airways Group Trials Register and bibliographies of relevant studies. The latest literature search was performed on 27 July 2018.</p>
        </sec>
        <sec>
          <title>Selection criteria</title>
          <p>Randomised controlled trials (RCTs) that compared prophylactic antibiotics with placebo in patients with COPD.</p>
        </sec>
        <sec>
          <title>Data collection and analysis</title>
          <p>We used the standard Cochrane methods. Two independent review authors selected studies for inclusion, extracted data, and assessed risk of bias. We resolved discrepancies by involving a third review author.</p>
        </sec>
        <sec>
          <title>Main results</title>
          <p>We included 14 studies involving 3932 participants in this review. We identified two further studies meeting inclusion criteria but both were terminated early without providing results. All studies were published between 2001 and 2015. Nine studies were of continuous macrolide antibiotics, two studies were of intermittent antibiotic prophylaxis (three times per week) and two were of pulsed antibiotic regimens (e.g. five days every eight weeks). The final study included one continuous, one intermittent and one pulsed arm. The antibiotics investigated were azithromycin, erythromycin, clarithromycin, doxycyline, roxithromycin and moxifloxacin. The study duration varied from three months to 36 months and all used intention&#x2010;to&#x2010;treat analysis. Most of the pooled results were of moderate quality. The risk of bias of the included studies was generally low.</p>
          <p>The studies recruited participants with a mean age between 65 and 72 years and mostly at least moderate&#x2010;severity COPD. Five studies only included participants with frequent exacerbations and two studies recruited participants requiring systemic steroids or antibiotics or both, or who were at the end stage of their disease and required oxygen. One study recruited participants with pulmonary hypertension secondary to COPD and a further study was specifically designed to asses whether eradication of <italic>Chlamydia pneumoniae</italic> reduced exacerbation rates.</p>
          <p>The co&#x2010;primary outcomes for this review were the number of exacerbations and quality of life.</p>
          <p>With use of prophylactic antibiotics, the number of participants experiencing one or more exacerbations was reduced (odds ratio (OR) 0.57, 95% CI 0.42 to 0.78; participants = 2716; studies = 8; moderate&#x2010;quality evidence). This represented a reduction from 61% of participants in the control group compared to 47% in the treatment group (95% CI 39% to 55%). The number needed to treat for an additional beneficial outcome with prophylactic antibiotics given for three to 12 months to prevent one person from experiencing an exacerbation (NNTB) was 8 (95% CI 5 to 17). The test for subgroup difference suggested that continuous and intermittent antibiotics may be more effective than pulsed antibiotics (P = 0.02, I&#xB2; = 73.3%).</p>
          <p>The frequency of exacerbations per patient per year was also reduced with prophylactic antibiotic treatment (rate ratio 0.67; 95% CI 0.54 to 0.83; participants = 1384; studies = 5; moderate&#x2010;quality evidence). Although we were unable to pool the result, six of the seven studies reporting time to first exacerbation identified an increase (i.e. benefit) with antibiotics, which was reported as statistically significant in four studies.</p>
          <p>There was a statistically significant improvement in quality of life as measured by the St George's Respiratory Questionnaire (SGRQ) with prophylactic antibiotic treatment, but this was smaller than the four unit improvement that is regarded as being clinically significant (mean difference (MD) &#x2010;1.94, 95% CI &#x2010;3.13 to &#x2010;0.75; participants = 2237; studies = 7, high&#x2010;quality evidence).</p>
          <p>Prophylactic antibiotics showed no significant effect on the secondary outcomes of frequency of hospital admissions, change in forced expiratory volume in one second (FEV1), serious adverse events or all&#x2010;cause mortality (moderate&#x2010;quality evidence). There was some evidence of benefit in exercise tolerance, but this was driven by a single study of lower methodological quality.</p>
          <p>The adverse events that were recorded varied among the studies depending on the antibiotics used. Azithromycin was associated with significant hearing loss in the treatment group, which was in many cases reversible or partially reversible. The moxifloxacin pulsed study reported a significantly higher number of adverse events in the treatment arm due to the marked increase in gastrointestinal adverse events (P &lt; 0.001). Some adverse events that led to drug discontinuation, such as development of long QTc or tinnitus, were not significantly more frequent in the treatment group than the placebo group but pose important considerations in clinical practice.</p>
          <p>The development of antibiotic resistance in the community is of major concern. Six studies reported on this, but we were unable to combine results. One study found newly colonised participants to have higher rates of antibiotic resistance. Participants colonised with moxifloxacin&#x2010;sensitive pseudomonas at initiation of therapy rapidly became resistant with the quinolone treatment. A further study with three active treatment arms found an increase in the degree of antibiotic resistance of isolates in all three arms after 13 weeks treatment.</p>
        </sec>
        <sec>
          <title>Authors' conclusions</title>
          <p>Use of continuous and intermittent prophylactic antibiotics results in a clinically significant benefit in reducing exacerbations in COPD patients. All studies of continuous and intermittent antibiotics used macrolides, hence the noted benefit applies only to the use of macrolide antibiotics prescribed at least three times per week. The impact of pulsed antibiotics remains uncertain and requires further research.</p>
          <p>The studies in this review included mostly participants who were frequent exacerbators with at least moderate&#x2010;severity COPD. There were also older individuals with a mean age over 65 years. The results of these studies apply only to the group of participants who were studied in these studies and may not be generalisable to other groups.</p>
          <p>Because of concerns about antibiotic resistance and specific adverse effects, consideration of prophylactic antibiotic use should be mindful of the balance between benefits to individual patients and the potential harms to society created by antibiotic overuse. Monitoring of significant side effects including hearing loss, tinnitus, and long QTc in the community in this elderly patient group may require extra health resources.</p>
        </sec>
      </abstract>
      <abstract abstract-type="short">
        <title>Preventative antibiotic therapy for people with COPD</title>
        <p>
          <bold>What is COPD?</bold>
        </p>
        <p>COPD is a common chronic respiratory disease mainly affecting people who smoke now or have done so previously. It could become the third leading cause of death worldwide by 2020. People with COPD experience gradually worsening shortness of breath and cough with sputum (phlegm) because of permanent damage to their airways and lungs. Those with COPD may have flare&#x2010;ups (or exacerbations) most commonly with respiratory infections. Exacerbations may lead to further irreversible loss of lung function, as well as days off work, hospital admission, reduction in quality of life, or even death.</p>
        <p>
          <bold>Why did we do this review?</bold>
        </p>
        <p>We wanted to find out if giving antibiotics to prevent a flare&#x2010;up ('prophylactic' antibiotics) would reduce the frequency of flare&#x2010;ups and improve quality of life. Studies that were taken into consideration used either continuous prophylactic antibiotics (every day), or antibiotics that were used intermittently (three times per week) or pulsed (e.g. for five days every eight weeks)</p>
        <p>
          <bold>What evidence did we find?</bold>
        </p>
        <p>We carried out the latest search for studies in July 2018. We found 14 randomised controlled trials (RCTs) involving 3932 participants. All studies were published between 2001 and 2015. Nine studies were of continuous antibiotics, two studies were of intermittent antibiotic prophylaxis and two were of pulsed antibiotics. The final study included one continuous, one intermittent, one pulsed and one placebo arm. The antibiotics investigated were azithromycin, erythromycin, clarithromycin, roxithromycin, doxycycline and moxifloxacin. On average, the people involved in the studies were 65 to 72 years old and had moderate or severe COPD. Three studies included participants with frequent exacerbations and two of the studies recruited participants requiring steroid tablets or antibiotics or both, or who were at the end stage of their disease and required oxygen. One study only included people with a particular complication of COPD, involving the heart and blood vessels in the lungs (known as pulmonary hypertension).</p>
        <p>
          <bold>Results and conclusions</bold>
        </p>
        <p>We found that, with the use of antibiotics, the number of participants who developed an exacerbation reduced markedly. For every eight participants treated, one person would be prevented from suffering an exacerbation. However, not all the antibiotic regimens had the same impact on exacerbations. The results suggested that antibiotics given at least three times per week may be more effective than antibiotics given daily for a few days followed by a break of several weeks. We also found there may have been a benefit on patient&#x2010;reported quality of life with the antibiotics. On the other hand, use of antibiotics did not significantly affect the number of deaths due to any cause, the frequency of hospitalisation, or the loss of lung function during the study period.</p>
        <p>Even though there may be fewer exacerbations with antibiotics, there are considerable drawbacks of taking antibiotics. First, there were specific adverse events associated with the antibiotics, which differed according to the antibiotic used; second, patients have to take antibiotics regularly for months or years; finally, the resulting increase in antibiotic resistance will have implications for both individual patients and the wider community through reducing the effectiveness of currently available antibiotics.</p>
        <p>Because of concerns about antibiotic resistance and specific adverse effects, consideration of prophylactic antibiotic use should be mindful of the balance between benefits to individual patients and the potential harms to society created by antibiotic overuse.</p>
      </abstract>
      <kwd-group kwd-group-type="mesh">
        <kwd>Aged</kwd>
        <kwd>Humans</kwd>
        <kwd>Disease Progression</kwd>
        <kwd>Quality of Life</kwd>
        <kwd>Anti&#x2010;Bacterial Agents</kwd>
        <kwd>Anti&#x2010;Bacterial Agents/therapeutic use</kwd>
        <kwd>Antibiotic Prophylaxis</kwd>
        <kwd>Antibiotic Prophylaxis/methods</kwd>
        <kwd>Aza Compounds</kwd>
        <kwd>Aza Compounds/therapeutic use</kwd>
        <kwd>Azithromycin</kwd>
        <kwd>Azithromycin/therapeutic use</kwd>
        <kwd>Clarithromycin</kwd>
        <kwd>Clarithromycin/therapeutic use</kwd>
        <kwd>Erythromycin</kwd>
        <kwd>Erythromycin/therapeutic use</kwd>
        <kwd>Fluoroquinolones</kwd>
        <kwd>Pulmonary Disease, Chronic Obstructive</kwd>
        <kwd>Pulmonary Disease, Chronic Obstructive/drug therapy</kwd>
        <kwd>Quinolines</kwd>
        <kwd>Quinolines/therapeutic use</kwd>
        <kwd>Randomized Controlled Trials as Topic</kwd>
      </kwd-group>
    </article-meta>
    <notes notes-type="status-note">
      <p>New search for studies and content updated (conclusions changed)</p>
    </notes>
  </front>
</article>
</pmc-articleset>