<?xml version="1.0" ?>
<!DOCTYPE pmc-articleset PUBLIC "-//NLM//DTD ARTICLE SET 2.0//EN" "https://dtd.nlm.nih.gov/ncbi/pmc/articleset/nlm-articleset-2.0.dtd">
<pmc-articleset><article xmlns:xlink="http://www.w3.org/1999/xlink" xmlns:mml="http://www.w3.org/1998/Math/MathML" id="CD012987" article-type="systematic-review">
  <!--The publisher of this article does not allow downloading of the full text in XML form.-->
  <front>
    <journal-meta>
      <journal-id journal-id-type="nlm-ta">Cochrane Database Syst Rev</journal-id>
      <journal-id journal-id-type="iso-abbrev">Cochrane Database Syst Rev</journal-id>
      <journal-id journal-id-type="publisher-id">14651858</journal-id>
      <journal-id journal-id-type="doi">10.1002/14651858</journal-id>
      <journal-title-group>
        <journal-title>The Cochrane Database of Systematic Reviews</journal-title>
      </journal-title-group>
      <issn pub-type="epub">1469-493X</issn>
      <issn-l>1361-6137</issn-l>
      <publisher>
        <publisher-name>John Wiley &amp; Sons, Ltd</publisher-name>
        <publisher-loc>Chichester, UK</publisher-loc>
      </publisher>
    </journal-meta>
    <article-meta>
      <article-id pub-id-type="pmc">6494257</article-id>
      <article-id pub-id-type="doi">10.1002/14651858.CD012987</article-id>
      <article-id pub-id-type="publisher-id">CD012987</article-id>
      <article-id pub-id-type="other">CD012987</article-id>
      <article-categories>
        <subj-group subj-group-type="heading">
          <subject>Medicine General &amp; Introductory Medical Sciences</subject>
        </subj-group>
      </article-categories>
      <title-group>
        <article-title>Non&#x2010;surgical and non&#x2010;pharmacological interventions for congenital muscular torticollis in the 0&#x2010;5 year age group</article-title>
      </title-group>
      <contrib-group>
        <contrib id="d28e63" contrib-type="author" corresp="yes">
          <name>
            <surname>Antares</surname>
            <given-names>Joyaa B</given-names>
          </name>
          <address>
            <email>joyaa@goldcoastosteopathy.com.au</email>
            <email>joyaa.antares@scu.edu.au</email>
          </address>
          <xref ref-type="aff" rid="CD012987-aff-0001"/>
        </contrib>
        <contrib id="d28e68" contrib-type="author">
          <name>
            <surname>Jones</surname>
            <given-names>Mark A</given-names>
          </name>
          <xref ref-type="aff" rid="CD012987-aff-0002"/>
        </contrib>
        <contrib id="d28e73" contrib-type="author">
          <name>
            <surname>King</surname>
            <given-names>Jonathan M</given-names>
          </name>
          <xref ref-type="aff" rid="CD012987-aff-0003"/>
        </contrib>
        <contrib id="d28e78" contrib-type="author">
          <name>
            <surname>Chen</surname>
            <given-names>Tracy Mui Kwan</given-names>
          </name>
          <xref ref-type="aff" rid="CD012987-aff-0004"/>
        </contrib>
        <contrib id="d28e83" contrib-type="author">
          <name>
            <surname>Lee</surname>
            <given-names>Crystal Man Ying</given-names>
          </name>
          <xref ref-type="aff" rid="CD012987-aff-0005"/>
        </contrib>
        <contrib id="d28e88" contrib-type="author">
          <name>
            <surname>Macintyre</surname>
            <given-names>Scott</given-names>
          </name>
          <xref ref-type="aff" rid="CD012987-aff-0006"/>
        </contrib>
        <contrib id="d28e93" contrib-type="author">
          <name>
            <surname>Urquhart</surname>
            <given-names>Donna M</given-names>
          </name>
          <xref ref-type="aff" rid="CD012987-aff-0007"/>
        </contrib>
      </contrib-group>
      <aff id="CD012987-aff-0001">
        <institution>Southern Cross University</institution>
        <institution content-type="dept">School of Health &amp; Human Sciences</institution>
        <addr-line>Southern Cross University Drive</addr-line>
        <city>Bilinga</city>
        <country>Australia</country>
        <postal-code>4225</postal-code>
      </aff>
      <aff id="CD012987-aff-0002">
        <institution>The University of Queensland</institution>
        <institution content-type="dept">School of Public Health</institution>
        <addr-line>Public Health BuildingHerston Road</addr-line>
        <city>Brisbane</city>
        <country>Australia</country>
        <postal-code>4006</postal-code>
      </aff>
      <aff id="CD012987-aff-0003">
        <addr-line>56 Montwood Drive</addr-line>
        <city>Lennox Head</city>
        <country>Australia</country>
        <postal-code>2478</postal-code>
      </aff>
      <aff id="CD012987-aff-0004">
        <institution>Kowloon Hospital</institution>
        <institution content-type="dept">Physiotherapy Department</institution>
        <city>Hong Kong</city>
        <country>China</country>
        <postal-code/>
      </aff>
      <aff id="CD012987-aff-0005">
        <institution>Curtin University</institution>
        <institution content-type="dept">Faculty of Health Sciences, School of Public Health</institution>
        <addr-line>Kent Street</addr-line>
        <city>Bentley</city>
        <country>Australia</country>
        <postal-code>6102</postal-code>
      </aff>
      <aff id="CD012987-aff-0006">
        <institution>The University of Queensland</institution>
        <institution content-type="dept">Herston Health Sciences Library</institution>
        <addr-line>Herston</addr-line>
        <city>Brisbane</city>
        <country>Australia</country>
        <postal-code>4072</postal-code>
      </aff>
      <aff id="CD012987-aff-0007">
        <institution>Monash University</institution>
        <institution content-type="dept">Department of Epidemiology and Preventive Medicine, School of Public Health and Preventive Medicine</institution>
        <addr-line>Alfred Hospital, Commercial Rd</addr-line>
        <city>Melbourne</city>
        <country>Australia</country>
        <postal-code/>
      </aff>
      <author-notes>
        <fn>
          <p>Editorial Group: Cochrane Developmental, Psychosocial and Learning Problems Group.</p>
        </fn>
      </author-notes>
      <pub-date pub-type="epub">
        <day>26</day>
        <month>3</month>
        <year>2018</year>
      </pub-date>
      <pub-date pub-type="collection">
        <month>3</month>
        <year>2018</year>
      </pub-date>
      <pub-date pub-type="update">
        <day>22</day>
        <month>06</month>
        <year>2018</year>
      </pub-date>
      <volume>2018</volume>
      <issue>3</issue>
      <elocation-id>CD012987</elocation-id>
      <history/>
      <permissions>
        <copyright-statement>Copyright &#xA9; 2018 The Cochrane Collaboration. Published by John Wiley &amp; Sons, Ltd.</copyright-statement>
        <copyright-year>2018</copyright-year>
        <copyright-holder>The Cochrane Collaboration</copyright-holder>
      </permissions>
      <abstract>
        <title>Abstract</title>
        <p>This is a protocol for a Cochrane Review (Intervention). The objectives are as follows:</p>
        <p>To determine the comparative effectiveness of non&#x2010;surgical and non&#x2010;pharmacological interventions for the management of congenital muscular torticollis (CMT) in infants and children aged 0 to 5 years.</p>
      </abstract>
    </article-meta>
    <notes notes-type="status-note">
      <p>Edited (no change to conclusions)</p>
    </notes>
  </front>
</article>
</pmc-articleset>