<?xml version="1.0" ?>
<!DOCTYPE pmc-articleset PUBLIC "-//NLM//DTD ARTICLE SET 2.0//EN" "https://dtd.nlm.nih.gov/ncbi/pmc/articleset/nlm-articleset-2.0.dtd">
<pmc-articleset><article xmlns:xlink="http://www.w3.org/1999/xlink" xmlns:mml="http://www.w3.org/1998/Math/MathML" id="CD010690.pub2" article-type="systematic-review">
  <!--The publisher of this article does not allow downloading of the full text in XML form.-->
  <front>
    <journal-meta>
      <journal-id journal-id-type="nlm-ta">Cochrane Database Syst Rev</journal-id>
      <journal-id journal-id-type="iso-abbrev">Cochrane Database Syst Rev</journal-id>
      <journal-id journal-id-type="publisher-id">14651858</journal-id>
      <journal-id journal-id-type="doi">10.1002/14651858</journal-id>
      <journal-title-group>
        <journal-title>The Cochrane Database of Systematic Reviews</journal-title>
      </journal-title-group>
      <issn pub-type="epub">1469-493X</issn>
      <issn-l>1361-6137</issn-l>
      <publisher>
        <publisher-name>John Wiley &amp; Sons, Ltd</publisher-name>
        <publisher-loc>Chichester, UK</publisher-loc>
      </publisher>
    </journal-meta>
    <article-meta>
      <article-id pub-id-type="pmid">27819409</article-id>
      <article-id pub-id-type="pmc">6464953</article-id>
      <article-id pub-id-type="doi">10.1002/14651858.CD010690.pub2</article-id>
      <article-id pub-id-type="publisher-id">CD010690</article-id>
      <article-id pub-id-type="other">CD010690.pub2</article-id>
      <article-categories>
        <subj-group subj-group-type="heading">
          <subject>Medicine General &amp; Introductory Medical Sciences</subject>
        </subj-group>
      </article-categories>
      <title-group>
        <article-title>Interventions for chronic kidney disease&#x2010;associated restless legs syndrome</article-title>
      </title-group>
      <contrib-group>
        <contrib id="d28e63" contrib-type="author" corresp="yes">
          <name>
            <surname>Gopaluni</surname>
            <given-names>Seerapani</given-names>
          </name>
          <address>
            <email>pani.gopaluni@yahoo.com</email>
          </address>
          <xref ref-type="aff" rid="CD010690-aff-0001 CD010690-aff-0002"/>
        </contrib>
        <contrib id="d28e68" contrib-type="author">
          <name>
            <surname>Sherif</surname>
            <given-names>Mohamed</given-names>
          </name>
          <xref ref-type="aff" rid="CD010690-aff-0002"/>
        </contrib>
        <contrib id="d28e73" contrib-type="author">
          <name>
            <surname>Ahmadouk</surname>
            <given-names>Naim A</given-names>
          </name>
          <xref ref-type="aff" rid="CD010690-aff-0003"/>
        </contrib>
      </contrib-group>
      <aff id="CD010690-aff-0001">
        <institution>Cambridge University Hospitals NHS Foundation Trust</institution>
        <institution content-type="dept">Department of Nephrology</institution>
        <addr-line>Hills Road</addr-line>
        <city>Cambridge</city>
        <country>UK</country>
        <postal-code>CB2 0QQ</postal-code>
      </aff>
      <aff id="CD010690-aff-0002">
        <institution>Oxford Kidney Unit, Churchill Hospital</institution>
        <institution content-type="dept">Department of Renal Medicine</institution>
        <city>Oxford</city>
        <country>UK</country>
        <postal-code>OX3 7LJ</postal-code>
      </aff>
      <aff id="CD010690-aff-0003">
        <institution>Buckinghamshire Hospitals NHS Trust</institution>
        <institution content-type="dept">Department of Medicine</institution>
        <addr-line>Queen Alexandra Rd</addr-line>
        <city>High Wycombe</city>
        <country>UK</country>
        <postal-code>HP11 2TT</postal-code>
      </aff>
      <author-notes>
        <fn>
          <p>Editorial Group: Cochrane Kidney and Transplant Group.</p>
        </fn>
      </author-notes>
      <pub-date pub-type="epub">
        <day>07</day>
        <month>11</month>
        <year>2016</year>
      </pub-date>
      <pub-date pub-type="collection">
        <month>11</month>
        <year>2016</year>
      </pub-date>
      <pub-date pub-type="update">
        <day>03</day>
        <month>11</month>
        <year>2016</year>
      </pub-date>
      <volume>2016</volume>
      <issue>11</issue>
      <elocation-id>CD010690</elocation-id>
      <history>
        <date date-type="previous-update" publication-format="electronic">
          <day>06</day>
          <month>09</month>
          <year>2013</year>
        </date>
        <date date-type="cl-record-assessed-up-to-date">
          <day>12</day>
          <month>01</month>
          <year>2016</year>
        </date>
      </history>
      <permissions>
        <copyright-statement>Copyright &#xA9; 2016 The Cochrane Collaboration. Published by John Wiley &amp; Sons, Ltd.</copyright-statement>
        <copyright-year>2016</copyright-year>
        <copyright-holder>The Cochrane Collaboration</copyright-holder>
      </permissions>
      <related-article related-article-type="updated-article" ext-link-type="doi" xlink:href="10.1002/14651858.CD010690" id="d28e148"/>
      <abstract>
        <sec>
          <title>Background</title>
          <p>Restless legs syndrome (RLS) is defined as the spontaneous movement of the limbs (mainly legs) associated with unpleasant, sometimes painful sensation which is relieved by moving the affected limb. Prevalence of RLS among people on dialysis has been estimated between 6.6% and 80%. RLS symptoms contribute to impaired quality of life and people with RLS are shown to have increased cardiovascular morbidity and mortality.</p>
          <p>Various pharmacological and non&#x2010;pharmacological interventions have been used to treat primary RLS. However, the evidence for use of these interventions in people with chronic kidney disease (CKD) is not well established. The agents used in the treatment of primary RLS may be limited by the side effects in people with CKD due to increased comorbidity and altered drug pharmacokinetics.</p>
        </sec>
        <sec>
          <title>Objectives</title>
          <p>The aim of this review was to critically look at the benefits, efficacy and safety of various treatment options used in the treatment of RLS in people with CKD and those undergoing renal replacement therapy (RRT). We aimed to define different group characteristics based on CKD stage to assess the applicability of a particular intervention to an individual patient.</p>
        </sec>
        <sec>
          <title>Search methods</title>
          <p>We searched the Cochrane Kidney and Transplant Specialised Register to 12 January 2016 through contact with the Information Specialist using search terms relevant to this review.</p>
        </sec>
        <sec>
          <title>Selection criteria</title>
          <p>Randomised controlled trials (RCT) and quasi&#x2010;RCTs that assessed the efficacy of an intervention for RLS in adults with CKD were eligible for inclusion. Studies investigating idiopathic RLS or RLS secondary to other causes were excluded.</p>
        </sec>
        <sec>
          <title>Data collection and analysis</title>
          <p>Two authors independently assessed studies for eligibility and conducted risk of bias evaluation. Results were expressed as risk ratios (RR) and their 95% confidence intervals (CI) for dichotomous outcomes, and mean difference (MD) and 95% CI for continuous outcomes.</p>
        </sec>
        <sec>
          <title>Main results</title>
          <p>We included nine studies enrolling 220 dialysis participants. Seven studies were deemed to have moderate to high risk of bias. All studies were small in size and had a short follow&#x2010;up period (two to six months). Studies evaluated the effects of six different interventions against placebo or standard treatment. The interventions studied included aerobic resistance exercise, gabapentin, ropinirole, levodopa, iron dextran, and vitamins C and E (individually and in combination).</p>
          <p>Aerobic resistance exercise showed a significant reduction in severity of RLS compared to no exercise (2 studies, 48 participants: MD &#x2010;7.56, 95% CI &#x2010;14.20 to &#x2010;0.93; I<sup>2</sup> = 65%), and when compared to exercise with no resistance (1 study, 24 participants: MD &#x2010;11.10, 95% CI &#x2010;17.11 to &#x2010;5.09), however there was no significant reduction when compared to ropinirole (1 study, 22 participants): MD &#x2010;0.55, 95% CI &#x2010;6.41 to 5.31). There were no significant differences between aerobic resistance exercise and either no exercise or ropinirole in the physical or mental component summary scores (using the SF&#x2010;36 form). Improvement in sleep quality varied. There was no significant difference in subjective sleep quality between exercise and no exercise; however one study reported a significant improvement with ropinirole compared to resistance exercise (MD 3.71, 95% CI 0.89 to 6.53). Using the Epworth Sleepiness Scale there were no significant differences between resistance exercise and no exercise, ropinirole, or exercise with no resistance. Two studies reported there were no adverse events and one study did not mention if there were any adverse events. In one study, one patient in each group dropped out but the reason for dropout was not reported. Two studies reported no adverse events and one study did not report adverse events.</p>
          <p>Gabapentin was associated with reduced RLS severity when compared to placebo or levodopa, and there was a significant improvement in sleep quality, latency and disturbance reported in one study when compared to levodopa. Three patients dropped out due to lethargy (2 patients), and drowsiness, syncope and fatigue (1 patient).</p>
          <p>Because of a short duration of action, rebound and augmentation were noted with levodopa treatment even though it conferred some benefit in reducing the symptoms of RLS. Reported adverse events were severe vomiting, agitation after caffeine intake, headaches, dry mouth, and gastrointestinal symptoms.</p>
          <p>One study (25 participants) reported iron dextran reduced the severity of RLS at weeks one and two, but not at week four. Vitamins C, E and C plus E (1 study, 60 participants) helped the symptoms of RLS with minimal side effects (nausea and dyspepsia) but more evidence is needed before any conclusions can be drawn.</p>
        </sec>
        <sec>
          <title>Authors' conclusions</title>
          <p>Given the small size of the studies and short follow&#x2010;up, it can only be concluded that pharmacological interventions and intra&#x2010;dialytic exercise programs have uncertain effects on RLS in haemodialysis patients. There have been no studies performed in non&#x2010;dialysis CKD, peritoneal dialysis patients, or kidney transplant recipients. Further studies are warranted before any conclusions can be drawn. Aerobic resistance exercise and ropinirole may be suitable interventions for further evaluation.</p>
        </sec>
      </abstract>
      <abstract abstract-type="short">
        <title>Interventions for treating restless legs syndrome in patients with chronic kidney disease</title>
        <p>
          <bold>What is the issue?</bold>
        </p>
        <p>People with restless legs syndrome (RLS) have an irresistible urge to move their limbs to relieve themselves of unpleasant sensations. RLS is common in chronic kidney disease (CKD) patients, however the cause is unknown. Patients with RLS often have reduced quality of life and increased risk of developing heart disease.</p>
        <p>Medications such as dopamine agonists, benzodiazepines, anti&#x2010;epileptics, iron and non&#x2010;pharmacological agents such as exercise that were used to treat primary RLS were also used to treat RLS in CKD patients. However, these agents may be unsuitable to CKD patients due to associated co&#x2010;morbidity and altered pharmacokinetics in CKD patients.</p>
        <p>
          <bold>What did we do?</bold>
        </p>
        <p>We searched Cochrane Kidney and Transplant's Specialised Register to 12 January 2016. Nine studies reported enrolling 220 stable, adult haemodialysis patients of both sexes, were included in the review.</p>
        <p>
          <bold>What did we find?</bold>
        </p>
        <p>The quality of the studies was deemed to be moderate. Of the nine studies, one was sponsored by a pharmaceutical company and funding sources were reported for only two other studies. The included studies were heterogeneous, small in size and had short follow&#x2010;up periods.</p>
        <p>The interventions studied included exercise, gabapentin, ropinirole, levodopa, iron dextran, and vitamins C and E (individually and in combination). All interventions reduced the severity of RLS compared to a control. Intradialytic aerobic exercise reduced the severity of RLS however the safety of this intervention is unclear. Resistance exercise did not improve sleep quality but improved the mental health component on a quality of life questionnaire. This improvement in mental health component was not significant when compared to no exercise or ropinirole. Ropinirole reduced the symptoms of RLS and improved quality of sleep without any reported side effects. Gabapentin and levodopa improved the symptoms of RLS; however there were several adverse events reported included lethargy, drowsiness and fatigue for gabapentin, and vomiting, agitation, headaches, dry mouth, and gastrointestinal symptoms for levodopa. Iron dextran infusion reduced the symptoms of RLS but was only significant up to two weeks after treatment. Vitamin C, E and their combination also reduced RLS symptoms with minimal side effects. Small size and short duration of follow&#x2010;up were the major drawbacks of these studies.</p>
        <p>
          <bold>Conclusions</bold>
        </p>
        <p>The small number of studies, small sample sizes and short duration of follow up make it difficult to draw any firm conclusions. The effects of aerobic exercise and other pharmacological agents on RLS are uncertain in haemodialysis patients. There is a need to perform high quality randomised studies to establish the best treatment for RLS in patients with CKD. Aerobic exercise and ropinirole may be suitable interventions for further evaluation.</p>
      </abstract>
      <kwd-group kwd-group-type="mesh">
        <kwd>Humans</kwd>
        <kwd>Renal Replacement Therapy</kwd>
        <kwd>Amines</kwd>
        <kwd>Amines/therapeutic use</kwd>
        <kwd>Anticonvulsants</kwd>
        <kwd>Anticonvulsants/therapeutic use</kwd>
        <kwd>Ascorbic Acid</kwd>
        <kwd>Ascorbic Acid/therapeutic use</kwd>
        <kwd>Cyclohexanecarboxylic Acids</kwd>
        <kwd>Cyclohexanecarboxylic Acids/therapeutic use</kwd>
        <kwd>Dopamine Agonists</kwd>
        <kwd>Dopamine Agonists/therapeutic use</kwd>
        <kwd>Exercise Therapy</kwd>
        <kwd>Exercise Therapy/methods</kwd>
        <kwd>Indoles</kwd>
        <kwd>Indoles/therapeutic use</kwd>
        <kwd>Iron&#x2010;Dextran Complex</kwd>
        <kwd>Iron&#x2010;Dextran Complex/therapeutic use</kwd>
        <kwd>Levodopa</kwd>
        <kwd>Levodopa/therapeutic use</kwd>
        <kwd>Quality of Life</kwd>
        <kwd>Randomized Controlled Trials as Topic</kwd>
        <kwd>Renal Insufficiency, Chronic</kwd>
        <kwd>Renal Insufficiency, Chronic/complications</kwd>
        <kwd>Renal Insufficiency, Chronic/therapy</kwd>
        <kwd>Resistance Training</kwd>
        <kwd>Restless Legs Syndrome</kwd>
        <kwd>Restless Legs Syndrome/complications</kwd>
        <kwd>Restless Legs Syndrome/therapy</kwd>
        <kwd>Vitamin E</kwd>
        <kwd>Vitamin E/therapeutic use</kwd>
        <kwd>Vitamins</kwd>
        <kwd>Vitamins/therapeutic use</kwd>
        <kwd>gamma&#x2010;Aminobutyric Acid</kwd>
        <kwd>gamma&#x2010;Aminobutyric Acid/therapeutic use</kwd>
      </kwd-group>
    </article-meta>
    <notes notes-type="status-note">
      <p>New</p>
    </notes>
  </front>
</article>
</pmc-articleset>