<?xml version="1.0" ?>
<!DOCTYPE pmc-articleset PUBLIC "-//NLM//DTD ARTICLE SET 2.0//EN" "https://dtd.nlm.nih.gov/ncbi/pmc/articleset/nlm-articleset-2.0.dtd">
<pmc-articleset><article xmlns:xlink="http://www.w3.org/1999/xlink" xmlns:mml="http://www.w3.org/1998/Math/MathML" id="CD009244.pub2" article-type="systematic-review">
  <!--The publisher of this article does not allow downloading of the full text in XML form.-->
  <front>
    <journal-meta>
      <journal-id journal-id-type="nlm-ta">Cochrane Database Syst Rev</journal-id>
      <journal-id journal-id-type="iso-abbrev">Cochrane Database Syst Rev</journal-id>
      <journal-id journal-id-type="publisher-id">14651858</journal-id>
      <journal-id journal-id-type="doi">10.1002/14651858</journal-id>
      <journal-title-group>
        <journal-title>The Cochrane Database of Systematic Reviews</journal-title>
      </journal-title-group>
      <issn pub-type="epub">1469-493X</issn>
      <issn-l>1361-6137</issn-l>
      <publisher>
        <publisher-name>John Wiley &amp; Sons, Ltd</publisher-name>
        <publisher-loc>Chichester, UK</publisher-loc>
      </publisher>
    </journal-meta>
    <article-meta>
      <article-id pub-id-type="pmid">23235673</article-id>
      <article-id pub-id-type="pmc">6823263</article-id>
      <article-id pub-id-type="doi">10.1002/14651858.CD009244.pub2</article-id>
      <article-id pub-id-type="publisher-id">CD009244</article-id>
      <article-id pub-id-type="other">CD009244.pub2</article-id>
      <article-categories>
        <subj-group subj-group-type="heading">
          <subject>Medicine General &amp; Introductory Medical Sciences</subject>
        </subj-group>
      </article-categories>
      <title-group>
        <article-title>Interventions for anal canal intraepithelial neoplasia</article-title>
      </title-group>
      <contrib-group>
        <contrib id="d28e63" contrib-type="author" corresp="yes">
          <name>
            <surname>Macaya</surname>
            <given-names>Antonio</given-names>
          </name>
          <address>
            <email>macaya@comb.es</email>
            <email>tonimacaya@gmail.com</email>
          </address>
          <xref ref-type="aff" rid="CD009244-aff-0001"/>
        </contrib>
        <contrib id="d28e68" contrib-type="author">
          <name>
            <surname>Mu&#xF1;oz&#x2010;Santos</surname>
            <given-names>Carlos</given-names>
          </name>
          <xref ref-type="aff" rid="CD009244-aff-0002"/>
        </contrib>
        <contrib id="d28e73" contrib-type="author">
          <name>
            <surname>Balaguer</surname>
            <given-names>Albert</given-names>
          </name>
          <xref ref-type="aff" rid="CD009244-aff-0003"/>
        </contrib>
        <contrib id="d28e78" contrib-type="author">
          <name>
            <surname>Barber&#xE0;</surname>
            <given-names>Maria Jes&#xFA;s</given-names>
          </name>
          <xref ref-type="aff" rid="CD009244-aff-0004"/>
        </contrib>
      </contrib-group>
      <aff id="CD009244-aff-0001">
        <institution>Hospital Bellvitge</institution>
        <institution content-type="dept">Department of Dermatology</institution>
        <addr-line>Feixa LlargaL'Hospitalet de Llobregat</addr-line>
        <city>Barcelona</city>
        <country>Spain</country>
        <postal-code>08907</postal-code>
      </aff>
      <aff id="CD009244-aff-0002">
        <institution>Hospital Cl&#xED;nic Barcelona</institution>
        <institution content-type="dept">Department of Dermatology and Venereology</institution>
        <addr-line>170 Villarroel&#xA0;</addr-line>
        <city>Barcelona</city>
        <country>Spain</country>
        <postal-code>08036</postal-code>
      </aff>
      <aff id="CD009244-aff-0003">
        <institution>Universitat Internacional de Catalunya</institution>
        <institution content-type="dept">Department of Pediatrics. Hospital General de Catalunya.</institution>
        <addr-line>C/ Pedro I Pons, 1Sant Cugat de Vall&#xE9;s</addr-line>
        <city>Barcelona</city>
        <country>Spain</country>
        <postal-code>08195</postal-code>
      </aff>
      <aff id="CD009244-aff-0004">
        <institution>Institut Catal&#xE0; de la Salut. Generalist de Catalunya.</institution>
        <institution content-type="dept">Unitat d'Infeccions de Transmissi&#xF3; Sexual</institution>
        <addr-line>Avda Drassanes 17&#x2010;21</addr-line>
        <city>Barcelona</city>
        <country>Spain</country>
        <postal-code>08001</postal-code>
      </aff>
      <author-notes>
        <fn>
          <p>Editorial Group: Cochrane Colorectal Cancer Group.</p>
        </fn>
      </author-notes>
      <pub-date pub-type="epub">
        <day>12</day>
        <month>12</month>
        <year>2012</year>
      </pub-date>
      <pub-date pub-type="collection">
        <month>12</month>
        <year>2012</year>
      </pub-date>
      <pub-date pub-type="update">
        <day>01</day>
        <month>11</month>
        <year>2012</year>
      </pub-date>
      <volume>2012</volume>
      <issue>12</issue>
      <elocation-id>CD009244</elocation-id>
      <history>
        <date date-type="previous-update" publication-format="electronic">
          <day>06</day>
          <month>07</month>
          <year>2011</year>
        </date>
      </history>
      <permissions>
        <copyright-statement>Copyright &#xA9; 2012 The Cochrane Collaboration. Published by John Wiley &amp; Sons, Ltd.</copyright-statement>
        <copyright-year>2012</copyright-year>
        <copyright-holder>The Cochrane Collaboration</copyright-holder>
      </permissions>
      <related-article related-article-type="updated-article" ext-link-type="doi" xlink:href="10.1002/14651858.CD009244" id="d28e176"/>
      <abstract>
        <sec>
          <title>Background</title>
          <p>Anal canal intraepithelial neoplasia (AIN) is a pre&#x2010;malignant condition of the anal canal transitional epithelium that is associated with human papillomavirus (HPV) infection. The incidence and prevalence of AIN and anal cancer are increasing rapidly in HIV&#x2010;positive men who have sex with men (MSM). Other groups like HIV&#x2010;negative MSM, immunosuppressed patients and people affected by other HPV diseases like genital warts and cervical intraepithelial neoplasia (CIN) may also develop AIN. The condition is complicated by its multicentric and multifocal nature and high rates of relapse and morbidity. Targeted excisions using ablative treatments such as cautery, infrared coagulation (IRC) and cryotherapy have been used as first&#x2010;line therapeutic strategies, and there are many other options. There is no consensus about the optimal management of AIN.</p>
        </sec>
        <sec>
          <title>Objectives</title>
          <p>To evaluate the effects of therapeutic interventions for anal canal intraepithelial neoplasia (AIN).</p>
        </sec>
        <sec>
          <title>Search methods</title>
          <p>We searched the Cochrane Central Register of Controlled Trials (CENTRAL) (2011, Issue 4), MEDLINE and EMBASE (to October 2011). We also searched registers of clinical trials, abstracts of scientific meetings and reference lists of included studies, and contacted experts in the field and manufacturers of any AIN and HPV&#x2010;specific treatments.</p>
        </sec>
        <sec>
          <title>Selection criteria</title>
          <p>Randomized controlled trials (RCTs) that assessed any type of intervention for AIN.</p>
        </sec>
        <sec>
          <title>Data collection and analysis</title>
          <p>Two review authors independently abstracted data and assessed risk of bias. If it was possible, the data were synthesised in a meta&#x2010;analysis.</p>
        </sec>
        <sec>
          <title>Main results</title>
          <p>We found only one RCT, which included 53 patients, that met our inclusion criteria. This trial reported data on imiquimod versus placebo. There was no statistically significant difference in the risk of disease cure but there was a trend for imiquimod to downgrade the AIN to a low&#x2010;risk stage. The lack of statistical power of the trial may be due to the small number of patients in each group. The risk of bias was estimated as moderate.</p>
        </sec>
        <sec>
          <title>Authors' conclusions</title>
          <p>The included trial failed to demonstrate any statistically significant efficacy of imiquimod in the management of anal intraepithelial neoplasia (AIN). The absence of reliable evidence for any of the interventions used in AIN precludes any definitive guidance or recommendations for clinical practice. Prospective cohort studies and retrospective studies have not been included in this review as they are considered to provide lower quality evidence. Well designed RCTs are needed.</p>
        </sec>
      </abstract>
      <abstract abstract-type="short">
        <title>Comparison of interventions for patients diagnosed with pre&#x2010;cancerous changes of the anal canal (anal intraepithelial neoplasia)</title>
        <p>Persistent infection with some types of human papillomavirus (HPV) can cause anal canal intraepithelial neoplasia (AIN), a condition which may become cancerous. HPV is transmitted via skin&#x2010;to&#x2010;skin contact. There are over 100 different types of HPV virus. At least 30 of these can be sexually transmitted. HPV transmission occurs easily among sexual partners. Despite this, spontaneous clearance of the infection is generally the rule.</p>
        <p>In some cases, HPV may produce genital warts or even some anogenital pre&#x2010;malignant or malignant lesions. The latter is especially the case when some HPV types (which are named 'high&#x2010;risk' HPV, like HPV types 16, 18, 31 and 33) persist on anogenital mucosa or skin over long periods of time. Viral persistence is very common in an HIV&#x2010;positive population, particularly in the anal mucosa of men who have sex with men. The incidence of AIN is reaching epidemic proportions in this population group. AIN is usually asymptomatic. People at risk need to be under prevention screening programs in order to identify and treat those pre&#x2010;cancerous lesions.</p>
        <p>To date there is no consensus on AIN management. The most used strategies are ablative treatments. Lesions in the anal canal are treated with cautery, infrared coagulation, laser or cryotherapy. Other available options include surgical excision, topical treatments (imiquimod, trichloroacetic acid, 5&#x2010;fluorouracil), interferon and HPV vaccines. We identified many studies that examined all the interventions mentioned above. Only one trial with 53 patients was randomized and placebo&#x2010;controlled and could be included in this review. The trial compared self&#x2010;application of imiquimod cream in the anal canal with placebo. The analysis of the findings could not demonstrate a definitive superior effect of imiquimod compared with placebo in terms or cure. Some effectiveness could be observed in terms of improvement, with high&#x2010;risk stages of AIN being reduced to low&#x2010;risk stages.</p>
        <p>We conclude that the available information on AIN treatment does not meet evidence&#x2010;based medicine requirements. Future trials should be designed as randomized controlled trials, and should include data about HPV load and the types affecting the treated patients, recurrence rates, progression to anal cancer and quality of life of patients.</p>
      </abstract>
      <kwd-group kwd-group-type="mesh">
        <kwd>Humans</kwd>
        <kwd>Aminoquinolines</kwd>
        <kwd>Aminoquinolines/therapeutic use</kwd>
        <kwd>Anal Canal</kwd>
        <kwd>Antineoplastic Agents</kwd>
        <kwd>Antineoplastic Agents/therapeutic use</kwd>
        <kwd>Anus Neoplasms</kwd>
        <kwd>Anus Neoplasms/drug therapy</kwd>
        <kwd>Carcinoma in Situ</kwd>
        <kwd>Carcinoma in Situ/drug therapy</kwd>
        <kwd>Imiquimod</kwd>
        <kwd>Precancerous Conditions</kwd>
        <kwd>Precancerous Conditions/drug therapy</kwd>
        <kwd>Randomized Controlled Trials as Topic</kwd>
      </kwd-group>
    </article-meta>
    <notes notes-type="status-note">
      <p>New</p>
    </notes>
  </front>
</article>
</pmc-articleset>