<?xml version="1.0" ?>
<!DOCTYPE pmc-articleset PUBLIC "-//NLM//DTD ARTICLE SET 2.0//EN" "https://dtd.nlm.nih.gov/ncbi/pmc/articleset/nlm-articleset-2.0.dtd">
<pmc-articleset><article xmlns:xlink="http://www.w3.org/1999/xlink" xmlns:mml="http://www.w3.org/1998/Math/MathML" id="CD012089.pub2" article-type="systematic-review">
  <!--The publisher of this article does not allow downloading of the full text in XML form.-->
  <front>
    <journal-meta>
      <journal-id journal-id-type="nlm-ta">Cochrane Database Syst Rev</journal-id>
      <journal-id journal-id-type="iso-abbrev">Cochrane Database Syst Rev</journal-id>
      <journal-id journal-id-type="publisher-id">14651858</journal-id>
      <journal-id journal-id-type="doi">10.1002/14651858</journal-id>
      <journal-title-group>
        <journal-title>The Cochrane Database of Systematic Reviews</journal-title>
      </journal-title-group>
      <issn pub-type="epub">1469-493X</issn>
      <issn-l>1361-6137</issn-l>
      <publisher>
        <publisher-name>John Wiley &amp; Sons, Ltd</publisher-name>
        <publisher-loc>Chichester, UK</publisher-loc>
      </publisher>
    </journal-meta>
    <article-meta>
      <article-id pub-id-type="pmid">30321454</article-id>
      <article-id pub-id-type="pmc">6516877</article-id>
      <article-id pub-id-type="doi">10.1002/14651858.CD012089.pub2</article-id>
      <article-id pub-id-type="publisher-id">CD012089.pub2</article-id>
      <article-id pub-id-type="other">CD012089</article-id>
      <article-categories>
        <subj-group>
          <subject>DEVELOPMENTAL PROBLEMS</subject>
          <subject>Child health</subject>
          <subject>Developmental, psychosocial &amp; learning problems</subject>
        </subj-group>
      </article-categories>
      <title-group>
        <article-title>Parent&#x2010;mediated interventions for promoting communication and language development in young children with Down syndrome</article-title>
      </title-group>
      <contrib-group>
        <contrib id="d20e181" contrib-type="author" corresp="yes">
          <name>
            <surname>O'Toole</surname>
            <given-names>Ciara</given-names>
          </name>
          <address>
            <email>c.otoole@ucc.ie</email>
          </address>
          <xref ref-type="aff" rid="CD012089-aff-0001"/>
        </contrib>
        <contrib id="d20e185" contrib-type="author">
          <name>
            <surname>Lee</surname>
            <given-names>Alice S&#x2010;Y</given-names>
          </name>
          <xref ref-type="aff" rid="CD012089-aff-0001"/>
        </contrib>
        <contrib id="d20e189" contrib-type="author">
          <name>
            <surname>Gibbon</surname>
            <given-names>Fiona E</given-names>
          </name>
          <xref ref-type="aff" rid="CD012089-aff-0001"/>
        </contrib>
        <contrib id="d20e193" contrib-type="author">
          <name>
            <surname>van Bysterveldt</surname>
            <given-names>Anne K</given-names>
          </name>
          <xref ref-type="aff" rid="CD012089-aff-0002"/>
        </contrib>
        <contrib id="d20e197" contrib-type="author">
          <name>
            <surname>Hart</surname>
            <given-names>Nicola J</given-names>
          </name>
          <xref ref-type="aff" rid="CD012089-aff-0003"/>
        </contrib>
        <contrib id="d20e207" contrib-type="editor">
          <collab collab-type="editors">Cochrane Developmental, Psychosocial and Learning Problems Group</collab>
        </contrib>
      </contrib-group>
      <aff id="CD012089-aff-0001">
        <institution>University College Cork</institution>
        <institution content-type="dept">Department of Speech and Hearing Sciences</institution>
        <addr-line>Brookfield Health Sciences Complex</addr-line>
        <addr-line>College Road</addr-line>
        <city>Cork</city>
        <country>Ireland</country>
      </aff>
      <aff id="CD012089-aff-0002">
        <institution>University of Canterbury</institution>
        <institution content-type="dept">School of Health Sciences</institution>
        <addr-line>Kirkwood Avenue</addr-line>
        <addr-line>Ilam</addr-line>
        <city>Christchurch</city>
        <country>New Zealand</country>
        <postal-code>8041</postal-code>
      </aff>
      <aff id="CD012089-aff-0003">
        <institution>Down Syndrome Ireland</institution>
        <institution content-type="dept">National Resource Team</institution>
        <addr-line>6, Carrig Glen</addr-line>
        <city>Calverstown</city>
        <state>Kildare</state>
        <country>Ireland</country>
      </aff>
      <pub-date pub-type="epub">
        <day>15</day>
        <month>10</month>
        <year>2018</year>
      </pub-date>
      <pub-date pub-type="collection">
        <month>10</month>
        <year>2018</year>
      </pub-date>
      <pub-date pub-type="update">
        <day>3</day>
        <month>10</month>
        <year>2018</year>
      </pub-date>
      <volume>2018</volume>
      <issue>10</issue>
      <elocation-id>CD012089</elocation-id>
      <permissions>
        <copyright-statement>Copyright &#xA9; 2018 The Cochrane Collaboration. Published by John Wiley &amp; Sons, Ltd.</copyright-statement>
      </permissions>
      <related-article related-article-type="updated-article" ext-link-type="doi" xlink:href="10.1002/14651858.CD012089" id="d20e38"/>
      <abstract>
        <title>Abstract</title>
        <sec id="CD012089-abs1-0001">
          <title>Background</title>
          <p>Communication and language development are areas of particular weakness for young children with Down syndrome. Caregivers' interaction with children influences language development, so many early interventions involve training parents how best to respond to their children and provide appropriate language stimulation. Thus, these interventions are mediated through parents, who in turn are trained and coached in the implementation of interventions by clinicians. As the interventions involve a considerable commitment from clinicians and families, we undertook this review to synthesise the evidence of their effectiveness.</p>
        </sec>
        <sec id="CD012089-abs1-0002">
          <title>Objectives</title>
          <p>To assess the effects of parent&#x2010;mediated interventions for improving communication and language development in young children with Down syndrome. Other outcomes are parental behaviour and responsivity, parental stress and satisfaction, and children's non&#x2010;verbal means of communicating, socialisation and behaviour.</p>
        </sec>
        <sec id="CD012089-abs1-0003">
          <title>Search methods</title>
          <p>In January 2018 we searched CENTRAL, MEDLINE, Embase and 14 other databases. We also searched three trials registers, checked the reference lists of relevant reports identified by the electronic searches, searched the websites of professional organizations, and contacted their staff and other researchers working in the field to identify other relevant published, unpublished and ongoing studies.</p>
        </sec>
        <sec id="CD012089-abs1-0004">
          <title>Selection criteria</title>
          <p>We included randomised controlled trials (RCTs) and quasi&#x2010;RCTs that compared parent&#x2010;mediated interventions designed to improve communication and language versus teaching/treatment as usual (TAU) or no treatment or delayed (wait&#x2010;listed) treatment, in children with Down syndrome aged between birth and six years. We included studies delivering the parent&#x2010;mediated intervention in conjunction with a clinician&#x2010;mediated intervention, as long as the intervention group was the only group to receive the former and both groups received the latter.</p>
        </sec>
        <sec id="CD012089-abs1-0005">
          <title>Data collection and analysis</title>
          <p>We used standard Cochrane methodological procedures for data collection and analysis.</p>
        </sec>
        <sec id="CD012089-abs1-0006">
          <title>Main results</title>
          <p>We included three studies involving 45 children aged between 29 months and six years with Down syndrome. Two studies compared parent&#x2010;mediated interventions versus TAU; the third compared a parent&#x2010;mediated plus clinician&#x2010;mediated intervention versus a clinician&#x2010;mediated intervention alone. Treatment duration varied from 12 weeks to six months. One study provided nine group sessions and four individualised home&#x2010;based sessions over a 13&#x2010;week period. Another study provided weekly, individual clinic&#x2010;based or home&#x2010;based sessions lasting 1.5 to 2 hours, over a six&#x2010;month period. The third study provided one 2&#x2010; to 3&#x2010;hour group session followed by bi&#x2010;weekly, individual clinic&#x2010;based sessions plus once&#x2010;weekly home&#x2010;based sessions for 12 weeks. Because of the different study designs and outcome measures used, we were unable to conduct a meta&#x2010;analysis.</p>
          <p>We judged all three studies to be at high risk of bias in relation to blinding of participants (not possible due to the nature of the intervention) and blinding of outcome assessors, and at an unclear risk of bias for allocation concealment. We judged one study to be at unclear risk of selection bias, as authors did not report the methods used to generate the random sequence; at high risk of reporting bias, as they did not report on one assessed outcome; and at high risk of detection bias, as the control group had a cointervention and only parents in the intervention group were made aware of the target words for their children. The sample sizes of each included study were very small, meaning that they are unlikely to be representative of the target population.</p>
          <p>The findings from the three included studies were inconsistent. Two studies found no differences in expressive or receptive language abilities between the groups, whether measured by direct assessment or parent reports. However, they did find that children in the intervention group could use more targeted vocabulary items or utterances with language targets in certain contexts postintervention, compared to those in the control group; this was not maintained 12 months later. The third study found gains for the intervention group on total&#x2010;language measures immediately postintervention.</p>
          <p>One study did not find any differences in parental stress scores between the groups at any time point up to 12 months postintervention. All three studies noted differences in most measures of how the parents talked to and interacted with their children postintervention, and in one study most strategies were maintained in the intervention group at 12 months postintervention. No study reported evidence of language attrition following the intervention in either group, while one study found positive outcomes on children's socialisation skills in the intervention group. One study looked at adherence to the treatment through attendance data, finding that mothers in the intervention group attended seven out of nine group sessions and were present for four home visits. No study measured parental use of the strategies outside of the intervention sessions.</p>
          <p>A grant from the Hospital for Sick Children Foundation (Toronto, Ontario, Canada) funded one study. Another received partial funding from the National Institute of Child Health and Human Development and the Department of Education in the USA. The remaining study did not specify any funding sources.</p>
          <p>In light of the serious limitations in methodology, and the small number of studies included, we considered the overall quality of the evidence, as assessed by GRADE, to be very low. This means that we have very little confidence in the results, and further research is very likely to have an important impact on our confidence in the estimate of treatment effect.</p>
        </sec>
        <sec id="CD012089-abs1-0007">
          <title>Authors' conclusions</title>
          <p>There is currently insufficient evidence to determine the effects of parent&#x2010;mediated interventions for improving the language and communication of children with Down syndrome. We found only three small studies of very low quality. This review highlights the need for well&#x2010;designed studies, including RCTs, to evaluate the effectiveness of parent&#x2010;mediated interventions. Trials should use valid, reliable and similar measures of language development, and they should include measures of secondary outcomes more distal to the intervention, such as family well&#x2010;being. Treatment fidelity, in particular parental dosage of the intervention outside of prescribed sessions, also needs to be documented.</p>
        </sec>
      </abstract>
      <abstract abstract-type="short">
        <title>Plain language summary</title>
        <p>
          <bold>Parent&#x2010;mediated interventions to promote communication and language development in young children with Down syndrome</bold>
        </p>
        <p>
          <bold>Review question</bold>
        </p>
        <p>Do parent&#x2010;mediated interventions improve communication and language development in young children with Down syndrome?</p>
        <p>
          <bold>Background</bold>
        </p>
        <p>Language development is an area of particular weakness for young children with Down syndrome. Caregivers' interaction with children influences language development, so sometimes clinicians coach parents so they can stimulate their children's language and communication skills.</p>
        <p>
          <bold>Study characteristics</bold>
        </p>
        <p>The evidence is current to January 2018.</p>
        <p>We found three studies involving 45 children aged between 29 months and six years. Two studies were randomised controlled trials: experiments in which children were allocated to treatment (i.e. parent&#x2010;mediated) and control (treatment as usual or clinician&#x2010;mediated, or both) groups using a random method such as a computer&#x2010;generated list of random numbers. The other study reported that randomisation took place but did not specify how this was done.</p>
        <p>Two studies compared parent&#x2010;mediated intervention to treatment as usual. One of these lasted for 13 weeks, and parents in the intervention group received nine, weekly group sessions and four individual sessions in the home. The total intervention time was approximately 26.5 hours. A second study lasted for six months, and parents received weekly, 1.5&#x2010; to 2&#x2010;hour clinic or home&#x2010;based, individualised, parent&#x2010;child sessions. The total intervention time was approximately 48 hours. A third study compared a parent&#x2010; and clinician&#x2010;mediated intervention to a clinician&#x2010;only&#x2010;mediated intervention. In this study the parents in the intervention group took part in a two&#x2010; to three&#x2010;hour interactive workshop plus three individualised sessions (two clinic&#x2010;based and one home&#x2010;based) every week for 12 weeks. The control group received the same individualised sessions, but a clinician delivered them (i.e. there was no parental involvement). The total intervention time was approximately 19 hours.</p>
        <p>A grant from the Hospital for Sick Children Foundation (Toronto, Ontario, Canada) funded one study. Another received partial funding from the National Institute of Child Health and Human Development and the Department of Education in the USA. The remaining study did not specify any funding sources.</p>
        <p>
          <bold>Key results</bold>
        </p>
        <p>Two of the three studies found no differences in children's language ability after parent training. However, these same two studies found that children in the intervention group used more words that had been specifically targeted, postintervention; this was not maintained 12 months later. The study that gave parents the largest amount of intervention reported gains on general measures of overall language ability for children in the intervention group. One study did not find any changes in levels of parental stress immediately or up to 12 months postintervention in either group. All three studies noted changes in how parents talked to and interacted with their children immediately postintervention, and most strategies were retained by the intervention group 12 months later. One study reported increases in the socialisation skills of children who received the intervention. No study reported language attrition in either group postintervention.</p>
        <p>
          <bold>Quality of the evidence</bold>
        </p>
        <p>We rated the quality of the evidence in this review as very low, as only three studies fulfilled the criteria for inclusion, and all had small sizes and serious methodological limitations. There is currently insufficient evidence to determine the effect of parent&#x2010;mediated interventions for improving the communication and language development in young children with Down syndrome.</p>
      </abstract>
    </article-meta>
    <notes notes-type="status-note">
      <p>New</p>
    </notes>
  </front>
</article>
</pmc-articleset>