<?xml version="1.0" ?>
<!DOCTYPE pmc-articleset PUBLIC "-//NLM//DTD ARTICLE SET 2.0//EN" "https://dtd.nlm.nih.gov/ncbi/pmc/articleset/nlm-articleset-2.0.dtd">
<pmc-articleset><article xmlns:xlink="http://www.w3.org/1999/xlink" xmlns:mml="http://www.w3.org/1998/Math/MathML" id="CD012175.pub2" article-type="systematic-review">
  <!--The publisher of this article does not allow downloading of the full text in XML form.-->
  <front>
    <journal-meta>
      <journal-id journal-id-type="nlm-ta">Cochrane Database Syst Rev</journal-id>
      <journal-id journal-id-type="iso-abbrev">Cochrane Database Syst Rev</journal-id>
      <journal-id journal-id-type="publisher-id">14651858</journal-id>
      <journal-id journal-id-type="doi">10.1002/14651858</journal-id>
      <journal-title-group>
        <journal-title>The Cochrane Database of Systematic Reviews</journal-title>
      </journal-title-group>
      <issn pub-type="epub">1469-493X</issn>
      <issn-l>1361-6137</issn-l>
      <publisher>
        <publisher-name>John Wiley &amp; Sons, Ltd</publisher-name>
        <publisher-loc>Chichester, UK</publisher-loc>
      </publisher>
    </journal-meta>
    <article-meta>
      <article-id pub-id-type="pmid">29226949</article-id>
      <article-id pub-id-type="pmc">6486280</article-id>
      <article-id pub-id-type="doi">10.1002/14651858.CD012175.pub2</article-id>
      <article-id pub-id-type="publisher-id">CD012175</article-id>
      <article-id pub-id-type="other">CD012175.pub2</article-id>
      <article-categories>
        <subj-group subj-group-type="heading">
          <subject>Medicine General &amp; Introductory Medical Sciences</subject>
        </subj-group>
      </article-categories>
      <title-group>
        <article-title>Thrombolysis for acute upper extremity deep vein thrombosis</article-title>
      </title-group>
      <contrib-group>
        <contrib id="d28e63" contrib-type="author" corresp="yes">
          <name>
            <surname>Feinberg</surname>
            <given-names>Joshua</given-names>
          </name>
          <address>
            <email>wtv945@alumni.ku.dk</email>
          </address>
          <xref ref-type="aff" rid="CD012175-aff-0001 CD012175-aff-0002"/>
        </contrib>
        <contrib id="d28e68" contrib-type="author">
          <name>
            <surname>Nielsen</surname>
            <given-names>Emil Eik</given-names>
          </name>
          <xref ref-type="aff" rid="CD012175-aff-0003"/>
        </contrib>
        <contrib id="d28e73" contrib-type="author">
          <name>
            <surname>Jakobsen</surname>
            <given-names>Janus C</given-names>
          </name>
          <xref ref-type="aff" rid="CD012175-aff-0004 CD012175-aff-0005"/>
        </contrib>
      </contrib-group>
      <aff id="CD012175-aff-0001">
        <institution>Rigshospitalet, Copenhagen University Hospital</institution>
        <institution content-type="dept">Copenhagen Trial Unit, Centre for Clinical Intervention Research, Department 7812</institution>
        <addr-line>Blegdamsvej 9</addr-line>
        <city>Copenhagen</city>
        <country>Denmark</country>
        <postal-code>2100</postal-code>
      </aff>
      <aff id="CD012175-aff-0002">
        <institution>Glostrup University Hospital</institution>
        <institution content-type="dept">Department of Medicine</institution>
        <addr-line>Valdemar Hansens Vej 1&#x2010;23</addr-line>
        <city>Glostrup</city>
        <country>Denmark</country>
        <postal-code>2600</postal-code>
      </aff>
      <aff id="CD012175-aff-0003">
        <institution>Department 7812, Rigshospitalet, Copenhagen University Hospital</institution>
        <institution content-type="dept">Copenhagen Trial Unit, Centre for Clinical Intervention Research</institution>
        <addr-line>Blegdamsvej 9</addr-line>
        <city>Copenhagen</city>
        <country>Denmark</country>
        <postal-code>2100</postal-code>
      </aff>
      <aff id="CD012175-aff-0004">
        <institution>Copenhagen Trial Unit, Centre for Clinical Intervention Research, Department 7812, Rigshospitalet, Copenhagen University Hospital</institution>
        <institution content-type="dept">Cochrane Hepato&#x2010;Biliary Group</institution>
        <addr-line>Blegdamsvej 9</addr-line>
        <city>Copenhagen</city>
        <country>Denmark</country>
        <postal-code>DK&#x2010;2100</postal-code>
      </aff>
      <aff id="CD012175-aff-0005">
        <institution>Holbaek Hospital</institution>
        <institution content-type="dept">Department of Cardiology</institution>
        <city>Holbaek</city>
        <country>Denmark</country>
        <postal-code>4300</postal-code>
      </aff>
      <author-notes>
        <fn>
          <p>Editorial Group: Cochrane Vascular Group.</p>
        </fn>
      </author-notes>
      <pub-date pub-type="epub">
        <day>11</day>
        <month>12</month>
        <year>2017</year>
      </pub-date>
      <pub-date pub-type="collection">
        <month>12</month>
        <year>2017</year>
      </pub-date>
      <pub-date pub-type="update">
        <day>11</day>
        <month>12</month>
        <year>2017</year>
      </pub-date>
      <volume>2017</volume>
      <issue>12</issue>
      <elocation-id>CD012175</elocation-id>
      <history>
        <date date-type="previous-update" publication-format="electronic">
          <day>27</day>
          <month>04</month>
          <year>2016</year>
        </date>
      </history>
      <permissions>
        <copyright-statement>Copyright &#xA9; 2017 The Cochrane Collaboration. Published by John Wiley &amp; Sons, Ltd.</copyright-statement>
        <copyright-year>2017</copyright-year>
        <copyright-holder>The Cochrane Collaboration</copyright-holder>
      </permissions>
      <related-article related-article-type="updated-article" ext-link-type="doi" xlink:href="10.1002/14651858.CD012175" id="d28e175"/>
      <abstract>
        <sec>
          <title>Background</title>
          <p>About 5% to 10% of all deep vein thromboses occur in the upper extremities. Serious complications of upper extremity deep vein thrombosis, such as post&#x2010;thrombotic syndrome and pulmonary embolism, may in theory be avoided using thrombolysis. No systematic review has assessed the effects of thrombolysis for the treatment of individuals with acute upper extremity deep vein thrombosis.</p>
        </sec>
        <sec>
          <title>Objectives</title>
          <p>To assess the beneficial and harmful effects of thrombolysis for the treatment of individuals with acute upper extremity deep vein thrombosis.</p>
        </sec>
        <sec>
          <title>Search methods</title>
          <p>The Cochrane Vascular Information Specialist (CIS) searched the Specialised Register (29 March 2017), the Cochrane Central Register of Controlled Trials (CENTRAL; 2017, Issue 2), and three trial registries (World Health Organization International Clinical Trials Registry, ClinicalTrials.gov, and ISRCTN registry) for ongoing and unpublished studies. We additionally searched the registries of the European Medical Agency and the US Food and Drug Administration (December 2016).</p>
        </sec>
        <sec>
          <title>Selection criteria</title>
          <p>We planned to include randomised clinical trials irrespective of publication type, publication date and language that investigated the effects of thrombolytics added to anticoagulation, thrombolysis versus anticoagulation, or thrombolysis versus any other type of medical intervention for the treatment of acute upper extremity deep vein thrombosis.</p>
        </sec>
        <sec>
          <title>Data collection and analysis</title>
          <p>Two review authors independently screened all records to identify those that met inclusion criteria. We planned to use the standard methodological procedures expected by Cochrane. We planned to use trial domains to assess the risks of systematic error (bias) in the trials. We planned to conduct trial sequential analyses to control for the risk of random errors and to assess the robustness of our conclusions. We planned to consider a P value of 0.025 or less as statistically significant. We planned to assess the quality of the evidence using the GRADE approach. Our primary outcomes were severe bleeding, pulmonary embolism, and all&#x2010;cause mortality.</p>
        </sec>
        <sec>
          <title>Main results</title>
          <p>We found no trials eligible for inclusion. We also identified no ongoing trials.</p>
        </sec>
        <sec>
          <title>Authors' conclusions</title>
          <p>There is currently insufficient evidence from which to draw conclusion on the benefits or harms of thrombolysis for the treatment of individuals with acute upper extremity deep vein thrombosis as an add&#x2010;on therapy to anticoagulation, alone compared with anticoagulation, or alone compared with any other type of medical intervention. Large randomised clinical trials with a low risk of bias are warranted. They should focus on clinical outcomes and not solely on surrogate measures.</p>
        </sec>
      </abstract>
      <abstract abstract-type="short">
        <title>Harms and benefits of dissolving blood clots in deep blood vessels in the arms</title>
        <p>
          <bold>Background</bold>
        </p>
        <p>A blood clot that forms in the deep blood vessels of the arms, blocking the passage of blood, is referred to as an acute upper extremity deep vein thrombosis. An acute upper extremity deep vein thrombosis currently affects 4 to 10 per 100,000 people in the general population. One of the most serious complications of an upper extremity deep vein thrombosis is a pulmonary embolism, which is a blockage of one of the major blood vessels in the lung. This can be a life&#x2010;threatening condition. Post&#x2010;thrombotic syndrome, in which the blood clot causes permanent swelling, skin colour changes, sores or ulcers, and decreased function of the affected limb, is another serious complication that can impact a person's quality of life.</p>
        <p>Thrombolysis aims to break down the blood clot with the use of drugs infused directly into a blood vessel. A previous Cochrane Review looked at the beneficial and harmful effects of thrombolysis for the treatment of acute deep vein thrombosis of the lower extremities (e.g. the legs). While thrombolysis was found to lower the risk of post&#x2010;thrombotic syndrome, it had no effect on the risk of death, risk of a blood clot travelling to the lungs or brain, (where it can cause a stroke), or the risk of bleeding inside the skull. In this present review, we attempted to assess the benefits and harms of thrombolysis for the treatment of acute upper extremity deep vein thrombosis.</p>
        <p>
          <bold>Study characteristics and key results</bold>
        </p>
        <p>We found no randomised clinical trials (search current until March 2017) that met the inclusion criteria of our review. Hence, the benefits and harms of thrombolysis for acute upper extremity deep vein thrombosis remain unknown.</p>
        <p>
          <bold>Conclusion</bold>
        </p>
        <p>Large trials using proper methods and reporting on patient&#x2010;relevant outcomes are needed.</p>
      </abstract>
      <kwd-group kwd-group-type="mesh">
        <kwd>Humans</kwd>
        <kwd>Acute Disease</kwd>
        <kwd>Thrombolytic Therapy</kwd>
        <kwd>Thrombolytic Therapy/methods</kwd>
        <kwd>Upper Extremity Deep Vein Thrombosis</kwd>
        <kwd>Upper Extremity Deep Vein Thrombosis/drug therapy</kwd>
      </kwd-group>
    </article-meta>
    <notes notes-type="status-note">
      <p>New</p>
    </notes>
  </front>
</article>
</pmc-articleset>