<?xml version="1.0" ?>
<!DOCTYPE pmc-articleset PUBLIC "-//NLM//DTD ARTICLE SET 2.0//EN" "https://dtd.nlm.nih.gov/ncbi/pmc/articleset/nlm-articleset-2.0.dtd">
<pmc-articleset><article xmlns:xlink="http://www.w3.org/1999/xlink" xmlns:mml="http://www.w3.org/1998/Math/MathML" id="CD012735" article-type="systematic-review">
  <!--The publisher of this article does not allow downloading of the full text in XML form.-->
  <front>
    <journal-meta>
      <journal-id journal-id-type="nlm-ta">Cochrane Database Syst Rev</journal-id>
      <journal-id journal-id-type="iso-abbrev">Cochrane Database Syst Rev</journal-id>
      <journal-id journal-id-type="publisher-id">14651858</journal-id>
      <journal-id journal-id-type="doi">10.1002/14651858</journal-id>
      <journal-title-group>
        <journal-title>The Cochrane Database of Systematic Reviews</journal-title>
      </journal-title-group>
      <issn pub-type="epub">1469-493X</issn>
      <issn-l>1361-6137</issn-l>
      <publisher>
        <publisher-name>John Wiley &amp; Sons, Ltd</publisher-name>
        <publisher-loc>Chichester, UK</publisher-loc>
      </publisher>
    </journal-meta>
    <article-meta>
      <article-id pub-id-type="pmc">6483489</article-id>
      <article-id pub-id-type="doi">10.1002/14651858.CD012735</article-id>
      <article-id pub-id-type="publisher-id">CD012735</article-id>
      <article-id pub-id-type="other">CD012735</article-id>
      <article-categories>
        <subj-group subj-group-type="heading">
          <subject>Medicine General &amp; Introductory Medical Sciences</subject>
        </subj-group>
      </article-categories>
      <title-group>
        <article-title>Pitavastatin for lowering lipids</article-title>
      </title-group>
      <contrib-group>
        <contrib id="d28e63" contrib-type="author" corresp="yes">
          <name>
            <surname>Adams</surname>
            <given-names>Stephen P</given-names>
          </name>
          <address>
            <email>stevenad@mail.ubc.ca</email>
          </address>
          <xref ref-type="aff" rid="CD012735-aff-0001"/>
        </contrib>
        <contrib id="d28e68" contrib-type="author">
          <name>
            <surname>Alaeiilkhchi</surname>
            <given-names>Nima</given-names>
          </name>
          <xref ref-type="aff" rid="CD012735-aff-0002"/>
        </contrib>
        <contrib id="d28e73" contrib-type="author">
          <name>
            <surname>Wright</surname>
            <given-names>James M</given-names>
          </name>
          <xref ref-type="aff" rid="CD012735-aff-0001"/>
        </contrib>
      </contrib-group>
      <aff id="CD012735-aff-0001">
        <institution>University of British Columbia</institution>
        <institution content-type="dept">Department of Anesthesiology, Pharmacology and Therapeutics</institution>
        <addr-line>2176 Health Sciences Mall, Medical Block C</addr-line>
        <city>Vancouver</city>
        <country>Canada</country>
        <postal-code>V6T 1Z3</postal-code>
      </aff>
      <aff id="CD012735-aff-0002">
        <institution>University of British Columbia</institution>
        <institution content-type="dept">Faculty of Science</institution>
        <city>Vancouver</city>
        <country>Canada</country>
        <postal-code/>
      </aff>
      <author-notes>
        <fn>
          <p>Editorial Group: Cochrane Hypertension Group.</p>
        </fn>
      </author-notes>
      <pub-date pub-type="epub">
        <day>25</day>
        <month>7</month>
        <year>2017</year>
      </pub-date>
      <pub-date pub-type="collection">
        <month>7</month>
        <year>2017</year>
      </pub-date>
      <pub-date pub-type="update">
        <day>25</day>
        <month>07</month>
        <year>2017</year>
      </pub-date>
      <volume>2017</volume>
      <issue>7</issue>
      <elocation-id>CD012735</elocation-id>
      <history>
        <date date-type="cl-record-assessed-up-to-date">
          <day>12</day>
          <month>07</month>
          <year>2017</year>
        </date>
      </history>
      <permissions>
        <copyright-statement>Copyright &#xA9; 2017 The Cochrane Collaboration. Published by John Wiley &amp; Sons, Ltd.</copyright-statement>
        <copyright-year>2017</copyright-year>
        <copyright-holder>The Cochrane Collaboration</copyright-holder>
      </permissions>
      <abstract>
        <p>This is a protocol for a Cochrane Review (Intervention). The objectives are as follows:</p>
        <sec>
          <title>Primary objective</title>
          <p>To learn more about the pharmacology of pitavastatin by characterizing the dose&#x2010;related effect and variability of the effect of pitavastatin on the surrogate marker: low&#x2010;density lipoprotein (LDL cholesterol). The effects of statins on morbidity and mortality is not the objective of this systematic review.</p>
        </sec>
        <sec>
          <title>Secondary objectives</title>
          <p>To characterize the dose&#x2010;related effect and variability of effect of pitavastatin on the surrogate markers: total cholesterol, high&#x2010;density lipoprotein (HDL cholesterol), and triglycerides.</p>
          <p>To quantify the effect of various doses of pitavastatin on withdrawals due to adverse effects.</p>
        </sec>
      </abstract>
    </article-meta>
    <notes notes-type="status-note">
      <p>New</p>
    </notes>
  </front>
</article>
</pmc-articleset>