<?xml version="1.0" ?>
<!DOCTYPE pmc-articleset PUBLIC "-//NLM//DTD ARTICLE SET 2.0//EN" "https://dtd.nlm.nih.gov/ncbi/pmc/articleset/nlm-articleset-2.0.dtd">
<pmc-articleset><article xmlns:xlink="http://www.w3.org/1999/xlink" xmlns:mml="http://www.w3.org/1998/Math/MathML" id="CD005967.pub4" article-type="systematic-review">
  <!--The publisher of this article does not allow downloading of the full text in XML form.-->
  <front>
    <journal-meta>
      <journal-id journal-id-type="nlm-ta">Cochrane Database Syst Rev</journal-id>
      <journal-id journal-id-type="iso-abbrev">Cochrane Database Syst Rev</journal-id>
      <journal-id journal-id-type="publisher-id">14651858</journal-id>
      <journal-id journal-id-type="doi">10.1002/14651858</journal-id>
      <journal-title-group>
        <journal-title>The Cochrane Database of Systematic Reviews</journal-title>
      </journal-title-group>
      <issn pub-type="epub">1469-493X</issn>
      <issn-l>1361-6137</issn-l>
      <publisher>
        <publisher-name>John Wiley &amp; Sons, Ltd</publisher-name>
        <publisher-loc>Chichester, UK</publisher-loc>
      </publisher>
    </journal-meta>
    <article-meta>
      <article-id pub-id-type="pmid">22696354</article-id>
      <article-id pub-id-type="pmc">6532684</article-id>
      <article-id pub-id-type="doi">10.1002/14651858.CD005967.pub4</article-id>
      <article-id pub-id-type="publisher-id">CD005967</article-id>
      <article-id pub-id-type="other">CD005967.pub4</article-id>
      <article-categories>
        <subj-group subj-group-type="heading">
          <subject>Medicine General &amp; Introductory Medical Sciences</subject>
        </subj-group>
      </article-categories>
      <title-group>
        <article-title>Artesunate versus quinine for treating severe malaria</article-title>
      </title-group>
      <contrib-group>
        <contrib id="d28e63" contrib-type="author" corresp="yes">
          <name>
            <surname>Sinclair</surname>
            <given-names>David</given-names>
          </name>
          <address>
            <email>sinclad@liverpool.ac.uk</email>
          </address>
          <xref ref-type="aff" rid="CD005967-aff-0001"/>
        </contrib>
        <contrib id="d28e68" contrib-type="author">
          <name>
            <surname>Donegan</surname>
            <given-names>Sarah</given-names>
          </name>
          <xref ref-type="aff" rid="CD005967-aff-0001"/>
        </contrib>
        <contrib id="d28e73" contrib-type="author">
          <name>
            <surname>Isba</surname>
            <given-names>Rachel</given-names>
          </name>
          <xref ref-type="aff" rid="CD005967-aff-0001"/>
        </contrib>
        <contrib id="d28e78" contrib-type="author">
          <name>
            <surname>Lalloo</surname>
            <given-names>David G</given-names>
          </name>
          <xref ref-type="aff" rid="CD005967-aff-0002"/>
        </contrib>
      </contrib-group>
      <aff id="CD005967-aff-0001">
        <institution>Liverpool School of Tropical Medicine</institution>
        <institution content-type="dept">International Health Group</institution>
        <addr-line>Pembroke Place</addr-line>
        <city>Liverpool</city>
        <country>UK</country>
        <postal-code>L3 5QA</postal-code>
      </aff>
      <aff id="CD005967-aff-0002">
        <institution>Liverpool School of Tropical Medicine</institution>
        <institution content-type="dept">Clinical Research Group</institution>
        <addr-line>Pembroke Place</addr-line>
        <city>Liverpool</city>
        <country>UK</country>
        <postal-code>L3 5QA</postal-code>
      </aff>
      <author-notes>
        <fn>
          <p>Editorial Group: Cochrane Infectious Diseases Group.</p>
        </fn>
      </author-notes>
      <pub-date pub-type="epub">
        <day>13</day>
        <month>6</month>
        <year>2012</year>
      </pub-date>
      <pub-date pub-type="collection">
        <month>6</month>
        <year>2012</year>
      </pub-date>
      <pub-date pub-type="update">
        <day>10</day>
        <month>05</month>
        <year>2012</year>
      </pub-date>
      <volume>2012</volume>
      <issue>6</issue>
      <elocation-id>CD005967</elocation-id>
      <history>
        <date date-type="previous-update" publication-format="electronic">
          <day>16</day>
          <month>03</month>
          <year>2011</year>
        </date>
      </history>
      <permissions>
        <copyright-statement>Copyright &#xA9; 2019 The Cochrane Collaboration. Published by John Wiley &amp; Sons, Ltd.</copyright-statement>
        <copyright-year>2019</copyright-year>
        <copyright-holder>The Cochrane Collaboration</copyright-holder>
      </permissions>
      <related-article related-article-type="updated-article" ext-link-type="doi" xlink:href="10.1002/14651858.CD005967.pub3" id="d28e149"/>
      <abstract>
        <sec>
          <title>Background</title>
          <p>Severe malaria results in over a million deaths every year, most of them in children aged under five years and living in sub&#x2010;Saharan Africa. This review examines whether treatment with artesunate, instead of the standard treatment quinine, would result in fewer deaths and better treatment outcomes.</p>
        </sec>
        <sec>
          <title>Objectives</title>
          <p>To compare artesunate with quinine for treating severe malaria.</p>
        </sec>
        <sec>
          <title>Search methods</title>
          <p>We searched the Cochrane Infectious Diseases Group Specialized Register, CENTRAL (<italic>The Cochrane Library</italic>), MEDLINE, EMBASE, LILACS, ISI Web of Science, the <italic>meta</italic>Register of Controlled trials (<italic>m</italic>RCT), conference proceedings, and reference lists of articles to November 2010.</p>
        </sec>
        <sec>
          <title>Selection criteria</title>
          <p>Randomized controlled trials comparing intravenous, intramuscular, or rectal artesunate with intravenous or intramuscular quinine for treating adults and children with severe malaria who are unable to take medication by mouth.</p>
        </sec>
        <sec>
          <title>Data collection and analysis</title>
          <p>Two authors independently assessed the eligibility and risk of bias of trials, and extracted and analysed data. The primary outcome was all&#x2010;cause death. Dichotomous outcomes were summarized using risk ratios (RR) and continuous outcomes by mean differences (MD). Where appropriate, we combined data in meta&#x2010;analyses.</p>
        </sec>
        <sec>
          <title>Main results</title>
          <p>Eight trials enrolling 1664 adults and 5765 children are included in this review.</p>
          <p>Treatment with artesunate significantly reduced the risk of death both in adults (RR 0.61, 95% Confidence Interval (CI) 0.50 to 0.75; 1664 participants, five trials) and children (RR 0.76, 95% CI 0.65 to 0.90; 5765 participants, four trials)</p>
          <p>In children, treatment with artesunate increased the incidence of neurological sequelae at the time of hospital discharge. The majority of these sequelae were transient and no significant difference between treatments was seen at later follow up.</p>
        </sec>
        <sec>
          <title>Authors' conclusions</title>
          <p>The evidence clearly supports the superiority of parenteral artesunate over quinine for the treatment of severe malaria in both adults and children and in different regions of the world.</p>
        </sec>
      </abstract>
      <abstract abstract-type="short">
        <title>Artesunate reduces death from severe malaria</title>
        <p>Severe malaria occurs when infection with the malaria parasite is complicated by serious failure of the body's major organs, and results in over a million deaths every year. Sometimes severe malaria is associated with coma and is known as cerebral malaria. Following cerebral malaria a small proportion of children suffer with long&#x2010;term neurological disability.</p>
        <p>This review of trials assessed the effectiveness of artesunate compared with the standard treatment quinine. Eight trials involving 1664 adults and 5765 children were identified, from study sites in Asia and Africa.</p>
        <p>Treating adults in Asia with artesunate instead of quinine would prevent an extra 94 deaths for every 1000 patients treated. In trials involving children, the proportion of deaths was lower than in the trials involving adults. This lower risk of death results in a smaller benefit in children than in adults, but would still save an extra 26 lives for every 1000 children treated.</p>
        <p>In the children who survived their illness, there were more neurological problems at the time of hospital discharge in those treated with artesunate than those treated with quinine. However, the majority of these neurological problems had resolved when they were reviewed 28 days later, and at this timepoint there was no difference between the two treatment groups.</p>
        <p>Artesunate should be the drug of choice for adults and children with severe malaria worldwide.</p>
      </abstract>
      <kwd-group kwd-group-type="mesh">
        <kwd>Adult</kwd>
        <kwd>Child</kwd>
        <kwd>Humans</kwd>
        <kwd>Antimalarials</kwd>
        <kwd>Antimalarials/administration &amp; dosage</kwd>
        <kwd>Antimalarials/therapeutic use</kwd>
        <kwd>Artemisinins</kwd>
        <kwd>Artemisinins/administration &amp; dosage</kwd>
        <kwd>Artemisinins/therapeutic use</kwd>
        <kwd>Artesunate</kwd>
        <kwd>Injections, Intramuscular</kwd>
        <kwd>Injections, Intravenous</kwd>
        <kwd>Malaria</kwd>
        <kwd>Malaria/drug therapy</kwd>
        <kwd>Malaria/mortality</kwd>
        <kwd>Quinine</kwd>
        <kwd>Quinine/administration &amp; dosage</kwd>
        <kwd>Quinine/therapeutic use</kwd>
        <kwd>Randomized Controlled Trials as Topic</kwd>
      </kwd-group>
    </article-meta>
    <notes notes-type="status-note">
      <p>Unchanged</p>
    </notes>
  </front>
</article>
</pmc-articleset>