<?xml version="1.0" ?>
<!DOCTYPE pmc-articleset PUBLIC "-//NLM//DTD ARTICLE SET 2.0//EN" "https://dtd.nlm.nih.gov/ncbi/pmc/articleset/nlm-articleset-2.0.dtd">
<pmc-articleset><article xmlns:xlink="http://www.w3.org/1999/xlink" xmlns:mml="http://www.w3.org/1998/Math/MathML" id="CD008865.pub4" article-type="systematic-review">
  <!--The publisher of this article does not allow downloading of the full text in XML form.-->
  <front>
    <journal-meta>
      <journal-id journal-id-type="nlm-ta">Cochrane Database Syst Rev</journal-id>
      <journal-id journal-id-type="iso-abbrev">Cochrane Database Syst Rev</journal-id>
      <journal-id journal-id-type="publisher-id">14651858</journal-id>
      <journal-id journal-id-type="doi">10.1002/14651858</journal-id>
      <journal-title-group>
        <journal-title>The Cochrane Database of Systematic Reviews</journal-title>
      </journal-title-group>
      <issn pub-type="epub">1469-493X</issn>
      <issn-l>1361-6137</issn-l>
      <publisher>
        <publisher-name>John Wiley &amp; Sons, Ltd</publisher-name>
        <publisher-loc>Chichester, UK</publisher-loc>
      </publisher>
    </journal-meta>
    <article-meta>
      <article-id pub-id-type="pmid">27654832</article-id>
      <article-id pub-id-type="pmc">6457746</article-id>
      <article-id pub-id-type="doi">10.1002/14651858.CD008865.pub4</article-id>
      <article-id pub-id-type="publisher-id">CD008865</article-id>
      <article-id pub-id-type="other">CD008865.pub4</article-id>
      <article-categories>
        <subj-group subj-group-type="heading">
          <subject>Medicine General &amp; Introductory Medical Sciences</subject>
        </subj-group>
      </article-categories>
      <title-group>
        <article-title>Pneumococcal vaccines for cystic fibrosis</article-title>
      </title-group>
      <contrib-group>
        <contrib id="d28e63" contrib-type="author" corresp="yes">
          <name>
            <surname>Burgess</surname>
            <given-names>Laura</given-names>
          </name>
          <address>
            <email>l.burgess@doctors.org.uk</email>
            <email>lauraburgess@nhs.net</email>
          </address>
          <xref ref-type="aff" rid="CD008865-aff-0001"/>
        </contrib>
        <contrib id="d28e68" contrib-type="author">
          <name>
            <surname>Southern</surname>
            <given-names>Kevin W</given-names>
          </name>
          <xref ref-type="aff" rid="CD008865-aff-0002"/>
        </contrib>
      </contrib-group>
      <aff id="CD008865-aff-0001">
        <institution>Alder Hey Children's NHS Foundation Trust</institution>
        <addr-line>Eaton Road</addr-line>
        <city>Liverpool</city>
        <country>UK</country>
        <postal-code>L12 2AP</postal-code>
      </aff>
      <aff id="CD008865-aff-0002">
        <institution>University of Liverpool</institution>
        <institution content-type="dept">Department of Women's and Children's Health</institution>
        <addr-line>Alder Hey Children's NHS Foundation TrustEaton Road</addr-line>
        <city>Liverpool</city>
        <country>UK</country>
        <postal-code>L12 2AP</postal-code>
      </aff>
      <author-notes>
        <fn>
          <p>Editorial Group: Cochrane Cystic Fibrosis and Genetic Disorders Group.</p>
        </fn>
      </author-notes>
      <pub-date pub-type="epub">
        <day>22</day>
        <month>9</month>
        <year>2016</year>
      </pub-date>
      <pub-date pub-type="collection">
        <month>9</month>
        <year>2016</year>
      </pub-date>
      <pub-date pub-type="update">
        <day>05</day>
        <month>09</month>
        <year>2016</year>
      </pub-date>
      <volume>2016</volume>
      <issue>9</issue>
      <elocation-id>CD008865</elocation-id>
      <history>
        <date date-type="previous-update" publication-format="electronic">
          <day>05</day>
          <month>08</month>
          <year>2014</year>
        </date>
        <date date-type="cl-record-assessed-up-to-date">
          <day>27</day>
          <month>06</month>
          <year>2016</year>
        </date>
      </history>
      <permissions>
        <copyright-statement>Copyright &#xA9; 2016 The Cochrane Collaboration. Published by John Wiley &amp; Sons, Ltd.</copyright-statement>
        <copyright-year>2016</copyright-year>
        <copyright-holder>The Cochrane Collaboration</copyright-holder>
      </permissions>
      <related-article related-article-type="updated-article" ext-link-type="doi" xlink:href="10.1002/14651858.CD008865.pub3" id="d28e133"/>
      <abstract>
        <sec>
          <title>Background</title>
          <p>Invasive pneumococcal disease is associated with significant mortality and many countries have introduced routine pneumococcal vaccination into their childhood immunisation programmes. Whilst pneumococcal disease in cystic fibrosis is uncommon, pneumococcal immunisation may offer some protection against pulmonary exacerbations caused by this pathogen. In the USA and UK pneumococcal vaccination is currently recommended for all children and adults with cystic fibrosis. This is an update of a previously published review.</p>
        </sec>
        <sec>
          <title>Objectives</title>
          <p>To assess the efficacy of pneumococcal vaccines in reducing morbidity in people with cystic fibrosis.</p>
        </sec>
        <sec>
          <title>Search methods</title>
          <p>We searched the Cochrane Cystic Fibrosis and Genetic Disorders Group Cystic Fibrosis Trials Register, which comprises references identified from comprehensive electronic database searches and handsearches of relevant journals and abstract books of conference proceedings. In addition, the pharmaceutical manufacturers of the polysaccharide and conjugate pneumococcal vaccines were approached.</p>
          <p>Date of the most recent search: 27 June 2016.</p>
        </sec>
        <sec>
          <title>Selection criteria</title>
          <p>Randomised and quasi&#x2010;randomised controlled trials comparing pneumococcal vaccination (with either a polysaccharide or conjugate pneumococcal vaccine) with non&#x2010;vaccination or placebo in children or adults with cystic fibrosis were eligible for inclusion.</p>
        </sec>
        <sec>
          <title>Data collection and analysis</title>
          <p>No relevant trials were identified.</p>
        </sec>
        <sec>
          <title>Main results</title>
          <p>There are no trials included in this review.</p>
        </sec>
        <sec>
          <title>Authors' conclusions</title>
          <p>As no trials were identified we cannot draw conclusions on the efficacy of routine pneumococcal immunisation in people with cystic fibrosis in reducing their morbidity or mortality. As many countries now include pneumococcal immunisation in their routine childhood vaccination schedule it is unlikely that future randomised controlled trials will be initiated. Rigorously conducted epidemiological studies may offer the opportunity to evaluate the efficacy of pneumococcal vaccination in reducing morbidity and mortality in people with cystic fibrosis.</p>
        </sec>
      </abstract>
      <abstract abstract-type="short">
        <title>Pneumococcal vaccines for children and adults with cystic fibrosis</title>
        <p>
          <bold>Review question</bold>
        </p>
        <p>We reviewed the evidence about the effect of vaccinating people with cystic fibrosis against infection with pneumococcal bacteria.</p>
        <p>
          <bold>Background</bold>
        </p>
        <p>Cystic fibrosis is an inherited disease which causes mucus in the lungs to be more sticky than normal, leading to frequent lung infections and lung damage. Pneumococcus is a type of bacteria that can cause infection throughout the body. These infections can be very serious and may lead to severe illness and death.</p>
        <p>There are two types of vaccine that can help protect people against some forms of pneumococcus bacteria. One vaccine is used in children under two years of age and the second is used in older children and adults. This review aimed to find trials that compared vaccinations (either vaccine) to no vaccination or a vaccination with a placebo (dummy drug) to work out whether vaccinating against pneumococcus bacteria can reduce serious illness and death in people with cystic fibrosis. This is an update of a previously published review.</p>
        <p>
          <bold>Search date</bold>
        </p>
        <p>Evidence is current to 27 June 2016.</p>
        <p>
          <bold>Study characteristics</bold>
        </p>
        <p>We did not find any relevant trials to include in this review.</p>
        <p>
          <bold>Key results</bold>
        </p>
        <p>The evidence to support the routine use of vaccines against pneumococcal infection is not strong; however, many countries now recommend that all children receive the vaccine as part of their childhood immunisation programmes.</p>
      </abstract>
      <kwd-group kwd-group-type="mesh">
        <kwd>Adult</kwd>
        <kwd>Child</kwd>
        <kwd>Humans</kwd>
        <kwd>Cystic Fibrosis</kwd>
        <kwd>Cystic Fibrosis/complications</kwd>
        <kwd>Pneumococcal Infections</kwd>
        <kwd>Pneumococcal Infections/prevention &amp; control</kwd>
        <kwd>Pneumococcal Vaccines</kwd>
        <kwd>Pneumococcal Vaccines/therapeutic use</kwd>
      </kwd-group>
    </article-meta>
    <notes notes-type="status-note">
      <p>New search for studies and content updated (no change to conclusions)</p>
    </notes>
  </front>
</article>
</pmc-articleset>