<?xml version="1.0" ?>
<!DOCTYPE pmc-articleset PUBLIC "-//NLM//DTD ARTICLE SET 2.0//EN" "https://dtd.nlm.nih.gov/ncbi/pmc/articleset/nlm-articleset-2.0.dtd">
<pmc-articleset><article xmlns:xlink="http://www.w3.org/1999/xlink" xmlns:mml="http://www.w3.org/1998/Math/MathML" id="CD012071.pub2" article-type="systematic-review">
  <!--The publisher of this article does not allow downloading of the full text in XML form.-->
  <front>
    <journal-meta>
      <journal-id journal-id-type="nlm-ta">Cochrane Database Syst Rev</journal-id>
      <journal-id journal-id-type="iso-abbrev">Cochrane Database Syst Rev</journal-id>
      <journal-id journal-id-type="publisher-id">14651858</journal-id>
      <journal-id journal-id-type="doi">10.1002/14651858</journal-id>
      <journal-title-group>
        <journal-title>The Cochrane Database of Systematic Reviews</journal-title>
      </journal-title-group>
      <issn pub-type="epub">1469-493X</issn>
      <issn-l>1361-6137</issn-l>
      <publisher>
        <publisher-name>John Wiley &amp; Sons, Ltd</publisher-name>
        <publisher-loc>Chichester, UK</publisher-loc>
      </publisher>
    </journal-meta>
    <article-meta>
      <article-id pub-id-type="pmid">30776081</article-id>
      <article-id pub-id-type="pmc">6378924</article-id>
      <article-id pub-id-type="doi">10.1002/14651858.CD012071.pub2</article-id>
      <article-id pub-id-type="publisher-id">CD012071</article-id>
      <article-id pub-id-type="other">CD012071.pub2</article-id>
      <article-categories>
        <subj-group subj-group-type="heading">
          <subject>Medicine General &amp; Introductory Medical Sciences</subject>
        </subj-group>
      </article-categories>
      <title-group>
        <article-title>Antibiotic treatment for newborns with congenital syphilis</article-title>
      </title-group>
      <contrib-group>
        <contrib id="d28e63" contrib-type="author" corresp="yes">
          <name>
            <surname>Walker</surname>
            <given-names>Godfrey JA</given-names>
          </name>
          <address>
            <email>godfrey.walker64@alumni.ic.ac.uk</email>
            <email>godfrey.walker64@alumni.ic.ac.uk</email>
          </address>
          <xref ref-type="aff" rid="CD012071-aff-0001"/>
        </contrib>
        <contrib id="d28e68" contrib-type="author">
          <name>
            <surname>Walker</surname>
            <given-names>Damian</given-names>
          </name>
          <xref ref-type="aff" rid="CD012071-aff-0002"/>
        </contrib>
        <contrib id="d28e73" contrib-type="author">
          <name>
            <surname>Molano Franco</surname>
            <given-names>Daniel</given-names>
          </name>
          <xref ref-type="aff" rid="CD012071-aff-0003"/>
        </contrib>
        <contrib id="d28e78" contrib-type="author">
          <name>
            <surname>Grillo&#x2010;Ardila</surname>
            <given-names>Carlos F</given-names>
          </name>
          <xref ref-type="aff" rid="CD012071-aff-0004"/>
        </contrib>
      </contrib-group>
      <aff id="CD012071-aff-0001">
        <institution>The University of Liverpool</institution>
        <institution content-type="dept">C/o Cochrane Pregnancy and Childbirth Group, Department of Women's and Children's Health</institution>
        <addr-line>First Floor, Liverpool Women's NHS Foundation TrustCrown Street</addr-line>
        <city>Liverpool</city>
        <country>UK</country>
        <postal-code>L8 7SS</postal-code>
      </aff>
      <aff id="CD012071-aff-0002">
        <institution>Bill &amp; Melinda Gates Foundation</institution>
        <institution content-type="dept">Cost&#x2010;Effectiveness, Integrated Delivery, Global Development</institution>
        <city>Seattle</city>
        <country>USA</country>
        <postal-code>WA 98102</postal-code>
      </aff>
      <aff id="CD012071-aff-0003">
        <institution>Fundacion Universitaria de Ciencias de la Salud, Hospital de San Jos&#xE9;</institution>
        <institution content-type="dept">Department of Critical Care</institution>
        <addr-line>Carrera 19 # 8&#x2010;32</addr-line>
        <city>Bogota</city>
        <country>Colombia</country>
        <postal-code>11001</postal-code>
      </aff>
      <aff id="CD012071-aff-0004">
        <institution>Faculty of Medicine, Universidad Nacional de Colombia</institution>
        <institution content-type="dept">Department of Obstetrics and Gynecology</institution>
        <addr-line>Carrera 30 No 45&#x2010;03</addr-line>
        <city>Bogota</city>
        <country>Colombia</country>
        <postal-code/>
      </aff>
      <author-notes>
        <fn>
          <p>Editorial Group: Cochrane STI Group.</p>
        </fn>
      </author-notes>
      <pub-date pub-type="epub">
        <day>15</day>
        <month>2</month>
        <year>2019</year>
      </pub-date>
      <pub-date pub-type="collection">
        <month>2</month>
        <year>2019</year>
      </pub-date>
      <pub-date pub-type="update">
        <day>12</day>
        <month>02</month>
        <year>2019</year>
      </pub-date>
      <volume>2019</volume>
      <issue>2</issue>
      <elocation-id>CD012071</elocation-id>
      <history>
        <date date-type="previous-update" publication-format="electronic">
          <day>08</day>
          <month>02</month>
          <year>2016</year>
        </date>
      </history>
      <permissions>
        <copyright-statement>Copyright &#xA9; 2019 The Cochrane Collaboration. Published by John Wiley &amp; Sons, Ltd.</copyright-statement>
        <copyright-year>2019</copyright-year>
        <copyright-holder>The Cochrane Collaboration</copyright-holder>
      </permissions>
      <related-article related-article-type="updated-article" ext-link-type="doi" xlink:href="10.1002/14651858.CD012071" id="d28e168"/>
      <abstract>
        <sec>
          <title>Background</title>
          <p>Congenital syphilis continues to be a substantial public health problem in many parts of the world. Since the first use of penicillin for the treatment of syphilis in 1943, which was a notable early success, it has remained the preferred and standard treatment including for congenital syphilis. However, the treatment of congenital syphilis is largely based on clinical experience and there is extremely limited evidence on the optimal dose or duration of administration of penicillin or the use of other antibiotics.</p>
        </sec>
        <sec>
          <title>Objectives</title>
          <p>To assess the effectiveness and safety of antibiotic treatment for newborns with confirmed, highly probable and possible congenital syphilis.</p>
        </sec>
        <sec>
          <title>Search methods</title>
          <p>We searched the Cochrane STI Group Specialized Register, CENTRAL, MEDLINE, Embase, LILACS, WHO ICTRP, ClinicalTrials.gov and Web of Science to 23 May 2018. We also handsearched conference proceedings, contacted trial authors and reviewed the reference lists of retrieved studies.</p>
        </sec>
        <sec>
          <title>Selection criteria</title>
          <p>Randomised controlled trials (RCTs) comparing antibiotic treatment (any concentration, frequency, duration and route) with no intervention or any other antibiotic treatment for neonates with confirmed, highly probable or possible congenital syphilis.</p>
        </sec>
        <sec>
          <title>Data collection and analysis</title>
          <p>All review authors independently assessed trials for inclusion, extracted data and assessed the risk of bias in the included studies. We resolved any disagreements through consensus. We assessed the quality of the evidence using the GRADE approach.</p>
        </sec>
        <sec>
          <title>Main results</title>
          <p>Two RCTs (191 participants) met our inclusion criteria and none of these trials was funded by the industry. One trial (22 participants) compared benzathine penicillin with no intervention for infants with possible congenital syphilis. Low&#x2010;quality evidence suggested that benzathine penicillin administration may not have decreased the rate of neonatal death due to any cause (risk ratio (RR) 0.83, 95% confidence interval (CI) 0.06 to 11.70), and showed a possible reduction into the proportion of neonates with clinical manifestations of congenital syphilis (RR 0.12, 95% CI 0.01 to 2.09). Penicillin administration increased the serological cure at the third month (RR 2.13, 95% CI 1.06 to 4.27). These results should be taken with caution, because the trial was stopped early because there were four cases with clinical congenital syphilis in the no treatment group and none in the treatment group. Interim analysis suggested this difference was significant. This study did not report neonatal death due to congenital syphilis or the frequency of serious or minor adverse events after therapy. We downgraded the quality of evidence because of imprecision and risk of bias.</p>
          <p>One trial (169 participants) compared benzathine penicillin versus procaine benzylpenicillin. High&#x2010; and moderate&#x2010;quality evidence suggested that there were probably no differences between benzathine penicillin and procaine benzylpenicillin for the outcomes: absence of clinical manifestations of congenital syphilis (RR 1.00, 95% CI 0.97 to 1.03) and serological cure (RR 1.00, 95% CI 0.97 to 1.03). There were no cases of neonatal death due congenital syphilis; all 152 babies who followed up survived. This study did not report on the frequency of serious or minor adverse events after therapy. We downgraded the quality of evidence because of serious risk of bias.</p>
        </sec>
        <sec>
          <title>Authors' conclusions</title>
          <p>At present, the evidence on the effectiveness and safety of antibiotic treatment for newborns with confirmed, highly probable or possible congenital syphilis is sparse, implying that we are uncertain about the estimated effect. One trial compared benzathine penicillin with no intervention for infants with possible congenital syphilis. Low&#x2010;quality evidence suggested penicillin administration possibly reduce the proportion of neonates with clinical manifestations of congenital syphilis, penicillin administration increased the serological cure at the third month. These findings support the clinical use of penicillin in neonates with confirmed, highly probable or possible congenital syphilis. High&#x2010; and moderate&#x2010;quality evidence suggests that there are probably no differences between benzathine penicillin and procaine benzylpenicillin administration for the outcomes of absence of clinical manifestations of syphilis or serological cure.</p>
        </sec>
      </abstract>
      <abstract abstract-type="short">
        <title>Which antibiotic are useful to treat newborns with congenital syphilis?</title>
        <p>
          <bold>Review question</bold>
        </p>
        <p>To assess the effectiveness and safety of antibiotic treatment for newborns with congenital syphilis.</p>
        <p>
          <bold>Background</bold>
        </p>
        <p>Pregnant women with syphilis can transmit it through the placenta to the fetus or at birth to the neonate; in such cases the baby is said to have congenital syphilis. This continues to be a substantial public health problem in many countries. In 2007, the World Health Organization launched a global initiative for the elimination of mother&#x2010;to&#x2010;child transmission of syphilis.</p>
        <p>
          <bold>Trial characteristics</bold>
        </p>
        <p>We identified only two clinical trials following extensive searches of medical databases carried out up to 23 May 2018 and involved two main formulations of penicillin, long&#x2010;acting benzathine penicillin and procaine benzylpenicillin. Both trials recruited infants with asymptomatic (no symptoms) congenital syphilis. The first with 22 newborns was undertaken in South Africa and compared benzathine penicillin with no treatment. The second trial was carried out in USA and recruited 169 infants and compared the effectiveness of benzathine penicillin and procaine benzylpenicillin.</p>
        <p>
          <bold>Key results</bold>
        </p>
        <p>The first study showed there was not difference in the rate of neonatal death due to any cause, moreover results suggested a possible reduction into the proportion of neonates with clinical manifestations of congenital syphilis. Also penicillin administration increase the number of patients who experience a favourable response in terms of the test used to monitor disease activity (serological cure). This trial was stopped early after there were four cases of congenital syphilis found in the no&#x2010;treatment group and none in the penicillin group.</p>
        <p>The second trial showed that both benzathine penicillin and procaine benzylpenicillin were probably equally effective in treating congenital syphilis for the outcomes absence of clinical manifestations of congenital syphilis and serological cure. None of the studies assessed the side effects of treatment.</p>
        <p>
          <bold>Quality of the evidence</bold>
        </p>
        <p>The quality of the evidence for the first trial was low due to poor reporting of study methods. For the second trial, there was high&#x2010;quality evidence for the absence of clinical manifestations of congenital syphilis on neonates, but moderate&#x2010;quality evidence for serological cure due to few data.</p>
        <p>
          <bold>Conclusions</bold>
        </p>
        <p>Compared with no intervention, treatment with benzathine penicillin may increase rates of serological cure by the age of three months and possibly reduce the the clinical manifestation of congenital syphilis. There is probably no difference between long&#x2010;acting benzathine penicillin and procaine benzylpenicillin for treating newborns with congenital syphilis.</p>
      </abstract>
      <kwd-group kwd-group-type="mesh">
        <kwd>Humans</kwd>
        <kwd>Infant</kwd>
        <kwd>Infant, Newborn</kwd>
        <kwd>Anti&#x2010;Bacterial Agents</kwd>
        <kwd>Anti&#x2010;Bacterial Agents/therapeutic use</kwd>
        <kwd>Infant Mortality</kwd>
        <kwd>Penicillin G Benzathine</kwd>
        <kwd>Penicillin G Benzathine/therapeutic use</kwd>
        <kwd>Penicillin G Procaine</kwd>
        <kwd>Penicillin G Procaine/therapeutic use</kwd>
        <kwd>Randomized Controlled Trials as Topic</kwd>
        <kwd>Syphilis, Congenital</kwd>
        <kwd>Syphilis, Congenital/drug therapy</kwd>
      </kwd-group>
    </article-meta>
    <notes notes-type="status-note">
      <p>New</p>
    </notes>
  </front>
</article>
</pmc-articleset>