<?xml version="1.0" ?>
<!DOCTYPE pmc-articleset PUBLIC "-//NLM//DTD ARTICLE SET 2.0//EN" "https://dtd.nlm.nih.gov/ncbi/pmc/articleset/nlm-articleset-2.0.dtd">
<pmc-articleset><article xmlns:xlink="http://www.w3.org/1999/xlink" xmlns:mml="http://www.w3.org/1998/Math/MathML" id="CD009862.pub2" article-type="systematic-review">
  <!--The publisher of this article does not allow downloading of the full text in XML form.-->
  <front>
    <journal-meta>
      <journal-id journal-id-type="nlm-ta">Cochrane Database Syst Rev</journal-id>
      <journal-id journal-id-type="iso-abbrev">Cochrane Database Syst Rev</journal-id>
      <journal-id journal-id-type="publisher-id">14651858</journal-id>
      <journal-id journal-id-type="doi">10.1002/14651858</journal-id>
      <journal-title-group>
        <journal-title>The Cochrane Database of Systematic Reviews</journal-title>
      </journal-title-group>
      <issn pub-type="epub">1469-493X</issn>
      <issn-l>1361-6137</issn-l>
      <publisher>
        <publisher-name>John Wiley &amp; Sons, Ltd</publisher-name>
        <publisher-loc>Chichester, UK</publisher-loc>
      </publisher>
    </journal-meta>
    <article-meta>
      <article-id pub-id-type="pmc">6464615</article-id>
      <article-id pub-id-type="doi">10.1002/14651858.CD009862.pub2</article-id>
      <article-id pub-id-type="publisher-id">CD009862</article-id>
      <article-id pub-id-type="other">CD009862.pub2</article-id>
      <article-categories>
        <subj-group subj-group-type="heading">
          <subject>Medicine General &amp; Introductory Medical Sciences</subject>
        </subj-group>
      </article-categories>
      <title-group>
        <article-title>Propofol and ketamine in combination versus ketamine or propofol alone for procedural sedation in children outside of the operating room</article-title>
      </title-group>
      <contrib-group>
        <contrib id="d28e63" contrib-type="author" corresp="yes">
          <name>
            <surname>Bishop</surname>
            <given-names>Jeff MS</given-names>
          </name>
          <address>
            <email>jeffrey.bishop@viha.ca</email>
            <email>Dr.jeff.bishop@gmail.com</email>
          </address>
          <xref ref-type="aff" rid="CD009862-aff-0001"/>
        </contrib>
        <contrib id="d28e68" contrib-type="author">
          <name>
            <surname>Ansermino</surname>
            <given-names>J Mark</given-names>
          </name>
          <xref ref-type="aff" rid="CD009862-aff-0002 CD009862-aff-0003"/>
        </contrib>
        <contrib id="d28e73" contrib-type="author">
          <name>
            <surname>Milner</surname>
            <given-names>Ruth A</given-names>
          </name>
          <xref ref-type="aff" rid="CD009862-aff-0004"/>
        </contrib>
        <contrib id="d28e78" contrib-type="author">
          <name>
            <surname>Doan</surname>
            <given-names>Quynh</given-names>
          </name>
          <xref ref-type="aff" rid="CD009862-aff-0005"/>
        </contrib>
      </contrib-group>
      <aff id="CD009862-aff-0001">
        <institution>Victoria General Hospital</institution>
        <institution content-type="dept">Department of Pediatrics, Division of Critical Care, University of British Columbia, Island Medical Program</institution>
        <addr-line>I Hospital Way</addr-line>
        <city>Victoria</city>
        <country>Canada</country>
        <postal-code>V8Z 6R5</postal-code>
      </aff>
      <aff id="CD009862-aff-0002">
        <institution>University of British Columbia, British Columbia's Children's Hospital</institution>
        <institution content-type="dept">Department of Pediatric Anesthesia</institution>
        <addr-line>4480 Oak Street</addr-line>
        <city>Vancouver</city>
        <country>Canada</country>
        <postal-code>V6H 3V4</postal-code>
      </aff>
      <aff id="CD009862-aff-0003">
        <institution>The University of British Columbia</institution>
        <institution content-type="dept">Department of Anesthesiology, Pharmacology &amp; Therapeutics</institution>
        <city>Vancouver</city>
        <country>Canada</country>
        <postal-code/>
      </aff>
      <aff id="CD009862-aff-0004">
        <institution>University of British Columbia, British Columbia's Children's Hospital</institution>
        <institution content-type="dept">Department of Surgery</institution>
        <addr-line>Child and Family Research Institute2950 West 28th Avenue</addr-line>
        <city>Vancouver</city>
        <country>Canada</country>
        <postal-code>V5Z 4H4</postal-code>
      </aff>
      <aff id="CD009862-aff-0005">
        <institution>University of British Columbia, British Columbia's Children's Hospital</institution>
        <institution content-type="dept">Department of Pediatrics, Division of Emergency</institution>
        <city>Vancouver</city>
        <country>Canada</country>
        <postal-code/>
      </aff>
      <author-notes>
        <fn>
          <p>Editorial Group: Cochrane Anaesthesia, Critical and Emergency Care Group.</p>
        </fn>
      </author-notes>
      <pub-date pub-type="epub">
        <day>21</day>
        <month>2</month>
        <year>2017</year>
      </pub-date>
      <pub-date pub-type="collection">
        <month>2</month>
        <year>2017</year>
      </pub-date>
      <pub-date pub-type="update">
        <day>21</day>
        <month>02</month>
        <year>2017</year>
      </pub-date>
      <volume>2017</volume>
      <issue>2</issue>
      <elocation-id>CD009862</elocation-id>
      <history>
        <date date-type="previous-update" publication-format="electronic">
          <day>16</day>
          <month>05</month>
          <year>2012</year>
        </date>
      </history>
      <permissions>
        <copyright-statement>Copyright &#xA9; 2017 The Cochrane Collaboration. Published by John Wiley &amp; Sons, Ltd.</copyright-statement>
        <copyright-year>2017</copyright-year>
        <copyright-holder>The Cochrane Collaboration</copyright-holder>
      </permissions>
      <related-article related-article-type="updated-article" ext-link-type="doi" xlink:href="10.1002/14651858.CD009862" id="d28e180"/>
      <abstract>
        <title>Abstract</title>
        <p>This is a protocol for a Cochrane Review (Intervention). The objectives are as follows:</p>
        <p>To determine the efficacy of using propofol and ketamine in combination versus ketamine or propofol alone for procedural sedation in children outside of the operating room.</p>
      </abstract>
    </article-meta>
    <notes notes-type="status-note">
      <p>Withdrawn from publication for reasons stated in the review</p>
    </notes>
  </front>
</article>
</pmc-articleset>