<?xml version="1.0" ?>
<!DOCTYPE pmc-articleset PUBLIC "-//NLM//DTD ARTICLE SET 2.0//EN" "https://dtd.nlm.nih.gov/ncbi/pmc/articleset/nlm-articleset-2.0.dtd">
<pmc-articleset><article xmlns:xlink="http://www.w3.org/1999/xlink" xmlns:mml="http://www.w3.org/1998/Math/MathML" id="CD012315.pub2" article-type="systematic-review">
  <!--The publisher of this article does not allow downloading of the full text in XML form.-->
  <front>
    <journal-meta>
      <journal-id journal-id-type="nlm-ta">Cochrane Database Syst Rev</journal-id>
      <journal-id journal-id-type="iso-abbrev">Cochrane Database Syst Rev</journal-id>
      <journal-id journal-id-type="publisher-id">14651858</journal-id>
      <journal-id journal-id-type="doi">10.1002/14651858</journal-id>
      <journal-title-group>
        <journal-title>The Cochrane Database of Systematic Reviews</journal-title>
      </journal-title-group>
      <issn pub-type="epub">1469-493X</issn>
      <issn-l>1361-6137</issn-l>
      <publisher>
        <publisher-name>John Wiley &amp; Sons, Ltd</publisher-name>
        <publisher-loc>Chichester, UK</publisher-loc>
      </publisher>
    </journal-meta>
    <article-meta>
      <article-id pub-id-type="pmid">30387126</article-id>
      <article-id pub-id-type="pmc">6517201</article-id>
      <article-id pub-id-type="doi">10.1002/14651858.CD012315.pub2</article-id>
      <article-id pub-id-type="publisher-id">CD012315</article-id>
      <article-id pub-id-type="other">CD012315.pub2</article-id>
      <article-categories>
        <subj-group subj-group-type="heading">
          <subject>Medicine General &amp; Introductory Medical Sciences</subject>
        </subj-group>
      </article-categories>
      <title-group>
        <article-title>Caseworker&#x2010;assigned discharge plans to prevent hospital readmission for acute exacerbations in children with chronic respiratory illness</article-title>
      </title-group>
      <contrib-group>
        <contrib id="d28e63" contrib-type="author" corresp="yes">
          <name>
            <surname>Hall</surname>
            <given-names>Kerry K</given-names>
          </name>
          <address>
            <email>kerry.hall@griffith.edu.au</email>
            <email>kkmjhall@bigpond.com</email>
          </address>
          <xref ref-type="aff" rid="CD012315-aff-0001"/>
        </contrib>
        <contrib id="d28e68" contrib-type="author">
          <name>
            <surname>Petsky</surname>
            <given-names>Helen L</given-names>
          </name>
          <xref ref-type="aff" rid="CD012315-aff-0002"/>
        </contrib>
        <contrib id="d28e73" contrib-type="author">
          <name>
            <surname>Chang</surname>
            <given-names>Anne B</given-names>
          </name>
          <xref ref-type="aff" rid="CD012315-aff-0003 CD012315-aff-0004 CD012315-aff-0005 CD012315-aff-0006"/>
        </contrib>
        <contrib id="d28e78" contrib-type="author">
          <name>
            <surname>O'Grady</surname>
            <given-names>KerryAnn F</given-names>
          </name>
          <xref ref-type="aff" rid="CD012315-aff-0004"/>
        </contrib>
      </contrib-group>
      <aff id="CD012315-aff-0001">
        <institution>Griffith University</institution>
        <institution content-type="dept">Menzies Health Institute Queensland</institution>
        <addr-line>Recreation RoadNathan</addr-line>
        <city>Brisbane</city>
        <country>Australia</country>
        <postal-code>4101</postal-code>
      </aff>
      <aff id="CD012315-aff-0002">
        <institution>Griffith University</institution>
        <institution content-type="dept">School of Nursing and Midwifery, Griffith University and Menzies Health Institute Queensland</institution>
        <city>Brisbane</city>
        <country>Australia</country>
        <postal-code/>
      </aff>
      <aff id="CD012315-aff-0003">
        <institution>Menzies School of Health Research, Charles Darwin University</institution>
        <institution content-type="dept">Child Health Division</institution>
        <addr-line>PO Box 41096</addr-line>
        <city>Darwin</city>
        <country>Australia</country>
        <postal-code>0811</postal-code>
      </aff>
      <aff id="CD012315-aff-0004">
        <institution>Queensland University of Technology</institution>
        <institution content-type="dept">Institute of Health and Biomedical Innovation</institution>
        <city>Brisbane</city>
        <country>Australia</country>
        <postal-code/>
      </aff>
      <aff id="CD012315-aff-0005">
        <institution>Lady Cilento Children's Hospital</institution>
        <institution content-type="dept">Department of Respiratory and Sleep Medicine</institution>
        <city>Brisbane</city>
        <country>Australia</country>
        <postal-code/>
      </aff>
      <aff id="CD012315-aff-0006">
        <institution>Centre for Children's Health Research</institution>
        <institution content-type="dept">Cough, Asthma, Airways Research Group</institution>
        <city>South Brisbane</city>
        <country>Australia</country>
        <postal-code/>
      </aff>
      <author-notes>
        <fn>
          <p>Editorial Group: Cochrane Airways Group.</p>
        </fn>
      </author-notes>
      <pub-date pub-type="epub">
        <day>02</day>
        <month>11</month>
        <year>2018</year>
      </pub-date>
      <pub-date pub-type="collection">
        <month>11</month>
        <year>2018</year>
      </pub-date>
      <pub-date pub-type="update">
        <day>31</day>
        <month>10</month>
        <year>2018</year>
      </pub-date>
      <volume>2018</volume>
      <issue>11</issue>
      <elocation-id>CD012315</elocation-id>
      <history>
        <date date-type="previous-update" publication-format="electronic">
          <day>11</day>
          <month>08</month>
          <year>2016</year>
        </date>
      </history>
      <permissions>
        <copyright-statement>Copyright &#xA9; 2018 The Cochrane Collaboration. Published by John Wiley &amp; Sons, Ltd.</copyright-statement>
        <copyright-year>2018</copyright-year>
        <copyright-holder>The Cochrane Collaboration</copyright-holder>
      </permissions>
      <related-article related-article-type="updated-article" ext-link-type="doi" xlink:href="10.1002/14651858.CD012315" id="d28e188"/>
      <abstract>
        <sec>
          <title>Background</title>
          <p>Chronic respiratory conditions are major causes of mortality and morbidity. Children with chronic health conditions have increased morbidity associated with their physical, emotional, and general well&#x2010;being. Acute respiratory exacerbations (AREs) are common in children with chronic respiratory disease, often requiring admission to hospital. Reducing the frequency of AREs and recurrent hospitalisations is therefore an important goal in the individual and public health management of chronic respiratory illnesses in children. Discharge planning is used to decide what a person needs for transition from one level of care to another and is usually considered in the context of discharge from hospital to the home. Discharge planning from hospital for ongoing management of an illness has historically been referral to a general practitioner or allied health professional or self management by the individual and their family with limited communication between the hospital and patient once discharged. Effective discharge planning can decrease the risk of recurrent AREs requiring medical care. An individual caseworker&#x2010;assigned discharge plan may further decrease exacerbations.</p>
        </sec>
        <sec>
          <title>Objectives</title>
          <p>To evaluate the efficacy of individual caseworker&#x2010;assigned discharge plans, as compared to non&#x2010;caseworker&#x2010;assigned plans, in preventing hospitalisation for AREs in children with chronic lung diseases such as asthma and bronchiectasis.</p>
        </sec>
        <sec>
          <title>Search methods</title>
          <p>We searched the Cochrane Airways Group Specialised Register of Trials, the Cochrane Central Register of Controlled Trials (CENTRAL), MEDLINE, Embase, trials registries, and reference lists of articles. The latest searches were undertaken in November 2017.</p>
        </sec>
        <sec>
          <title>Selection criteria</title>
          <p>All randomised controlled trials comparing individual caseworker&#x2010;assigned discharge planning compared to traditional discharge&#x2010;planning approaches (including self management), and their effectiveness in reducing the subsequent need for emergency care for AREs (hospital admissions, emergency department visits, and/or unscheduled general practitioner visits) in children hospitalised with an acute exacerbation of chronic respiratory disease. We excluded studies that included children with cystic fibrosis.</p>
        </sec>
        <sec>
          <title>Data collection and analysis</title>
          <p>We used standard Cochrane Review methodological approaches. Relevant studies were independently selected in duplicate. Two review authors independently assessed trial quality and extracted data. We contacted the authors of one study for further information.</p>
        </sec>
        <sec>
          <title>Main results</title>
          <p>We included four studies involving a total of 773 randomised participants aged between 14 months and 16 years. All four studies involved children with asthma, with the case&#x2010;planning undertaken by a trained nurse educator. However, the discharge planning/education differed among the studies. We could include data from only two studies (361 children) in the meta&#x2010;analysis. Two further studies enrolled children in both inpatient and outpatient settings, and one of these studies also included children with acute wheezing illness (no previous asthma diagnosis); the data specific to this review could not be obtained. For the primary outcome of exacerbations requiring hospitalisation, those in the intervention group were significantly less likely to be rehospitalised (odds ratio (OR) 0.29, 95% confidence interval (CI) 0.16 to 0.50) compared to controls. This equates to 189 (95% CI 124 to 236) fewer admissions per 1000 children. No adverse events were reported in any study. In the context of substantial statistical heterogeneity between the two studies, there were no statistically significant effects on emergency department (OR 0.37, 95% CI 0.04 to 3.05) or general practitioner (OR 0.87, 95% CI 0.22 to 3.44) presentations. There were no data on cost&#x2010;effectiveness, length of stay of subsequent hospitalisations, or adherence to medications. One study reported quality of life, with no significant differences observed between the intervention and control groups.</p>
          <p>We considered three of the studies to have an unclear risk of bias, primarily due to inadequate description of the blinding of participants and investigators. The fourth study was assessed as at high risk of bias as a single unblinded investigator was used. Using the GRADE system, we assessed the quality of the evidence as moderate for the outcome of hospitalisation and low for the outcomes of emergency department visits and general practitioner consultations.</p>
        </sec>
        <sec>
          <title>Authors' conclusions</title>
          <p>Current evidence suggests that individual caseworker&#x2010;assigned discharge plans, as compared to non&#x2010;caseworker&#x2010;assigned plans, may be beneficial in preventing hospital readmissions for acute exacerbations in children with asthma. There was no clear indication that the intervention reduces emergency department and general practitioner attendances for asthma, and there is an absence of data for children with other chronic respiratory conditions. Given the potential benefit and cost savings to the healthcare sector and families if hospitalisations and outpatient attendances can be reduced, there is a need for further randomised controlled trials encompassing different chronic respiratory illnesses, ethnicity, socio&#x2010;economic settings, and cost&#x2010;effectiveness, as well as defining the essential components of a complex intervention.</p>
        </sec>
      </abstract>
      <abstract abstract-type="short">
        <title>Can individual caseworker&#x2010;assigned discharge plans reduce readmissions for acute exacerbations in children with chronic respiratory disease?</title>
        <p>
          <bold>Background</bold>
        </p>
        <p>Acute exacerbations (flare&#x2010;ups) of long&#x2010;term breathing diseases in children leads to high use of health resources and poor quality of life for children and their families. Providing extra support and education to a child and his/her family during a hospitalisation for an acute flare&#x2010;up may improve their quality of life and reduce future healthcare visits. A caseworker assigned to each child during a hospital admission may help provide individual education and discharge planning and ongoing support once the child has been discharged. We reviewed whether individualised case management support services during and following hospitalisation for acute flare&#x2010;ups of long&#x2010;term breathing diseases in children is beneficial. Specifically, we wanted to know if caseworkers can help prevent further hospital admissions and reduce the number of visits to other health services such as emergency departments and general practitioners.</p>
        <p>
          <bold>Review question</bold>
        </p>
        <p>Do individualised, caseworker&#x2010;assigned discharge management plans prevent hospital readmissions for acute flare&#x2010;ups in children with long&#x2010;term breathing diseases?</p>
        <p>
          <bold>Study characteristics</bold>
        </p>
        <p>We included all randomised controlled trials (a type of study in which participants are assigned to a treatment group using a random method) that assessed whether those who received individualised caseworker discharge planned management (the intervention group) had better outcomes compared to those who received usual care (the control group). We considered the number of hospital readmissions, emergency department visits, and/or unscheduled general practitioner visits following discharge.</p>
        <p>The evidence is current to 15 November 2017.</p>
        <p>We found four studies that included 773 children aged 14 months to 16 years. All the studies involved children with asthma. The programme used for the discharge plan differed among the studies, but all were delivered by a trained asthma educator (lay health worker or nurse specifically trained on educating patients with asthma). The studies followed the children for 2 to 14 months after discharge. We could only include data from two studies in a combined analysis (i.e. the meta&#x2010;analysis), as the other two studies also enrolled children who were not hospitalised, and we could not obtain data specific to the children who were hospitalised and one of those studies included children with acute wheezing illness( no previous asthma diagnosis); the data specific to this review could not be obtained.</p>
        <p>
          <bold>Key results</bold>
        </p>
        <p>In this review involving children hospitalised with asthma flare&#x2010;ups, trained asthma educator&#x2010;led and structured discharge plans that included follow&#x2010;up support (compared to the control group) reduced the number of hospital readmissions for acute asthma. No clear benefit was seen on future emergency department or general practitioner visits for acute asthma. Data on cost&#x2010;effectiveness, length of stay of future hospitalisations, and adherence to discharge medications were not available. One study reported quality of life and found no differences between the intervention and control group. There were no studies relating to other long&#x2010;term breathing diseases.</p>
        <p>
          <bold>Conclusions</bold>
        </p>
        <p>Individual caseworker&#x2010;assigned discharge planned management, as compared to non&#x2010;caseworker&#x2010;assigned management, may prevent readmissions to hospital for asthma flare&#x2010;ups in children. However, the current evidence is limited to only two studies in children with asthma. Further studies are needed in a broad range of long&#x2010;term breathing diseases in childhood.</p>
        <p>
          <bold>Quality of the evidence</bold>
        </p>
        <p>We considered the quality of the evidence to be moderate for the outcome of hospital readmissions and low for the outcomes of future emergency department visits and general practitioner consultations for asthma flare&#x2010;ups.</p>
      </abstract>
    </article-meta>
    <notes notes-type="status-note">
      <p>New</p>
    </notes>
  </front>
</article>
</pmc-articleset>