<?xml version="1.0" ?>
<!DOCTYPE pmc-articleset PUBLIC "-//NLM//DTD ARTICLE SET 2.0//EN" "https://dtd.nlm.nih.gov/ncbi/pmc/articleset/nlm-articleset-2.0.dtd">
<pmc-articleset><article xmlns:xlink="http://www.w3.org/1999/xlink" xmlns:mml="http://www.w3.org/1998/Math/MathML" id="CD012582" article-type="systematic-review">
  <!--The publisher of this article does not allow downloading of the full text in XML form.-->
  <front>
    <journal-meta>
      <journal-id journal-id-type="nlm-ta">Cochrane Database Syst Rev</journal-id>
      <journal-id journal-id-type="iso-abbrev">Cochrane Database Syst Rev</journal-id>
      <journal-id journal-id-type="publisher-id">14651858</journal-id>
      <journal-id journal-id-type="doi">10.1002/14651858</journal-id>
      <journal-title-group>
        <journal-title>The Cochrane Database of Systematic Reviews</journal-title>
      </journal-title-group>
      <issn pub-type="epub">1469-493X</issn>
      <issn-l>1361-6137</issn-l>
      <publisher>
        <publisher-name>John Wiley &amp; Sons, Ltd</publisher-name>
        <publisher-loc>Chichester, UK</publisher-loc>
      </publisher>
    </journal-meta>
    <article-meta>
      <article-id pub-id-type="pmc">6472513</article-id>
      <article-id pub-id-type="doi">10.1002/14651858.CD012582</article-id>
      <article-id pub-id-type="publisher-id">CD012582</article-id>
      <article-id pub-id-type="other">CD012582</article-id>
      <article-categories>
        <subj-group subj-group-type="heading">
          <subject>Medicine General &amp; Introductory Medical Sciences</subject>
        </subj-group>
      </article-categories>
      <title-group>
        <article-title>Interventions to help support caregivers of people with a brain or spinal cord tumour</article-title>
      </title-group>
      <contrib-group>
        <contrib id="d28e63" contrib-type="author" corresp="yes">
          <name>
            <surname>Boele</surname>
            <given-names>Florien W</given-names>
          </name>
          <address>
            <email>F.Boele@leeds.ac.uk</email>
          </address>
          <xref ref-type="aff" rid="CD012582-aff-0001"/>
        </contrib>
        <contrib id="d28e68" contrib-type="author">
          <name>
            <surname>Bulbeck</surname>
            <given-names>Helen</given-names>
          </name>
          <xref ref-type="aff" rid="CD012582-aff-0002"/>
        </contrib>
        <contrib id="d28e73" contrib-type="author">
          <name>
            <surname>Browne</surname>
            <given-names>Catherine</given-names>
          </name>
          <xref ref-type="aff" rid="CD012582-aff-0003"/>
        </contrib>
        <contrib id="d28e78" contrib-type="author">
          <name>
            <surname>Rooney</surname>
            <given-names>Alasdair G</given-names>
          </name>
          <xref ref-type="aff" rid="CD012582-aff-0004"/>
        </contrib>
        <contrib id="d28e83" contrib-type="author">
          <name>
            <surname>Sherwood</surname>
            <given-names>Paula</given-names>
          </name>
          <xref ref-type="aff" rid="CD012582-aff-0005"/>
        </contrib>
      </contrib-group>
      <aff id="CD012582-aff-0001">
        <institution>University of Leeds and Leeds Cancer Centre</institution>
        <institution content-type="dept">Leeds Institute of Health Sciences and Leeds Institute of Cancer and Pathology</institution>
        <addr-line>POG, Level 3, Bexley WingSt James's Institute of Oncology</addr-line>
        <city>Leeds</city>
        <country>UK</country>
        <postal-code>LS9 7TF</postal-code>
      </aff>
      <aff id="CD012582-aff-0002">
        <institution>brainstrust</institution>
        <institution content-type="dept">Director of Services</institution>
        <addr-line>4 Yvery CourtCastle Road</addr-line>
        <city>Cowes</city>
        <country>UK</country>
        <postal-code>PO31 7QG</postal-code>
      </aff>
      <aff id="CD012582-aff-0003">
        <institution>Institute of Technology</institution>
        <institution content-type="dept">Health and Social Sciences</institution>
        <addr-line>North Campus</addr-line>
        <city>Dromtracker, Tralee</city>
        <country>Ireland</country>
        <postal-code/>
      </aff>
      <aff id="CD012582-aff-0004">
        <institution>Edinburgh Centre for Neuro&#x2010;Oncology (ECNO)</institution>
        <institution content-type="dept">Department of Psychological Medicine</institution>
        <addr-line>Western General HospitalCrewe Road South</addr-line>
        <city>Edinburgh</city>
        <country>UK</country>
        <postal-code>EH4 2XU</postal-code>
      </aff>
      <aff id="CD012582-aff-0005">
        <institution>University of Pittsburgh</institution>
        <institution content-type="dept">Department of Acute and Tertiary Care</institution>
        <addr-line>336 Victoria Building3500 Victoria Street</addr-line>
        <city>Pittsburgh</city>
        <country>USA</country>
        <postal-code>15261</postal-code>
      </aff>
      <author-notes>
        <fn>
          <p>Editorial Group: Cochrane Gynaecological, Neuro&#x2010;oncology and Orphan Cancer Group.</p>
        </fn>
      </author-notes>
      <pub-date pub-type="epub">
        <day>10</day>
        <month>3</month>
        <year>2017</year>
      </pub-date>
      <pub-date pub-type="collection">
        <month>3</month>
        <year>2017</year>
      </pub-date>
      <pub-date pub-type="update">
        <day>03</day>
        <month>03</month>
        <year>2017</year>
      </pub-date>
      <volume>2017</volume>
      <issue>3</issue>
      <elocation-id>CD012582</elocation-id>
      <history/>
      <permissions>
        <copyright-statement>Copyright &#xA9; 2017 The Cochrane Collaboration. Published by John Wiley &amp; Sons, Ltd.</copyright-statement>
        <copyright-year>2017</copyright-year>
        <copyright-holder>The Cochrane Collaboration</copyright-holder>
      </permissions>
      <abstract>
        <p>This is a protocol for a Cochrane Review (Intervention). The objectives are as follows:</p>
        <sec>
          <title>Primary objective</title>
          <p>To assess the effectiveness of supportive interventions at improving the well&#x2010;being of caregivers of people with a brain or spinal cord tumour.</p>
        </sec>
        <sec>
          <title>Secondary objectives</title>
          <p>
            <list list-type="order">
              <list-item>
                <p>To assess the effects of supportive interventions for caregivers in improving the physical and emotional well&#x2010;being of patients with a brain or spinal cord tumour</p>
              </list-item>
              <list-item>
                <p>To assess the health economic benefits of supportive interventions for caregivers</p>
              </list-item>
            </list>
          </p>
        </sec>
      </abstract>
    </article-meta>
    <notes notes-type="status-note">
      <p>New</p>
    </notes>
  </front>
</article>
</pmc-articleset>