<?xml version="1.0" ?>
<!DOCTYPE pmc-articleset PUBLIC "-//NLM//DTD ARTICLE SET 2.0//EN" "https://dtd.nlm.nih.gov/ncbi/pmc/articleset/nlm-articleset-2.0.dtd">
<pmc-articleset><article xmlns:xlink="http://www.w3.org/1999/xlink" xmlns:mml="http://www.w3.org/1998/Math/MathML" id="CD005342.pub4" article-type="systematic-review">
  <!--The publisher of this article does not allow downloading of the full text in XML form.-->
  <front>
    <journal-meta>
      <journal-id journal-id-type="nlm-ta">Cochrane Database Syst Rev</journal-id>
      <journal-id journal-id-type="iso-abbrev">Cochrane Database Syst Rev</journal-id>
      <journal-id journal-id-type="publisher-id">14651858</journal-id>
      <journal-id journal-id-type="doi">10.1002/14651858</journal-id>
      <journal-title-group>
        <journal-title>The Cochrane Database of Systematic Reviews</journal-title>
      </journal-title-group>
      <issn pub-type="epub">1469-493X</issn>
      <issn-l>1361-6137</issn-l>
      <publisher>
        <publisher-name>John Wiley &amp; Sons, Ltd</publisher-name>
        <publisher-loc>Chichester, UK</publisher-loc>
      </publisher>
    </journal-meta>
    <article-meta>
      <article-id pub-id-type="pmid">27873308</article-id>
      <article-id pub-id-type="pmc">6473195</article-id>
      <article-id pub-id-type="doi">10.1002/14651858.CD005342.pub4</article-id>
      <article-id pub-id-type="publisher-id">CD005342</article-id>
      <article-id pub-id-type="other">CD005342.pub4</article-id>
      <article-categories>
        <subj-group subj-group-type="heading">
          <subject>Medicine General &amp; Introductory Medical Sciences</subject>
        </subj-group>
      </article-categories>
      <title-group>
        <article-title>Adjuvant platinum&#x2010;based chemotherapy for early stage cervical
cancer</article-title>
      </title-group>
      <contrib-group>
        <contrib id="d28e64" contrib-type="author">
          <name>
            <surname>Falcetta</surname>
            <given-names>Frederico S</given-names>
          </name>
          <xref ref-type="aff" rid="CD005342-aff-0001 CD005342-aff-0002"/>
        </contrib>
        <contrib id="d28e69" contrib-type="author">
          <name>
            <surname>Medeiros</surname>
            <given-names>L&#xED;dia RF</given-names>
          </name>
          <xref ref-type="aff" rid="CD005342-aff-0003"/>
        </contrib>
        <contrib id="d28e74" contrib-type="author">
          <name>
            <surname>Edelweiss</surname>
            <given-names>Maria I</given-names>
          </name>
          <xref ref-type="aff" rid="CD005342-aff-0004"/>
        </contrib>
        <contrib id="d28e79" contrib-type="author">
          <name>
            <surname>Pohlmann</surname>
            <given-names>Paula R</given-names>
          </name>
          <xref ref-type="aff" rid="CD005342-aff-0005"/>
        </contrib>
        <contrib id="d28e84" contrib-type="author">
          <name>
            <surname>Stein</surname>
            <given-names>Airton T</given-names>
          </name>
          <xref ref-type="aff" rid="CD005342-aff-0006"/>
        </contrib>
        <contrib id="d28e89" contrib-type="author" corresp="yes">
          <name>
            <surname>Rosa</surname>
            <given-names>Daniela D</given-names>
          </name>
          <address>
            <email>dornellesrosa@hotmail.com</email>
          </address>
          <xref ref-type="aff" rid="CD005342-aff-0002 CD005342-aff-0007"/>
        </contrib>
      </contrib-group>
      <aff id="CD005342-aff-0001">
        <institution>Hospital de Cl&#xED;nicas de Porto Alegre</institution>
        <institution content-type="dept">Oncology</institution>
        <addr-line>Av. Nil&#xF3;polis125, ap. 303</addr-line>
        <city>Porto Alegre</city>
        <country>Brazil</country>
        <postal-code>90460&#x2010;050</postal-code>
      </aff>
      <aff id="CD005342-aff-0002">
        <institution>Federal University of Health Sciences</institution>
        <institution content-type="dept">Postgraduation Program in Pathology</institution>
        <addr-line>UFCSPA</addr-line>
        <city>Porto Alegre</city>
        <country>Brazil</country>
        <postal-code/>
      </aff>
      <aff id="CD005342-aff-0003">
        <institution>Post&#x2010;graduation Program in Medical Sciences, Universidade Federal do Rio
Grande do Sul</institution>
        <institution content-type="dept">Social Medicine/Epidemiology</institution>
        <addr-line>Jose de Alencar 1244, 1009 Menino Deus</addr-line>
        <city>Porto Alegre</city>
        <country>Brazil</country>
        <postal-code>90880&#x2010;480</postal-code>
      </aff>
      <aff id="CD005342-aff-0004">
        <institution>Faculty of Medicine at Federal University of Rio Grande do Sul</institution>
        <institution content-type="dept">Pathology</institution>
        <addr-line>Ramiro Barcelos 2300Porto Alegre</addr-line>
        <city>Rio Grande do Sul</city>
        <country>Brazil</country>
        <postal-code>90035&#x2010;000</postal-code>
      </aff>
      <aff id="CD005342-aff-0005">
        <institution>Lombardi Comprehensive Cancer Center</institution>
        <institution content-type="dept">Division of Hematology and Oncology</institution>
        <addr-line>Georgetown University Medical Center3800 Reservoir Road NW</addr-line>
        <city>Washington</city>
        <country>USA</country>
        <postal-code>20007</postal-code>
      </aff>
      <aff id="CD005342-aff-0006">
        <institution>Universidade Federal de Ci&#xEA;ncias da Sa&#xFA;de</institution>
        <institution content-type="dept">Department of Public Health</institution>
        <addr-line>Ulbra and Grupo Hospitalar Concei&#xE7;&#xE3;o</addr-line>
        <city>Porto Alegre</city>
        <country>Brazil</country>
        <postal-code>9</postal-code>
      </aff>
      <aff id="CD005342-aff-0007">
        <institution>Hospital Moinhos de Vento</institution>
        <institution content-type="dept">Oncology Unit</institution>
        <addr-line>Rua Tiradentes 333, 2nd floor</addr-line>
        <city>Porto Alegre</city>
        <country>Brazil</country>
        <postal-code>90560&#x2010;030</postal-code>
      </aff>
      <author-notes>
        <fn>
          <p>Editorial Group: Cochrane Gynaecological, Neuro&#x2010;oncology and Orphan
Cancer Group.</p>
        </fn>
      </author-notes>
      <pub-date pub-type="epub">
        <day>22</day>
        <month>11</month>
        <year>2016</year>
      </pub-date>
      <pub-date pub-type="collection">
        <month>11</month>
        <year>2016</year>
      </pub-date>
      <pub-date pub-type="update">
        <day>23</day>
        <month>11</month>
        <year>2016</year>
      </pub-date>
      <volume>2016</volume>
      <issue>11</issue>
      <elocation-id>CD005342</elocation-id>
      <history>
        <date date-type="previous-update" publication-format="electronic">
          <day>13</day>
          <month>06</month>
          <year>2012</year>
        </date>
        <date date-type="cl-record-assessed-up-to-date">
          <day>08</day>
          <month>09</month>
          <year>2016</year>
        </date>
      </history>
      <permissions>
        <copyright-statement>Copyright &#xA9; 2016 The Cochrane Collaboration. Published by John Wiley
&amp; Sons, Ltd.</copyright-statement>
        <copyright-year>2016</copyright-year>
        <copyright-holder>The Cochrane Collaboration</copyright-holder>
      </permissions>
      <related-article related-article-type="updated-article" ext-link-type="doi" xlink:href="10.1002/14651858.CD005342.pub3" id="d28e233"/>
      <abstract>
        <sec>
          <title>Background</title>
          <p>This is the second updated version of the original Cochrane review published in the
Cochrane Library 2009, Issue 3. Most women with early cervical cancer (stages I to IIA) are cured with
surgery or radiotherapy, or both. We performed this review originally because it was
unclear whether cisplatin&#x2010;based chemotherapy after surgery, radiotherapy or both,
in women with early stage disease with risk factors for recurrence, was associated with
additional survival benefits or risks.</p>
        </sec>
        <sec>
          <title>Objectives</title>
          <p>To evaluate the effectiveness and safety of adjuvant platinum&#x2010;based chemotherapy
after radical hysterectomy, radiotherapy, or both in the treatment of early stage cervical
cancer.</p>
        </sec>
        <sec>
          <title>Search methods</title>
          <p>For the original 2009 review, we searched the Cochrane Gynaecological Cancer Group Trials
Register, the Cochrane Central Register of Controlled Trials (CENTRAL) in the Cochrane
Library 2009, Issue 1), MEDLINE, Embase, LILACS, BIOLOGICAL ABSTRACTS and CancerLit, the
National Research Register and Clinical Trials register, with no language restriction. We
handsearched abstracts of scientific meetings and other relevant publications. We extended
the database searches to November 2011 for the first update and to September 2016 for the
second update.</p>
        </sec>
        <sec>
          <title>Selection criteria</title>
          <p>Randomised controlled trials (RCTs) comparing adjuvant cisplatin&#x2010;based
chemotherapy (after radical surgery, radiotherapy or both) with no adjuvant chemotherapy,
in women with early stage cervical cancer (stage IA2&#x2010;IIA) with at least one risk
factor for recurrence.</p>
        </sec>
        <sec>
          <title>Data collection and analysis</title>
          <p>Two review authors extracted data independently. Meta&#x2010;analysis was performed using
a random&#x2010;effects model, with death and disease progression as outcomes.</p>
        </sec>
        <sec>
          <title>Main results</title>
          <p>For this second updated version we identified only one small trial reporting grade 4
toxicity results, without disease&#x2010;free or overall survival data with a median
follow&#x2010;up of 16 months.</p>
          <p>From the first updated version, we identified three trials that were ongoing, and remain
so in 2016.</p>
          <p>Four trials including 401 women with evaluable results with early cervical cancer were
included in the meta&#x2010;analyses. The median follow&#x2010;up period in these trials
ranged from 29 to 42 months. All women had undergone surgery first. Three trials compared
chemotherapy combined with radiotherapy versus radiotherapy alone; and one trial compared
chemotherapy followed by radiotherapy versus radiotherapy alone. It was not possible to
perform subgroup analyses by stage or tumour size.</p>
          <p>Compared with adjuvant radiotherapy, chemotherapy combined with radiotherapy
significantly reduced the risk of death (two trials, 297 women; hazard ratio (HR) = 0.56,
95% confidence interval (CI): 0.36 to 0.87) and disease progression (two trials, 297
women; HR = 0.47, 95% CI 0.30 to 0.74), with no heterogeneity between trials (I&#xB2; = 0%
for both meta&#x2010;analyses). Acute grade 4 toxicity occurred significantly more
frequently in the chemotherapy plus radiotherapy group than in the radiotherapy group
(three trials, 321 women; risk ratio (RR) 6.26, 95% CI 2.50 to 15.67). We considered the
evidence for all three outcomes to be of a moderate quality, using the GRADE approach due
to small numbers and limited follow&#x2010;up in the included studies. In addition, it was
not possible to separate data for bulky early stage disease.</p>
          <p>In the one small trial that compared adjuvant chemotherapy followed by radiotherapy with
adjuvant radiotherapy alone there was no difference in disease recurrence between the
groups (one trial, 71 women; HR = 1.34; 95% CI 0.24 to 7.66) and overall survival was not
reported. We considered this evidence to be of a low quality.</p>
          <p>No trials compared adjuvant platinum&#x2010;based chemotherapy with no adjuvant
chemotherapy after surgery for early cervical cancer with risk factors for recurrence.</p>
        </sec>
        <sec>
          <title>Authors' conclusions</title>
          <p>The addition of platinum&#x2010;based chemotherapy to adjuvant radiotherapy
(chemoradiation) may improve survival in women with early stage cervical cancer
(IA2&#x2010;IIA) and risk factors for recurrence. Adjuvant chemoradiation is associated
with an increased risk of severe acute toxicity, although it is not clear whether this
toxicity is significant in the long term due to a lack of long&#x2010;term data. This
evidence is limited by the small numbers and low to moderate methodological quality of the
included studies. We await the results of three ongoing trials, which are likely to have
an important impact on our confidence in this evidence.</p>
        </sec>
      </abstract>
      <abstract abstract-type="short">
        <title>Adjuvant (supplementary treatment after initial treatment) platinum&#x2010;based
anti&#x2010;cancer drugs for early stage cervical cancer</title>
        <p><bold>Background</bold> Cervical cancer is the second most common cancer among women. Most women with
early stage cervical cancer (stages I to IIA) are cured with surgery or, radiotherapy, or
both. Radiotherapy uses high energy x&#x2010;rays to damage tumour cells. Chemotherapy
(anti&#x2010;cancer) drugs use different ways to stop tumour cells dividing so they stop
growing or they die.</p>
        <p><bold>Review question</bold> We undertook this review because it was unclear whether chemotherapy with a
drug called cisplatin offered additional benefits or risks to women with early stage
cancer with risk factors for recurrence, when given after surgery, after radiotherapy, or
both. (Risks for recurrence include tumour spread to the lymph nodes, spread into the
lymph and blood vessels, tumour depth of more than 10 mm, microscopic invasion of the
connective tissues next to the womb, non&#x2010;squamous type of cancer, and when it is
unlikely that surgery has removed all the tumour cells).</p>
        <p><bold>Main Findings</bold> In this review, we analysed data from four small trials of unclear quality.
It was not possible to separate data of bulky early stage disease (stage IB2 and IIA
lesions greater than 4 cm) from the overall results. We found limited evidence to suggest
that the addition of cisplatin chemotherapy to radiotherapy prolongs survival (time to
death) and delays progression of the cancer when given after surgery to women with
cervical cancer stage IA2 to IIA with risk factors for recurrence. The combined therapy
was associated with more severe side effects than radiotherapy alone.</p>
        <p><bold>Quality of the Evidence</bold> This evidence is limited by the small numbers and moderate quality
methodological quality of included studies.</p>
        <p><bold>What are the conclusions</bold>? We conclude that it seems appropriate to
offer these women chemotherapy plus radiotherapy after surgery, however, more evidence
regarding the relative benefits and risks is needed; this will hopefully be provided by
the results of three ongoing trials.</p>
      </abstract>
      <kwd-group kwd-group-type="mesh">
        <kwd>Female</kwd>
        <kwd>Humans</kwd>
        <kwd>Antineoplastic Combined Chemotherapy Protocols</kwd>
        <kwd>Antineoplastic Combined Chemotherapy Protocols/therapeutic use</kwd>
        <kwd>Chemotherapy, Adjuvant</kwd>
        <kwd>Chemotherapy, Adjuvant/methods</kwd>
        <kwd>Cisplatin</kwd>
        <kwd>Cisplatin/administration &amp; dosage</kwd>
        <kwd>Fluorouracil</kwd>
        <kwd>Fluorouracil/administration &amp; dosage</kwd>
        <kwd>Hysterectomy</kwd>
        <kwd>Neoplasm Staging</kwd>
        <kwd>Platinum Compounds</kwd>
        <kwd>Platinum Compounds/therapeutic use</kwd>
        <kwd>Radiotherapy, Adjuvant</kwd>
        <kwd>Randomized Controlled Trials as Topic</kwd>
        <kwd>Survival Analysis</kwd>
        <kwd>Uterine Cervical Neoplasms</kwd>
        <kwd>Uterine Cervical Neoplasms/drug therapy</kwd>
        <kwd>Uterine Cervical Neoplasms/pathology</kwd>
        <kwd>Uterine Cervical Neoplasms/radiotherapy</kwd>
        <kwd>Uterine Cervical Neoplasms/surgery</kwd>
      </kwd-group>
    </article-meta>
    <notes notes-type="status-note">
      <p>Edited (no change to conclusions)</p>
    </notes>
  </front>
</article>
</pmc-articleset>