<?xml version="1.0" ?>
<!DOCTYPE pmc-articleset PUBLIC "-//NLM//DTD ARTICLE SET 2.0//EN" "https://dtd.nlm.nih.gov/ncbi/pmc/articleset/nlm-articleset-2.0.dtd">
<pmc-articleset><article xmlns:xlink="http://www.w3.org/1999/xlink" xmlns:mml="http://www.w3.org/1998/Math/MathML" id="CD011093.pub2" article-type="systematic-review">
  <!--The publisher of this article does not allow downloading of the full text in XML form.-->
  <front>
    <journal-meta>
      <journal-id journal-id-type="nlm-ta">Cochrane Database Syst Rev</journal-id>
      <journal-id journal-id-type="iso-abbrev">Cochrane Database Syst Rev</journal-id>
      <journal-id journal-id-type="publisher-id">14651858</journal-id>
      <journal-id journal-id-type="doi">10.1002/14651858</journal-id>
      <journal-title-group>
        <journal-title>The Cochrane Database of Systematic Reviews</journal-title>
      </journal-title-group>
      <issn pub-type="epub">1469-493X</issn>
      <issn-l>1361-6137</issn-l>
      <publisher>
        <publisher-name>John Wiley &amp; Sons, Ltd</publisher-name>
        <publisher-loc>Chichester, UK</publisher-loc>
      </publisher>
    </journal-meta>
    <article-meta>
      <article-id pub-id-type="pmid">28043088</article-id>
      <article-id pub-id-type="pmc">6464820</article-id>
      <article-id pub-id-type="doi">10.1002/14651858.CD011093.pub2</article-id>
      <article-id pub-id-type="publisher-id">CD011093</article-id>
      <article-id pub-id-type="other">CD011093.pub2</article-id>
      <article-categories>
        <subj-group subj-group-type="heading">
          <subject>Medicine General &amp; Introductory Medical Sciences</subject>
        </subj-group>
      </article-categories>
      <title-group>
        <article-title>Fulvestrant for hormone&#x2010;sensitive metastatic breast cancer</article-title>
      </title-group>
      <contrib-group>
        <contrib id="d28e63" contrib-type="author" corresp="yes">
          <name>
            <surname>Lee</surname>
            <given-names>Clara I</given-names>
          </name>
          <address>
            <email>clara.lee@sydney.edu.au</email>
          </address>
          <xref ref-type="aff" rid="CD011093-aff-0001 CD011093-aff-0002"/>
        </contrib>
        <contrib id="d28e68" contrib-type="author">
          <name>
            <surname>Goodwin</surname>
            <given-names>Annabel</given-names>
          </name>
          <xref ref-type="aff" rid="CD011093-aff-0003 CD011093-aff-0004 CD011093-aff-0005"/>
        </contrib>
        <contrib id="d28e73" contrib-type="author">
          <name>
            <surname>Wilcken</surname>
            <given-names>Nicholas</given-names>
          </name>
          <xref ref-type="aff" rid="CD011093-aff-0001 CD011093-aff-0002"/>
        </contrib>
      </contrib-group>
      <aff id="CD011093-aff-0001">
        <institution>Westmead Hospital</institution>
        <institution content-type="dept">Medical Oncology</institution>
        <city>Westmead</city>
        <country>Australia</country>
        <postal-code/>
      </aff>
      <aff id="CD011093-aff-0002">
        <institution>The University of Sydney</institution>
        <institution content-type="dept">Sydney Medical School</institution>
        <city>Sydney</city>
        <country>Australia</country>
        <postal-code/>
      </aff>
      <aff id="CD011093-aff-0003">
        <institution>The University of Sydney, Concord Repatriation General Hospital</institution>
        <institution content-type="dept">Concord Clinical School</institution>
        <city>Concord</city>
        <country>Australia</country>
        <postal-code>2137</postal-code>
      </aff>
      <aff id="CD011093-aff-0004">
        <institution>Concord Repatriation General Hospital</institution>
        <institution content-type="dept">Medical Oncology Department</institution>
        <city>Concord</city>
        <country>Australia</country>
        <postal-code/>
      </aff>
      <aff id="CD011093-aff-0005">
        <institution>Sydney Local Health District and South Western Sydney Local Health District</institution>
        <institution content-type="dept">Cancer Genetics Department</institution>
        <city>Sydney</city>
        <country>Australia</country>
        <postal-code/>
      </aff>
      <author-notes>
        <fn>
          <p>Editorial Group: Cochrane Breast Cancer Group.</p>
        </fn>
      </author-notes>
      <pub-date pub-type="epub">
        <day>03</day>
        <month>1</month>
        <year>2017</year>
      </pub-date>
      <pub-date pub-type="collection">
        <month>1</month>
        <year>2017</year>
      </pub-date>
      <pub-date pub-type="update">
        <day>04</day>
        <month>12</month>
        <year>2016</year>
      </pub-date>
      <volume>2017</volume>
      <issue>1</issue>
      <elocation-id>CD011093</elocation-id>
      <history>
        <date date-type="previous-update" publication-format="electronic">
          <day>01</day>
          <month>05</month>
          <year>2014</year>
        </date>
        <date date-type="cl-record-assessed-up-to-date">
          <day>07</day>
          <month>07</month>
          <year>2015</year>
        </date>
      </history>
      <permissions>
        <copyright-statement>Copyright &#xA9; 2017 The Cochrane Collaboration. Published by John Wiley &amp; Sons, Ltd.</copyright-statement>
        <copyright-year>2017</copyright-year>
        <copyright-holder>The Cochrane Collaboration</copyright-holder>
      </permissions>
      <related-article related-article-type="updated-article" ext-link-type="doi" xlink:href="10.1002/14651858.CD011093" id="d28e160"/>
      <abstract>
        <sec>
          <title>Background</title>
          <p>Fulvestrant is a selective oestrogen receptor down&#x2010;regulator (SERD), which by blocking proliferation of breast cancer cells, is an effective endocrine treatment for women with hormone&#x2010;sensitive advanced breast cancer. The goal of such systemic therapy in this setting is to reduce symptoms, improve quality of life, and increase survival time.</p>
        </sec>
        <sec>
          <title>Objectives</title>
          <p>To assess the efficacy and safety of fulvestrant for hormone&#x2010;sensitive locally advanced or metastatic breast cancer in postmenopausal women, as compared to other standard endocrine agents.</p>
        </sec>
        <sec>
          <title>Search methods</title>
          <p>We searched the Cochrane Breast Cancer Specialised Register, the Cochrane Central Register of Controlled Trials (CENTRAL), MEDLINE, EMBASE, the World Health Organization International Clinical Trials Registry Platform (WHO ICTRP), and ClinicalTrials.gov on 7 July 2015. We also searched major conference proceedings (American Society of Clinical Oncology (ASCO) and San Antonio Breast Cancer Symposium) and practice guidelines from major oncology groups (ASCO, European Society for Medical Oncology (ESMO), National Comprehensive Cancer Network, and Cancer Care Ontario). We handsearched reference lists from relevant studies.</p>
        </sec>
        <sec>
          <title>Selection criteria</title>
          <p>We included for analyses randomised controlled trials that enrolled postmenopausal women with hormone&#x2010;sensitive advanced breast cancer (TNM classifications: stages IIIA, IIIB, and IIIC) or metastatic breast cancer (TNM classification: stage IV) with an intervention group treated with fulvestrant with or without other standard anticancer therapy.</p>
        </sec>
        <sec>
          <title>Data collection and analysis</title>
          <p>Two review authors independently extracted data from trials identified in the searches, conducted 'Risk of bias' assessments of the included studies, and assessed the overall quality of the evidence using the GRADE approach. Outcome data extracted from these trials for our analyses and review included progression&#x2010;free survival (PFS) or time to progression (TTP) or time to treatment failure, overall survival, clinical benefit rate, toxicity, and quality of life. We used the fixed&#x2010;effect model for meta&#x2010;analysis where possible.</p>
        </sec>
        <sec>
          <title>Main results</title>
          <p>We included nine studies randomising 4514 women for meta&#x2010;analysis and review. Overall results for the primary endpoint of PFS indicated that women receiving fulvestrant did at least as well as the control groups (hazard ratio (HR) 0.95, 95% confidence interval (CI) 0.89 to 1.02; P = 0.18, I<sup>2</sup>= 56%, 4258 women, 9 studies, high&#x2010;quality evidence). In the one high&#x2010;quality study that tested fulvestrant at the currently approved and now standard dose of 500 mg against anastrozole, women treated with fulvestrant 500 mg did better than anastrozole, with a HR for TTP of 0.66 (95% CI 0.47 to 0.93; 205 women) and a HR for overall survival of 0.70 (95% CI 0.50 to 0.98; 205 women). There was no difference in PFS whether fulvestrant was used in combination with another endocrine therapy or in the first&#x2010; or second&#x2010;line setting, when compared to control treatments: for monotherapy HR 0.97 (95% CI 0.90 to 1.04) versus HR 0.87 (95% CI 0.77 to 0.99) for combination therapy when compared to control, and HR 0.93 (95% CI 0.84 to 1.03) in the first&#x2010;line setting and HR 0.96 (95% CI 0.88 to 1.04) in the second&#x2010;line setting.</p>
          <p>Overall, there was no difference between fulvestrant and control treatments in clinical benefit rate (risk ratio (RR) 1.03, 95% CI 0.97 to 1.10; P = 0.29, I<sup>2</sup> = 24%, 4105 women, 9 studies, high&#x2010;quality evidence) or overall survival (HR 0.97, 95% CI 0.87 to 1.09, P = 0.62, I<sup>2</sup> = 66%, 2480 women, 5 studies, high&#x2010;quality evidence). There was no significant difference in vasomotor toxicity (RR 1.02, 95% CI 0.89 to 1.18, 3544 women, 8 studies, high&#x2010;quality evidence), arthralgia (RR 0.96, 95% CI 0.86 to 1.09, 3244 women, 7 studies, high&#x2010;quality evidence), and gynaecological toxicities (RR 1.22, 95% CI 0.94 to 1.57, 2848 women, 6 studies, high&#x2010;quality evidence). Four studies reported quality of life, none of which reported a difference between the fulvestrant and control arms, though specific data were not presented.</p>
        </sec>
        <sec>
          <title>Authors' conclusions</title>
          <p>For postmenopausal women with advanced hormone&#x2010;sensitive breast cancer, fulvestrant is at least as effective and safe as the comparator endocrine therapies in the included studies. However, fulvestrant may be potentially more effective than current therapies when given at 500 mg, though this higher dosage was used in only one of the nine studies included in the review. We saw no advantage with combination therapy, and fulvestrant was equally as effective as control therapies in both the first&#x2010; and second&#x2010;line setting. Our review demonstrates that fulvestrant is a safe and effective systemic therapy and can be considered as a valid option in the sequence of treatments for postmenopausal women with hormone&#x2010;sensitive advanced breast cancer.</p>
        </sec>
      </abstract>
      <abstract abstract-type="short">
        <title>Fulvestrant in the treatment of postmenopausal women with advanced hormone&#x2010;sensitive breast cancer</title>
        <p>
          <bold>Review question</bold>
        </p>
        <p>We reviewed the evidence concerning the effectiveness and safety of fulvestrant in prolonging time without further progression of cancer in women with advanced hormone&#x2010;sensitive breast cancer. We found nine studies testing whether or not fulvestrant is superior to other treatment options.</p>
        <p>
          <bold>Background</bold>
        </p>
        <p>Seventy percent of breast cancers are sensitive to hormones, and there are a variety of endocrine therapies that lower or block female hormones to treat these cancers. Fulvestrant is one such endocrine therapy that can be used to treat hormone&#x2010;sensitive breast cancers by blocking oestrogen. It is administered by monthly injection for women with advanced disease. The definition of advanced disease is when the primary cancer in the breast has either spread to heavily involve the lymph nodes or grown to a considerably large size (stage III) or when the cancer has spread beyond the breast and the lymph nodes to other tissues or organs, or both (stage IV). The goal of treatment in these settings is to improve quality of life, reduce symptoms caused by the cancer, and extend length of life. It is noteworthy that the studies examined in this review predominantly used a lower dose of fulvestrant (250 mg) as compared to the now standard, more effective, and approved dose of 500 mg.</p>
        <p>
          <bold>Study characteristics</bold>
        </p>
        <p>The evidence is current to 7 July 2015. Our review identified nine clinical trials that compared the effectiveness and safety of fulvestrant against other standard treatments for advanced hormone&#x2010;sensitive breast cancer and pooled the data from these trials to analyse all the data together. Three different endocrine therapies were analysed as comparator drugs against fulvestrant. Two of these drugs were the aromatase inhibitors anastrozole and exemestane, which lower oestrogen levels in postmenopausal women, and the third was tamoxifen, which works by blocking oestrogen. Four of the studies were in the first&#x2010;line setting, meaning that fulvestrant was tested against these endocrine therapies as the initial treatment for advanced disease. Five of the studies tested fulvestrant in the second&#x2010;line or more setting, meaning after the women had progressed on a prior initial treatment for advanced disease. Two studies examined fulvestrant in combination with anastrozole against anastrozole alone, and the other seven studies compared fulvestrant alone with other comparator drugs.</p>
        <p>
          <bold>Key results</bold>
        </p>
        <p>We found that fulvestrant was at least as effective as the other three standard endocrine therapies used in the treatment of advanced hormone&#x2010;sensitive breast cancer and is possibly more effective at the new standard dose of 500 mg, rather than the lower dose of 250 mg, which was previously used and tested in all but one of the included studies. We also found that combining fulvestrant with an aromatase inhibitor did not improve effectiveness, and neither was effectiveness influenced by whether fulvestrant was used as the first treatment upon diagnosis of advanced disease or after another endocrine therapy. This was evident in the pooled data analysis for both survival time without progression of cancer and the rate of tumour shrinkage or stabilisation due to fulvestrant as compared with the other endocrine therapies. In addition, fulvestrant&#x2010;treated women did not experience worse side effects than those receiving the comparator endocrine therapies, and quality of life was equivalent in both fulvestrant&#x2010;treated women and women treated with the other endocrine therapies.</p>
        <p>Fulvestrant can therefore be considered an effective and safe treatment for postmenopausal women with advanced hormone&#x2010;sensitive breast cancer, when treatment with endocrine therapy is indicated.</p>
        <p>
          <bold>Quality of the evidence</bold>
        </p>
        <p>All studies were of high quality.</p>
      </abstract>
      <kwd-group kwd-group-type="mesh">
        <kwd>Female</kwd>
        <kwd>Humans</kwd>
        <kwd>Antineoplastic Agents, Hormonal</kwd>
        <kwd>Antineoplastic Agents, Hormonal/adverse effects</kwd>
        <kwd>Antineoplastic Agents, Hormonal/therapeutic use</kwd>
        <kwd>Breast Neoplasms</kwd>
        <kwd>Breast Neoplasms/drug therapy</kwd>
        <kwd>Breast Neoplasms/mortality</kwd>
        <kwd>Breast Neoplasms/pathology</kwd>
        <kwd>Disease&#x2010;Free Survival</kwd>
        <kwd>Estradiol</kwd>
        <kwd>Estradiol/adverse effects</kwd>
        <kwd>Estradiol/analogs &amp; derivatives</kwd>
        <kwd>Estradiol/therapeutic use</kwd>
        <kwd>Neoplasms, Hormone&#x2010;Dependent</kwd>
        <kwd>Neoplasms, Hormone&#x2010;Dependent/drug therapy</kwd>
        <kwd>Nitriles</kwd>
        <kwd>Nitriles/therapeutic use</kwd>
        <kwd>Randomized Controlled Trials as Topic</kwd>
        <kwd>Triazoles</kwd>
        <kwd>Triazoles/therapeutic use</kwd>
      </kwd-group>
    </article-meta>
    <notes notes-type="status-note">
      <p>New</p>
    </notes>
  </front>
</article>
</pmc-articleset>