<?xml version="1.0" ?>
<!DOCTYPE pmc-articleset PUBLIC "-//NLM//DTD ARTICLE SET 2.0//EN" "https://dtd.nlm.nih.gov/ncbi/pmc/articleset/nlm-articleset-2.0.dtd">
<pmc-articleset><article xmlns:xlink="http://www.w3.org/1999/xlink" xmlns:mml="http://www.w3.org/1998/Math/MathML" id="CD010061.pub3" article-type="systematic-review">
  <!--The publisher of this article does not allow downloading of the full text in XML form.-->
  <front>
    <journal-meta>
      <journal-id journal-id-type="nlm-ta">Cochrane Database Syst Rev</journal-id>
      <journal-id journal-id-type="iso-abbrev">Cochrane Database Syst Rev</journal-id>
      <journal-id journal-id-type="publisher-id">14651858</journal-id>
      <journal-id journal-id-type="doi">10.1002/14651858</journal-id>
      <journal-title-group>
        <journal-title>The Cochrane Database of Systematic Reviews</journal-title>
      </journal-title-group>
      <issn pub-type="epub">1469-493X</issn>
      <issn-l>1361-6137</issn-l>
      <publisher>
        <publisher-name>John Wiley &amp; Sons, Ltd</publisher-name>
        <publisher-loc>Chichester, UK</publisher-loc>
      </publisher>
    </journal-meta>
    <article-meta>
      <article-id pub-id-type="pmid">29624206</article-id>
      <article-id pub-id-type="pmc">6494526</article-id>
      <article-id pub-id-type="doi">10.1002/14651858.CD010061.pub3</article-id>
      <article-id pub-id-type="publisher-id">CD010061</article-id>
      <article-id pub-id-type="other">CD010061.pub3</article-id>
      <article-categories>
        <subj-group subj-group-type="heading">
          <subject>Medicine General &amp; Introductory Medical Sciences</subject>
        </subj-group>
      </article-categories>
      <title-group>
        <article-title>Paracetamol (acetaminophen) for patent ductus arteriosus in preterm or low birth weight infants</article-title>
      </title-group>
      <contrib-group>
        <contrib id="d28e63" contrib-type="author" corresp="yes">
          <name>
            <surname>Ohlsson</surname>
            <given-names>Arne</given-names>
          </name>
          <address>
            <email>aohlsson@mtsinai.on.ca</email>
          </address>
          <xref ref-type="aff" rid="CD010061-aff-0001"/>
        </contrib>
        <contrib id="d28e68" contrib-type="author">
          <name>
            <surname>Shah</surname>
            <given-names>Prakeshkumar S</given-names>
          </name>
          <xref ref-type="aff" rid="CD010061-aff-0002"/>
        </contrib>
      </contrib-group>
      <aff id="CD010061-aff-0001">
        <institution>University of Toronto</institution>
        <institution content-type="dept">Departments of Paediatrics, Obstetrics and Gynaecology and Institute of Health Policy, Management and Evaluation</institution>
        <addr-line>600 University Avenue</addr-line>
        <city>Toronto</city>
        <country>Canada</country>
        <postal-code>M5G 1X5</postal-code>
      </aff>
      <aff id="CD010061-aff-0002">
        <institution>University of Toronto Mount Sinai Hospital</institution>
        <institution content-type="dept">Department of Paediatrics and Institute of Health Policy, Management and Evaluation</institution>
        <addr-line>600 University Avenue</addr-line>
        <city>Toronto</city>
        <country>Canada</country>
        <postal-code>M5G 1XB</postal-code>
      </aff>
      <author-notes>
        <fn>
          <p>Editorial Group: Cochrane Neonatal Group.</p>
        </fn>
      </author-notes>
      <pub-date pub-type="epub">
        <day>06</day>
        <month>4</month>
        <year>2018</year>
      </pub-date>
      <pub-date pub-type="collection">
        <month>4</month>
        <year>2018</year>
      </pub-date>
      <pub-date pub-type="update">
        <day>06</day>
        <month>04</month>
        <year>2018</year>
      </pub-date>
      <volume>2018</volume>
      <issue>4</issue>
      <elocation-id>CD010061</elocation-id>
      <history>
        <date date-type="previous-update" publication-format="electronic">
          <day>11</day>
          <month>03</month>
          <year>2015</year>
        </date>
      </history>
      <permissions>
        <copyright-statement>Copyright &#xA9; 2018 The Cochrane Collaboration. Published by John Wiley &amp; Sons, Ltd.</copyright-statement>
        <copyright-year>2018</copyright-year>
        <copyright-holder>The Cochrane Collaboration</copyright-holder>
      </permissions>
      <related-article related-article-type="updated-article" ext-link-type="doi" xlink:href="10.1002/14651858.CD010061.pub2" id="d28e132"/>
      <abstract>
        <sec>
          <title>Background</title>
          <p>In preterm newborns, the ductus arteriosus frequently fails to close and the infants require medical or surgical closure of the patent ductus arteriosus (PDA). A PDA can be treated surgically; or medically with one of two prostaglandin inhibitors, indomethacin or ibuprofen. Case reports suggest that paracetamol may be an alternative for the closure of a PDA. An association between prenatal or postnatal exposure to paracetamol and later development of autism or autism spectrum disorder has been reported.</p>
        </sec>
        <sec>
          <title>Objectives</title>
          <p>To determine the effectiveness and safety of intravenous or oral paracetamol compared with placebo or no intervention, intravenous indomethacin, intravenous or oral ibuprofen, or with other cyclo&#x2010;oxygenase inhibitors for treatment of an echocardiographically diagnosed PDA in preterm or low birth weight infants.</p>
        </sec>
        <sec>
          <title>Search methods</title>
          <p>We used the standard search strategy of Cochrane Neonatal to search the Cochrane Central Register of Controlled Trials (CENTRAL 2017, Issue 10), MEDLINE via PubMed (1966 to 6 November 2017), Embase (1980 to 6 November 2017), and CINAHL (1982 to 6 November 2017). We searched clinical trial databases, conference proceedings, and the reference lists of retrieved articles for randomised controlled trials (RCT) and quasi&#x2010;randomised trials.</p>
        </sec>
        <sec>
          <title>Selection criteria</title>
          <p>We included RCTs in which paracetamol was compared to no intervention, placebo or other agents used for closure of PDA irrespective of dose, duration and mode of administration in preterm (&#x2264; 34 weeks' postmenstrual age) infants. We both reviewed the search results and made a final selection of potentially eligible articles by discussion. We included studies of both prophylactic and therapeutic use of paracetamol.</p>
        </sec>
        <sec>
          <title>Data collection and analysis</title>
          <p>We performed data collection and analyses in accordance with the methods of the Cochrane Neonatal Review Group. We used the GRADE approach to assess the quality of evidence for the following outcomes when data were available: failure of ductal closure after the first course of treatment; neurodevelopmental impairment; all&#x2010;cause mortality during initial hospital stay (death); gastrointestinal bleed or stools positive for occult blood; and serum levels of creatinine after treatment (&#xB5;mol/L).</p>
        </sec>
        <sec>
          <title>Main results</title>
          <p>We included eight studies that reported on 916 infants. One of these studies compared paracetamol to both ibuprofen and indomethacin. Five studies compared treatment of PDA with paracetamol versus ibuprofen and enrolled 559 infants. There was no significant difference between paracetamol and ibuprofen for failure of ductal closure after the first course of drug administration (typical risk ratio (RR) 0.95, 95% confidence interval (CI) 0.75 to 1.21; typical risk difference (RD) &#x2212;0.02, 95% CI &#x2212;0.09 to 0.09); I&#xB2; = 0% for RR and RD; moderate quality of evidence. Four studies (n = 537) reported on gastrointestinal bleed which was lower in the paracetamol group versus the ibuprofen group (typical RR 0.28, 95% CI 0.12 to 0.69; typical RD &#x2212;0.06, 95% CI &#x2212;0.09 to &#x2212;0.02); I&#xB2; = 0% for RR and RD; number needed to treat for an additional beneficial outcome (NNTB) 17 (95% CI 11 to 50); moderate quality of evidence. The serum levels of creatinine were lower in the paracetamol group compared with the ibuprofen group in four studies (moderate quality of evidence), as were serum bilirubin levels following treatment in two studies (n = 290). Platelet counts and daily urine output were higher in the paracetamol group compared with the ibuprofen group. One study reported on long&#x2010;term follow&#x2010;up to 18 to 24 months of age following treatment with paracetamol versus ibuprofen. There were no significant differences in the neurological outcomes at 18 to 24 months (n = 61); (low quality of evidence).</p>
          <p>Two studies compared prophylactic administration of paracetamol for a PDA with placebo or no intervention in 80 infants. Paracetamol resulted in a lower rate of failure of ductal closure after 4 to 5 days of treatment compared to placebo or no intervention which was of borderline significance for typical RR 0.49 (95% CI 0.24 to 1.00; P = 0.05); but significant for typical RD &#x2212;0.21 (95% CI &#x2212;0.41 to &#x2212;0.02); I&#xB2; = 0 % for RR and RD; NNTB 5 (95% CI 2 to 50); (low quality of evidence).</p>
          <p>Two studies (n = 277) compared paracetamol with indomethacin. There was no significant difference in the failure to close a PDA (typical RR 0.96, 95% CI 0.55 to 1.65; I&#xB2; = 11%; typical RD &#x2212;0.01, 95% CI &#x2212;0.09 to 0.08; I&#xB2; = 17%) (low quality of evidence). Serum creatinine levels were significantly lower in the paracetamol group compared with the indomethacin group and platelet counts and daily urine output were significantly higher in the paracetamol group.</p>
        </sec>
        <sec>
          <title>Authors' conclusions</title>
          <p>Moderate&#x2010;quality evidence according to GRADE suggests that paracetamol is as effective as ibuprofen; low&#x2010;quality evidence suggests paracetamol to be more effective than placebo or no intervention; and low&#x2010;quality evidence suggests paracetamol as effective as indomethacin in closing a PDA. There was no difference in neurodevelopmental outcome in children exposed to paracetamol compared to ibuprofen; however the quality of evidence is low and comes from only one study. In view of concerns raised regarding neurodevelopmental outcomes following prenatal and postnatal exposure to paracetamol, long&#x2010;term follow&#x2010;up to at least 18 to 24 months' postnatal age must be incorporated in any studies of paracetamol in the newborn population. At least 19 ongoing trials have been registered. Such trials are required before any recommendations for the possible routine use of paracetamol in the newborn population can be made.</p>
        </sec>
      </abstract>
      <abstract abstract-type="short">
        <title>Paracetamol (acetaminophen) for patent ductus arteriosus (a blood vessel necessary for fetal survival) in preterm and low birth weight infants</title>
        <p><bold>Review question:</bold> How effective and safe are paracetamol, which has weak anti&#x2010;inflammatory properties, compared with placebo (a substance with no active therapeutic effect), or no intervention, or nonsteroidal anti&#x2010;inflammatory drugs (indomethacin and ibuprofen), for closure of a PDA in preterm/low birth weight infants?</p>
        <p><bold>Background:</bold> A common complication for preterm (premature) or small babies is a patent ductus arteriosus (PDA). Blood circulation to the (as yet) non&#x2010;functioning lungs is unnecessary before birth (the fetal blood supply is oxygenated via the placenta). The PDA is a temporary fetal blood vessel that connects the pulmonary artery (the vessel that, after birth, takes blood depleted of oxygen from the heart to the lungs) to the aorta (the vessel that takes freshly oxygenated blood, returned from the lungs to the heart by the pulmonary vein, away from the heart and on the beginning of its journey round the body). In other words the PDA &#x2018;short&#x2010;circuits&#x2019; the fetal circulation of blood through the lungs.. It is necessary to sustain life in the womb, but it should close after birth. Sometimes it remains open because of the baby's immature stage of development. A PDA can lead to life&#x2010;threatening complications. The usual treatment for PDA has been indomethacin or ibuprofen which inhibit the production of prostaglandins and promotes the closure of the PDA. Recently paracetamol (acetaminophen), a commonly used drug to treat fever or pain in infants, children and adults, has been suggested as an alternative to ibuprofen, with potentially fewer side effects. A number of case reports and case series have suggested that paracetamol may be an alternative for the closure of a PDA. Exactly how paracetamol works to close the PDA is not known, but probably involves inhibition of prostaglandin synthesis. Prostaglandins are chemical compounds which are made throughout the body (i.e. not in any one particular organ), particularly wherever soft tissues are damaged, and their production (synthesis) plays a key role in healing processes. They are known to play an important role in keeping the ductus arteriosus open (patent), so lowering their production would encourage closure of the ductus arteriosus.</p>
        <p><bold>Study characteristics:</bold> We identified a total of eight studies that enrolled 916 preterm infants and compared the effectiveness and safety of paracetamol versus ibuprofen, indomethacin or placebo in the treatment of a PDA in early life.</p>
        <p><bold>Key results:</bold> When the results of the included studies were combined, the success rate for paracetamol to close a PDA was higher than that of placebo and similar to that of ibuprofen and indomethacin. Paracetamol appears to have fewer adverse effects on kidney and liver functions. In one small study that followed children to 18 to 24 months of age there was no difference in neurodevelopmental impairment. The evidence is up to date as of November 2017.</p>
        <p><bold>Conclusions:</bold> Paracetamol appears to be a promising alternative to indomethacin and ibuprofen for the closure of a PDA with possibly fewer adverse effects.</p>
        <p>Additional studies testing this intervention and including longer&#x2010;term follow&#x2010;up are needed before paracetamol can be recommended as standard treatment for a PDA in preterm infants. Several studies are ongoing that will eventually provide additional information. Because of reports of a possible association between prenatal paracetamol and the development of autism or autism spectrum disorder in childhood and language delay in girls, long&#x2010;term follow&#x2010;up to at least 18 to 24 months' postnatal age must be incorporated in any studies of paracetamol in the newborn population.</p>
        <p><bold>Quality of evidence:</bold> Although the healthcare providers were not always 'blinded' (unaware of which drug the infants received) we judged the quality of the evidence to be moderate.</p>
      </abstract>
      <kwd-group kwd-group-type="mesh">
        <kwd>Humans</kwd>
        <kwd>Infant, Newborn</kwd>
        <kwd>Acetaminophen</kwd>
        <kwd>Acetaminophen/administration &amp; dosage</kwd>
        <kwd>Acetaminophen/adverse effects</kwd>
        <kwd>Administration, Oral</kwd>
        <kwd>Ductus Arteriosus, Patent</kwd>
        <kwd>Ductus Arteriosus, Patent/drug therapy</kwd>
        <kwd>Ibuprofen</kwd>
        <kwd>Ibuprofen/administration &amp; dosage</kwd>
        <kwd>Ibuprofen/adverse effects</kwd>
        <kwd>Indomethacin</kwd>
        <kwd>Indomethacin/administration &amp; dosage</kwd>
        <kwd>Infant, Low Birth Weight</kwd>
        <kwd>Infant, Premature</kwd>
        <kwd>Injections, Intravenous</kwd>
        <kwd>Oxygen Inhalation Therapy</kwd>
        <kwd>Oxygen Inhalation Therapy/utilization</kwd>
        <kwd>Randomized Controlled Trials as Topic</kwd>
        <kwd>Treatment Outcome</kwd>
      </kwd-group>
    </article-meta>
    <notes notes-type="status-note">
      <p>New search for studies and content updated (conclusions changed)</p>
    </notes>
  </front>
</article>
</pmc-articleset>