<?xml version="1.0" ?>
<!DOCTYPE pmc-articleset PUBLIC "-//NLM//DTD ARTICLE SET 2.0//EN" "https://dtd.nlm.nih.gov/ncbi/pmc/articleset/nlm-articleset-2.0.dtd">
<pmc-articleset><article xmlns:xlink="http://www.w3.org/1999/xlink" xmlns:mml="http://www.w3.org/1998/Math/MathML" id="CD009957.pub2" article-type="systematic-review">
  <!--The publisher of this article does not allow downloading of the full text in XML form.-->
  <front>
    <journal-meta>
      <journal-id journal-id-type="nlm-ta">Cochrane Database Syst Rev</journal-id>
      <journal-id journal-id-type="iso-abbrev">Cochrane Database Syst Rev</journal-id>
      <journal-id journal-id-type="publisher-id">14651858</journal-id>
      <journal-id journal-id-type="doi">10.1002/14651858</journal-id>
      <journal-title-group>
        <journal-title>The Cochrane Database of Systematic Reviews</journal-title>
      </journal-title-group>
      <issn pub-type="epub">1469-493X</issn>
      <issn-l>1361-6137</issn-l>
      <publisher>
        <publisher-name>John Wiley &amp; Sons, Ltd</publisher-name>
        <publisher-loc>Chichester, UK</publisher-loc>
      </publisher>
    </journal-meta>
    <article-meta>
      <article-id pub-id-type="pmid">28109160</article-id>
      <article-id pub-id-type="pmc">6464760</article-id>
      <article-id pub-id-type="doi">10.1002/14651858.CD009957.pub2</article-id>
      <article-id pub-id-type="publisher-id">CD009957.pub2</article-id>
      <article-id pub-id-type="other">CD009957</article-id>
      <article-categories>
        <subj-group>
          <subject>CANCER OF THE UTERINE CERVIX</subject>
          <subject>Cancer</subject>
          <subject>Gynaecology</subject>
        </subj-group>
      </article-categories>
      <title-group>
        <article-title>Antibiotics for infection prevention after excision of the cervical transformation zone</article-title>
      </title-group>
      <contrib-group>
        <contrib id="d20e184" contrib-type="author" corresp="yes">
          <name>
            <surname>Kietpeerakool</surname>
            <given-names>Chumnan</given-names>
          </name>
          <address>
            <email>kiet_ji@hotmail.com</email>
          </address>
          <xref ref-type="aff" rid="CD009957-aff-0001"/>
        </contrib>
        <contrib id="d20e188" contrib-type="author">
          <name>
            <surname>Chumworathayi</surname>
            <given-names>Bandit</given-names>
          </name>
          <xref ref-type="aff" rid="CD009957-aff-0001"/>
        </contrib>
        <contrib id="d20e192" contrib-type="author">
          <name>
            <surname>Thinkhamrop</surname>
            <given-names>Jadsada</given-names>
          </name>
          <xref ref-type="aff" rid="CD009957-aff-0001"/>
        </contrib>
        <contrib id="d20e196" contrib-type="author">
          <name>
            <surname>Ussahgij</surname>
            <given-names>Butsakorn</given-names>
          </name>
          <xref ref-type="aff" rid="CD009957-aff-0002"/>
        </contrib>
        <contrib id="d20e200" contrib-type="author">
          <name>
            <surname>Lumbiganon</surname>
            <given-names>Pisake</given-names>
          </name>
          <xref ref-type="aff" rid="CD009957-aff-0001"/>
        </contrib>
        <contrib id="d20e210" contrib-type="editor">
          <collab collab-type="editors">Cochrane Gynaecological, Neuro&#x2010;oncology and Orphan Cancer Group</collab>
        </contrib>
      </contrib-group>
      <aff id="CD009957-aff-0001">
        <institution>Khon Kaen University</institution>
        <institution content-type="dept">Department of Obstetrics and Gynaecology, Faculty of Medicine</institution>
        <addr-line>123 Mitraparb Road</addr-line>
        <addr-line>Amphur Muang</addr-line>
        <city>Khon Kaen</city>
        <country>Thailand</country>
        <postal-code>40002</postal-code>
      </aff>
      <aff id="CD009957-aff-0002">
        <institution>Khon Kaen University</institution>
        <institution content-type="dept">Medical Library, Faculty of Medicine</institution>
        <addr-line>123 Mittraparp Highway</addr-line>
        <city>Khon Kaen</city>
        <country>Thailand</country>
        <postal-code>40002</postal-code>
      </aff>
      <pub-date pub-type="epub">
        <day>21</day>
        <month>1</month>
        <year>2017</year>
      </pub-date>
      <pub-date pub-type="collection">
        <month>1</month>
        <year>2017</year>
      </pub-date>
      <pub-date pub-type="update">
        <day>7</day>
        <month>10</month>
        <year>2019</year>
      </pub-date>
      <volume>2017</volume>
      <issue>1</issue>
      <elocation-id>CD009957</elocation-id>
      <permissions>
        <copyright-statement>Copyright &#xA9; 2019 The Cochrane Collaboration. Published by John Wiley &amp; Sons, Ltd.</copyright-statement>
      </permissions>
      <related-article related-article-type="updated-article" ext-link-type="doi" xlink:href="10.1002/14651858.CD009957" id="d20e38"/>
      <abstract>
        <title>Abstract</title>
        <sec id="CD009957-abs1-0001">
          <title>Background</title>
          <p>Excision of the transformation zone of the cervix is the most commonly used approach to treat cervical precancerous lesions (cervical intraepithelial neoplasia (CIN)) to reduce the risk of developing cervical cancer. As the excision of the transformation zone leaves a raw area on the cervix, there is a risk of infection following the procedure. The incidence of infection after cold knife conization (CKC) is 36%, whereas the incidence for large loop excision of the transformation zone (LLETZ, also known as loop electrical excision procedure (LEEP)) is much lower (0.8% to 14.4%). Prophalytic antibiotics may prevent an infection developing and are often prescribed for CKC. However, there are no formal recommendations regarding the use of prophylactic antibiotics for infection prevention in women undergoing surgical excisional treatment for cervical precancerous lesions.</p>
        </sec>
        <sec id="CD009957-abs1-0002">
          <title>Objectives</title>
          <p>To evaluate the effectiveness and safety of antibiotics for infection prevention following excision of the cervical transformation zone.</p>
        </sec>
        <sec id="CD009957-abs1-0003">
          <title>Search methods</title>
          <p>We searched the Cochrane Central Register of Controlled Trials (CENTRAL) (2016, Issue 4), MEDLINE, Embase, LILACS to May 2016. We also checked registers of clinical trials, citation lists of included studies, key textbooks and previous systematic reviews for potentially relevant studies</p>
        </sec>
        <sec id="CD009957-abs1-0004">
          <title>Selection criteria</title>
          <p>We included randomised controlled trials (RCTs) evaluating the effectiveness and safety of prophylactic antibiotics versus a placebo or no treatment in women having excision of the cervical transformation zone, regardless of the type of surgical excisional method used.</p>
        </sec>
        <sec id="CD009957-abs1-0005">
          <title>Data collection and analysis</title>
          <p>We used standard methodological procedures expected by Cochrane. Two review authors independently selected potentially relevant trials, extracted data, and assessed risk of bias, compared results and resolved disagreements by discussion. We contacted investigators for additional data, where possible.</p>
        </sec>
        <sec id="CD009957-abs1-0006">
          <title>Main results</title>
          <p>Of the 370 records that we identified as a result of the search (excluding duplicates), we regarded six abstracts and titles as potentially relevant studies. Of these six studies, three met the inclusion criteria involving 708 participants; most trials were at moderate or high risk of bias (risk mainly due to lack of blinding and high rate of incomplete data). We did not identify any ongoing trials. Although all included studies had been published in peer&#x2010;reviewed journals at the time of the search and data extraction, numerical data regarding the outcome measured in one trial involving 77 participants were insufficient for inclusion in a meta&#x2010;analyses.</p>
          <p>The difference in the rates of prolonged vaginal discharge or presumed cervicitis (one study; 348 participants; risk ratio (RR), 1.29; 95% confidence interval (CI) 0.72 to 2.31; low&#x2010;quality evidence) and severe vaginal bleeding (two studies; 638 participants; RR 1.21; 95% CI 0.52 to 2.82; very low&#x2010;quality evidence) among the two comparison groups did not reach the level for clinically important effect. In addition, there was no difference in adverse events related to antibiotics i.e. nausea/vomiting, diarrhoea, and headache among the two comparison groups (two studies; 638 participants; RR 1.69; 95% CI 0.85 to 3.34; very low&#x2010;quality evidence). There were no differences in the incidence of fever (RR, 2.23; 95% CI 0.20 to 24.36), lower abdominal pain (RR, 1.03; 95% CI 0.61 to 1.72), unscheduled medical consultation (RR 2.68, 95% CI 0.97 to 7.41), and additional self&#x2010;medication (RR 1.22; 95% CI 0.56 to 2.67) between the two comparison groups (one study; 290 participants; low to very low&#x2010;quality evidence).</p>
        </sec>
        <sec id="CD009957-abs1-0007">
          <title>Authors' conclusions</title>
          <p>As only limited data are available from three trials with overall moderate to high risk of bias, there is insufficient evidence to support use of antibiotics to reduce infectious complications following excision of the cervical transformation zone. In addition, there were minimal data about antibiotic&#x2010;related adverse events and no information on the risk of developing antibiotic resistance. Antibiotics given for infection prevention after excision of the cervical transformation zone should only be used in the context of clinical research, to avoid unnecessary prescription of antibiotics and to prevent further increases in antibiotic resistance.</p>
        </sec>
      </abstract>
      <abstract abstract-type="short">
        <title>Plain language summary</title>
        <p>
          <bold>Prophylactic antibiotics to prevent infection after cervical excision</bold>
        </p>
        <p><bold>Background</bold>&#x2028;
Pre&#x2010;cancerous cervical lesions can be treated by either excision or destruction of the abnormal cells from the cervix, to reduce the risk of developing cervical cancer in the future. The advantage of excisional treatment is that the abnormal cells are removed, rather than destroyed, so tissue can be sent for detailed examination to confirm the diagnosis histologically and make sure the affected area has been completely removed. As the excision of the transformation zone leaves a raw area on the cervix, there is a risk of getting an infection following the procedure. Antibiotics are sometimes given before surgical procedures to prevent infection developing (prophylactic), rather than to treat an existing infection. However, prophylactic antibiotics may not be necessary or effective. In addition, antibiotics can cause side effects (adverse events). Importantly, there are increasing concerns about antibiotic over&#x2010;use promoting antibiotic resistance in bacteria.</p>
        <p><bold>Review question</bold>&#x2028;
Do prophylactic antibiotics prevent infection in women undergoing excision of the cervical transformation zone and what are the side effects?</p>
        <p><bold>Main findings</bold>&#x2028;
We searched the literature to May 2016 and found three published randomised trials that met the review inclusion criteria. We did not identify any ongoing trials. The three included studies involved 708 participants who had undergone excisional treatment to the cervix (known as laser or large loop excision of transformation zone (LLETZ) or loop electrosurgical excision procedure (LEEP)). Two studies tested a antimicrobial vaginal pessary versus no treatment; the other tested oral antibiotics compared with placebo. We found that there was no benefit to prophylactic antibiotics after LLETZ to reduce or prevent prolonged vaginal discharge, severe vaginal bleeding, fever, lower abdominal pain, unscheduled medical consultation, and additional self&#x2010;medication. There was little information on antibiotic&#x2010;related adverse effects. The limited evidence available does not support routinely giving antibiotics for infection prevention after LLETZ. As there are growing concerns with antibiotic resistance, antibiotics for infection prevention after excision of the cervical transformation zones should only be used in the context of clinical trials.</p>
        <p><bold>Quality of the evidence</bold>&#x2028;
The quality of the evidence regarding prophylactic antibiotics for preventing severe vaginal bleeding, fever, and adverse events was very low, with evidence from other comparisons being of low quality.</p>
      </abstract>
    </article-meta>
    <notes notes-type="status-note">
      <p>Edited (no change to conclusions)</p>
    </notes>
  </front>
</article>
</pmc-articleset>