<?xml version="1.0" ?>
<!DOCTYPE pmc-articleset PUBLIC "-//NLM//DTD ARTICLE SET 2.0//EN" "https://dtd.nlm.nih.gov/ncbi/pmc/articleset/nlm-articleset-2.0.dtd">
<pmc-articleset><article xmlns:xlink="http://www.w3.org/1999/xlink" xmlns:mml="http://www.w3.org/1998/Math/MathML" id="CD012910" article-type="systematic-review">
  <!--The publisher of this article does not allow downloading of the full text in XML form.-->
  <front>
    <journal-meta>
      <journal-id journal-id-type="nlm-ta">Cochrane Database Syst Rev</journal-id>
      <journal-id journal-id-type="iso-abbrev">Cochrane Database Syst Rev</journal-id>
      <journal-id journal-id-type="publisher-id">14651858</journal-id>
      <journal-id journal-id-type="doi">10.1002/14651858</journal-id>
      <journal-title-group>
        <journal-title>The Cochrane Database of Systematic Reviews</journal-title>
      </journal-title-group>
      <issn pub-type="epub">1469-493X</issn>
      <issn-l>1361-6137</issn-l>
      <publisher>
        <publisher-name>John Wiley &amp; Sons, Ltd</publisher-name>
        <publisher-loc>Chichester, UK</publisher-loc>
      </publisher>
    </journal-meta>
    <article-meta>
      <article-id pub-id-type="pmid">29303230</article-id>
      <article-id pub-id-type="pmc">6491311</article-id>
      <article-id pub-id-type="doi">10.1002/14651858.CD012910</article-id>
      <article-id pub-id-type="publisher-id">CD012910</article-id>
      <article-id pub-id-type="other">CD012910</article-id>
      <article-categories>
        <subj-group subj-group-type="heading">
          <subject>Medicine General &amp; Introductory Medical Sciences</subject>
        </subj-group>
      </article-categories>
      <title-group>
        <article-title>Planned birth at or near term for improving health outcomes for pregnant women with gestational diabetes and their infants</article-title>
      </title-group>
      <contrib-group>
        <contrib id="d28e63" contrib-type="author" corresp="yes">
          <name>
            <surname>Biesty</surname>
            <given-names>Linda M</given-names>
          </name>
          <address>
            <email>linda.biesty@nuigalway.ie</email>
          </address>
          <xref ref-type="aff" rid="CD012910-aff-0001"/>
        </contrib>
        <contrib id="d28e68" contrib-type="author">
          <name>
            <surname>Egan</surname>
            <given-names>Aoife M</given-names>
          </name>
          <xref ref-type="aff" rid="CD012910-aff-0002"/>
        </contrib>
        <contrib id="d28e73" contrib-type="author">
          <name>
            <surname>Dunne</surname>
            <given-names>Fidelma</given-names>
          </name>
          <xref ref-type="aff" rid="CD012910-aff-0003"/>
        </contrib>
        <contrib id="d28e78" contrib-type="author">
          <name>
            <surname>Dempsey</surname>
            <given-names>Eugene</given-names>
          </name>
          <xref ref-type="aff" rid="CD012910-aff-0004"/>
        </contrib>
        <contrib id="d28e83" contrib-type="author">
          <name>
            <surname>Meskell</surname>
            <given-names>Pauline</given-names>
          </name>
          <xref ref-type="aff" rid="CD012910-aff-0005"/>
        </contrib>
        <contrib id="d28e88" contrib-type="author">
          <name>
            <surname>Smith</surname>
            <given-names>Valerie</given-names>
          </name>
          <xref ref-type="aff" rid="CD012910-aff-0006"/>
        </contrib>
        <contrib id="d28e93" contrib-type="author">
          <name>
            <surname>Ni Bhuinneain</surname>
            <given-names>G Meabh</given-names>
          </name>
          <xref ref-type="aff" rid="CD012910-aff-0007"/>
        </contrib>
        <contrib id="d28e98" contrib-type="author">
          <name>
            <surname>Devane</surname>
            <given-names>Declan</given-names>
          </name>
          <xref ref-type="aff" rid="CD012910-aff-0001"/>
        </contrib>
      </contrib-group>
      <aff id="CD012910-aff-0001">
        <institution>National University of Ireland Galway</institution>
        <institution content-type="dept">School of Nursing and Midwifery</institution>
        <addr-line>Aras Moyola</addr-line>
        <city>Galway</city>
        <country>Ireland</country>
        <postal-code/>
      </aff>
      <aff id="CD012910-aff-0002">
        <institution>National University of Ireland Galway/University Hospital Galway</institution>
        <institution content-type="dept">Galway Diabetes Research Centre</institution>
        <addr-line>Newcastle Road</addr-line>
        <city>Galway</city>
        <country>Ireland</country>
        <postal-code/>
      </aff>
      <aff id="CD012910-aff-0003">
        <institution>National University of Ireland Galway</institution>
        <city>Galway</city>
        <country>Ireland</country>
        <postal-code/>
      </aff>
      <aff id="CD012910-aff-0004">
        <institution>Cork University Maternity Hospital</institution>
        <institution content-type="dept">Neonatology</institution>
        <city>Wilton</city>
        <country>Ireland</country>
        <postal-code/>
      </aff>
      <aff id="CD012910-aff-0005">
        <institution>University of Limerick</institution>
        <institution content-type="dept">Department of Nursing and Midwifery</institution>
        <addr-line>Health Sciences BuildingUniversity of Limerick</addr-line>
        <city>Limerick</city>
        <country>Ireland</country>
        <postal-code/>
      </aff>
      <aff id="CD012910-aff-0006">
        <institution>Trinity College Dublin</institution>
        <institution content-type="dept">School of Nursing and Midwifery</institution>
        <addr-line>24 D'Olier Street</addr-line>
        <city>Dublin</city>
        <country>Ireland</country>
        <postal-code>2</postal-code>
      </aff>
      <aff id="CD012910-aff-0007">
        <institution>Mayo University Hospital, Saolta</institution>
        <institution content-type="dept">Department of Obstetrics and Gynaecology</institution>
        <addr-line>Westport Road</addr-line>
        <city>Castlebar</city>
        <country>Ireland</country>
        <postal-code/>
      </aff>
      <author-notes>
        <fn>
          <p>Editorial Group: Cochrane Pregnancy and Childbirth Group.</p>
        </fn>
      </author-notes>
      <pub-date pub-type="epub">
        <day>05</day>
        <month>1</month>
        <year>2018</year>
      </pub-date>
      <pub-date pub-type="collection">
        <month>1</month>
        <year>2018</year>
      </pub-date>
      <pub-date pub-type="update">
        <day>21</day>
        <month>12</month>
        <year>2017</year>
      </pub-date>
      <volume>2018</volume>
      <issue>1</issue>
      <elocation-id>CD012910</elocation-id>
      <history>
        <date date-type="cl-record-assessed-up-to-date">
          <day>15</day>
          <month>08</month>
          <year>2017</year>
        </date>
      </history>
      <permissions>
        <copyright-statement>Copyright &#xA9; 2018 The Cochrane Collaboration. Published by John Wiley &amp; Sons, Ltd.</copyright-statement>
        <copyright-year>2018</copyright-year>
        <copyright-holder>The Cochrane Collaboration</copyright-holder>
      </permissions>
      <abstract>
        <sec>
          <title>Background</title>
          <p>Gestational diabetes is a type of diabetes that occurs during pregnancy. Women with gestational diabetes are more likely to experience adverse health outcomes such as pre&#x2010;eclampsia or polyhydramnios (excess amniotic fluid). Their babies are also more likely to have health complications such as macrosomia (birthweight &gt; 4000 g) and being large&#x2010;for&#x2010;gestational age (birthweight above the 90th percentile for gestational age). Current clinical guidelines support elective birth, at or near term in women with gestational diabetes to minimise perinatal complications, especially those related to macrosomia.</p>
          <p>This review replaces a review previously published in 2001 that included "diabetic pregnant women", which has now been split into two reviews. This current review focuses on pregnant women with gestational diabetes and a sister review focuses on women with pre&#x2010;existing diabetes (Type 1 or Type 2).</p>
        </sec>
        <sec>
          <title>Objectives</title>
          <p>To assess the effect of planned birth (either by induction of labour or caesarean birth), at or near term (37 to 40 weeks' gestation) compared with an expectant approach for improving health outcomes for women with gestational diabetes and their infants. The primary outcomes relate to maternal and perinatal mortality and morbidity.</p>
        </sec>
        <sec>
          <title>Search methods</title>
          <p>We searched Cochrane Pregnancy and Childbirth&#x2019;s Trials Register, <uri>ClinicalTrials.gov</uri> and the WHO International Clinical Trials Registry Platform (<uri>ICTRP</uri>) (15 August 2017), and reference lists of retrieved studies.</p>
        </sec>
        <sec>
          <title>Selection criteria</title>
          <p>We included randomised trials comparing planned birth, at or near term (37 to 40 weeks' gestation), with an expectant approach, for women with gestational diabetes. Cluster&#x2010;randomised and non&#x2010;randomised trials (e.g. quasi&#x2010;randomised trials using alternate allocation) were also eligible for inclusion but none were identified.</p>
        </sec>
        <sec>
          <title>Data collection and analysis</title>
          <p>Two of the review authors independently assessed study eligibility, extracted data and assessed the risk of bias of the included study. The quality of the evidence was assessed using the GRADE approach.</p>
        </sec>
        <sec>
          <title>Main results</title>
          <p>The findings of this review are based on a single trial involving 425 women with gestational diabetes. The trial compared induction of labour with expectant management (waiting for the spontaneous onset of labour in the absence of any maternal or fetal issues that may necessitate birth) in pregnant women with gestational diabetes at term. We assessed the overall risk of bias as being low for most domains, apart from performance, detection and attrition bias (for outcome perineum intact), which we assessed as being at high risk. It was an open&#x2010;label trial, and women and healthcare professionals were not blinded.</p>
          <p>There were no clear differences between women randomised to induction of labour and women randomised to expectant management for maternal mortality or serious maternal morbidity (risk ratio (RR) 1.48, 95% confidence interval (CI) 0.25 to 8.76, one trial, 425 women); caesarean section (RR 1.06, 95% CI 0.64 to 1.77, one trial, 425 women); or instrumental vaginal birth (RR 0.81, 95% CI 0.45 to 1.46, one trial, 425 women). For the primary outcome of maternal mortality or serious maternal morbidity, there were no deaths in either group and serious maternal morbidity related to admissions to intensive care unit. The quality of the evidence contributing to these outcomes was assessed as very low, mainly due to the study having high risk of bias for some domains and because of the imprecision of effect estimates.</p>
          <p>In relation to primary neonatal outcomes, there were no perinatal deaths in either group. The quality of evidence for this outcome was judged as very low, mainly due to high risk of bias and imprecision of effect estimates. There were no clear differences in infant outcomes between women randomised to induction of labour and women randomised to expectant management: shoulder dystocia (RR 2.96, 95% CI 0.31 to 28.21, one trial, 425 infants, very low&#x2010;quality evidence); large&#x2010;for&#x2010;gestational age (RR 0.53, 95% CI 0.28 to 1.02, one trial, 425 infants, low&#x2010;quality evidence).</p>
          <p>There were no clear differences between women randomised to induction of labour and women randomised to expectant management for postpartum haemorrhage (RR 1.17, 95% CI 0.53 to 2.54, one trial, 425 women); admission to intensive care unit (RR 1.48, 95% CI 0.25 to 8.76, one trial, 425 women); and intact perineum (RR 1.02, 95% CI 0.73 to 1.43, one trial, 425 women). No infant experienced a birth trauma, therefore, we could not draw conclusions about the effect of the intervention on the outcomes of brachial plexus injury and bone fracture at birth. Infants of women in the induction&#x2010;of&#x2010;labour group had higher incidences of neonatal hyperbilirubinaemia (jaundice) when compared to infants of women in the expectant&#x2010;management group (RR 2.46, 95% CI 1.11 to 5.46, one trial, 425 women).</p>
          <p>We found no data on the following prespecified outcomes of this review: postnatal depression, maternal satisfaction, length of postnatal stay (mother), acidaemia, intracranial haemorrhage, hypoxia ischaemic encephalopathy, small&#x2010;for&#x2010;gestational age, length of postnatal stay (baby) and cost.</p>
          <p>The authors of this trial acknowledge that it is underpowered for their primary outcome of caesarean section. The authors of the trial and of this review note that the CIs demonstrate a wide range, therefore making it inappropriate to draw definite conclusions.</p>
        </sec>
        <sec>
          <title>Authors' conclusions</title>
          <p>There is limited evidence to inform implications for practice. The available data are not of high quality and lack power to detect possible important differences in either benefit or harm. There is an urgent need for high&#x2010;quality trials evaluating the effectiveness of planned birth at or near term gestation for women with gestational diabetes compared with an expectant approach.</p>
        </sec>
      </abstract>
      <abstract abstract-type="short">
        <title>Planned birth at or near term for pregnant women with gestational diabetes and their infants</title>
        <p>
          <bold>What is the issue?</bold>
        </p>
        <p>The aim of this Cochrane review was to find out if planning an elective birth at or near the term of pregnancy, compared to waiting for labour to start spontaneously, has an impact on the health of women with gestational diabetes and the health of their babies. Planned early birth means either induction of labour or caesarean birth, and 'at or near term' means 37 to 40 weeks' gestation. To answer this question, we collected and analysed all relevant studies conducted up to August 2017.</p>
        <p>
          <bold>Why is this important?</bold>
        </p>
        <p>Women with gestational diabetes (glucose intolerance arising during pregnancy) and their babies are at increased risk of health complications (e.g. high blood pressure, bigger babies). Because of the complications sometimes associated with birthing a big baby, many clinicians have recommended that women with gestational diabetes have an elective birth (generally an induction of labour) at or near term (37 to 40 weeks' gestation) rather than waiting for labour to start spontaneously, or until 41 weeks' gestation if all is well. Induction has disadvantages of increasing the incidence of forceps or ventouse births, and women often find it difficult to cope with an induced labour. Caesarean section is a major operation which can lead to blood loss, infections and increased chance of problems with subsequent births. Early birth can increase the chance of breathing problems for babies. It is important to know which approach to birth has a better impact on the health outcomes of women with gestational diabetes and their babies.</p>
        <p>
          <bold>What evidence did we find?</bold>
        </p>
        <p>Our search identified one trial involving 425 women and their babies. In this trial, 214 women had an induction of their labour at term, the other 211 women waited for a spontaneous onset of their labour.</p>
        <p>The findings of this trial highlighted no clear difference between the babies of women in either group in relation to the number of large babies, baby's shoulder getting stuck during birth or babies with breathing problems, low blood sugar and admission to a neonatal intensive care unit. No baby in the trial experienced birth trauma. In the group of women whose labour was induced, there were more incidences of jaundice in the babies. There was no clear difference between women in either group in relation to serious health problems for women, caesarean section, instrumental vaginal birth, postpartum haemorrhage, admission to an intensive care unit and intact perineum. There were no reports in either group of maternal deaths. It should be noted that most of the evidence was found to be of very low quality.</p>
        <p>The following outcomes were not reported: postnatal depression, maternal satisfaction, length of postnatal stay (mother), babies with high blood acid, bleeding in the baby's brain, other brain problems for the babies, babies small&#x2010;for&#x2010;gestational age and length of baby's postnatal stay.</p>
        <p>
          <bold>What does this mean?</bold>
        </p>
        <p>There is insufficient evidence to clearly identify if there are differences in health outcomes for women with gestational diabetes and their babies when elective birth is undertaken compared to waiting for labour to start spontaneously or until 41 weeks' gestation if all is well. More research is needed to answer this question.</p>
      </abstract>
      <kwd-group kwd-group-type="mesh">
        <kwd>Female</kwd>
        <kwd>Humans</kwd>
        <kwd>Infant</kwd>
        <kwd>Pregnancy</kwd>
        <kwd>Diabetes, Gestational</kwd>
        <kwd>Term Birth</kwd>
        <kwd>Watchful Waiting</kwd>
        <kwd>Cesarean Section</kwd>
        <kwd>Fetal Macrosomia</kwd>
        <kwd>Fetal Macrosomia/prevention &amp; control</kwd>
        <kwd>Labor, Induced</kwd>
        <kwd>Labor, Induced/methods</kwd>
      </kwd-group>
    </article-meta>
    <notes notes-type="status-note">
      <p>New</p>
    </notes>
  </front>
</article>
</pmc-articleset>