<?xml version="1.0" ?>
<!DOCTYPE pmc-articleset PUBLIC "-//NLM//DTD ARTICLE SET 2.0//EN" "https://dtd.nlm.nih.gov/ncbi/pmc/articleset/nlm-articleset-2.0.dtd">
<pmc-articleset><article xmlns:xlink="http://www.w3.org/1999/xlink" xmlns:mml="http://www.w3.org/1998/Math/MathML" id="CD006651.pub3" article-type="systematic-review">
  <!--The publisher of this article does not allow downloading of the full text in XML form.-->
  <front>
    <journal-meta>
      <journal-id journal-id-type="nlm-ta">Cochrane Database Syst Rev</journal-id>
      <journal-id journal-id-type="iso-abbrev">Cochrane Database Syst Rev</journal-id>
      <journal-id journal-id-type="publisher-id">14651858</journal-id>
      <journal-id journal-id-type="doi">10.1002/14651858</journal-id>
      <journal-title-group>
        <journal-title>The Cochrane Database of Systematic Reviews</journal-title>
      </journal-title-group>
      <issn pub-type="epub">1469-493X</issn>
      <issn-l>1361-6137</issn-l>
      <publisher>
        <publisher-name>John Wiley &amp; Sons, Ltd</publisher-name>
        <publisher-loc>Chichester, UK</publisher-loc>
      </publisher>
    </journal-meta>
    <article-meta>
      <article-id pub-id-type="pmid">24085528</article-id>
      <article-id pub-id-type="pmc">6457625</article-id>
      <article-id pub-id-type="doi">10.1002/14651858.CD006651.pub3</article-id>
      <article-id pub-id-type="publisher-id">CD006651</article-id>
      <article-id pub-id-type="other">CD006651.pub3</article-id>
      <article-categories>
        <subj-group subj-group-type="heading">
          <subject>Medicine General &amp; Introductory Medical Sciences</subject>
        </subj-group>
      </article-categories>
      <title-group>
        <article-title>Laparoscopically assisted radical vaginal hysterectomy versus radical abdominal hysterectomy for the treatment of early cervical cancer</article-title>
      </title-group>
      <contrib-group>
        <contrib id="d28e63" contrib-type="author" corresp="yes">
          <name>
            <surname>Kucukmetin</surname>
            <given-names>Ali</given-names>
          </name>
          <address>
            <email>ali.kucukmetin@ghnt.nhs.uk</email>
          </address>
          <xref ref-type="aff" rid="CD006651-aff-0001"/>
        </contrib>
        <contrib id="d28e68" contrib-type="author">
          <name>
            <surname>Biliatis</surname>
            <given-names>Ioannis</given-names>
          </name>
          <xref ref-type="aff" rid="CD006651-aff-0001"/>
        </contrib>
        <contrib id="d28e73" contrib-type="author">
          <name>
            <surname>Naik</surname>
            <given-names>Raj</given-names>
          </name>
          <xref ref-type="aff" rid="CD006651-aff-0002"/>
        </contrib>
        <contrib id="d28e78" contrib-type="author">
          <name>
            <surname>Bryant</surname>
            <given-names>Andrew</given-names>
          </name>
          <xref ref-type="aff" rid="CD006651-aff-0003"/>
        </contrib>
      </contrib-group>
      <aff id="CD006651-aff-0001">
        <institution>Northern Gynaecological Oncology Centre</institution>
        <institution content-type="dept">Gynaecological Oncology</institution>
        <addr-line>Queen Elizabeth HospitalSheriff Hill</addr-line>
        <city>Gateshead</city>
        <country>UK</country>
        <postal-code>NE9 6SX</postal-code>
      </aff>
      <aff id="CD006651-aff-0002">
        <institution>Northern Gynaecological Oncology Centre</institution>
        <addr-line>Queen Elizabeth Hospital</addr-line>
        <city>Gateshead</city>
        <country>UK</country>
        <postal-code>NE9 6SX</postal-code>
      </aff>
      <aff id="CD006651-aff-0003">
        <institution>Newcastle University</institution>
        <institution content-type="dept">Institute of Health &amp; Society</institution>
        <addr-line>Medical School New BuildRichardson Road</addr-line>
        <city>Newcastle upon Tyne</city>
        <country>UK</country>
        <postal-code>NE2 4AX</postal-code>
      </aff>
      <author-notes>
        <fn>
          <p>Editorial Group: Cochrane Gynaecological, Neuro&#x2010;oncology and Orphan Cancer Group.</p>
        </fn>
      </author-notes>
      <pub-date pub-type="epub">
        <day>01</day>
        <month>10</month>
        <year>2013</year>
      </pub-date>
      <pub-date pub-type="collection">
        <month>10</month>
        <year>2013</year>
      </pub-date>
      <pub-date pub-type="update">
        <day>21</day>
        <month>09</month>
        <year>2016</year>
      </pub-date>
      <volume>2013</volume>
      <issue>10</issue>
      <elocation-id>CD006651</elocation-id>
      <history>
        <date date-type="previous-update" publication-format="electronic">
          <day>07</day>
          <month>07</month>
          <year>2010</year>
        </date>
        <date date-type="cl-record-assessed-up-to-date">
          <day>29</day>
          <month>07</month>
          <year>2013</year>
        </date>
      </history>
      <permissions>
        <copyright-statement>Copyright &#xA9; 2016 The Cochrane Collaboration. Published by John Wiley &amp; Sons, Ltd.</copyright-statement>
        <copyright-year>2016</copyright-year>
        <copyright-holder>The Cochrane Collaboration</copyright-holder>
      </permissions>
      <related-article related-article-type="updated-article" ext-link-type="doi" xlink:href="10.1002/14651858.CD006651.pub2" id="d28e159"/>
      <abstract>
        <sec>
          <title>Background</title>
          <p>Cervical cancer is the second most common cancer among women and is the most frequent cause of death from gynaecological cancers worldwide. Standard surgical management for selected early&#x2010;stage cervical cancer is radical hysterectomy. Traditionally, radical hysterectomy has been carried out via the abdominal route and this remains the gold standard surgical management of early cervical cancer. In recent years, advances in minimal access surgery have made it possible to perform radical hysterectomy with the use of laparoscopy with the aim of reducing the surgical morbidity and promoting a faster recovery.</p>
        </sec>
        <sec>
          <title>Objectives</title>
          <p>To compare the effectiveness and safety of laparoscopically assisted radical vaginal hysterectomy (LARVH) and radical abdominal hysterectomy (RAH) in women with early&#x2010;stage (1 to 2A) cervical cancer.</p>
        </sec>
        <sec>
          <title>Search methods</title>
          <p>We searched the Cochrane Gynaecological Cancer Group Trials Register, and Cochrane Register of Controlled Trials (CENTRAL) Issue 7, 2013, MEDLINE, and EMBASE up to July 2013. We also searched registers of clinical trials, abstracts of scientific meetings, reference lists of included studies and contacted experts in the field.</p>
        </sec>
        <sec>
          <title>Selection criteria</title>
          <p>Randomised controlled trials (RCTs) that compared laparoscopically assisted radical hysterectomy and radical abdominal hysterectomy, in adult women diagnosed with early (stage 1 to 2A) cervical cancer.</p>
        </sec>
        <sec>
          <title>Data collection and analysis</title>
          <p>Two review authors independently abstracted data and assessed risk of bias.</p>
        </sec>
        <sec>
          <title>Main results</title>
          <p>We found one RCT, which included 13 women, that met our inclusion criteria and this trial reported data on LARVH versus RAH.</p>
          <p>Women who underwent LARVH for treatment of early&#x2010;stage cervical cancer appeared to have less blood loss compared with those who underwent RAH. The trial reported a borderline significant difference between the two types of surgery (median blood loss 400 mL (interquartile range (IQR): 325 to 1050) and 1000 mL (IQR: 800 to 1025) for LARVH and RAH, respectively, P value = 0.05). RAH was associated with significantly shorter operation time compared with LARVH (median: 180 minutes with LARVH versus 138 minutes with RAH, P value = 0.05).</p>
          <p>There was no statistically significant difference in the risk of perioperative complications in women who underwent LARVH and RAH. The trial reported two (29%) and four (57%) cases of intraoperative and postoperative complications, respectively, in the LARVH group and no (0%) reported cases of intraoperative complications and five (83%) cases of postoperative complications in the RAH group. There were no reported cases of severe perioperative complications.</p>
          <p>Bladder and bowel dysfunction of either a transient or chronic nature remain major morbidities after radical hysterectomy, and the one included study showed that there may be significantly less after LARVH.</p>
        </sec>
        <sec>
          <title>Authors' conclusions</title>
          <p>The included trial lacked statistical power due to the small number of women in each group and the low number of observed events. Therefore, the absence of reliable evidence, regarding the effectiveness and safety of the two surgical techniques for the management of early&#x2010;stage cervical cancer, precludes any definitive guidance or recommendations for clinical practice. The trial did not report data on long&#x2010;term outcomes, but was at moderate risk of bias due to very low numbers of included women.</p>
        </sec>
      </abstract>
      <abstract abstract-type="short">
        <title>Key hole&#x2010;assisted vaginal extended (radical) hysterectomy versus open radical hysterectomy for the treatment of early cervical cancer</title>
        <p>
          <bold>Background</bold>
        </p>
        <p>Cervical cancer is the second most common cancer among women.&#xA0;A woman's risk of developing cervical cancer by 65 years of age ranges from 0.69% in developed countries to 1.38% in developing countries. In Europe, about 60% of women with cervical cancer are alive five years after diagnosis. Standard treatment for selected early cervical cancer is radical hysterectomy, involving removal of the cervix, uterus (womb) and supporting tissues (parametrium), together with the pelvic lymph glands (nodes) and a top part of the vagina (cuff). Traditionally, radical hysterectomy has been performed as open surgery for more than a century. In recent years this operation has also been performed laparoscopically (key hole surgery) to reduce the size of the abdominal incision.</p>
        <p>
          <bold>Study characteristics</bold>
        </p>
        <p>We carried out a systematic review and searched for published and unpublished randomised controlled trials (RCTs) that compared open and laparoscopically assisted vaginal methods of performing radical hysterectomy in women with early cervical cancer. The evidence is current to July 2013.</p>
        <p>We found only one relevant trial. It included only 13 women; seven had a laparoscopically assisted radical vaginal hysterectomy (LARVH) and six had radical abdominal hysterectomy (RAH).</p>
        <p>
          <bold>Key results</bold>
        </p>
        <p>Women who underwent LARVH appeared to have less blood loss, shorter hospital stay and less requirement for pain medication compared with those who underwent RAH. There was no statistically significant difference in the risk of complications related to the operation in women who underwent LARVH and RAH. However, RAH had a significantly shorter operation time compared with LARVH.</p>
        <p>The trial did not assess overall survival and progression&#x2010;free survival (PFS; the time that a woman lives with the cancer but does not get worse) or quality of life (QoL) as the main focus of the trial was to examine short&#x2010;term complications.</p>
        <p>
          <bold>Quality of the evidence</bold>
        </p>
        <p>Due to the small number of cases and the short&#x2010;term scope of the trial, we were unable to reach any definite conclusions about the relative benefits and harms of the two forms of treatment and we were unable to identify subgroups of women who are likely to benefit from one treatment or the other.</p>
      </abstract>
      <kwd-group kwd-group-type="mesh">
        <kwd>Adult</kwd>
        <kwd>Female</kwd>
        <kwd>Humans</kwd>
        <kwd>Hysterectomy</kwd>
        <kwd>Hysterectomy/methods</kwd>
        <kwd>Hysterectomy, Vaginal</kwd>
        <kwd>Hysterectomy, Vaginal/methods</kwd>
        <kwd>Laparoscopy</kwd>
        <kwd>Laparoscopy/methods</kwd>
        <kwd>Neoplasm Staging</kwd>
        <kwd>Randomized Controlled Trials as Topic</kwd>
        <kwd>Uterine Cervical Neoplasms</kwd>
        <kwd>Uterine Cervical Neoplasms/pathology</kwd>
        <kwd>Uterine Cervical Neoplasms/surgery</kwd>
      </kwd-group>
    </article-meta>
    <notes notes-type="status-note">
      <p>Edited (no change to conclusions)</p>
    </notes>
  </front>
</article>
</pmc-articleset>