<?xml version="1.0" ?>
<!DOCTYPE pmc-articleset PUBLIC "-//NLM//DTD ARTICLE SET 2.0//EN" "https://dtd.nlm.nih.gov/ncbi/pmc/articleset/nlm-articleset-2.0.dtd">
<pmc-articleset><article xmlns:xlink="http://www.w3.org/1999/xlink" xmlns:mml="http://www.w3.org/1998/Math/MathML" id="CD006426.pub2" article-type="systematic-review">
  <!--The publisher of this article does not allow downloading of the full text in XML form.-->
  <front>
    <journal-meta>
      <journal-id journal-id-type="nlm-ta">Cochrane Database Syst Rev</journal-id>
      <journal-id journal-id-type="iso-abbrev">Cochrane Database Syst Rev</journal-id>
      <journal-id journal-id-type="publisher-id">14651858</journal-id>
      <journal-id journal-id-type="doi">10.1002/14651858</journal-id>
      <journal-title-group>
        <journal-title>The Cochrane Database of Systematic Reviews</journal-title>
      </journal-title-group>
      <issn pub-type="epub">1469-493X</issn>
      <issn-l>1361-6137</issn-l>
      <publisher>
        <publisher-name>John Wiley &amp; Sons, Ltd</publisher-name>
        <publisher-loc>Chichester, UK</publisher-loc>
      </publisher>
    </journal-meta>
    <article-meta>
      <article-id pub-id-type="pmc">6481698</article-id>
      <article-id pub-id-type="doi">10.1002/14651858.CD006426.pub2</article-id>
      <article-id pub-id-type="publisher-id">CD006426</article-id>
      <article-id pub-id-type="other">CD006426.pub2</article-id>
      <article-categories>
        <subj-group subj-group-type="heading">
          <subject>Medicine General &amp; Introductory Medical Sciences</subject>
        </subj-group>
      </article-categories>
      <title-group>
        <article-title>Beta&#x2010;blockers alone or with endoscopic therapy for prevention of variceal rebleeding in portal hypertension</article-title>
      </title-group>
      <contrib-group>
        <contrib id="d28e63" contrib-type="author" corresp="yes">
          <name>
            <surname>Sharma</surname>
            <given-names>Barjesh Chander</given-names>
          </name>
          <address>
            <email>drbcsharma@hotmail.com</email>
          </address>
          <xref ref-type="aff" rid="CD006426-aff-0001"/>
        </contrib>
        <contrib id="d28e68" contrib-type="author">
          <name>
            <surname>Gluud</surname>
            <given-names>Lise Lotte</given-names>
          </name>
          <xref ref-type="aff" rid="CD006426-aff-0002"/>
        </contrib>
        <contrib id="d28e73" contrib-type="author">
          <name>
            <surname>Sarin</surname>
            <given-names>Shiv Kumar</given-names>
          </name>
          <xref ref-type="aff" rid="CD006426-aff-0003"/>
        </contrib>
      </contrib-group>
      <aff id="CD006426-aff-0001">
        <institution>G B Pant Hospital</institution>
        <institution content-type="dept">Room No. 203, 2nd Floor, Academic Block</institution>
        <city>New&#x2010;Delhi</city>
        <country>India</country>
        <postal-code>110002</postal-code>
      </aff>
      <aff id="CD006426-aff-0002">
        <institution>Copenhagen University Hospital Hvidovre</institution>
        <institution content-type="dept">Gastrounit, Medical Division</institution>
        <addr-line>Kettegaards Alle</addr-line>
        <city>Hvidovre</city>
        <country>Denmark</country>
        <postal-code>2650</postal-code>
      </aff>
      <aff id="CD006426-aff-0003">
        <institution content-type="dept">Institute of Liver and Biliary Sciences</institution>
        <addr-line>Secotor&#x2010;D1Vasant Kunj</addr-line>
        <city>New Delhi</city>
        <country>India</country>
        <postal-code>110 070</postal-code>
      </aff>
      <author-notes>
        <fn>
          <p>Editorial Group: Cochrane Hepato&#x2010;Biliary Group.</p>
        </fn>
      </author-notes>
      <pub-date pub-type="epub">
        <day>03</day>
        <month>5</month>
        <year>2017</year>
      </pub-date>
      <pub-date pub-type="collection">
        <month>5</month>
        <year>2017</year>
      </pub-date>
      <pub-date pub-type="update">
        <day>03</day>
        <month>05</month>
        <year>2017</year>
      </pub-date>
      <volume>2017</volume>
      <issue>5</issue>
      <elocation-id>CD006426</elocation-id>
      <history>
        <date date-type="previous-update" publication-format="electronic">
          <day>18</day>
          <month>04</month>
          <year>2007</year>
        </date>
      </history>
      <permissions>
        <copyright-statement>Copyright &#xA9; 2017 The Cochrane Collaboration. Published by John Wiley &amp; Sons, Ltd.</copyright-statement>
        <copyright-year>2017</copyright-year>
        <copyright-holder>The Cochrane Collaboration</copyright-holder>
      </permissions>
      <related-article related-article-type="updated-article" ext-link-type="doi" xlink:href="10.1002/14651858.CD006426" id="d28e141"/>
      <abstract>
        <title>Abstract</title>
        <p>This is a protocol for a Cochrane Review (Intervention). The objectives are as follows:</p>
        <p>The objectives will be to assess the benefits and harms of beta&#x2010;blockers alone or with endoscopic therapy for prevention of rebleeding in patients with oesophageal varices.</p>
      </abstract>
    </article-meta>
    <notes notes-type="status-note">
      <p>Withdrawn from publication for reasons stated in the review</p>
    </notes>
  </front>
</article>
</pmc-articleset>