<?xml version="1.0" ?>
<!DOCTYPE pmc-articleset PUBLIC "-//NLM//DTD ARTICLE SET 2.0//EN" "https://dtd.nlm.nih.gov/ncbi/pmc/articleset/nlm-articleset-2.0.dtd">
<pmc-articleset><article xmlns:xlink="http://www.w3.org/1999/xlink" xmlns:mml="http://www.w3.org/1998/Math/MathML" id="CD004405.pub5" article-type="systematic-review">
  <!--The publisher of this article does not allow downloading of the full text in XML form.-->
  <front>
    <journal-meta>
      <journal-id journal-id-type="nlm-ta">Cochrane Database Syst Rev</journal-id>
      <journal-id journal-id-type="iso-abbrev">Cochrane Database Syst Rev</journal-id>
      <journal-id journal-id-type="publisher-id">14651858</journal-id>
      <journal-id journal-id-type="doi">10.1002/14651858</journal-id>
      <journal-title-group>
        <journal-title>The Cochrane Database of Systematic Reviews</journal-title>
      </journal-title-group>
      <issn pub-type="epub">1469-493X</issn>
      <issn-l>1361-6137</issn-l>
      <publisher>
        <publisher-name>John Wiley &amp; Sons, Ltd</publisher-name>
        <publisher-loc>Chichester, UK</publisher-loc>
      </publisher>
    </journal-meta>
    <article-meta>
      <article-id pub-id-type="pmid">26362566</article-id>
      <article-id pub-id-type="pmc">6491272</article-id>
      <article-id pub-id-type="doi">10.1002/14651858.CD004405.pub5</article-id>
      <article-id pub-id-type="publisher-id">CD004405</article-id>
      <article-id pub-id-type="other">CD004405.pub5</article-id>
      <article-categories>
        <subj-group subj-group-type="heading">
          <subject>Medicine General &amp; Introductory Medical Sciences</subject>
        </subj-group>
      </article-categories>
      <title-group>
        <article-title>Corticosteroids for acute bacterial meningitis</article-title>
      </title-group>
      <contrib-group>
        <contrib id="d28e63" contrib-type="author">
          <name>
            <surname>Brouwer</surname>
            <given-names>Matthijs C</given-names>
          </name>
          <xref ref-type="aff" rid="CD004405-aff-0001"/>
        </contrib>
        <contrib id="d28e68" contrib-type="author">
          <name>
            <surname>McIntyre</surname>
            <given-names>Peter</given-names>
          </name>
          <xref ref-type="aff" rid="CD004405-aff-0002"/>
        </contrib>
        <contrib id="d28e73" contrib-type="author">
          <name>
            <surname>Prasad</surname>
            <given-names>Kameshwar</given-names>
          </name>
          <xref ref-type="aff" rid="CD004405-aff-0003"/>
        </contrib>
        <contrib id="d28e78" contrib-type="author" corresp="yes">
          <name>
            <surname>van de Beek</surname>
            <given-names>Diederik</given-names>
          </name>
          <address>
            <email>D.vandeBeek@amc.uva.nl</email>
          </address>
          <xref ref-type="aff" rid="CD004405-aff-0004"/>
        </contrib>
      </contrib-group>
      <aff id="CD004405-aff-0001">
        <institution>Academic Medical Center University of Amsterdam</institution>
        <institution content-type="dept">Department of Neurology, Center for Infection and Immunity Amsterdam (CINIMA)</institution>
        <addr-line>P.O. Box 22660</addr-line>
        <city>Amsterdam</city>
        <country>Netherlands</country>
        <postal-code>1100 DE</postal-code>
      </aff>
      <aff id="CD004405-aff-0002">
        <institution>Children's Hospital at Westmead and University of Sydney</institution>
        <institution content-type="dept">National Centre for Immunisation Research and Surveillance of Vaccine Preventable Diseases</institution>
        <addr-line>Locked Bag 4001Westmead</addr-line>
        <city>Sydney</city>
        <country>Australia</country>
        <postal-code>2145</postal-code>
      </aff>
      <aff id="CD004405-aff-0003">
        <institution>All India Institute of Medical Sciences (AIIMS)</institution>
        <institution content-type="dept">Department of Neurology</institution>
        <addr-line>Ansarinagar</addr-line>
        <city>New Delhi</city>
        <country>India</country>
        <postal-code>110029</postal-code>
      </aff>
      <aff id="CD004405-aff-0004">
        <institution>University of Amsterdam</institution>
        <institution content-type="dept">Department of Neurology, Academic Medical Centre</institution>
        <addr-line>P.O. Box 22660</addr-line>
        <city>Amsterdam</city>
        <country>Netherlands</country>
        <postal-code>1100 DE</postal-code>
      </aff>
      <author-notes>
        <fn>
          <p>Editorial Group: Cochrane Acute Respiratory Infections Group.</p>
        </fn>
      </author-notes>
      <pub-date pub-type="epub">
        <day>12</day>
        <month>9</month>
        <year>2015</year>
      </pub-date>
      <pub-date pub-type="collection">
        <month>9</month>
        <year>2015</year>
      </pub-date>
      <pub-date pub-type="update">
        <day>07</day>
        <month>11</month>
        <year>2018</year>
      </pub-date>
      <volume>2015</volume>
      <issue>9</issue>
      <elocation-id>CD004405</elocation-id>
      <history>
        <date date-type="previous-update" publication-format="electronic">
          <day>04</day>
          <month>06</month>
          <year>2013</year>
        </date>
      </history>
      <permissions>
        <copyright-statement>Copyright &#xA9; 2018 The Cochrane Collaboration. Published by John Wiley &amp; Sons, Ltd.</copyright-statement>
        <copyright-year>2018</copyright-year>
        <copyright-holder>The Cochrane Collaboration</copyright-holder>
      </permissions>
      <related-article related-article-type="updated-article" ext-link-type="doi" xlink:href="10.1002/14651858.CD004405.pub4" id="d28e170"/>
      <abstract>
        <sec>
          <title>Background</title>
          <p>In experimental studies, the outcome of bacterial meningitis has been related to the severity of inflammation in the subarachnoid space. Corticosteroids reduce this inflammatory response.</p>
        </sec>
        <sec>
          <title>Objectives</title>
          <p>To examine the effect of adjuvant corticosteroid therapy versus placebo on mortality, hearing loss and neurological sequelae in people of all ages with acute bacterial meningitis.</p>
        </sec>
        <sec>
          <title>Search methods</title>
          <p>We searched CENTRAL (2015, Issue 1), MEDLINE (1966 to January week 4, 2015), Emabse (1974 to February 2015), Web of Science (2010 to February 2015), CINAHL (2010 to February 2015) and LILACS (2010 to February 2015).</p>
        </sec>
        <sec>
          <title>Selection criteria</title>
          <p>Randomised controlled trials (RCTs) of corticosteroids for acute bacterial meningitis.</p>
        </sec>
        <sec>
          <title>Data collection and analysis</title>
          <p>We scored RCTs for methodological quality. We collected outcomes and adverse effects. We performed subgroup analyses for children and adults, causative organisms, low&#x2010;income versus high&#x2010;income countries, time of steroid administration and study quality.</p>
        </sec>
        <sec>
          <title>Main results</title>
          <p>We included 25 studies involving 4121 participants (2511 children and 1517 adults; 93 mixed population). Four studies were of high quality with no risk of bias, 14 of medium quality and seven of low quality, indicating a moderate risk of bias for the total analysis. Nine studies were performed in low&#x2010;income countries and 16 in high&#x2010;income countries.</p>
          <p>There was insufficient evidence that corticosteroids caused a reduction in mortality overall (17.8% versus 19.9%; risk ratio (RR) 0.90, 95% confidence interval (CI) 0.80 to 1.01; P = 0.07), or for adults (RR 0.74, 95% CI 0.53 to 1.05; P = 0.09). However they caused lower rates of severe hearing loss (RR 0.67, 95% CI 0.51 to 0.88), any hearing loss (RR 0.74, 95% CI 0.63 to 0.87) and neurological sequelae (RR 0.83, 95% CI 0.69 to 1.00).</p>
          <p>Subgroup analyses for causative organisms showed that corticosteroids reduced mortality in <italic>Streptococcus pneumoniae</italic> (<italic>S pneumoniae</italic>) meningitis (RR 0.84, 95% CI 0.72 to 0.98), but not in <italic>Haemophilus influenzae</italic> (<italic>H influenzae</italic>) or<italic>Neisseria meningitidis</italic> (<italic>N meningitidis</italic>) meningitis. Corticosteroids reduced severe hearing loss in children with <italic>H influenzae</italic> meningitis (RR 0.34, 95% CI 0.20 to 0.59) but not in children with meningitis due to non&#x2010;<italic>Haemophilus</italic> species.</p>
          <p>In high&#x2010;income countries, corticosteroids reduced severe hearing loss (RR 0.51, 95% CI 0.35 to 0.73), any hearing loss (RR 0.58, 95% CI 0.45 to 0.73) and short&#x2010;term neurological sequelae (RR 0.64, 95% CI 0.48 to 0.85). There was no beneficial effect of corticosteroid therapy in low&#x2010;income countries.</p>
          <p>Subgroup analysis for study quality showed no effect of corticosteroids on severe hearing loss in high&#x2010;quality studies.</p>
          <p>Corticosteroid treatment was associated with an increase in recurrent fever (RR 1.27, 95% CI 1.09 to 1.47), but not with other adverse events.</p>
        </sec>
        <sec>
          <title>Authors' conclusions</title>
          <p>Corticosteroids significantly reduced hearing loss and neurological sequelae, but did not reduce overall mortality. Data support the use of corticosteroids in patients with bacterial meningitis in high&#x2010;income countries. We found no beneficial effect in low&#x2010;income countries.</p>
        </sec>
      </abstract>
      <abstract abstract-type="short">
        <title>Corticosteroids for bacterial meningitis</title>
        <p>
          <bold>Review question</bold>
        </p>
        <p>We reviewed the evidence about the effect of corticosteroids on mortality, hearing loss and/or neurological sequelae (such as hearing loss, neurologic deficits) in adults and children with acute bacterial meningitis.</p>
        <p>
          <bold>Background</bold>
        </p>
        <p>Acute bacterial meningitis is an infection of the meninges (the system of membranes that envelops the brain and spinal cord), which often causes hearing loss. Bacterial meningitis is fatal in 5% to 40% of children and 20% to 50% of adults despite treatment with adequate antibiotics. It is caused by bacteria that usually spread from an ear or respiratory infection and is treated with antibiotics.</p>
        <p>Corticosteroids are drugs that can reduce the inflammation caused by infection. This inflammation has been shown to aggravate damage to the nervous system in experimental meningitis studies in animals. Research on the use of corticosteroids in addition to antibiotics has had conflicting results.</p>
        <p>We wanted to discover whether use of corticosteroids was better of worse than placebo.</p>
        <p>
          <bold>Study characteristics</bold>
        </p>
        <p>The evidence is current to February 2015. We identified 25 trials, including 4121 participants with acute bacterial meningitis of which seven were performed in adults (over 16 years old), two included both children and adults and the other were performed in children. In 22 studies the corticosteroid used was dexamethasone, in three others hydrocortisone or prednisone were used. Nine studies were performed in low&#x2010;income countries and 16 in high&#x2010;income countries.</p>
        <p>
          <bold>Key results</bold>
        </p>
        <p>This review found that the corticosteroid dexamethasone did not significantly reduce the death rate (17.8% versus 19.9%). Patients treated with corticosteroids had significantly lower rates of severe hearing loss (6.0% versus 9.3%), any hearing loss (13.8% versus 19.0%) and neurological sequelae (17.9% versus 21.6%).</p>
        <p>An analysis for different bacteria causing meningitis showed that patients with meningitis due to <italic>Streptococcus pneumoniae</italic> (<italic>S pneumoniae</italic>) treated with corticosteroids had a lower death rate (29.9% versus 36.0%), while no effect on mortality was seen in patients with <italic>Haemophilus influenzae</italic> (<italic>H influenzae</italic>) and <italic>Neisseria meningitidis</italic> (<italic>N meningitidis</italic>) meningitis.</p>
        <p>In high&#x2010;income countries, corticosteroids reduced severe hearing loss, any hearing loss and short&#x2010;term neurological sequelae. There was no beneficial effect of corticosteroid therapy in low&#x2010;income countries.</p>
        <p>Corticosteroids decreased the rate of hearing loss in children with meningitis due to <italic>H influenzae</italic> (4% versus 12%), but not in children with meningitis due to other bacteria.</p>
        <p>Dexamethasone increased the rate of recurrent fever (28% versus 22%) but was not associated with other adverse events.</p>
        <p>
          <bold>Quality of the evidence</bold>
        </p>
        <p>Out of 25 studies, four were of high quality, 14 of medium quality and seven of low quality, leading to a moderate overall quality of evidence.</p>
      </abstract>
      <kwd-group kwd-group-type="mesh">
        <kwd>Adolescent</kwd>
        <kwd>Adult</kwd>
        <kwd>Child</kwd>
        <kwd>Humans</kwd>
        <kwd>Acute Disease</kwd>
        <kwd>Anti&#x2010;Inflammatory Agents</kwd>
        <kwd>Anti&#x2010;Inflammatory Agents/adverse effects</kwd>
        <kwd>Anti&#x2010;Inflammatory Agents/therapeutic use</kwd>
        <kwd>Developed Countries</kwd>
        <kwd>Developing Countries</kwd>
        <kwd>Dexamethasone</kwd>
        <kwd>Dexamethasone/therapeutic use</kwd>
        <kwd>Glucocorticoids</kwd>
        <kwd>Glucocorticoids/adverse effects</kwd>
        <kwd>Glucocorticoids/therapeutic use</kwd>
        <kwd>Hearing Loss</kwd>
        <kwd>Hearing Loss/etiology</kwd>
        <kwd>Hearing Loss/prevention &amp; control</kwd>
        <kwd>Hydrocortisone</kwd>
        <kwd>Hydrocortisone/therapeutic use</kwd>
        <kwd>Meningitis, Bacterial</kwd>
        <kwd>Meningitis, Bacterial/complications</kwd>
        <kwd>Meningitis, Bacterial/drug therapy</kwd>
        <kwd>Meningitis, Bacterial/mortality</kwd>
        <kwd>Prednisolone</kwd>
        <kwd>Prednisolone/therapeutic use</kwd>
        <kwd>Randomized Controlled Trials as Topic</kwd>
      </kwd-group>
    </article-meta>
    <notes notes-type="status-note">
      <p>Edited (no change to conclusions), comment added to review</p>
    </notes>
  </front>
</article>
</pmc-articleset>