<?xml version="1.0" ?>
<!DOCTYPE pmc-articleset PUBLIC "-//NLM//DTD ARTICLE SET 2.0//EN" "https://dtd.nlm.nih.gov/ncbi/pmc/articleset/nlm-articleset-2.0.dtd">
<pmc-articleset><article xmlns:xlink="http://www.w3.org/1999/xlink" xmlns:mml="http://www.w3.org/1998/Math/MathML" id="CD000359" article-type="systematic-review">
  <!--The publisher of this article does not allow downloading of the full text in XML form.-->
  <front>
    <journal-meta>
      <journal-id journal-id-type="nlm-ta">Cochrane Database Syst Rev</journal-id>
      <journal-id journal-id-type="iso-abbrev">Cochrane Database Syst Rev</journal-id>
      <journal-id journal-id-type="publisher-id">14651858</journal-id>
      <journal-id journal-id-type="doi">10.1002/14651858</journal-id>
      <journal-title-group>
        <journal-title>The Cochrane Database of Systematic Reviews</journal-title>
      </journal-title-group>
      <issn pub-type="epub">1469-493X</issn>
      <issn-l>1361-6137</issn-l>
      <publisher>
        <publisher-name>John Wiley &amp; Sons, Ltd</publisher-name>
        <publisher-loc>Chichester, UK</publisher-loc>
      </publisher>
    </journal-meta>
    <article-meta>
      <article-id pub-id-type="pmc">6769017</article-id>
      <article-id pub-id-type="doi">10.1002/14651858.CD000359</article-id>
      <article-id pub-id-type="publisher-id">CD000359</article-id>
      <article-id pub-id-type="other">CD000359</article-id>
      <article-categories>
        <subj-group>
          <subject>Dementia and chronic cognitive impairment</subject>
          <subject>Mental health</subject>
          <subject>Neurology</subject>
        </subj-group>
      </article-categories>
      <title-group>
        <article-title>Hydergine for dementia</article-title>
      </title-group>
      <contrib-group>
        <contrib id="d20e178" contrib-type="author">
          <name>
            <surname>Schneider</surname>
            <given-names>Lon</given-names>
          </name>
          <xref ref-type="aff" rid="CD000359-aff-0001"/>
        </contrib>
        <contrib id="d20e182" contrib-type="author" corresp="yes">
          <name>
            <surname>Olin</surname>
            <given-names>Jason T</given-names>
          </name>
          <address>
            <email>Jason.Olin@frx.com</email>
          </address>
          <xref ref-type="aff" rid="CD000359-aff-0002"/>
        </contrib>
        <contrib id="d20e186" contrib-type="author">
          <name>
            <surname>Novit</surname>
            <given-names>Adrian</given-names>
          </name>
          <xref ref-type="aff" rid="CD000359-aff-0003"/>
        </contrib>
        <contrib id="d20e190" contrib-type="author">
          <name>
            <surname>Luczak</surname>
            <given-names>Susan</given-names>
          </name>
          <xref ref-type="aff" rid="CD000359-aff-0004"/>
        </contrib>
        <contrib id="d20e200" contrib-type="editor">
          <collab collab-type="editors">Cochrane Dementia and Cognitive Improvement Group</collab>
        </contrib>
      </contrib-group>
      <aff id="CD000359-aff-0001">
        <institution>University of Southern California Keck School of Medicine</institution>
        <addr-line>1510 San Pablo St, HCC 600</addr-line>
        <city>Los Angeles</city>
        <state>CA</state>
        <country>USA</country>
        <postal-code>90033</postal-code>
      </aff>
      <aff id="CD000359-aff-0002">
        <institution>Forest Research Institute</institution>
        <institution content-type="dept">Clinical Development &amp; Medical Affairs</institution>
        <addr-line>Harborside Financial Center, Plaza V</addr-line>
        <city>Jersey City</city>
        <state>CA</state>
        <country>USA</country>
        <postal-code>NJ 07311</postal-code>
      </aff>
      <aff id="CD000359-aff-0003">
        <institution>c/o Saint John&#x2019;s Child and Family Development Center</institution>
        <addr-line>1339 20th Street</addr-line>
        <city>Santa Monica</city>
        <country>USA</country>
        <postal-code>CA 90404</postal-code>
      </aff>
      <aff id="CD000359-aff-0004">
        <institution>University of Southern California San Diego</institution>
        <institution content-type="dept">Department of Psychology</institution>
        <city>San Diego</city>
        <state>California</state>
        <country>USA</country>
      </aff>
      <pub-date pub-type="epub">
        <day>24</day>
        <month>7</month>
        <year>2000</year>
      </pub-date>
      <pub-date pub-type="collection">
        <month>7</month>
        <year>2000</year>
      </pub-date>
      <pub-date pub-type="update">
        <day>26</day>
        <month>3</month>
        <year>2009</year>
      </pub-date>
      <volume>2000</volume>
      <issue>3</issue>
      <elocation-id>CD000359</elocation-id>
      <permissions>
        <copyright-statement>Copyright &#xA9; 2010 The Cochrane Collaboration. Published by John Wiley &amp; Sons, Ltd.</copyright-statement>
      </permissions>
      <abstract>
        <title>Abstract</title>
        <sec id="CD000359-abs1-0001">
          <title>Background</title>
          <p>Currently hydergine is used almost exclusively for treating patients with either dementia, or 'age&#x2010;related' cognitive symptoms. Since the early 1980s there have been over a dozen more clinical trials, yet hydergine's efficacy remains uncertain. Although previous reviews offer generally favourable support for hydergine's efficacy, they were, however, limited by a bias with respect to the particular clinical studies chosen (e.g., the inclusion of case reports, and uncontrolled trials), and by authors' impressionistic assessments of results. Not surprisingly, there has been a lack of consensus among reviewers with regard to the efficacy of hydergine.</p>
          <p>In 1994, a meta&#x2010;analysis was published by the present reviewers who reported that overall, hydergine was more effective than placebo. However they also observed that the statistical evidence for efficacy in 'possible or probable Alzheimer's disease' patients was so modest that one additional statistically non&#x2010;significant trial would have reduced the results to non&#x2010;significance.</p>
        </sec>
        <sec id="CD000359-abs1-0002">
          <title>Objectives</title>
          <p>Because of uncertainty surrounding the efficacy of hydergine, the goals of this overview were to assess its overall effect in patients with possible dementia, and to investigate potential moderators of an effect.</p>
        </sec>
        <sec id="CD000359-abs1-0003">
          <title>Search methods</title>
          <p>The trials were identified from a searches of the Specialized Register of the Cochrane Dementia and Cognitive Improvement Group, <italic>The Cochrane Library</italic>, MEDLINE, EMBASE, PsycINFO, CINAHL, LILACS, clinical trials registries and grey literature sources on 2 March 2009 using the terms hydergin*, ergoloid* and dihydroergo*. Two proprietary databases were also searched. Published reviews were inspected for further sources.</p>
        </sec>
        <sec id="CD000359-abs1-0004">
          <title>Selection criteria</title>
          <p>Trials to be included must be randomized, double&#x2010;blind, parallel&#x2010;group, and unconfounded comparisons of hydergine with placebo for a treatment duration of greater than one week in subjects with dementia or symptoms consistent with dementia.</p>
        </sec>
        <sec id="CD000359-abs1-0005">
          <title>Data collection and analysis</title>
          <p>Data were extracted independently by the reviewers, pooled where appropriate and possible, and the pooled odds ratios (95% CI) or the average differences (95% CI) were estimated. Where possible, intention&#x2010;to&#x2010;treat data were used.</p>
          <p>Outcomes of interest included clinical global impressions of change and comprehensive rating scales. Potential moderating variables of a treatment effect included: inpatient/outpatient status, trial duration, age, sex, medication dose, publication year, and diagnostic grouping.</p>
        </sec>
        <sec id="CD000359-abs1-0006">
          <title>Main results</title>
          <p>There were a total of 19 trials that met inclusion criteria and that had data sufficient for analysis.</p>
          <p>Thirteen trials reported sufficient information to use a global rating of improvement and nine trials provided information on a comprehensive rating scale. Three trials provided both outcome measures.</p>
          <p>It was not possible to use many of the published results in a combined analysis owing to the lack of sufficient data to perform statistical analyses.</p>
          <p>For the 12 trials that used global ratings, there was a significant effect favouring hydergine (OR 3.78, 95% CI, 2.72 to 5.27). For the nine trials that used comprehensive ratings, there was a significant mean difference favouring hydergine (WMD 0.96, 95%CI, 0.54 to 1.37).</p>
          <p>Hydergine was well tolerated in these trials, with 78% of randomized subjects available for data analyses.</p>
          <p>Greater effect sizes on global ratings were associated with younger age, and possibly higher dose, although most of the subgroup analyses were statistically insignificant.</p>
        </sec>
        <sec id="CD000359-abs1-0007">
          <title>Authors' conclusions</title>
          <p>As in an earlier systematic review, we found hydergine to show significant treatment effects when assessed by either global ratings or comprehensive rating scales (based here on a smaller set of trials than in the earlier published systematic review because trials were required to have data that could conform with MetaView, the Cochrane Collaboration statistics software). The small number of trials available for analysis, however, limited the ability of subgroup analyses to identify statistically significant moderating effects.</p>
          <p>Unfortunately, most of the randomized, double&#x2010;blind, and placebo&#x2010;controlled trials of hydergine were conducted and published before the advent of consensus&#x2010;based diagnostic standards of dementia in 1984; therefore diagnostic criteria were less specific. As a result, uncertainty remains regarding hydergine's efficacy in dementia.</p>
        </sec>
      </abstract>
      <abstract abstract-type="short">
        <title>Plain language summary</title>
        <p>
          <bold>Uncertainty about the efficacy of hydergine in dementia</bold>
        </p>
        <p>Hydergine has been used to treat patients with either dementia, or 'age&#x2010;related' cognitive symptoms. Hydergine may offer benefit to some patients, possibly at doses of 4.5 to 9.0 mg per day, with possibly greater benefit to younger subjects and inpatients. The statistical evidence for efficacy in 'possible or probable Alzheimer's disease' patients was so modest however that one additional statistically non&#x2010;significant trial would have reduced the results to non significance; evidence for efficacy in vascular dementia rested on relatively stronger effects for hydergine on clinical ratings; and effective doses may be higher than 3 mg/d (i.e., than that currently approved in the USA). Despite its availability for 40 years, the circumstances of hydergine's efficacy in dementia syndromes have not been adequately researched, and have yet to be precisely defined.</p>
      </abstract>
    </article-meta>
    <notes notes-type="status-note">
      <p>New search for studies and content updated (no change to conclusions)</p>
    </notes>
  </front>
</article>
</pmc-articleset>