<?xml version="1.0" ?>
<!DOCTYPE pmc-articleset PUBLIC "-//NLM//DTD ARTICLE SET 2.0//EN" "https://dtd.nlm.nih.gov/ncbi/pmc/articleset/nlm-articleset-2.0.dtd">
<pmc-articleset><article xmlns:xlink="http://www.w3.org/1999/xlink" xmlns:mml="http://www.w3.org/1998/Math/MathML" id="CD004708.pub2" article-type="systematic-review">
  <!--The publisher of this article does not allow downloading of the full text in XML form.-->
  <front>
    <journal-meta>
      <journal-id journal-id-type="nlm-ta">Cochrane Database Syst Rev</journal-id>
      <journal-id journal-id-type="iso-abbrev">Cochrane Database Syst Rev</journal-id>
      <journal-id journal-id-type="publisher-id">14651858</journal-id>
      <journal-id journal-id-type="doi">10.1002/14651858</journal-id>
      <journal-title-group>
        <journal-title>The Cochrane Database of Systematic Reviews</journal-title>
      </journal-title-group>
      <issn pub-type="epub">1469-493X</issn>
      <issn-l>1361-6137</issn-l>
      <publisher>
        <publisher-name>John Wiley &amp; Sons, Ltd</publisher-name>
        <publisher-loc>Chichester, UK</publisher-loc>
      </publisher>
    </journal-meta>
    <article-meta>
      <article-id pub-id-type="pmid">19370605</article-id>
      <article-id pub-id-type="pmc">6513649</article-id>
      <article-id pub-id-type="doi">10.1002/14651858.CD004708.pub2</article-id>
      <article-id pub-id-type="publisher-id">CD004708.pub2</article-id>
      <article-id pub-id-type="other">CD004708</article-id>
      <article-categories>
        <subj-group>
          <subject>MISCELLANEOUS GYNAECOLOGICAL CANCER TOPICS</subject>
          <subject>Cancer</subject>
          <subject>Gynaecology</subject>
        </subj-group>
      </article-categories>
      <title-group>
        <article-title>Interventions for psychosexual dysfunction in women treated for gynaecological malignancy</article-title>
      </title-group>
      <contrib-group>
        <contrib id="d20e174" contrib-type="author" corresp="yes">
          <name>
            <surname>Flynn</surname>
            <given-names>Paul</given-names>
          </name>
          <address>
            <email>paulmflynn67@me.com</email>
            <email>paul@obsngobs.com</email>
          </address>
          <xref ref-type="aff" rid="CD004708-aff-0001"/>
        </contrib>
        <contrib id="d20e178" contrib-type="author">
          <name>
            <surname>Kew</surname>
            <given-names>Fiona</given-names>
          </name>
          <xref ref-type="aff" rid="CD004708-aff-0002"/>
        </contrib>
        <contrib id="d20e182" contrib-type="author">
          <name>
            <surname>Kisely</surname>
            <given-names>Steve R</given-names>
          </name>
          <xref ref-type="aff" rid="CD004708-aff-0003"/>
        </contrib>
        <contrib id="d20e193" contrib-type="editor">
          <collab collab-type="editors">Cochrane Gynaecological, Neuro&#x2010;oncology and Orphan Cancer Group</collab>
        </contrib>
      </contrib-group>
      <aff id="CD004708-aff-0001">
        <institution>Singleton Hospital</institution>
        <institution content-type="dept">Obstetrics and Gynaecology</institution>
        <city>Swansea</city>
        <country>UK</country>
      </aff>
      <aff id="CD004708-aff-0002">
        <institution>Sheffield Teaching Hospitals</institution>
        <institution content-type="dept">Gynaecological Oncology</institution>
        <addr-line>G18, Royal Hallamshire Hospital</addr-line>
        <addr-line>Glossop Road</addr-line>
        <city>Sheffield</city>
        <country>UK</country>
        <postal-code>S10 2JF</postal-code>
      </aff>
      <aff id="CD004708-aff-0003">
        <institution>The University of Queensland</institution>
        <institution content-type="dept">School of Medicine</institution>
        <addr-line>Princess Alexandra Hospital</addr-line>
        <addr-line>Ipswich Road</addr-line>
        <city>Woolloongabba</city>
        <state>Queensland</state>
        <country>Australia</country>
        <postal-code>QLD 4102</postal-code>
      </aff>
      <pub-date pub-type="epub">
        <day>15</day>
        <month>4</month>
        <year>2009</year>
      </pub-date>
      <pub-date pub-type="collection">
        <month>4</month>
        <year>2009</year>
      </pub-date>
      <pub-date pub-type="update">
        <day>5</day>
        <month>9</month>
        <year>2019</year>
      </pub-date>
      <volume>2009</volume>
      <issue>2</issue>
      <elocation-id>CD004708</elocation-id>
      <permissions>
        <copyright-statement>Copyright &#xA9; 2019 The Cochrane Collaboration. Published by John Wiley &amp; Sons, Ltd.</copyright-statement>
      </permissions>
      <related-article related-article-type="updated-article" ext-link-type="doi" xlink:href="10.1002/14651858.CD004708" id="d20e38"/>
      <abstract>
        <title>Abstract</title>
        <sec id="CD004708-abs1-0001">
          <title>Background</title>
          <p>Psychosexual dysfunction (sexual difficulties not directly due to physical factors) is known to be a common complication of treatment for gynaecological cancer. It has a considerable impact on quality of life (QoL) for the increasing number of women who are survivors of gynaecological cancer.</p>
        </sec>
        <sec id="CD004708-abs1-0002">
          <title>Objectives</title>
          <p>To determine the effectiveness of interventions for psychosexual dysfunction in women who have been treated for gynaecological malignancy (cancer of uterine cervix, uterine corpus, ovary, vulva).</p>
        </sec>
        <sec id="CD004708-abs1-0003">
          <title>Search methods</title>
          <p>We searched the Cochrane Central Register of Controlled Trials (CENTRAL, up to October 2008), MEDLINE (1950 to October 2008), EMBASE (1982 to October 2008), CINAHL (1980 to October 2008) and PsycINFO (1806 to October 2008). We hand searched reference lists from eligible trials.</p>
        </sec>
        <sec id="CD004708-abs1-0004">
          <title>Selection criteria</title>
          <p>We selected all randomized controlled trials (RCTs) of a medical or psychological intervention to prevent or treat psychosexual dysfunction in adult women previously treated for gynaecological cancer.</p>
        </sec>
        <sec id="CD004708-abs1-0005">
          <title>Data collection and analysis</title>
          <p>We selected five studies for inclusion in this review and analysed any outcome data relating to resumption of sexual intercourse, DSM&#x2010;IV diagnoses or validated scales of sexual functioning. Sensitivity analysis was performed where possible.</p>
        </sec>
        <sec id="CD004708-abs1-0006">
          <title>Main results</title>
          <p>The review included data from 5 studies, comprising a total of 413 patients, examining 5 different interventions. One trial suggested a short&#x2010;term benefit for the use of vaginal Dienoestrol in women after pelvic radiotherapy (NNT = 4). Another trial suggested a short&#x2010;term benefit for one regime of low dose&#x2010;rate brachytherapy over another but this modality is not in widespread use. Studies of a Clinical Nurse Specialist intervention, Psychoeducational Group Therapy and a Couple&#x2010;Coping intervention, did not show any significant benefit. All the studies were of poor methodological quality.</p>
        </sec>
        <sec id="CD004708-abs1-0007">
          <title>Authors' conclusions</title>
          <p>There is no convincing evidence to support the use of any interventions for psychosexual dysfunction in women treated for gynaecological cancer. There is a need for more studies of high methodological quality.</p>
        </sec>
      </abstract>
      <abstract abstract-type="short">
        <title>Plain language summary</title>
        <p>
          <bold>Interventions for psychosexual dysfunction in women treated for gynaecological malignancy</bold>
        </p>
        <p>This systematic review found very few good quality trials of interventions to treat or prevent psychosexual problems occurring in women after treatment for gynaecological cancer. They were mostly small studies and all examined different types of interventions. This review found only weak evidence to support the use of vaginal oestrogen, some low dose&#x2010;rate brachytherapy regimes and a number of psychological interventions.</p>
      </abstract>
    </article-meta>
    <notes notes-type="status-note">
      <p>Edited (no change to conclusions)</p>
    </notes>
  </front>
</article>
</pmc-articleset>