<?xml version="1.0" ?>
<!DOCTYPE pmc-articleset PUBLIC "-//NLM//DTD ARTICLE SET 2.0//EN" "https://dtd.nlm.nih.gov/ncbi/pmc/articleset/nlm-articleset-2.0.dtd">
<pmc-articleset><article xmlns:xlink="http://www.w3.org/1999/xlink" xmlns:mml="http://www.w3.org/1998/Math/MathML" id="CD001475" article-type="systematic-review">
  <!--The publisher of this article does not allow downloading of the full text in XML form.-->
  <front>
    <journal-meta>
      <journal-id journal-id-type="nlm-ta">Cochrane Database Syst Rev</journal-id>
      <journal-id journal-id-type="iso-abbrev">Cochrane Database Syst Rev</journal-id>
      <journal-id journal-id-type="publisher-id">14651858</journal-id>
      <journal-id journal-id-type="doi">10.1002/14651858</journal-id>
      <journal-title-group>
        <journal-title>The Cochrane Database of Systematic Reviews</journal-title>
      </journal-title-group>
      <issn pub-type="epub">1469-493X</issn>
      <issn-l>1361-6137</issn-l>
      <publisher>
        <publisher-name>John Wiley &amp; Sons, Ltd</publisher-name>
        <publisher-loc>Chichester, UK</publisher-loc>
      </publisher>
    </journal-meta>
    <article-meta>
      <article-id pub-id-type="pmid">10796646</article-id>
      <article-id pub-id-type="pmc">6532690</article-id>
      <article-id pub-id-type="doi">10.1002/14651858.CD001475</article-id>
      <article-id pub-id-type="publisher-id">CD001475</article-id>
      <article-id pub-id-type="other">CD001475</article-id>
      <article-categories>
        <subj-group>
          <subject>Malaria</subject>
          <subject>Blood disorders</subject>
          <subject>Child health</subject>
          <subject>Infectious disease</subject>
        </subj-group>
      </article-categories>
      <title-group>
        <article-title>Blood transfusion for treating malarial anaemia</article-title>
      </title-group>
      <contrib-group>
        <contrib id="d20e183" contrib-type="author" corresp="yes">
          <name>
            <surname>Meremikwu</surname>
            <given-names>Martin M</given-names>
          </name>
          <address>
            <email>mmeremiku@yahoo.co.uk</email>
          </address>
          <xref ref-type="aff" rid="CD001475-aff-0001"/>
        </contrib>
        <contrib id="d20e187" contrib-type="author">
          <name>
            <surname>Smith</surname>
            <given-names>Helen J</given-names>
          </name>
          <xref ref-type="aff" rid="CD001475-aff-0002"/>
        </contrib>
        <contrib id="d20e197" contrib-type="editor">
          <collab collab-type="editors">Cochrane Infectious Diseases Group</collab>
        </contrib>
      </contrib-group>
      <aff id="CD001475-aff-0001">
        <institution>University of Calabar Teaching Hospital</institution>
        <institution content-type="dept">Department of Paediatrics</institution>
        <addr-line>PMB 1115</addr-line>
        <city>Calabar</city>
        <state>Cross River State</state>
        <country>Nigeria</country>
      </aff>
      <aff id="CD001475-aff-0002">
        <institution>Liverpool School of Tropical Medicine</institution>
        <institution content-type="dept">International Health Group</institution>
        <addr-line>Pembroke Place</addr-line>
        <city>Liverpool</city>
        <state>Merseyside</state>
        <country>UK</country>
        <postal-code>L3 5QA</postal-code>
      </aff>
      <pub-date pub-type="epub">
        <day>25</day>
        <month>10</month>
        <year>1999</year>
      </pub-date>
      <pub-date pub-type="collection">
        <month>10</month>
        <year>1999</year>
      </pub-date>
      <pub-date pub-type="update">
        <day>3</day>
        <month>8</month>
        <year>2010</year>
      </pub-date>
      <volume>1999</volume>
      <issue>4</issue>
      <elocation-id>CD001475</elocation-id>
      <permissions>
        <copyright-statement>Copyright &#xA9; 2019 The Cochrane Collaboration. Published by John Wiley &amp; Sons, Ltd.</copyright-statement>
      </permissions>
      <abstract>
        <title>Abstract</title>
        <sec id="CD001475-abs1-0001">
          <title>Background</title>
          <p>Blood transfusion is used in patients with severe malarial anaemia, but risks adverse reactions, transmission of disease, and is complicated to organize in developing countries.</p>
        </sec>
        <sec id="CD001475-abs1-0002">
          <title>Objectives</title>
          <p>This review evaluates the effects of routine blood transfusion for severe anaemia on death and adverse outcomes in malarious areas.</p>
        </sec>
        <sec id="CD001475-abs1-0003">
          <title>Search methods</title>
          <p>We searched the Cochrane Infectious Diseases Group Specialized Register (April 2010), CENTRAL (<italic>The Cochrane Library</italic> Issue 2, 2010), MEDLINE (1966 to April 2010), EMBASE (1980 to April 2010), LILACS (April 2010), and reference lists of relevant articles. We contacted researchers and organizations working in the field.</p>
        </sec>
        <sec id="CD001475-abs1-0004">
          <title>Selection criteria</title>
          <p>Randomized and quasi&#x2010;randomized trials of blood transfusion compared with conservative management in malaria&#x2010;associated severe anaemia.</p>
        </sec>
        <sec id="CD001475-abs1-0005">
          <title>Data collection and analysis</title>
          <p>Trials were identified and data extracted by a single reviewer (MM) and checked by a second (HS). Inclusion criteria were applied and data were extracted independently by both reviewers.</p>
        </sec>
        <sec id="CD001475-abs1-0006">
          <title>Main results</title>
          <p>Two randomized trials of 230 children were included. In the transfusion group, there was a non&#x2010;significant tendency towards fewer deaths (RR 0.41, 95% CI 0.06 to 2.70), but a trend towards more severe adverse events (RR 8.60, 95% CI 1.11 to 66.43). In one trial by Bojang (1997a) respiratory distress was less common and hospital stay was shorter in the transfusion group (MD 1.88 days, 95% CI 2.41 to 1.35). Subsequent need for urgent blood transfusion was less common in the transfusion group (RR 0.12, 95% CI 0.02 to 0.68). Day 28 packed cell volume was less in the transfusion group (MD &#x2010;1.34, 95% CI &#x2010;2.57 to &#x2010;0.11). There was no information on HIV or Hepatitis B virus transmission.</p>
        </sec>
        <sec id="CD001475-abs1-0007">
          <title>Authors' conclusions</title>
          <p>There is insufficient data to be sure whether routinely giving blood to clinically stable children with severe anaemia in endemic malarious areas reduces death, or results in higher haematocrit measured at one month.</p>
        </sec>
        <sec id="CD001475-abs1-1111">
          <p>23 April 2019</p>
          <p>Update pending</p>
          <p>Studies awaiting assessment</p>
          <p>The CIDG is currently examining a new search conducted in April 2019 for potentially relevant studies. These studies have not yet been incorporated into this Cochrane Review.</p>
        </sec>
      </abstract>
      <abstract abstract-type="short">
        <title>Plain language summary</title>
        <p>
          <bold>Blood transfusion for treating malarial anaemia</bold>
        </p>
        <p>Malaria may cause anaemia. In areas where malaria is common and transmission is intense, many children are infected with the parasite, and severe anaemia can commonly cause death. Blood transfusions can be important for preventing deaths in very ill patients, although there are also some risks involved. This review was designed to assess the benefits and harms of giving a blood transfusion to all children with severe malarial anaemia but otherwise not in distress or severely unwell.</p>
        <p>Two studies met our inclusion criteria, with a total of 230 children included in them; no studies looked at adults. There were fewer deaths in children who had blood transfusion compared with those who did not, but the numbers were small and not statistically significant. There was a trend towards more severe adverse events in the transfusion group, but a trend toward shorter hospital stay. The proportion of blood volume made up of red blood cells (haematocrit) was lower in transfused versus non&#x2010;transfused children at day 28.</p>
        <p>In conclusion, for a clinician faced with a child with severe anaemia who is otherwise stable and not distressed, there is insufficient evidence to know whether the risks of routine blood transfusion outweigh the benefit.</p>
      </abstract>
    </article-meta>
    <notes notes-type="status-note">
      <p>Unchanged</p>
    </notes>
  </front>
</article>
</pmc-articleset>