<?xml version="1.0" ?>
<!DOCTYPE pmc-articleset PUBLIC "-//NLM//DTD ARTICLE SET 2.0//EN" "https://dtd.nlm.nih.gov/ncbi/pmc/articleset/nlm-articleset-2.0.dtd">
<pmc-articleset><article xmlns:xlink="http://www.w3.org/1999/xlink" xmlns:mml="http://www.w3.org/1998/Math/MathML" id="CD007277.pub2" article-type="systematic-review">
  <!--The publisher of this article does not allow downloading of the full text in XML form.-->
  <front>
    <journal-meta>
      <journal-id journal-id-type="nlm-ta">Cochrane Database Syst Rev</journal-id>
      <journal-id journal-id-type="iso-abbrev">Cochrane Database Syst Rev</journal-id>
      <journal-id journal-id-type="publisher-id">14651858</journal-id>
      <journal-id journal-id-type="doi">10.1002/14651858</journal-id>
      <journal-title-group>
        <journal-title>The Cochrane Database of Systematic Reviews</journal-title>
      </journal-title-group>
      <issn pub-type="epub">1469-493X</issn>
      <issn-l>1361-6137</issn-l>
      <publisher>
        <publisher-name>John Wiley &amp; Sons, Ltd</publisher-name>
        <publisher-loc>Chichester, UK</publisher-loc>
      </publisher>
    </journal-meta>
    <article-meta>
      <article-id pub-id-type="pmid">19821401</article-id>
      <article-id pub-id-type="pmc">6464777</article-id>
      <article-id pub-id-type="doi">10.1002/14651858.CD007277.pub2</article-id>
      <article-id pub-id-type="publisher-id">CD007277</article-id>
      <article-id pub-id-type="other">CD007277.pub2</article-id>
      <article-categories>
        <subj-group subj-group-type="heading">
          <subject>Medicine General &amp; Introductory Medical Sciences</subject>
        </subj-group>
      </article-categories>
      <title-group>
        <article-title>Abatacept for rheumatoid arthritis</article-title>
      </title-group>
      <contrib-group>
        <contrib id="d28e63" contrib-type="author" corresp="yes">
          <name>
            <surname>Maxwell</surname>
            <given-names>Lara</given-names>
          </name>
          <address>
            <email>cmsg@uottawa.ca</email>
          </address>
          <xref ref-type="aff" rid="CD007277-aff-0001"/>
        </contrib>
        <contrib id="d28e68" contrib-type="author">
          <name>
            <surname>Singh</surname>
            <given-names>Jasvinder A</given-names>
          </name>
          <xref ref-type="aff" rid="CD007277-aff-0002"/>
        </contrib>
      </contrib-group>
      <aff id="CD007277-aff-0001">
        <institution>University of Ottawa</institution>
        <institution content-type="dept">Institute of Population Health</institution>
        <addr-line>1 Stewart Street</addr-line>
        <city>Ottawa</city>
        <country>Canada</country>
        <postal-code>K1N 6N5</postal-code>
      </aff>
      <aff id="CD007277-aff-0002">
        <institution>Minneapolis VA Medical Center</institution>
        <institution content-type="dept">Medicine</institution>
        <addr-line>1 Veterans DriveRheumatology (111R)</addr-line>
        <city>Minneapolis</city>
        <country>USA</country>
        <postal-code>55417</postal-code>
      </aff>
      <author-notes>
        <fn>
          <p>Editorial Group: Cochrane Musculoskeletal Group.</p>
        </fn>
      </author-notes>
      <pub-date pub-type="epub">
        <day>07</day>
        <month>10</month>
        <year>2009</year>
      </pub-date>
      <pub-date pub-type="collection">
        <month>10</month>
        <year>2009</year>
      </pub-date>
      <pub-date pub-type="update">
        <day>10</day>
        <month>11</month>
        <year>2009</year>
      </pub-date>
      <volume>2009</volume>
      <issue>4</issue>
      <elocation-id>CD007277</elocation-id>
      <history>
        <date date-type="previous-update" publication-format="electronic">
          <day>16</day>
          <month>07</month>
          <year>2008</year>
        </date>
        <date date-type="cl-record-assessed-up-to-date">
          <day>31</day>
          <month>05</month>
          <year>2009</year>
        </date>
      </history>
      <permissions>
        <copyright-statement>Copyright &#xA9; 2010 The Cochrane Collaboration. Published by John Wiley &amp; Sons, Ltd.</copyright-statement>
        <copyright-year>2010</copyright-year>
        <copyright-holder>The Cochrane Collaboration</copyright-holder>
      </permissions>
      <related-article related-article-type="updated-article" ext-link-type="doi" xlink:href="10.1002/14651858.CD007277" id="d28e135"/>
      <abstract>
        <sec>
          <title>Background</title>
          <p>Abatacept inhibits the co&#x2010;stimulation of T cells and disrupts the inflammatory chain of events that leads to joint inflammation, pain, and damage in rheumatoid arthritis.</p>
        </sec>
        <sec>
          <title>Objectives</title>
          <p>To assess the efficacy and safety of abatacept in reducing disease activity, pain, and improving function in people with rheumatoid arthritis.</p>
        </sec>
        <sec>
          <title>Search methods</title>
          <p>We searched the Cochrane Central Register of Controlled Trials (CENTRAL) (<italic>The Cochrane Library</italic> 2007, Issue 1), MEDLINE (from 1966), EMBASE (from 1980), ACP Journal Club (from 2000), and Biosis Previews (from 1990) in March 2007 and December 2008. We contacted authors of included studies and the abatacept manufacturer.</p>
        </sec>
        <sec>
          <title>Selection criteria</title>
          <p>Randomized controlled trials comparing abatacept alone, or in combination with disease&#x2010;modifying anti&#x2010;rheumatic drugs (DMARDs) or biologics, to placebo or other DMARDs or biologics in patients with moderate to severe rheumatoid arthritis.</p>
        </sec>
        <sec>
          <title>Data collection and analysis</title>
          <p>Two authors independently assessed search results and risk of bias, and extracted data. We obtained adverse event data from trials, long&#x2010;term extension studies, and regulatory agencies.</p>
        </sec>
        <sec>
          <title>Main results</title>
          <p>Seven trials with 2908 patients were included. Compared with placebo, patients in the abatacept group were 2.2 times more likely to achieve an ACR 50 response at one year (RR 2.21, 95% confidence interval (CI) 1.73 to 2.82) with a 21% (95% CI 16% to 27%) absolute risk difference between groups. The number needed to treat to achieve an ACR 50 response was 5 (95% CI 4 to 7). Significant improvements in physical function and a reduction in disease activity and pain were found in abatacept&#x2010;treated patients compared to placebo. One RCT found abatacept significantly slowed the radiographic progression of joint damage at 12 months compared to placebo, although it is not clear what the clinical relevance of this difference may be. There may be a risk of attrition bias. Total adverse events were greater in the abatacept group (RR 1.05, 95% CI 1.01 to 1.08). Other harm outcomes were not significant with the exception of a greater number of serious infections at 12 months in the abatacept group (Peto odds ratio 1.91 (95% CI 1.07 to 3.42). Serious adverse events were increased when abatacept was given in combination with other biologics (RR 2.30, 95% CI 1.15 to 4.62).</p>
        </sec>
        <sec>
          <title>Authors' conclusions</title>
          <p>There is moderate&#x2010;level evidence that abatacept is efficacious and safe in the treatment of rheumatoid arthritis. Abatacept should not be used in combination with other biologics to treat rheumatoid arthritis. The withdrawal and toxicity profile appears acceptable at the present time but further long&#x2010;term studies and post&#x2010;marketing surveillance are required to assess harms and sustained efficacy.</p>
        </sec>
      </abstract>
      <abstract abstract-type="short">
        <title>Abatacept for rheumatoid arthritis</title>
        <p>This summary of a Cochrane review presents what we know from research about the effect of abatacept on rheumatoid arthritis. Although expensive, if supported by the overall body of evidence, the claims of their benefit upon both symptoms and radiographic progression, and their low rate of short term side effects make them of great interest to patients with RA.</p>
        <p>
          <bold>The review shows that in people with rheumatoid arthritis:</bold>
        </p>
        <p>&#x2010; Abatacept probably reduces joint damage as seen on the x&#x2010;ray. &#x2010; Abatacept probably improves pain, function and other symptoms of rheumatoid arthritis.&#xA0; &#x2010; Abatacept probably reduces disease activity.</p>
        <p>We do not have precise information about side effects and complications. This is particularly true for rare but serious side effects.&#xA0; Possible side effects may include a serious infection or upper respiratory infection.&#xA0; Rare complications may include certain types of cancer.<bold>&#xA0;</bold></p>
        <p><bold>What is rheumatoid arthritis and what is abatacept?</bold> When you have rheumatoid arthritis, your immune system, which normally fights infection, attacks the lining of your joints. This makes your joints swollen, stiff and painful. The small joints of your hands and feet are usually affected first. There is no cure for rheumatoid arthritis at present, so the treatments aim to relieve pain and stiffness and improve your ability to move.&#xA0;</p>
        <p>Abatacept is one of a group of medications called selective costimulation modulators (immunomodulators). It works by blocking the activity of T&#x2010;cells, a type of immune cell in the body that causes swelling and joint damage in people who have rheumatoid arthritis.</p>
        <p>
          <bold>Best estimate of what happens to people with rheumatoid arthritis who take abatacept:</bold>
        </p>
        <p>
          <bold>X&#x2010;rays of the joints</bold>
        </p>
        <p>&#x2010;There was no damage to joints of people who took abatacept after 12 months. &#x2010;The damage to joints of people who took a placebo was 0.27 units on a scale of 0 to 145 units.</p>
        <p>
          <bold>Pain (higher scores mean worse or more severe pain)</bold>
        </p>
        <p>&#x2010; People who took abatacept rated their pain to be 12 points lower on a scale of 0 to 100 after 12 months with abatacept (12% absolute improvement).</p>
        <p>&#x2010;People who took abatacept rated their pain to be 37 on a scale of 0 to 100 after 12 months. &#x2010;People who took a placebo rated their pain to be 49 on a scale of 0 to 100.&#xA0;</p>
        <p>
          <bold>ACR 50 (number of tender or swollen joints and other outcomes such as pain and disability)</bold>
        </p>
        <p>&#x2010;20 more people out of 100 experienced improvement in the symptoms of their rheumatoid arthritis after 12 months with abatacept (20% absolute improvement).</p>
        <p>&#x2010;37 people out of 100 experienced improvement in the symptoms of their rheumatoid arthritis. &#x2010;17 people out of 100 who took a placebo experienced improvement. <bold>&#xA0;</bold></p>
        <p>
          <bold>Physical Function</bold>
        </p>
        <p>&#x2010;25 more people out of 100 had better physical function after 12 months with abatacept (25% absolute improvement). &#x2010;64 people out of 100 had better physical function. &#x2010;39 people out of 100 who took a placebo had better physical function.</p>
        <p>
          <bold>Disease activity</bold>
        </p>
        <p>&#x2010;32 more people out of 100 were considered to have low disease activity of their rheumatoid arthritis after 12 months with abatacept (32% absolute improvement). &#x2010;42 people out of 100 were considered to have low disease activity of their rheumatoid arthritis. &#x2010;10 people out of 100 who took a placebo were considered to have low disease activity of their rheumatoid arthritis.</p>
        <p>&#xA0;</p>
      </abstract>
      <kwd-group kwd-group-type="mesh">
        <kwd>Humans</kwd>
        <kwd>Abatacept</kwd>
        <kwd>Antirheumatic Agents</kwd>
        <kwd>Antirheumatic Agents/therapeutic use</kwd>
        <kwd>Arthritis, Rheumatoid</kwd>
        <kwd>Arthritis, Rheumatoid/diagnostic imaging</kwd>
        <kwd>Arthritis, Rheumatoid/drug therapy</kwd>
        <kwd>Immunoconjugates</kwd>
        <kwd>Immunoconjugates/therapeutic use</kwd>
        <kwd>Immunosuppressive Agents</kwd>
        <kwd>Immunosuppressive Agents/therapeutic use</kwd>
        <kwd>Radiography</kwd>
        <kwd>Randomized Controlled Trials as Topic</kwd>
      </kwd-group>
    </article-meta>
    <notes notes-type="status-note">
      <p>Edited (no change to conclusions)</p>
    </notes>
  </front>
</article>
</pmc-articleset>