<?xml version="1.0" ?>
<!DOCTYPE pmc-articleset PUBLIC "-//NLM//DTD ARTICLE SET 2.0//EN" "https://dtd.nlm.nih.gov/ncbi/pmc/articleset/nlm-articleset-2.0.dtd">
<pmc-articleset><article xmlns:xlink="http://www.w3.org/1999/xlink" xmlns:mml="http://www.w3.org/1998/Math/MathML" id="CD004475.pub2" article-type="systematic-review">
  <!--The publisher of this article does not allow downloading of the full text in XML form.-->
  <front>
    <journal-meta>
      <journal-id journal-id-type="nlm-ta">Cochrane Database Syst Rev</journal-id>
      <journal-id journal-id-type="iso-abbrev">Cochrane Database Syst Rev</journal-id>
      <journal-id journal-id-type="publisher-id">14651858</journal-id>
      <journal-id journal-id-type="doi">10.1002/14651858</journal-id>
      <journal-title-group>
        <journal-title>The Cochrane Database of Systematic Reviews</journal-title>
      </journal-title-group>
      <issn pub-type="epub">1469-493X</issn>
      <issn-l>1361-6137</issn-l>
      <publisher>
        <publisher-name>John Wiley &amp; Sons, Ltd</publisher-name>
        <publisher-loc>Chichester, UK</publisher-loc>
      </publisher>
    </journal-meta>
    <article-meta>
      <article-id pub-id-type="pmc">6491339</article-id>
      <article-id pub-id-type="doi">10.1002/14651858.CD004475.pub2</article-id>
      <article-id pub-id-type="publisher-id">CD004475</article-id>
      <article-id pub-id-type="other">CD004475.pub2</article-id>
      <article-categories>
        <subj-group subj-group-type="heading">
          <subject>Medicine General &amp; Introductory Medical Sciences</subject>
        </subj-group>
      </article-categories>
      <title-group>
        <article-title>Bilateral versus single internal mammary artery bypass grafts for coronary arterial atherosclerosis</article-title>
      </title-group>
      <contrib-group>
        <contrib id="d28e63" contrib-type="author">
          <name>
            <surname>Taggart</surname>
            <given-names>David P</given-names>
          </name>
          <xref ref-type="aff" rid="CD004475-aff-0001"/>
        </contrib>
        <contrib id="d28e68" contrib-type="author">
          <name>
            <surname>D'Amico</surname>
            <given-names>Roberto</given-names>
          </name>
          <xref ref-type="aff" rid="CD004475-aff-0002"/>
        </contrib>
        <contrib id="d28e73" contrib-type="author">
          <name>
            <surname>Mussa</surname>
            <given-names>Shafi</given-names>
          </name>
          <xref ref-type="aff" rid="CD004475-aff-0003"/>
        </contrib>
        <contrib id="d28e78" contrib-type="author">
          <name>
            <surname>Altman</surname>
            <given-names>Douglas G</given-names>
          </name>
          <xref ref-type="aff" rid="CD004475-aff-0004"/>
        </contrib>
        <contrib id="d28e83" contrib-type="author" corresp="yes">
          <name>
            <surname>Moore</surname>
            <given-names>Theresa HM</given-names>
          </name>
          <address>
            <email>theresa.moore@bris.ac.uk</email>
            <email>theresa.moore@bristol.ac.uk</email>
          </address>
          <xref ref-type="aff" rid="CD004475-aff-0005"/>
        </contrib>
        <contrib id="d28e88" contrib-type="author">
          <name>
            <surname>Burke</surname>
            <given-names>Margaret</given-names>
          </name>
          <xref ref-type="aff" rid="CD004475-aff-0006"/>
        </contrib>
      </contrib-group>
      <aff id="CD004475-aff-0001">
        <institution>John Radcliffe Hospital</institution>
        <institution content-type="dept">Oxford Heart Centre</institution>
        <city>Oxford</city>
        <country>UK</country>
        <postal-code>OX3 9DU</postal-code>
      </aff>
      <aff id="CD004475-aff-0002">
        <institution>University of Modena and Reggio Emilia</institution>
        <institution content-type="dept">Cochrane Italy, Department of Diagnostic, Clinical and Public Health Medicine</institution>
        <addr-line>Via del Pozzo 71</addr-line>
        <city>Modena</city>
        <country>Italy</country>
        <postal-code>41124</postal-code>
      </aff>
      <aff id="CD004475-aff-0003">
        <institution>Papworth Hospital</institution>
        <institution content-type="dept">Cardiothoracic Surgery</institution>
        <addr-line>Papworth Everard</addr-line>
        <city>Cambridge</city>
        <country>UK</country>
        <postal-code>CB3 8RE</postal-code>
      </aff>
      <aff id="CD004475-aff-0004">
        <institution>University of Oxford</institution>
        <institution content-type="dept">Centre for Statistics in Medicine</institution>
        <addr-line>Botnar Research CentreWindmill Road</addr-line>
        <city>Oxford</city>
        <country>UK</country>
        <postal-code>OX3 7LD</postal-code>
      </aff>
      <aff id="CD004475-aff-0005">
        <institution>University of Bristol</institution>
        <institution content-type="dept">School of Social and Community Medicine</institution>
        <addr-line>Canynge Hall</addr-line>
        <city>Bristol</city>
        <country>UK</country>
        <postal-code>BS8 2PS</postal-code>
      </aff>
      <aff id="CD004475-aff-0006">
        <institution>University of Bristol</institution>
        <institution content-type="dept">Department of Social Medicine</institution>
        <addr-line>Canynge Hall39 Whatley Road</addr-line>
        <city>Bristol</city>
        <country>UK</country>
        <postal-code>BS8 2PS</postal-code>
      </aff>
      <author-notes>
        <fn>
          <p>Editorial Group: Cochrane Heart Group.</p>
        </fn>
      </author-notes>
      <pub-date pub-type="epub">
        <day>06</day>
        <month>2</month>
        <year>2018</year>
      </pub-date>
      <pub-date pub-type="collection">
        <month>2</month>
        <year>2018</year>
      </pub-date>
      <pub-date pub-type="update">
        <day>06</day>
        <month>02</month>
        <year>2018</year>
      </pub-date>
      <volume>2018</volume>
      <issue>2</issue>
      <elocation-id>CD004475</elocation-id>
      <history>
        <date date-type="previous-update" publication-format="electronic">
          <day>20</day>
          <month>10</month>
          <year>2003</year>
        </date>
      </history>
      <permissions>
        <copyright-statement>Copyright &#xA9; 2018 The Cochrane Collaboration. Published by John Wiley &amp; Sons, Ltd.</copyright-statement>
        <copyright-year>2018</copyright-year>
        <copyright-holder>The Cochrane Collaboration</copyright-holder>
      </permissions>
      <related-article related-article-type="updated-article" ext-link-type="doi" xlink:href="10.1002/14651858.CD004475" id="d28e205"/>
      <abstract>
        <title>Abstract</title>
        <p>This is a protocol for a Cochrane Review (Intervention). The objectives are as follows:</p>
        <p>To review the effects of bilateral versus single internal mammary artery grafts for coronary bypass grafting.</p>
      </abstract>
    </article-meta>
    <notes notes-type="status-note">
      <p>Withdrawn from publication for reasons stated in the review</p>
    </notes>
  </front>
</article>
</pmc-articleset>