<?xml version="1.0" ?>
<!DOCTYPE pmc-articleset PUBLIC "-//NLM//DTD ARTICLE SET 2.0//EN" "https://dtd.nlm.nih.gov/ncbi/pmc/articleset/nlm-articleset-2.0.dtd">
<pmc-articleset><article xmlns:xlink="http://www.w3.org/1999/xlink" xmlns:mml="http://www.w3.org/1998/Math/MathML" id="CD011617.pub2" article-type="systematic-review">
  <!--The publisher of this article does not allow downloading of the full text in XML form.-->
  <front>
    <journal-meta>
      <journal-id journal-id-type="nlm-ta">Cochrane Database Syst Rev</journal-id>
      <journal-id journal-id-type="iso-abbrev">Cochrane Database Syst Rev</journal-id>
      <journal-id journal-id-type="publisher-id">14651858</journal-id>
      <journal-id journal-id-type="doi">10.1002/14651858</journal-id>
      <journal-title-group>
        <journal-title>The Cochrane Database of Systematic Reviews</journal-title>
      </journal-title-group>
      <issn pub-type="epub">1469-493X</issn>
      <issn-l>1361-6137</issn-l>
      <publisher>
        <publisher-name>John Wiley &amp; Sons, Ltd</publisher-name>
        <publisher-loc>Chichester, UK</publisher-loc>
      </publisher>
    </journal-meta>
    <article-meta>
      <article-id pub-id-type="pmc">6478188</article-id>
      <article-id pub-id-type="doi">10.1002/14651858.CD011617.pub2</article-id>
      <article-id pub-id-type="publisher-id">CD011617</article-id>
      <article-id pub-id-type="other">CD011617.pub2</article-id>
      <article-categories>
        <subj-group subj-group-type="heading">
          <subject>Medicine General &amp; Introductory Medical Sciences</subject>
        </subj-group>
      </article-categories>
      <title-group>
        <article-title>Aerosolised antibiotics for the management of healthcare&#x2010;associated pneumonia (HCAP) and ventilator&#x2010;associated pneumonia (VAP)</article-title>
      </title-group>
      <contrib-group>
        <contrib id="d28e63" contrib-type="author" corresp="yes">
          <name>
            <surname>Enuh</surname>
            <given-names>Hill A</given-names>
          </name>
          <address>
            <email>Enuh2010@yahoo.com</email>
          </address>
          <xref ref-type="aff" rid="CD011617-aff-0001"/>
        </contrib>
        <contrib id="d28e68" contrib-type="author">
          <name>
            <surname>Enuh</surname>
            <given-names>Collins U</given-names>
          </name>
          <xref ref-type="aff" rid="CD011617-aff-0002"/>
        </contrib>
        <contrib id="d28e73" contrib-type="author">
          <name>
            <surname>Ezedunukwe</surname>
            <given-names>Ifeanyi R</given-names>
          </name>
          <xref ref-type="aff" rid="CD011617-aff-0003"/>
        </contrib>
        <contrib id="d28e78" contrib-type="author">
          <name>
            <surname>Diaz</surname>
            <given-names>Keith T</given-names>
          </name>
          <xref ref-type="aff" rid="CD011617-aff-0004"/>
        </contrib>
        <contrib id="d28e83" contrib-type="author">
          <name>
            <surname>Nfonoyim</surname>
            <given-names>Jay</given-names>
          </name>
          <xref ref-type="aff" rid="CD011617-aff-0004"/>
        </contrib>
      </contrib-group>
      <aff id="CD011617-aff-0001">
        <institution>Richmond University Medical Center</institution>
        <institution content-type="dept">Department of Internal Medicine</institution>
        <city>Staten Island</city>
        <country>USA</country>
        <postal-code/>
      </aff>
      <aff id="CD011617-aff-0002">
        <institution>University of Abuja Teaching Hospital</institution>
        <institution content-type="dept">Department of Anaesthesiology</institution>
        <addr-line>Gwagwalda FCT</addr-line>
        <city>Abuja</city>
        <country>Nigeria</country>
        <postal-code>234</postal-code>
      </aff>
      <aff id="CD011617-aff-0003">
        <institution>Lagos University Teaching Hospital</institution>
        <institution content-type="dept">Internal Medicine</institution>
        <city>Lagos</city>
        <country>Nigeria</country>
        <postal-code/>
      </aff>
      <aff id="CD011617-aff-0004">
        <institution>Richmond University Medical Center</institution>
        <institution content-type="dept">Department of Pulmonary Critical Care</institution>
        <addr-line>355 Bard Avenue</addr-line>
        <city>Staten Island</city>
        <country>USA</country>
        <postal-code>10310</postal-code>
      </aff>
      <author-notes>
        <fn>
          <p>Editorial Group: Cochrane Acute Respiratory Infections Group.</p>
        </fn>
      </author-notes>
      <pub-date pub-type="epub">
        <day>06</day>
        <month>4</month>
        <year>2017</year>
      </pub-date>
      <pub-date pub-type="collection">
        <month>4</month>
        <year>2017</year>
      </pub-date>
      <pub-date pub-type="update">
        <day>06</day>
        <month>04</month>
        <year>2017</year>
      </pub-date>
      <volume>2017</volume>
      <issue>4</issue>
      <elocation-id>CD011617</elocation-id>
      <history>
        <date date-type="previous-update" publication-format="electronic">
          <day>31</day>
          <month>03</month>
          <year>2015</year>
        </date>
      </history>
      <permissions>
        <copyright-statement>Copyright &#xA9; 2017 The Cochrane Collaboration. Published by John Wiley &amp; Sons, Ltd.</copyright-statement>
        <copyright-year>2017</copyright-year>
        <copyright-holder>The Cochrane Collaboration</copyright-holder>
      </permissions>
      <related-article related-article-type="updated-article" ext-link-type="doi" xlink:href="10.1002/14651858.CD011617" id="d28e165"/>
      <abstract>
        <title>Abstract</title>
        <p>This is a protocol for a Cochrane Review (Intervention). The objectives are as follows:</p>
        <p>To assess the benefits and harms of aerosolised antibiotics, comparing aerosolised versus systemic antibiotics, aerosolised antibiotics versus placebo and the addition of aerosolised to systemic antibiotics versus systemic antibiotics alone.</p>
      </abstract>
    </article-meta>
    <notes notes-type="status-note">
      <p>Withdrawn from publication for reasons stated in the review</p>
    </notes>
  </front>
</article>
</pmc-articleset>