<?xml version="1.0" ?>
<!DOCTYPE pmc-articleset PUBLIC "-//NLM//DTD ARTICLE SET 2.0//EN" "https://dtd.nlm.nih.gov/ncbi/pmc/articleset/nlm-articleset-2.0.dtd">
<pmc-articleset><article xmlns:xlink="http://www.w3.org/1999/xlink" xmlns:mml="http://www.w3.org/1998/Math/MathML" id="CD007491.pub2" article-type="systematic-review">
  <!--The publisher of this article does not allow downloading of the full text in XML form.-->
  <front>
    <journal-meta>
      <journal-id journal-id-type="nlm-ta">Cochrane Database Syst Rev</journal-id>
      <journal-id journal-id-type="iso-abbrev">Cochrane Database Syst Rev</journal-id>
      <journal-id journal-id-type="publisher-id">14651858</journal-id>
      <journal-id journal-id-type="doi">10.1002/14651858</journal-id>
      <journal-title-group>
        <journal-title>The Cochrane Database of Systematic Reviews</journal-title>
      </journal-title-group>
      <issn pub-type="epub">1469-493X</issn>
      <issn-l>1361-6137</issn-l>
      <publisher>
        <publisher-name>John Wiley &amp; Sons, Ltd</publisher-name>
        <publisher-loc>Chichester, UK</publisher-loc>
      </publisher>
    </journal-meta>
    <article-meta>
      <article-id pub-id-type="pmid">27583824</article-id>
      <article-id pub-id-type="pmc">6457791</article-id>
      <article-id pub-id-type="doi">10.1002/14651858.CD007491.pub2</article-id>
      <article-id pub-id-type="publisher-id">CD007491</article-id>
      <article-id pub-id-type="other">CD007491.pub2</article-id>
      <article-categories>
        <subj-group subj-group-type="heading">
          <subject>Medicine General &amp; Introductory Medical Sciences</subject>
        </subj-group>
      </article-categories>
      <title-group>
        <article-title>Admission avoidance hospital at home</article-title>
      </title-group>
      <contrib-group>
        <contrib id="d28e63" contrib-type="author" corresp="yes">
          <name>
            <surname>Shepperd</surname>
            <given-names>Sasha</given-names>
          </name>
          <address>
            <email>sasha.shepperd@ndph.ox.ac.uk</email>
          </address>
          <xref ref-type="aff" rid="CD007491-aff-0001"/>
        </contrib>
        <contrib id="d28e68" contrib-type="author">
          <name>
            <surname>Iliffe</surname>
            <given-names>Steve</given-names>
          </name>
          <xref ref-type="aff" rid="CD007491-aff-0002"/>
        </contrib>
        <contrib id="d28e73" contrib-type="author">
          <name>
            <surname>Doll</surname>
            <given-names>Helen A</given-names>
          </name>
          <xref ref-type="aff" rid="CD007491-aff-0003"/>
        </contrib>
        <contrib id="d28e78" contrib-type="author">
          <name>
            <surname>Clarke</surname>
            <given-names>Mike J</given-names>
          </name>
          <xref ref-type="aff" rid="CD007491-aff-0004"/>
        </contrib>
        <contrib id="d28e83" contrib-type="author">
          <name>
            <surname>Kalra</surname>
            <given-names>Lalit</given-names>
          </name>
          <xref ref-type="aff" rid="CD007491-aff-0005"/>
        </contrib>
        <contrib id="d28e88" contrib-type="author">
          <name>
            <surname>Wilson</surname>
            <given-names>Andrew D</given-names>
          </name>
          <xref ref-type="aff" rid="CD007491-aff-0006"/>
        </contrib>
        <contrib id="d28e93" contrib-type="author">
          <name>
            <surname>Gon&#xE7;alves&#x2010;Bradley</surname>
            <given-names>Daniela C.</given-names>
          </name>
          <xref ref-type="aff" rid="CD007491-aff-0001"/>
        </contrib>
      </contrib-group>
      <aff id="CD007491-aff-0001">
        <institution>University of Oxford</institution>
        <institution content-type="dept">Nuffield Department of Population Health</institution>
        <addr-line>Rosemary Rue Building, Old Road CampusHeadington</addr-line>
        <city>Oxford</city>
        <country>UK</country>
        <postal-code>OX3 7LF</postal-code>
      </aff>
      <aff id="CD007491-aff-0002">
        <institution>University College London</institution>
        <institution content-type="dept">Research Department of Primary Care and Population Health</institution>
        <city>London</city>
        <country>UK</country>
        <postal-code/>
      </aff>
      <aff id="CD007491-aff-0003">
        <institution>ICON Commercialisation and Outcomes</institution>
        <institution content-type="dept">Clinical Outcomes Assessments</institution>
        <city>Dublin</city>
        <country>Ireland</country>
        <postal-code/>
      </aff>
      <aff id="CD007491-aff-0004">
        <institution>Queen's University Belfast</institution>
        <institution content-type="dept">Centre for Public Health</institution>
        <addr-line>Institute of Clinical Sciences, Block B, Royal Victoria HospitalGrosvenor Road</addr-line>
        <city>Belfast</city>
        <country>UK</country>
        <postal-code>BT12 6BJ</postal-code>
      </aff>
      <aff id="CD007491-aff-0005">
        <institution>Guy's, King's &amp; St Thomas' School of Medicine</institution>
        <institution content-type="dept">Department of Medicine</institution>
        <addr-line>King's Denmark Hill CampusBessemer Road</addr-line>
        <city>London</city>
        <country>UK</country>
        <postal-code>SE5 9PJ</postal-code>
      </aff>
      <aff id="CD007491-aff-0006">
        <institution>University of Leicester</institution>
        <institution content-type="dept">Department of Health Sciences</institution>
        <city>Leicester</city>
        <country>UK</country>
        <postal-code>LE1 7RH</postal-code>
      </aff>
      <author-notes>
        <fn>
          <p>Editorial Group: Cochrane Effective Practice and Organisation of Care Group.</p>
        </fn>
      </author-notes>
      <pub-date pub-type="epub">
        <day>01</day>
        <month>9</month>
        <year>2016</year>
      </pub-date>
      <pub-date pub-type="collection">
        <month>9</month>
        <year>2016</year>
      </pub-date>
      <pub-date pub-type="update">
        <day>19</day>
        <month>08</month>
        <year>2016</year>
      </pub-date>
      <volume>2016</volume>
      <issue>9</issue>
      <elocation-id>CD007491</elocation-id>
      <history>
        <date date-type="previous-update" publication-format="electronic">
          <day>08</day>
          <month>10</month>
          <year>2008</year>
        </date>
        <date date-type="cl-record-assessed-up-to-date">
          <day>02</day>
          <month>03</month>
          <year>2016</year>
        </date>
      </history>
      <permissions>
        <copyright-statement>Copyright &#xA9; 2016 The Cochrane Collaboration. Published by John Wiley &amp; Sons, Ltd.</copyright-statement>
        <copyright-year>2016</copyright-year>
        <copyright-holder>The Cochrane Collaboration</copyright-holder>
      </permissions>
      <related-article related-article-type="updated-article" ext-link-type="doi" xlink:href="10.1002/14651858.CD007491" id="d28e209"/>
      <abstract>
        <sec>
          <title>Background</title>
          <p>Admission avoidance hospital at home provides active treatment by healthcare professionals in the patient's home for a condition that otherwise would require acute hospital inpatient care, and always for a limited time period. This is the third update of the original review.</p>
        </sec>
        <sec>
          <title>Objectives</title>
          <p>To determine the effectiveness and cost of managing patients with admission avoidance hospital at home compared with inpatient hospital care.</p>
        </sec>
        <sec>
          <title>Search methods</title>
          <p>We searched the Cochrane Central Register of Controlled Trials (CENTRAL), MEDLINE, EMBASE, two other databases, and two trials registers on 2 March 2016. We checked the reference lists of eligible articles. We sought unpublished studies by contacting providers and researchers who were known to be involved in the field.</p>
        </sec>
        <sec>
          <title>Selection criteria</title>
          <p>Randomised controlled trials recruiting participants aged 18 years and over. Studies comparing admission avoidance hospital at home with acute hospital inpatient care.</p>
        </sec>
        <sec>
          <title>Data collection and analysis</title>
          <p>We followed the standard methodological procedures expected by Cochrane and the Effective Practice and Organisation of Care (EPOC) Group. We performed meta&#x2010;analysis for trials that compared similar interventions and reported comparable outcomes with sufficient data, requested individual patient data from trialists, and relied on published data when this was not available. We used the GRADE approach to assess the certainty of the body of evidence for the most important outcomes.</p>
        </sec>
        <sec>
          <title>Main results</title>
          <p>We included 16 randomised controlled trials with a total of 1814 participants; three trials recruited participants with chronic obstructive pulmonary disease, two trials recruited participants recovering from a stroke, six trials recruited participants with an acute medical condition who were mainly elderly, and the remaining trials recruited participants with a mix of conditions. We assessed the majority of the included studies as at low risk of selection, detection, and attrition bias, and unclear for selective reporting and performance bias. Admission avoidance hospital at home probably makes little or no difference on mortality at six months' follow&#x2010;up (risk ratio (RR) 0.77, 95% confidence interval (CI) 0.60 to 0.99; P = 0.04; I<sup>2</sup> = 0%; 912 participants; moderate&#x2010;certainty evidence), little or no difference on the likelihood of being transferred (or readmitted) to hospital (RR 0.98, 95% CI 0.77 to 1.23; P = 0.84; I<sup>2</sup> = 28%; 834 participants; moderate&#x2010;certainty evidence), and may reduce the likelihood of living in residential care at six months' follow&#x2010;up (RR 0.35, 95% CI 0.22 to 0.57; P &lt; 0.0001; I<sup>2</sup> = 78%; 727 participants; low&#x2010;certainty evidence). Satisfaction with healthcare received may be improved with admission avoidance hospital at home (646 participants, low&#x2010;certainty evidence); few studies reported the effect on caregivers. When the costs of informal care were excluded, admission avoidance hospital at home may be less expensive than admission to an acute hospital ward (287 participants, low&#x2010;certainty evidence); there was variation in the reduction of hospital length of stay, estimates ranged from a mean difference of &#x2010;8.09 days (95% CI &#x2010;14.34 to &#x2010;1.85) in a trial recruiting older people with varied health problems, to a mean increase of 15.90 days (95% CI 8.10 to 23.70) in a study that recruited patients recovering from a stroke.</p>
        </sec>
        <sec>
          <title>Authors' conclusions</title>
          <p>Admission avoidance hospital at home, with the option of transfer to hospital, may provide an effective alternative to inpatient care for a select group of elderly patients requiring hospital admission. However, the evidence is limited by the small randomised controlled trials included in the review, which adds a degree of imprecision to the results for the main outcomes.</p>
        </sec>
      </abstract>
      <abstract abstract-type="short">
        <title>'Hospital at home' services to avoid admission to hospital</title>
        <p>
          <bold>What is the aim of this review?</bold>
        </p>
        <p>The aim of this Cochrane review was to find out if providing healthcare in an admission avoidance hospital at home setting improves patient health outcomes and reduces cost to the health service.</p>
        <p>
          <bold>Key messages</bold>
        </p>
        <p>Admission avoidance hospital at home probably makes little or no difference to patient health outcomes, may increase the chances of living at home at six months' follow&#x2010;up, and may be slightly less expensive. However, the findings are not precise due to the small size of the studies included in the review.</p>
        <p>
          <bold>What was studied in this review?</bold>
        </p>
        <p>There continues to be more demand for acute hospital beds than there are beds. One way to reduce reliance on hospital beds is to provide people with acute health care at home, sometimes called 'hospital at home'. We systematically reviewed the literature on the effect of providing hospital at home services to avoid hospital admission for adults.</p>
        <p>
          <bold>What are the main results of this review?</bold>
        </p>
        <p>Admission avoidance hospital at home, with the option of transfer to hospital, may provide an effective alternative to inpatient care for a select group of elderly patients requiring hospital admission. We found 16 studies, of which six were identified for this update. Three studies recruited participants with chronic obstructive (lung) disease, two recruited participants recovering from a stroke, six recruited participants with a (sudden or short&#x2010;term) medical condition who were mainly elderly, and the remaining studies recruited participants with a mix of conditions. The studies showed that when compared to in&#x2010;hospital care, admission avoidance hospital at home services probably make little or no difference to patient health outcomes or to the likelihood of being taken to hospital, and may increase the chances of living at home at six months' follow&#x2010;up. Patients who receive care at home may be more satisfied than those who are in hospital, but it is not known how this type of health care affects the caregivers who support them. With respect to costs, it is uncertain if hospital at home services reduce or increase length of stay or cost to the health service; when the costs for caregivers are taken into account any difference in cost may disappear.</p>
        <p>
          <bold>How up to date is the review?</bold>
        </p>
        <p>The review authors searched for studies published up to March 2016.</p>
      </abstract>
      <kwd-group kwd-group-type="mesh">
        <kwd>Humans</kwd>
        <kwd>Home Care Services</kwd>
        <kwd>Home Care Services/economics</kwd>
        <kwd>Home Care Services/organization &amp; administration</kwd>
        <kwd>Home Care Services, Hospital&#x2010;Based</kwd>
        <kwd>Home Care Services, Hospital&#x2010;Based/economics</kwd>
        <kwd>Home Care Services, Hospital&#x2010;Based/organization &amp; administration</kwd>
        <kwd>Hospitalization</kwd>
        <kwd>Outcome and Process Assessment (Health Care)</kwd>
        <kwd>Randomized Controlled Trials as Topic</kwd>
      </kwd-group>
    </article-meta>
    <notes notes-type="status-note">
      <p>New search for studies and content updated (no change to conclusions)</p>
    </notes>
  </front>
</article>
</pmc-articleset>