<?xml version="1.0" ?>
<!DOCTYPE pmc-articleset PUBLIC "-//NLM//DTD ARTICLE SET 2.0//EN" "https://dtd.nlm.nih.gov/ncbi/pmc/articleset/nlm-articleset-2.0.dtd">
<pmc-articleset><article xmlns:xlink="http://www.w3.org/1999/xlink" xmlns:mml="http://www.w3.org/1998/Math/MathML" id="CD010944.pub2" article-type="systematic-review">
  <!--The publisher of this article does not allow downloading of the full text in XML form.-->
  <front>
    <journal-meta>
      <journal-id journal-id-type="nlm-ta">Cochrane Database Syst Rev</journal-id>
      <journal-id journal-id-type="iso-abbrev">Cochrane Database Syst Rev</journal-id>
      <journal-id journal-id-type="publisher-id">14651858</journal-id>
      <journal-id journal-id-type="doi">10.1002/14651858</journal-id>
      <journal-title-group>
        <journal-title>The Cochrane Database of Systematic Reviews</journal-title>
      </journal-title-group>
      <issn pub-type="epub">1469-493X</issn>
      <issn-l>1361-6137</issn-l>
      <publisher>
        <publisher-name>John Wiley &amp; Sons, Ltd</publisher-name>
        <publisher-loc>Chichester, UK</publisher-loc>
      </publisher>
    </journal-meta>
    <article-meta>
      <article-id pub-id-type="pmc">6494532</article-id>
      <article-id pub-id-type="doi">10.1002/14651858.CD010944.pub2</article-id>
      <article-id pub-id-type="publisher-id">CD010944</article-id>
      <article-id pub-id-type="other">CD010944.pub2</article-id>
      <article-categories>
        <subj-group subj-group-type="heading">
          <subject>Medicine General &amp; Introductory Medical Sciences</subject>
        </subj-group>
      </article-categories>
      <title-group>
        <article-title>Interventions for chronic idiopathic urticaria excluding antihistamines</article-title>
      </title-group>
      <contrib-group>
        <contrib id="d28e63" contrib-type="author">
          <name>
            <surname>Deng</surname>
            <given-names>JingWen</given-names>
          </name>
          <xref ref-type="aff" rid="CD010944-aff-0001"/>
        </contrib>
        <contrib id="d28e68" contrib-type="author" corresp="yes">
          <name>
            <surname>Lu</surname>
            <given-names>Chuanjian</given-names>
          </name>
          <address>
            <email>Luchuanjian888@vip.sina.com</email>
          </address>
          <xref ref-type="aff" rid="CD010944-aff-0001"/>
        </contrib>
        <contrib id="d28e73" contrib-type="author">
          <name>
            <surname>Chi</surname>
            <given-names>Ching&#x2010;Chi</given-names>
          </name>
          <xref ref-type="aff" rid="CD010944-aff-0002 CD010944-aff-0003"/>
        </contrib>
        <contrib id="d28e78" contrib-type="author">
          <name>
            <surname>He</surname>
            <given-names>Zehui</given-names>
          </name>
          <xref ref-type="aff" rid="CD010944-aff-0004"/>
        </contrib>
        <contrib id="d28e83" contrib-type="author">
          <name>
            <surname>Yu</surname>
            <given-names>Jingjie</given-names>
          </name>
          <xref ref-type="aff" rid="CD010944-aff-0001"/>
        </contrib>
        <contrib id="d28e88" contrib-type="author">
          <name>
            <surname>Guo</surname>
            <given-names>Xinfeng</given-names>
          </name>
          <xref ref-type="aff" rid="CD010944-aff-0005"/>
        </contrib>
        <contrib id="d28e93" contrib-type="author">
          <name>
            <surname>Xue</surname>
            <given-names>Charlie CL</given-names>
          </name>
          <xref ref-type="aff" rid="CD010944-aff-0006"/>
        </contrib>
        <contrib id="d28e98" contrib-type="author">
          <name>
            <surname>Zhang</surname>
            <given-names>Anthony Lin</given-names>
          </name>
          <xref ref-type="aff" rid="CD010944-aff-0007"/>
        </contrib>
        <contrib id="d28e103" contrib-type="author">
          <name>
            <surname>Yan</surname>
            <given-names>Yuhong</given-names>
          </name>
          <xref ref-type="aff" rid="CD010944-aff-0001"/>
        </contrib>
        <contrib id="d28e108" contrib-type="author">
          <name>
            <surname>Zeng</surname>
            <given-names>Weifeng</given-names>
          </name>
          <xref ref-type="aff" rid="CD010944-aff-0008"/>
        </contrib>
      </contrib-group>
      <aff id="CD010944-aff-0001">
        <institution>Guangdong Provincial Hospital of Traditional Chinese Medicine</institution>
        <institution content-type="dept">Department of Dermatology</institution>
        <addr-line>No. 111 Da De Road</addr-line>
        <city>Guangzhou</city>
        <country>China</country>
        <postal-code>510120</postal-code>
      </aff>
      <aff id="CD010944-aff-0002">
        <institution>Chang Gung University</institution>
        <institution content-type="dept">College of Medicine</institution>
        <city>Taoyuan</city>
        <country>Taiwan</country>
        <postal-code/>
      </aff>
      <aff id="CD010944-aff-0003">
        <institution>Chang Gung Memorial Hospital, Linkou</institution>
        <institution content-type="dept">Department of Dermatology</institution>
        <addr-line>5, Fuxing StGuishan Dist</addr-line>
        <city>Taoyuan</city>
        <country>Taiwan</country>
        <postal-code>33305</postal-code>
      </aff>
      <aff id="CD010944-aff-0004">
        <institution>Guangdong Provincial Hospital of Traditional Chinese Medicine</institution>
        <institution content-type="dept">Department of Clinical Epidemiology</institution>
        <addr-line>No. 111 Da De Road</addr-line>
        <city>Guangzhou</city>
        <country>China</country>
        <postal-code>510120</postal-code>
      </aff>
      <aff id="CD010944-aff-0005">
        <institution>Guangdong Provincial Hospital of Chinese Medicine, the Second Affiliated Hospital, Guangzhou University of Chinese Medicine</institution>
        <institution content-type="dept">Evidence&#x2010;Based Medicine and Clinical Research Service Group</institution>
        <addr-line>No 111 Dade Road</addr-line>
        <city>Guangzhou</city>
        <country>China</country>
        <postal-code>510120</postal-code>
      </aff>
      <aff id="CD010944-aff-0006">
        <institution>RMIT University</institution>
        <institution content-type="dept">Traditional &amp; Complementary Medicine Research Program, Health Innovations Research Institute and Discipline of Chinese Medicine, School of Health Sciences</institution>
        <addr-line>PO Box 71</addr-line>
        <city>Bundoora</city>
        <country>Australia</country>
        <postal-code>3083</postal-code>
      </aff>
      <aff id="CD010944-aff-0007">
        <institution>RMIT University</institution>
        <institution content-type="dept">Discipline of Chinese Medicine, School of Health and Biomedical Sciences</institution>
        <addr-line>Plenty Road</addr-line>
        <city>Bundoora</city>
        <country>Australia</country>
        <postal-code>3083</postal-code>
      </aff>
      <aff id="CD010944-aff-0008">
        <institution>Guangzhou Addiction Treatment Center</institution>
        <city>Guangzhou</city>
        <country>China</country>
        <postal-code>510120</postal-code>
      </aff>
      <author-notes>
        <fn>
          <p>Editorial Group: Cochrane Skin Group.</p>
        </fn>
      </author-notes>
      <pub-date pub-type="epub">
        <day>15</day>
        <month>5</month>
        <year>2018</year>
      </pub-date>
      <pub-date pub-type="collection">
        <month>5</month>
        <year>2018</year>
      </pub-date>
      <pub-date pub-type="update">
        <day>15</day>
        <month>05</month>
        <year>2018</year>
      </pub-date>
      <volume>2018</volume>
      <issue>5</issue>
      <elocation-id>CD010944</elocation-id>
      <history>
        <date date-type="previous-update" publication-format="electronic">
          <day>27</day>
          <month>01</month>
          <year>2014</year>
        </date>
      </history>
      <permissions>
        <copyright-statement>Copyright &#xA9; 2018 The Cochrane Collaboration. Published by John Wiley &amp; Sons, Ltd.</copyright-statement>
        <copyright-year>2018</copyright-year>
        <copyright-holder>The Cochrane Collaboration</copyright-holder>
      </permissions>
      <related-article related-article-type="updated-article" ext-link-type="doi" xlink:href="10.1002/14651858.CD010944" id="d28e247"/>
      <abstract>
        <title>Abstract</title>
        <p>This is a protocol for a Cochrane Review (Intervention). The objectives are as follows:</p>
        <p>To assess the effects of interventions for chronic idiopathic urticaria excluding antihistamines.</p>
      </abstract>
    </article-meta>
    <notes notes-type="status-note">
      <p>Withdrawn from publication for reasons stated in the review</p>
    </notes>
  </front>
</article>
</pmc-articleset>