<?xml version="1.0" ?>
<!DOCTYPE pmc-articleset PUBLIC "-//NLM//DTD ARTICLE SET 2.0//EN" "https://dtd.nlm.nih.gov/ncbi/pmc/articleset/nlm-articleset-2.0.dtd">
<pmc-articleset><article xmlns:xlink="http://www.w3.org/1999/xlink" xmlns:mml="http://www.w3.org/1998/Math/MathML" id="CD012472" article-type="systematic-review">
  <!--The publisher of this article does not allow downloading of the full text in XML form.-->
  <front>
    <journal-meta>
      <journal-id journal-id-type="nlm-ta">Cochrane Database Syst Rev</journal-id>
      <journal-id journal-id-type="iso-abbrev">Cochrane Database Syst Rev</journal-id>
      <journal-id journal-id-type="publisher-id">14651858</journal-id>
      <journal-id journal-id-type="doi">10.1002/14651858</journal-id>
      <journal-title-group>
        <journal-title>The Cochrane Database of Systematic Reviews</journal-title>
      </journal-title-group>
      <issn pub-type="epub">1469-493X</issn>
      <issn-l>1361-6137</issn-l>
      <publisher>
        <publisher-name>John Wiley &amp; Sons, Ltd</publisher-name>
        <publisher-loc>Chichester, UK</publisher-loc>
      </publisher>
    </journal-meta>
    <article-meta>
      <article-id pub-id-type="pmc">6463804</article-id>
      <article-id pub-id-type="doi">10.1002/14651858.CD012472</article-id>
      <article-id pub-id-type="publisher-id">CD012472</article-id>
      <article-id pub-id-type="other">CD012472</article-id>
      <article-categories>
        <subj-group subj-group-type="heading">
          <subject>Medicine General &amp; Introductory Medical Sciences</subject>
        </subj-group>
      </article-categories>
      <title-group>
        <article-title>Patient&#x2010;mediated interventions to improve professional practice</article-title>
      </title-group>
      <contrib-group>
        <contrib id="d28e63" contrib-type="author" corresp="yes">
          <name>
            <surname>F&#xF8;nhus</surname>
            <given-names>Marita S</given-names>
          </name>
          <address>
            <email>MaritaSporstol.Fonhus@fhi.no</email>
            <email>m.s.fonhus@gmail.com</email>
          </address>
          <xref ref-type="aff" rid="CD012472-aff-0001"/>
        </contrib>
        <contrib id="d28e68" contrib-type="author">
          <name>
            <surname>Dalsb&#xF8;</surname>
            <given-names>Therese K</given-names>
          </name>
          <xref ref-type="aff" rid="CD012472-aff-0001"/>
        </contrib>
        <contrib id="d28e73" contrib-type="author">
          <name>
            <surname>Johansen</surname>
            <given-names>Marit</given-names>
          </name>
          <xref ref-type="aff" rid="CD012472-aff-0001"/>
        </contrib>
        <contrib id="d28e78" contrib-type="author">
          <name>
            <surname>Fretheim</surname>
            <given-names>Atle</given-names>
          </name>
          <xref ref-type="aff" rid="CD012472-aff-0001"/>
        </contrib>
        <contrib id="d28e83" contrib-type="author">
          <name>
            <surname>Skirbekk</surname>
            <given-names>Helge</given-names>
          </name>
          <xref ref-type="aff" rid="CD012472-aff-0002"/>
        </contrib>
        <contrib id="d28e88" contrib-type="author">
          <name>
            <surname>Flottorp</surname>
            <given-names>Signe</given-names>
          </name>
          <xref ref-type="aff" rid="CD012472-aff-0001"/>
        </contrib>
      </contrib-group>
      <aff id="CD012472-aff-0001">
        <institution>Norwegian Institute of Public Health</institution>
        <institution content-type="dept">Department for Evidence Synthesis</institution>
        <addr-line>Pilestredet Park 7</addr-line>
        <city>Oslo</city>
        <country>Norway</country>
        <postal-code>N&#x2010;0130</postal-code>
      </aff>
      <aff id="CD012472-aff-0002">
        <institution>Norwegian National Advisory Unit on Learning and Mastery in Health</institution>
        <city>Oslo</city>
        <country>Norway</country>
        <postal-code>0586</postal-code>
      </aff>
      <author-notes>
        <fn>
          <p>Editorial Group: Cochrane Effective Practice and Organisation of Care Group.</p>
        </fn>
      </author-notes>
      <pub-date pub-type="epub">
        <day>13</day>
        <month>12</month>
        <year>2016</year>
      </pub-date>
      <pub-date pub-type="collection">
        <month>12</month>
        <year>2016</year>
      </pub-date>
      <pub-date pub-type="update">
        <day>12</day>
        <month>12</month>
        <year>2016</year>
      </pub-date>
      <volume>2016</volume>
      <issue>12</issue>
      <elocation-id>CD012472</elocation-id>
      <history/>
      <permissions>
        <copyright-statement>Copyright &#xA9; 2016 The Cochrane Collaboration. Published by John Wiley &amp; Sons, Ltd.</copyright-statement>
        <copyright-year>2016</copyright-year>
        <copyright-holder>The Cochrane Collaboration</copyright-holder>
      </permissions>
      <abstract>
        <title>Abstract</title>
        <p>This is a protocol for a Cochrane Review (Intervention). The objectives are as follows:</p>
        <p>To assess the effects of patient&#x2010;mediated interventions on healthcare professionals' performance (adherence to clinical practice guidelines, recommendations or procedures in clinical practice).</p>
      </abstract>
    </article-meta>
    <notes notes-type="status-note">
      <p>New</p>
    </notes>
  </front>
</article>
</pmc-articleset>