<?xml version="1.0" ?>
<!DOCTYPE pmc-articleset PUBLIC "-//NLM//DTD ARTICLE SET 2.0//EN" "https://dtd.nlm.nih.gov/ncbi/pmc/articleset/nlm-articleset-2.0.dtd">
<pmc-articleset><article xmlns:xlink="http://www.w3.org/1999/xlink" xmlns:mml="http://www.w3.org/1998/Math/MathML" id="CD013219" article-type="systematic-review">
  <!--The publisher of this article does not allow downloading of the full text in XML form.-->
  <front>
    <journal-meta>
      <journal-id journal-id-type="nlm-ta">Cochrane Database Syst Rev</journal-id>
      <journal-id journal-id-type="iso-abbrev">Cochrane Database Syst Rev</journal-id>
      <journal-id journal-id-type="publisher-id">14651858</journal-id>
      <journal-id journal-id-type="doi">10.1002/14651858</journal-id>
      <journal-title-group>
        <journal-title>The Cochrane Database of Systematic Reviews</journal-title>
      </journal-title-group>
      <issn pub-type="epub">1469-493X</issn>
      <issn-l>1361-6137</issn-l>
      <publisher>
        <publisher-name>John Wiley &amp; Sons, Ltd</publisher-name>
        <publisher-loc>Chichester, UK</publisher-loc>
      </publisher>
    </journal-meta>
    <article-meta>
      <article-id pub-id-type="pmc">6517029</article-id>
      <article-id pub-id-type="doi">10.1002/14651858.CD013219</article-id>
      <article-id pub-id-type="publisher-id">CD013219</article-id>
      <article-id pub-id-type="other">CD013219</article-id>
      <article-categories>
        <subj-group subj-group-type="heading">
          <subject>Medicine General &amp; Introductory Medical Sciences</subject>
        </subj-group>
      </article-categories>
      <title-group>
        <article-title>Clozapine versus olanzapine for people with schizophrenia</article-title>
      </title-group>
      <contrib-group>
        <contrib id="d28e63" contrib-type="author" corresp="yes">
          <name>
            <surname>Asenjo&#x2010;Lobos</surname>
            <given-names>Claudia</given-names>
          </name>
          <address>
            <email>casenjolob@gmail.com</email>
            <email>casenjo@udec.cl</email>
          </address>
          <xref ref-type="aff" rid="CD013219-aff-0001 CD013219-aff-0002"/>
        </contrib>
        <contrib id="d28e68" contrib-type="author">
          <name>
            <surname>Fonseca</surname>
            <given-names>Carolina</given-names>
          </name>
          <xref ref-type="aff" rid="CD013219-aff-0003"/>
        </contrib>
        <contrib id="d28e73" contrib-type="author">
          <name>
            <surname>Leucht</surname>
            <given-names>Stefan</given-names>
          </name>
          <xref ref-type="aff" rid="CD013219-aff-0004"/>
        </contrib>
        <contrib id="d28e78" contrib-type="author">
          <name>
            <surname>Arancibia</surname>
            <given-names>Marcelo</given-names>
          </name>
          <xref ref-type="aff" rid="CD013219-aff-0005"/>
        </contrib>
        <contrib id="d28e83" contrib-type="author">
          <name>
            <surname>Cort&#xE9;s&#x2010;Jofr&#xE9;</surname>
            <given-names>Marcela</given-names>
          </name>
          <xref ref-type="aff" rid="CD013219-aff-0002 CD013219-aff-0006"/>
        </contrib>
      </contrib-group>
      <aff id="CD013219-aff-0001">
        <institution>University of Concepci&#xF3;n</institution>
        <city>Concepci&#xF3;n</city>
        <country>Chile</country>
        <postal-code/>
      </aff>
      <aff id="CD013219-aff-0002">
        <institution>Universitat Aut&#xF2;noma de Barcelona</institution>
        <institution content-type="dept">Methodology of Biomedical Research and Public Health</institution>
        <city>Barcelona</city>
        <country>Spain</country>
        <postal-code/>
      </aff>
      <aff id="CD013219-aff-0003">
        <institution>Universidad de Santiago de Chile</institution>
        <institution content-type="dept">Facultad de Medicina</institution>
        <city>Santiago de Chile</city>
        <country>Chile</country>
        <postal-code/>
      </aff>
      <aff id="CD013219-aff-0004">
        <institution>Technische Universit&#xE4;t M&#xFC;nchen Klinikum rechts der Isar</institution>
        <institution content-type="dept">Klinik und Poliklinik f&#xFC;r Psychiatrie und Psychotherapie</institution>
        <city>M&#xFC;nchen</city>
        <country>Germany</country>
        <postal-code>81675</postal-code>
      </aff>
      <aff id="CD013219-aff-0005">
        <institution>Universidad de Valpara&#xED;so</institution>
        <institution content-type="dept">Interdisciplinary Centre for Health Studies CIESAL</institution>
        <city>Vi&#xF1;a del Mar</city>
        <country>Chile</country>
        <postal-code/>
      </aff>
      <aff id="CD013219-aff-0006">
        <institution>Universidad Cat&#xF3;lica de la SS</institution>
        <institution content-type="dept">Facultad de Medicina</institution>
        <addr-line>Concepci&#xF3;n</addr-line>
        <city>Concepci&#xF3;n</city>
        <country>Chile</country>
        <postal-code/>
      </aff>
      <author-notes>
        <fn>
          <p>Editorial Group: Cochrane Schizophrenia Group.</p>
        </fn>
      </author-notes>
      <pub-date pub-type="epub">
        <day>07</day>
        <month>12</month>
        <year>2018</year>
      </pub-date>
      <pub-date pub-type="collection">
        <month>12</month>
        <year>2018</year>
      </pub-date>
      <pub-date pub-type="update">
        <day>07</day>
        <month>12</month>
        <year>2018</year>
      </pub-date>
      <volume>2018</volume>
      <issue>12</issue>
      <elocation-id>CD013219</elocation-id>
      <history/>
      <permissions>
        <copyright-statement>Copyright &#xA9; 2018 The Cochrane Collaboration. Published by John Wiley &amp; Sons, Ltd.</copyright-statement>
        <copyright-year>2018</copyright-year>
        <copyright-holder>The Cochrane Collaboration</copyright-holder>
      </permissions>
      <abstract>
        <title>Abstract</title>
        <p>This is a protocol for a Cochrane Review (Intervention). The objectives are as follows:</p>
        <p>To assess the clinical effects of clozapine compared with olanzapine for the treatment of people with schizophrenia and related disorders</p>
      </abstract>
    </article-meta>
    <notes notes-type="status-note">
      <p>New</p>
    </notes>
  </front>
</article>
</pmc-articleset>