<?xml version="1.0" ?>
<!DOCTYPE pmc-articleset PUBLIC "-//NLM//DTD ARTICLE SET 2.0//EN" "https://dtd.nlm.nih.gov/ncbi/pmc/articleset/nlm-articleset-2.0.dtd">
<pmc-articleset><article xmlns:xlink="http://www.w3.org/1999/xlink" xmlns:mml="http://www.w3.org/1998/Math/MathML" id="CD012956" article-type="systematic-review">
  <!--The publisher of this article does not allow downloading of the full text in XML form.-->
  <front>
    <journal-meta>
      <journal-id journal-id-type="nlm-ta">Cochrane Database Syst Rev</journal-id>
      <journal-id journal-id-type="iso-abbrev">Cochrane Database Syst Rev</journal-id>
      <journal-id journal-id-type="publisher-id">14651858</journal-id>
      <journal-id journal-id-type="doi">10.1002/14651858</journal-id>
      <journal-title-group>
        <journal-title>The Cochrane Database of Systematic Reviews</journal-title>
      </journal-title-group>
      <issn pub-type="epub">1469-493X</issn>
      <issn-l>1361-6137</issn-l>
      <publisher>
        <publisher-name>John Wiley &amp; Sons, Ltd</publisher-name>
        <publisher-loc>Chichester, UK</publisher-loc>
      </publisher>
    </journal-meta>
    <article-meta>
      <article-id pub-id-type="pmc">6491315</article-id>
      <article-id pub-id-type="doi">10.1002/14651858.CD012956</article-id>
      <article-id pub-id-type="publisher-id">CD012956</article-id>
      <article-id pub-id-type="other">CD012956</article-id>
      <article-categories>
        <subj-group subj-group-type="heading">
          <subject>Medicine General &amp; Introductory Medical Sciences</subject>
        </subj-group>
      </article-categories>
      <title-group>
        <article-title>Pharmacological interventions for people with borderline personality disorder</article-title>
      </title-group>
      <contrib-group>
        <contrib id="d28e63" contrib-type="author">
          <name>
            <surname>Stoffers&#x2010;Winterling</surname>
            <given-names>Jutta M</given-names>
          </name>
          <xref ref-type="aff" rid="CD012956-aff-0001"/>
        </contrib>
        <contrib id="d28e68" contrib-type="author" corresp="yes">
          <name>
            <surname>Storeb&#xF8;</surname>
            <given-names>Ole Jakob</given-names>
          </name>
          <address>
            <email>ojst@regionsjaelland.dk</email>
          </address>
          <xref ref-type="aff" rid="CD012956-aff-0002 CD012956-aff-0003"/>
        </contrib>
        <contrib id="d28e76" contrib-type="author">
          <name>
            <surname>V&#xF6;llm</surname>
            <given-names>Birgit A</given-names>
          </name>
          <xref ref-type="aff" rid="CD012956-aff-0004"/>
        </contrib>
        <contrib id="d28e81" contrib-type="author">
          <name>
            <surname>Mattivi</surname>
            <given-names>Jessica T</given-names>
          </name>
          <xref ref-type="aff" rid="CD012956-aff-0001"/>
        </contrib>
        <contrib id="d28e86" contrib-type="author">
          <name>
            <surname>Nielsen</surname>
            <given-names>Signe Sofie</given-names>
          </name>
          <xref ref-type="aff" rid="CD012956-aff-0003"/>
        </contrib>
        <contrib id="d28e91" contrib-type="author">
          <name>
            <surname>Kielsholm</surname>
            <given-names>Maja L&#xE6;rke</given-names>
          </name>
          <xref ref-type="aff" rid="CD012956-aff-0003"/>
        </contrib>
        <contrib id="d28e96" contrib-type="author">
          <name>
            <surname>Faltinsen</surname>
            <given-names>Erlend G</given-names>
          </name>
          <xref ref-type="aff" rid="CD012956-aff-0003"/>
        </contrib>
        <contrib id="d28e101" contrib-type="author">
          <name>
            <surname>Simonsen</surname>
            <given-names>Erik</given-names>
          </name>
          <xref ref-type="aff" rid="CD012956-aff-0003"/>
        </contrib>
        <contrib id="d28e109" contrib-type="author">
          <name>
            <surname>Lieb</surname>
            <given-names>Klaus</given-names>
          </name>
          <xref ref-type="aff" rid="CD012956-aff-0001"/>
        </contrib>
      </contrib-group>
      <aff id="CD012956-aff-0001">
        <institution>University Medical Center Mainz</institution>
        <institution content-type="dept">Department of Psychiatry and Psychotherapy</institution>
        <addr-line>Untere Zahlbacher Stra&#xDF;e 8</addr-line>
        <city>Mainz</city>
        <country>Germany</country>
        <postal-code>D&#x2010;55131</postal-code>
      </aff>
      <aff id="CD012956-aff-0002">
        <institution>Region Zealand</institution>
        <institution content-type="dept">Child and Adolescent Psychiatric Department</institution>
        <addr-line>Birkevaenget 3</addr-line>
        <city>Roskilde</city>
        <country>Denmark</country>
        <postal-code>4300</postal-code>
      </aff>
      <aff id="CD012956-aff-0003">
        <institution>Region Zealand Psychiatry</institution>
        <institution content-type="dept">Psychiatric Research Unit</institution>
        <city>Slagelse</city>
        <country>Denmark</country>
        <postal-code/>
      </aff>
      <aff id="CD012956-aff-0004">
        <institution>University of Nottingham Innovation Park</institution>
        <institution content-type="dept">Division of Psychiatry &amp; Applied Psychology</institution>
        <addr-line>Institute of Mental HealthTriumph Road</addr-line>
        <city>Nottingham</city>
        <country>UK</country>
        <postal-code>NG7 2TU</postal-code>
      </aff>
      <author-notes>
        <fn>
          <p>Editorial Group: Cochrane Developmental, Psychosocial and Learning Problems Group.</p>
        </fn>
      </author-notes>
      <pub-date pub-type="epub">
        <day>20</day>
        <month>2</month>
        <year>2018</year>
      </pub-date>
      <pub-date pub-type="collection">
        <month>2</month>
        <year>2018</year>
      </pub-date>
      <pub-date pub-type="update">
        <day>13</day>
        <month>02</month>
        <year>2018</year>
      </pub-date>
      <volume>2018</volume>
      <issue>2</issue>
      <elocation-id>CD012956</elocation-id>
      <history/>
      <permissions>
        <copyright-statement>Copyright &#xA9; 2018 The Cochrane Collaboration. Published by John Wiley &amp; Sons, Ltd.</copyright-statement>
        <copyright-year>2018</copyright-year>
        <copyright-holder>The Cochrane Collaboration</copyright-holder>
      </permissions>
      <abstract>
        <title>Abstract</title>
        <p>This is a protocol for a Cochrane Review (Intervention). The objectives are as follows:</p>
        <p>To assess the beneficial and harmful effects of pharmacological treatment for adolescents and adults with borderline personality disorder (BPD).</p>
      </abstract>
    </article-meta>
    <notes notes-type="status-note">
      <p>New</p>
    </notes>
  </front>
</article>
</pmc-articleset>