<?xml version="1.0" ?>
<!DOCTYPE pmc-articleset PUBLIC "-//NLM//DTD ARTICLE SET 2.0//EN" "https://dtd.nlm.nih.gov/ncbi/pmc/articleset/nlm-articleset-2.0.dtd">
<pmc-articleset><article xmlns:xlink="http://www.w3.org/1999/xlink" xmlns:mml="http://www.w3.org/1998/Math/MathML" id="CD005289.pub3" article-type="systematic-review">
  <!--The publisher of this article does not allow downloading of the full text in XML form.-->
  <front>
    <journal-meta>
      <journal-id journal-id-type="nlm-ta">Cochrane Database Syst Rev</journal-id>
      <journal-id journal-id-type="iso-abbrev">Cochrane Database Syst Rev</journal-id>
      <journal-id journal-id-type="publisher-id">14651858</journal-id>
      <journal-id journal-id-type="doi">10.1002/14651858</journal-id>
      <journal-title-group>
        <journal-title>The Cochrane Database of Systematic Reviews</journal-title>
      </journal-title-group>
      <issn pub-type="epub">1469-493X</issn>
      <issn-l>1361-6137</issn-l>
      <publisher>
        <publisher-name>John Wiley &amp; Sons, Ltd</publisher-name>
        <publisher-loc>Chichester, UK</publisher-loc>
      </publisher>
    </journal-meta>
    <article-meta>
      <article-id pub-id-type="pmid">25150465</article-id>
      <article-id pub-id-type="pmc">6464819</article-id>
      <article-id pub-id-type="doi">10.1002/14651858.CD005289.pub3</article-id>
      <article-id pub-id-type="publisher-id">CD005289</article-id>
      <article-id pub-id-type="other">CD005289.pub3</article-id>
      <article-categories>
        <subj-group subj-group-type="heading">
          <subject>Medicine General &amp; Introductory Medical Sciences</subject>
        </subj-group>
      </article-categories>
      <title-group>
        <article-title>Monitoring of stimulated cycles in assisted reproduction (IVF and ICSI)</article-title>
      </title-group>
      <contrib-group>
        <contrib id="d28e63" contrib-type="author" corresp="yes">
          <name>
            <surname>Kwan</surname>
            <given-names>Irene</given-names>
          </name>
          <address>
            <email>I.Kwan@ioe.ac.uk</email>
            <email>irenekwan27@gmail.com</email>
          </address>
          <xref ref-type="aff" rid="CD005289-aff-0001"/>
        </contrib>
        <contrib id="d28e68" contrib-type="author">
          <name>
            <surname>Bhattacharya</surname>
            <given-names>Siladitya</given-names>
          </name>
          <xref ref-type="aff" rid="CD005289-aff-0002"/>
        </contrib>
        <contrib id="d28e73" contrib-type="author">
          <name>
            <surname>Kang</surname>
            <given-names>Angela</given-names>
          </name>
          <xref ref-type="aff" rid="CD005289-aff-0003"/>
        </contrib>
        <contrib id="d28e78" contrib-type="author">
          <name>
            <surname>Woolner</surname>
            <given-names>Andrea</given-names>
          </name>
          <xref ref-type="aff" rid="CD005289-aff-0004"/>
        </contrib>
      </contrib-group>
      <aff id="CD005289-aff-0001">
        <institution>Institute of Education, University of London</institution>
        <institution content-type="dept">Evidence for Policy and Practice Information and Coordinating Centre (EPPI&#x2010;Centre), Social Science Research Unit (SSRU)</institution>
        <addr-line>10 Woburn Square</addr-line>
        <city>London</city>
        <country>UK</country>
        <postal-code>WC1H 0NR</postal-code>
      </aff>
      <aff id="CD005289-aff-0002">
        <institution>Aberdeen Maternity Hospital</institution>
        <institution content-type="dept">Obstetrics and Gynaecology</institution>
        <addr-line>Foresterhill</addr-line>
        <city>Aberdeen</city>
        <country>UK</country>
        <postal-code>AB9 2ZD</postal-code>
      </aff>
      <aff id="CD005289-aff-0003">
        <institution>Counties Manukau District Health Board</institution>
        <city>Auckland</city>
        <country>New Zealand</country>
        <postal-code/>
      </aff>
      <aff id="CD005289-aff-0004">
        <institution>University of Aberdeen, Aberdeen Maternity Hospital</institution>
        <institution content-type="dept">Division of Applied Health Sciences</institution>
        <city>Aberdeen</city>
        <country>UK</country>
        <postal-code>AB9 2ZD</postal-code>
      </aff>
      <author-notes>
        <fn>
          <p>Editorial Group: Cochrane Gynaecology and Fertility Group.</p>
        </fn>
      </author-notes>
      <pub-date pub-type="epub">
        <day>24</day>
        <month>8</month>
        <year>2014</year>
      </pub-date>
      <pub-date pub-type="collection">
        <month>8</month>
        <year>2014</year>
      </pub-date>
      <pub-date pub-type="update">
        <day>13</day>
        <month>08</month>
        <year>2014</year>
      </pub-date>
      <volume>2014</volume>
      <issue>8</issue>
      <elocation-id>CD005289</elocation-id>
      <history>
        <date date-type="previous-update" publication-format="electronic">
          <day>23</day>
          <month>04</month>
          <year>2008</year>
        </date>
        <date date-type="cl-record-assessed-up-to-date">
          <day>30</day>
          <month>05</month>
          <year>2014</year>
        </date>
      </history>
      <permissions>
        <copyright-statement>Copyright &#xA9; 2014 The Cochrane Collaboration. Published by John Wiley &amp; Sons, Ltd.</copyright-statement>
        <copyright-year>2014</copyright-year>
        <copyright-holder>The Cochrane Collaboration</copyright-holder>
      </permissions>
      <related-article related-article-type="updated-article" ext-link-type="doi" xlink:href="10.1002/14651858.CD005289.pub2" id="d28e161"/>
      <abstract>
        <sec>
          <title>Background</title>
          <p>Traditional monitoring of ovarian hyperstimulation during in vitro fertilisation (IVF) and intra&#x2010;cytoplasmic sperm injection (ICSI) treatment has included transvaginal ultrasonography (TVUS) plus serum estradiol levels to ensure safe practice by reducing the incidence and severity of ovarian hyperstimulation syndrome (OHSS) whilst achieving the good ovarian response needed for assisted reproduction treatment. The need for combined monitoring (using TVUS and serum estradiol) during ovarian stimulation in assisted reproduction is controversial. It has been suggested that combined monitoring is time consuming, expensive and inconvenient for women and that simplification of IVF and ICSI therapy by using TVUS only should be considered.</p>
        </sec>
        <sec>
          <title>Objectives</title>
          <p>To assess the effect of monitoring controlled ovarian hyperstimulation (COH) in IVF and ICSI cycles in subfertile couples with TVUS only versus TVUS plus serum estradiol concentration, with respect to rates of live birth, pregnancy and OHSS.</p>
        </sec>
        <sec>
          <title>Search methods</title>
          <p>We searched the Menstrual Disorders and Subfertility Group Specialised Register of controlled trials, the Cochrane Central Register of Controlled Trials (CENTRAL), MEDLINE, EMBASE, CINAHL, PsycINFO, the National Research Register, and web&#x2010;based trial registers such as Current Controlled Trials. The last search was conducted in May 2014. There was no language restriction applied. All references in the identified trials and background papers were checked and authors were contacted to identify relevant published and unpublished data.</p>
        </sec>
        <sec>
          <title>Selection criteria</title>
          <p>Only randomised controlled trials that compared monitoring with TVUS only versus TVUS plus serum estradiol concentrations in women undergoing COH for IVF and ICSI treatment were included.</p>
        </sec>
        <sec>
          <title>Data collection and analysis</title>
          <p>Three review authors independently selected the studies, extracted data and assessed risk of bias. They resolved disagreements by discussion with the rest of the authors. Outcomes data were pooled and summary statistics were presented when appropriate. The quality of the evidence was rated using the GRADE methods.</p>
        </sec>
        <sec>
          <title>Main results</title>
          <p>With this update, four new studies were identified resulting in a total of six trials including 781 women undergoing monitoring of COH with either TVUS alone or a combination of TVUS and serum estradiol concentration during IVF or ICSI treatment.</p>
          <p>None of the six studies reported our primary outcome of live birth rate. Pooled data showed no evidence of a difference in clinical pregnancy rate per woman between monitoring with TVUS only and combined monitoring (odds ratio (OR) 1.10; 95% confidence interval (CI) 0.79 to 1.54; four studies; N = 617; I&#xB2; = 5%; low quality evidence). This suggests that compared with women with a 34% chance of clinical pregnancy using monitoring with TVUS plus serum estradiol, the clinical pregnancy rate in women using TVUS only was between 29% and 44%.</p>
          <p>There was no evidence of a difference between the groups in the reported cases of OHSS (OR 1.03; 95% CI 0.48 to 2.20; six studies; N = 781; I&#xB2; = 0%; low quality evidence), suggesting that compared with women with a 4% chance of OHSS using monitoring with TVUS plus serum estradiol, the OHSS rate in women monitored by TVUSS only was between 2% and 8%.</p>
          <p>There was no evidence of a difference between the groups in the mean number of oocytes retrieved pre woman (mean difference (MD) 0.32; 95% CI &#x2010;0.60 to 1.24; five studies; N = 596; I&#xB2; = 17%; low quality evidence).</p>
          <p>The evidence was low quality for all comparisons. Limitations included imprecision and potential bias due to unclear randomisation methods, allocation concealment and blinding, as well as differences in treatment protocols. Quality assessment was hampered by the lack of methodological descriptions in several studies.</p>
        </sec>
        <sec>
          <title>Authors' conclusions</title>
          <p>This review update found no evidence from randomised trials to suggest that combined monitoring by TVUS and serum estradiol is more efficacious than monitoring by TVUS alone with regard to clinical pregnancy rates and the incidence of OHSS. The number of oocytes retrieved appeared similar for both monitoring protocols. The data suggest that both these monitoring methods are safe and reliable. However, these results should be interpreted with caution because the overall quality of the evidence was low. Results were compromised by imprecision and poor reporting of study methodology. A combined monitoring protocol including both TVUS and serum estradiol may need to be retained as precautionary good clinical practice and as a confirmatory test in a subset of women to identify those at high risk of OHSS. An economic evaluation of the costs involved with the two methods and the views of the women undergoing cycle monitoring would be welcome.</p>
        </sec>
      </abstract>
      <abstract abstract-type="short">
        <title>Monitoring of stimulated cycles in fertility treatment involving in vitro fertilisation (IVF) and intra&#x2010;cytoplasmic sperm injection (ICSI)</title>
        <p>Review question: can ultrasound alone be used safely without adding estradiol blood test measurements to monitor women undergoing controlled ovarian hyperstimulation during IVF and ICSI? We reviewed the evidence on monitoring women undergoing controlled ovarian hyperstimulation as part of IVF or ICSI by transvaginal ultrasound (TVUS) only versus traditional combined monitoring (TVUS) and blood hormone (estradiol) levels.</p>
        <p>Background: assisted reproduction techniques such as IVF and ICSI involve ovarian hyperstimulation. The ovaries are artificially stimulated to produce follicles and then ovulation (release of a mature ovum or egg) is induced so that eggs can be retrieved for use in either IVF or ICSI to produce embryos in the laboratory. Traditionally women undergoing controlled ovarian hyperstimulation prior to ovulation induction have been monitored by TVUS and measurement of the hormone estradiol level in their blood. The aim of monitoring is to detect the optimum time to induce ovulation (by the administration of human chorionic gonadotrophin or luteinising hormone) and to determine an adequate response to ovarian hyperstimulation to allow egg retrieval, but importantly also to identify women at risk of the potentially serious rare condition of ovarian hyperstimulation syndrome (OHSS). It has been suggested that a simplified protocol of monitoring by TVUS alone may reduce unnecessary anxiety and operational costs during IVF and ICSI.</p>
        <p>Study characteristics: we included six randomised controlled trials conducted in the UK, France, Spain, Israel and the US, including 781 women. They compared monitoring with TVUS only versus TVUS plus serum estradiol concentration in women undergoing ovarian hyperstimulation for IVF and ICSI treatment. The evidence was current to May 2014.</p>
        <p>Key results: none of the six studies reported our primary outcome of live birth rate. Pooled data showed no evidence of a difference in clinical pregnancy rate between monitoring with TVUS only and monitoring with TVUS plus estradiol measurement (odds ratio (OR) 1.10; 95% CI 0.79 to 1.54; four studies; N = 617; I&#xB2; = 5%; low quality evidence). Our findings suggest that compared with women with a 34% chance of clinical pregnancy using monitoring with TVUS plus serum estradiol, the clinical pregnancy rate in women using TVUS only was between 29% and 44%. There was no evidence of a difference in OHSS between the two arms (OR 1.03; 95% CI 0.48 to 2.20; six studies; N = 781; I&#xB2; = 0%; low quality evidence), suggesting that compared with women with a 4% chance of OHSS using monitoring with TVUS plus serum estradiol, the OHSS rate in women monitored by TVUS only was between 2% and 8%.</p>
        <p>Quality of the evidence: the evidence was of low quality. Limitations included imprecision and potential bias due to unclear randomisation methods, allocation concealment and blinding, as well as differences in the treatment protocols. Quality assessment was hampered by a lack of methodological descriptions in several studies. Two studies reported funding by pharmaceutical companies, whereas the remaining four studies did not report their sources of funding.</p>
      </abstract>
      <kwd-group kwd-group-type="mesh">
        <kwd>Female</kwd>
        <kwd>Humans</kwd>
        <kwd>Pregnancy</kwd>
        <kwd>Fertilization in Vitro</kwd>
        <kwd>Biomarkers</kwd>
        <kwd>Biomarkers/blood</kwd>
        <kwd>Estradiol</kwd>
        <kwd>Estradiol/blood</kwd>
        <kwd>Live Birth</kwd>
        <kwd>Ovarian Hyperstimulation Syndrome</kwd>
        <kwd>Ovarian Hyperstimulation Syndrome/diagnosis</kwd>
        <kwd>Ovarian Hyperstimulation Syndrome/diagnostic imaging</kwd>
        <kwd>Ovulation Induction</kwd>
        <kwd>Ovulation Induction/methods</kwd>
        <kwd>Pregnancy Rate</kwd>
        <kwd>Randomized Controlled Trials as Topic</kwd>
        <kwd>Sperm Injections, Intracytoplasmic</kwd>
        <kwd>Ultrasonography</kwd>
      </kwd-group>
    </article-meta>
    <notes notes-type="status-note">
      <p>New search for studies and content updated (no change to conclusions)</p>
    </notes>
  </front>
</article>
</pmc-articleset>