<?xml version="1.0" ?>
<!DOCTYPE pmc-articleset PUBLIC "-//NLM//DTD ARTICLE SET 2.0//EN" "https://dtd.nlm.nih.gov/ncbi/pmc/articleset/nlm-articleset-2.0.dtd">
<pmc-articleset><article xmlns:xlink="http://www.w3.org/1999/xlink" xmlns:mml="http://www.w3.org/1998/Math/MathML" id="CD007502.pub2" article-type="systematic-review">
  <!--The publisher of this article does not allow downloading of the full text in XML form.-->
  <front>
    <journal-meta>
      <journal-id journal-id-type="nlm-ta">Cochrane Database Syst Rev</journal-id>
      <journal-id journal-id-type="iso-abbrev">Cochrane Database Syst Rev</journal-id>
      <journal-id journal-id-type="publisher-id">14651858</journal-id>
      <journal-id journal-id-type="doi">10.1002/14651858</journal-id>
      <journal-title-group>
        <journal-title>The Cochrane Database of Systematic Reviews</journal-title>
      </journal-title-group>
      <issn pub-type="epub">1469-493X</issn>
      <issn-l>1361-6137</issn-l>
      <publisher>
        <publisher-name>John Wiley &amp; Sons, Ltd</publisher-name>
        <publisher-loc>Chichester, UK</publisher-loc>
      </publisher>
    </journal-meta>
    <article-meta>
      <article-id pub-id-type="pmid">20091636</article-id>
      <article-id pub-id-type="pmc">6599823</article-id>
      <article-id pub-id-type="doi">10.1002/14651858.CD007502.pub2</article-id>
      <article-id pub-id-type="publisher-id">CD007502</article-id>
      <article-id pub-id-type="other">CD007502.pub2</article-id>
      <article-categories>
        <subj-group subj-group-type="heading">
          <subject>Medicine General &amp; Introductory Medical Sciences</subject>
        </subj-group>
      </article-categories>
      <title-group>
        <article-title>Massage therapy for people with HIV/AIDS</article-title>
      </title-group>
      <contrib-group>
        <contrib id="d28e63" contrib-type="author" corresp="yes">
          <name>
            <surname>Hillier</surname>
            <given-names>Susan L</given-names>
          </name>
          <address>
            <email>Susan.Hillier@unisa.edu.au</email>
          </address>
          <xref ref-type="aff" rid="CD007502-aff-0001"/>
        </contrib>
        <contrib id="d28e68" contrib-type="author">
          <name>
            <surname>Louw</surname>
            <given-names>Quinette</given-names>
          </name>
          <xref ref-type="aff" rid="CD007502-aff-0002"/>
        </contrib>
        <contrib id="d28e73" contrib-type="author">
          <name>
            <surname>Morris</surname>
            <given-names>Linzette</given-names>
          </name>
          <xref ref-type="aff" rid="CD007502-aff-0002"/>
        </contrib>
        <contrib id="d28e78" contrib-type="author">
          <name>
            <surname>Uwimana</surname>
            <given-names>Jeanine</given-names>
          </name>
          <xref ref-type="aff" rid="CD007502-aff-0003"/>
        </contrib>
        <contrib id="d28e83" contrib-type="author">
          <name>
            <surname>Statham</surname>
            <given-names>Sue</given-names>
          </name>
          <xref ref-type="aff" rid="CD007502-aff-0002"/>
        </contrib>
      </contrib-group>
      <aff id="CD007502-aff-0001">
        <institution>University of South Australia (City East)</institution>
        <institution content-type="dept">Centre for Allied Health Evidence</institution>
        <addr-line>North Terrace</addr-line>
        <city>Adelaide</city>
        <country>Australia</country>
        <postal-code>5000</postal-code>
      </aff>
      <aff id="CD007502-aff-0002">
        <institution>Stellenbosch University</institution>
        <institution content-type="dept">Faculty of Health Science</institution>
        <city>Cape Town</city>
        <country>South Africa</country>
        <postal-code/>
      </aff>
      <aff id="CD007502-aff-0003">
        <institution>University of Western Cape</institution>
        <institution content-type="dept">Faculty of Health Science</institution>
        <city>Cape Town</city>
        <country>South Africa</country>
        <postal-code/>
      </aff>
      <author-notes>
        <fn>
          <p>Editorial Group: Cochrane HIV/AIDS Group.</p>
        </fn>
      </author-notes>
      <pub-date pub-type="epub">
        <day>20</day>
        <month>1</month>
        <year>2010</year>
      </pub-date>
      <pub-date pub-type="collection">
        <month>1</month>
        <year>2010</year>
      </pub-date>
      <pub-date pub-type="update">
        <day>09</day>
        <month>11</month>
        <year>2009</year>
      </pub-date>
      <volume>2010</volume>
      <issue>1</issue>
      <elocation-id>CD007502</elocation-id>
      <history>
        <date date-type="previous-update" publication-format="electronic">
          <day>08</day>
          <month>10</month>
          <year>2008</year>
        </date>
      </history>
      <permissions>
        <copyright-statement>Copyright &#xA9; 2010 The Cochrane Collaboration. Published by John Wiley &amp; Sons, Ltd.</copyright-statement>
        <copyright-year>2010</copyright-year>
        <copyright-holder>The Cochrane Collaboration</copyright-holder>
      </permissions>
      <related-article related-article-type="updated-article" ext-link-type="doi" xlink:href="10.1002/14651858.CD007502" id="d28e151"/>
      <abstract>
        <sec>
          <title>Background</title>
          <p>Infection with human immunodeficency virus (HIV) and acquired immunodeficency syndrome (AIDS) is a pandemic that has affected millions of people globally. Although major research and clinical initiatives are addressing prevention and cure strategies, issues of quality of life for survivors have received less attention. Massage therapy is proposed to have a positive effect on quality of life and may also have a positive effect on immune function through stress mediation.</p>
        </sec>
        <sec>
          <title>Objectives</title>
          <p>The objective of this systematic review was to examine the safety and effectiveness of massage therapy on quality of life, pain and immune system parameters in people living with HIV/AIDS.</p>
        </sec>
        <sec>
          <title>Search methods</title>
          <p>A comprehensive search strategy was devised incorporating appropriate terms for HIV/AIDS, randomised controlled trials (RCTs), massage therapy and the pertinent measures of benefit. All electronic databases identified were searched in November 2008, including Cochrane Group Trials Register, Cochrane Central Register of Controlled Trials (CENTRAL), MEDLINE, EMBASE, SCIENCE CITATION INDEX, AIDSLINE, AIDSearch, CINAHL, HEALTHSTAR, PsycLIT, AMED, Current Contents, AMI, NLM GATEWAY, LILACS, IndMed, SOCIOFILE, SCI, SSCI, ERIC and DAI. We also reviewed relevant published and unpublished conference abstracts and proceedings and scrutinised reference lists from pertinent journals. There were no language or date restrictions.</p>
        </sec>
        <sec>
          <title>Selection criteria</title>
          <p>Studies were identified by two reviewers based on trial design (RCTs) and participants (ie, people of any age with HIV/AIDS, at any stage of the disease) who had undergone an intervention that included massage therapy for the identified aims of improving quality of life and activity and participation levels, improving immune function, reducing pain and improving other physiological or psychological impairments.</p>
        </sec>
        <sec>
          <title>Data collection and analysis</title>
          <p>Two reviewers independently identified included studies and extracted relevant data. Two other reviewers independently reviewed the included studies for risk of bias. All data and risk of bias judgements were entered into Revman (v5) and meta&#x2010;analyses were conducted where appropriate.</p>
        </sec>
        <sec>
          <title>Main results</title>
          <p>Twelve papers were identified, from which four were included. The remaining eight papers were excluded predominantly due to inappropriate methodology. The four included studies were highly clinically heterogenous, investigating a range of age groups (ie, children, adolescents and adults) across the disease spectrum from early HIV through late&#x2010;stage AIDS. The settings were either community or palliative care, and the outcome measures were a combination of quality of life and immunological function. The trials were judged to be at moderate risk of bias mostly because of incomplete reporting. For quality of life measures, the studies reported that massage therapy in combination with other modalities, such as meditation and stress reduction, are superior to massage therapy alone or to the other modalities alone. The quality of life domains with significant effect sizes included self&#x2010;reported reduced use of health care resources, improvement in self&#x2010;perceived spiritual quality of life and improvement in total quality of life scores. One study also reported positive changes in immune function, in particular CD4+ cell count and natural killer cell counts, due to massage therapy, and one study reported no difference between people given massage therapy and controls in immune parameters. Adverse or harmful effects were not well reported.</p>
        </sec>
        <sec>
          <title>Authors' conclusions</title>
          <p>There is some evidence to support the use of massage therapy to improve quality of life for people living with HIV/AIDS (PLWHA), particularly in combination with other stress&#x2010;management modalities, and that massage therapy may have a positive effect on immunological function. The trials are small, however, and at moderate risk of bias. Further studies are needed using larger sample sizes and rigorous design/reporting before massage therapy can be strongly recommended for PLWHA.</p>
        </sec>
      </abstract>
      <abstract abstract-type="short">
        <title>Massage therapy for people with HIV/AIDS</title>
        <p>People living with HIV/AIDS may experience a lower quality of life due to complications of the disease. Massage therapy may help people by improving their overall health and their ability to deal with stress. We systematically investigated studies that have compared massage therapy with other forms of therapy or no therapy. We found four randomised controled trials that used massage therapy with children, adolescents or adults with HIV or late&#x2010;stage AIDS. This review of the literature supports that massage therapy can benefit people with HIV/AIDS by improving quality of life, particularly if they receive the therapy in conjunction with other techniques, such as meditation and relaxation training, and provide more benefit than any one of these techniques individually. Furthermore, it may be that massage therapy can improve their body's ability to fight the disease; however, this is not yet convincingly proven. We recommend further studies be undertaken to investigate this question and recommend that in the meantime, people with HIV/AIDS use massage therapy to improve quality of life, provided they have clear goals and monitor their response to the therapy.</p>
      </abstract>
      <kwd-group kwd-group-type="mesh">
        <kwd>Adolescent</kwd>
        <kwd>Adult</kwd>
        <kwd>Child</kwd>
        <kwd>Humans</kwd>
        <kwd>Massage</kwd>
        <kwd>Quality of Life</kwd>
        <kwd>Acquired Immunodeficiency Syndrome</kwd>
        <kwd>Acquired Immunodeficiency Syndrome/psychology</kwd>
        <kwd>Acquired Immunodeficiency Syndrome/rehabilitation</kwd>
        <kwd>CD4&#x2010;Positive T&#x2010;Lymphocytes</kwd>
        <kwd>HIV Infections</kwd>
        <kwd>HIV Infections/immunology</kwd>
        <kwd>HIV Infections/psychology</kwd>
        <kwd>HIV Infections/rehabilitation</kwd>
        <kwd>HIV&#x2010;1</kwd>
        <kwd>Randomized Controlled Trials as Topic</kwd>
      </kwd-group>
    </article-meta>
    <notes notes-type="status-note">
      <p>New</p>
    </notes>
  </front>
</article>
</pmc-articleset>