<?xml version="1.0" ?>
<!DOCTYPE pmc-articleset PUBLIC "-//NLM//DTD ARTICLE SET 2.0//EN" "https://dtd.nlm.nih.gov/ncbi/pmc/articleset/nlm-articleset-2.0.dtd">
<pmc-articleset><article xmlns:xlink="http://www.w3.org/1999/xlink" xmlns:mml="http://www.w3.org/1998/Math/MathML" id="CD010307.pub2" article-type="systematic-review">
  <!--The publisher of this article does not allow downloading of the full text in XML form.-->
  <front>
    <journal-meta>
      <journal-id journal-id-type="nlm-ta">Cochrane Database Syst Rev</journal-id>
      <journal-id journal-id-type="iso-abbrev">Cochrane Database Syst Rev</journal-id>
      <journal-id journal-id-type="publisher-id">14651858</journal-id>
      <journal-id journal-id-type="doi">10.1002/14651858</journal-id>
      <journal-title-group>
        <journal-title>The Cochrane Database of Systematic Reviews</journal-title>
      </journal-title-group>
      <issn pub-type="epub">1469-493X</issn>
      <issn-l>1361-6137</issn-l>
      <publisher>
        <publisher-name>John Wiley &amp; Sons, Ltd</publisher-name>
        <publisher-loc>Chichester, UK</publisher-loc>
      </publisher>
    </journal-meta>
    <article-meta>
      <article-id pub-id-type="pmid">25978975</article-id>
      <article-id pub-id-type="pmc">6461196</article-id>
      <article-id pub-id-type="doi">10.1002/14651858.CD010307.pub2</article-id>
      <article-id pub-id-type="publisher-id">CD010307</article-id>
      <article-id pub-id-type="other">CD010307.pub2</article-id>
      <article-categories>
        <subj-group subj-group-type="heading">
          <subject>Medicine General &amp; Introductory Medical Sciences</subject>
        </subj-group>
      </article-categories>
      <title-group>
        <article-title>Sentinel lymph node biopsy followed by lymph node dissection for localised primary cutaneous melanoma</article-title>
      </title-group>
      <contrib-group>
        <contrib id="d28e63" contrib-type="author" corresp="yes">
          <name>
            <surname>Kyrgidis</surname>
            <given-names>Athanassios</given-names>
          </name>
          <address>
            <email>akyrgidi@gmail.com</email>
            <email>kyrgidis@auth.gr</email>
          </address>
          <xref ref-type="aff" rid="CD010307-aff-0001 CD010307-aff-0002 CD010307-aff-0003"/>
        </contrib>
        <contrib id="d28e68" contrib-type="author">
          <name>
            <surname>Tzellos</surname>
            <given-names>Thrasivoulos</given-names>
          </name>
          <xref ref-type="aff" rid="CD010307-aff-0004"/>
        </contrib>
        <contrib id="d28e73" contrib-type="author">
          <name>
            <surname>Mocellin</surname>
            <given-names>Simone</given-names>
          </name>
          <xref ref-type="aff" rid="CD010307-aff-0005 CD010307-aff-0006"/>
        </contrib>
        <contrib id="d28e78" contrib-type="author">
          <name>
            <surname>Apalla</surname>
            <given-names>Zoe</given-names>
          </name>
          <xref ref-type="aff" rid="CD010307-aff-0007"/>
        </contrib>
        <contrib id="d28e83" contrib-type="author">
          <name>
            <surname>Lallas</surname>
            <given-names>Aimilios</given-names>
          </name>
          <xref ref-type="aff" rid="CD010307-aff-0002"/>
        </contrib>
        <contrib id="d28e88" contrib-type="author">
          <name>
            <surname>Pilati</surname>
            <given-names>Pierluigi</given-names>
          </name>
          <xref ref-type="aff" rid="CD010307-aff-0008"/>
        </contrib>
        <contrib id="d28e93" contrib-type="author">
          <name>
            <surname>Stratigos</surname>
            <given-names>Alexander</given-names>
          </name>
          <xref ref-type="aff" rid="CD010307-aff-0009"/>
        </contrib>
      </contrib-group>
      <aff id="CD010307-aff-0001">
        <institution>Dessau Medical Center</institution>
        <institution content-type="dept">Division of Evidence Based Dermatology</institution>
        <city>Dessau</city>
        <country>Germany</country>
        <postal-code/>
      </aff>
      <aff id="CD010307-aff-0002">
        <institution>Istituto di Ricovero e Cura a Carattere Scientifico (IRCCS)</institution>
        <institution content-type="dept">Dermatology and Skin Cancer Unit, Arcispedale Santa Maria Nuova</institution>
        <city>Reggio Emilia</city>
        <country>Italy</country>
        <postal-code/>
      </aff>
      <aff id="CD010307-aff-0003">
        <institution>Aristotle University of Thessaloniki</institution>
        <institution content-type="dept">1st Department of Otolaryngology, Head &amp; Neck Surgery</institution>
        <addr-line>3 Papazoli St.</addr-line>
        <city>Thessaloniki</city>
        <country>Greece</country>
        <postal-code>54630</postal-code>
      </aff>
      <aff id="CD010307-aff-0004">
        <institution>Faculty of Health Sciences, University Hospital of North Norway</institution>
        <institution content-type="dept">Department of Dermatology</institution>
        <city>Harstad</city>
        <country>Norway</country>
        <postal-code/>
      </aff>
      <aff id="CD010307-aff-0005">
        <institution>University of Padova</institution>
        <institution content-type="dept">Department of Surgery, Oncology and Gastroenterology</institution>
        <addr-line>Via Giustiniani 2</addr-line>
        <city>Padova</city>
        <country>Italy</country>
        <postal-code>35128</postal-code>
      </aff>
      <aff id="CD010307-aff-0006">
        <institution>IOV&#x2010;IRCCS</institution>
        <institution content-type="dept">Istituto Oncologico Veneto</institution>
        <city>Padova</city>
        <country>Italy</country>
        <postal-code>35100</postal-code>
      </aff>
      <aff id="CD010307-aff-0007">
        <institution>Hospital of Skin and Venereal Diseases</institution>
        <institution content-type="dept">State Clinic of Dermatology</institution>
        <addr-line>17, Omirou street</addr-line>
        <city>Thessaloniki</city>
        <country>Greece</country>
        <postal-code>55535</postal-code>
      </aff>
      <aff id="CD010307-aff-0008">
        <institution>University of Padova</institution>
        <institution content-type="dept">Meta&#x2010;Analysis Unit, Department of Surgery, Oncology and Gastroenterology</institution>
        <addr-line>via Giustiniani 2</addr-line>
        <city>Padova</city>
        <country>Italy</country>
        <postal-code>35128</postal-code>
      </aff>
      <aff id="CD010307-aff-0009">
        <institution>Andreas Syggros Hospital</institution>
        <institution content-type="dept">Department of Dermatology, National and Kapodestrian University of Athens</institution>
        <addr-line>28 Voucourestiou Street</addr-line>
        <city>Athens</city>
        <country>Greece</country>
        <postal-code>10671</postal-code>
      </aff>
      <author-notes>
        <fn>
          <p>Editorial Group: Cochrane Skin Group.</p>
        </fn>
      </author-notes>
      <pub-date pub-type="epub">
        <day>16</day>
        <month>5</month>
        <year>2015</year>
      </pub-date>
      <pub-date pub-type="collection">
        <month>5</month>
        <year>2015</year>
      </pub-date>
      <pub-date pub-type="update">
        <day>16</day>
        <month>10</month>
        <year>2017</year>
      </pub-date>
      <volume>2015</volume>
      <issue>5</issue>
      <elocation-id>CD010307</elocation-id>
      <history>
        <date date-type="previous-update" publication-format="electronic">
          <day>31</day>
          <month>01</month>
          <year>2013</year>
        </date>
        <date date-type="cl-record-assessed-up-to-date">
          <day>25</day>
          <month>02</month>
          <year>2015</year>
        </date>
      </history>
      <permissions>
        <copyright-statement>Copyright &#xA9; 2017 The Cochrane Collaboration. Published by John Wiley &amp; Sons, Ltd.</copyright-statement>
        <copyright-year>2017</copyright-year>
        <copyright-holder>The Cochrane Collaboration</copyright-holder>
      </permissions>
      <related-article related-article-type="updated-article" ext-link-type="doi" xlink:href="10.1002/14651858.CD010307" id="d28e245"/>
      <abstract>
        <sec>
          <title>Background</title>
          <p>Melanoma is the leading cause of skin cancer&#x2010;associated mortality. The vast majority of newly diagnosed melanomas are confined to the primary cutaneous site. Surgery represents the mainstay of melanoma treatment. Treatment strategies include wide excision of the primary tumour and sentinel lymph node biopsy (SLNB) to assess the status of the regional nodal basin(s). SLNB has become an important component of initial melanoma management providing accurate disease staging.</p>
        </sec>
        <sec>
          <title>Objectives</title>
          <p>To assess the effects and safety of SLNB followed by completion lymph node dissection (CLND) for the treatment of localised primary cutaneous melanoma.</p>
        </sec>
        <sec>
          <title>Search methods</title>
          <p>We searched the following databases up to February 2015: the Cochrane Skin Group Specialised Register, the Cochrane Central Register of Controlled Trials (CENTRAL) in <italic>The Cochrane Library</italic> (2015, Issue 1), MEDLINE (from 1946), EMBASE (from 1974), and LILACS ((Latin American and Caribbean Health Science Information database, from 1982). We also searched the following from inception: African Index Medicus, IndMED of India, Index Medicus for the South&#x2010;East Asia Region, and six trials registers. We checked the reference lists of included and excluded studies for further references to relevant randomised controlled trials (RCTs). We searched ISI Web of Science Conference Proceedings from inception to February 2015, and we scanned the abstracts of major dermatology and oncology conference proceedings up to 2015.</p>
        </sec>
        <sec>
          <title>Selection criteria</title>
          <p>Two review authors independently assessed all RCTs comparing SLNB followed by CLND for the treatment of primary localised cutaneous melanoma for inclusion. Primary outcome measures were overall survival and rate of treatment complications and side effects.</p>
        </sec>
        <sec>
          <title>Data collection and analysis</title>
          <p>Two review authors independently extracted and analysed data on survival and recurrence, assessed risk of bias, and collected adverse effect information from included trials.</p>
        </sec>
        <sec>
          <title>Main results</title>
          <p>We identified and included a single eligible trial comparing SLNB with observation which was published in eight different reports (from 2005 to 2014) with 2001 participants. This trial did not report on our first primary outcome of overall survival (which was also the planned primary outcome of this trial). When contacted for this important data, the trial authors stated "there are numerous additional analyses that have yet to be reported for the trial". We were able however to estimate overall survival from data included in the appendix of the published report and found no evidence of benefit for SLNB for overall survival. The overall survival hazard ratio (HR) using ITT (intention&#x2010;to&#x2010;treat) analysis was 0.99 95% confidence interval [CI] 0.82 to 1.19, 1661 participants). The overall survival using ITT for intermediate thickness melanomas was (HR 0.92, 95% CI 0.73 to 1.16) and for thick melanomas it was (HR 1.15, 95% CI 0.82 to 1.61).</p>
          <p>The study did report on our second primary outcome of rate of treatment complications: short&#x2010;term surgical morbidity (30 days) in 1735 participants showed no difference between SLNB and observation (risk ratio [RR] 1.11, 955 CI 0.9 to 1.37) for wide excision of the tumour site but favoured observation for complications related to the regional nodal basin (RR 14.36, 95% CI 6.74 to 30.59).</p>
          <p>Our secondary outcomes of disease&#x2010;specific and disease&#x2010;free survival, local recurrence and distant metastases were reported. There were 1347 participants in the intermediate&#x2010;thickness melanoma group and 314 in the thick melanoma group.The study did not report the actual 10&#x2010;year melanoma&#x2010;specific survival rate for all included participants. Instead, melanoma&#x2010;specific survival rates for each group of participants: intermediate&#x2010;thickness melanoma (defined as 1.2 to 3.5 mm) and thick melanomas (defined as 3.50 mm or more) was reported.</p>
          <p>In the intermediate&#x2010;thickness melanoma group there was no statistically significant difference in disease&#x2010;specific survival between study groups at 10 years (81.4 &#xB1; 1.5% versus 78.3 &#xB1; 2.0%, HR 0.84, 95% CI 0.65 to 1.09). In the thick melanoma group, again there was no statistically significant difference in disease&#x2010;specific survival between study groups at 10 years (58.9.3 &#xB1; 4.1% versus 64.4 &#xB1; 4.6%, HR 1.12, 95% CI 0.77 to 1.64). Combining these groups there was some heterogeneity (I&#xB2; = 34%) but the total HR was not statistically significant (HR 0.92, 95% CI 0.74 to 1.14).</p>
          <p>The summary estimate for disease&#x2010;free survival at 10 years favoured SLNB over observation in participants with intermediate&#x2010;thickness and thick melanomas (HR 0.75, 95% CI 0.63 to 0.89).</p>
          <p>With regard to the rate of local and regional recurrence as the site of first recurrence, a benefit of SLNB uniformly existed in both groups of participants with intermediate&#x2010;thickness and thick melanomas (RR 0.56, 95% CI 0.45 to 0.69). This is in contrast with a uniformly unfavourable effect of SLNB with regard to the rate of distant metastases as site of first recurrence, in both groups of participants with intermediate&#x2010;thickness and thick melanomas (HR 1.33, 95% CI 1.03 to 1.72).</p>
        </sec>
        <sec>
          <title>Authors' conclusions</title>
          <p>We found no evidence of improved overall survival or melanoma&#x2010;specific survival rates for participants with intermediate or thick melanomas who underwent SLNB compared with observation alone.</p>
          <p>Disease&#x2010;free survival and rate of local and regional recurrence favoured SLNB in both groups of participants with intermediate&#x2010;thickness and thick melanomas but short&#x2010;term surgical morbidity was higher in the SLNB group, especially with regard to complications in the nodal basin.</p>
          <p>The evidence for the outcomes of interest in this review is of low quality due to the risk of bias and imprecision of the estimated effects. Further research may have an important impact on our estimate of the effectiveness of SLNB in managing primary localised cutaneous melanoma. Currently this evidence is not sufficient to document a benefit of SLNB when compared to observation in individuals with primary localised cutaneous melanoma.</p>
        </sec>
      </abstract>
      <abstract abstract-type="short">
        <title>Lymph node biopsy followed by lymph node dissection for localised skin cancer</title>
        <p>
          <bold>Background</bold>
        </p>
        <p>Melanoma arises from the uncontrollable growth of cells in the skin that produce the pigment melanin; it is the leading cause of skin cancer&#x2010;associated mortality. In invasive melanoma, the tumour has infiltrated into the dermis (a deep layer in the skin).</p>
        <p>For invasive skin cancer that is localised, the treatment of choice is complete surgical excision of the tumour. Most international guidelines also recommend sentinel lymph node biopsy (SLNB) in the management of these tumours.</p>
        <p>A sentinel lymph node is the first lymph node in the body to receive lymph that comes from the primary site of the tumour. It is therefore, theoretically, the first site to which cancer cells will spread (metastasise). Hence, detecting tumour cells in this node can predict the involvement of other nodes in the spread of the cancer and may help identify individuals who are candidates for complete removal of these lymph nodes (completion lymph node dissection or CLND). This should help eradicate the further spread of melanoma cells.</p>
        <p>
          <bold>Review question</bold>
        </p>
        <p>Does lymph node biopsy followed by lymph node dissection, compared with observation, improve survival for people with localised skin cancer?</p>
        <p>
          <bold>Study characteristics</bold>
        </p>
        <p>We found one published randomised controlled trial with 2001 participants with localised skin cancer who had undergone removal of the primary tumour and were then randomised to receive SLNB or observation. Participants testing positive for cancer cells in the sentinel lymph node then underwent CLND. Participants in the observation group underwent removal of the lymph nodes only on disease recurrence. The study did not report on our primary outcome of interest (overall survival), but it did report on our secondary outcomes of disease&#x2010;specific survival (time to death only from melanoma), disease&#x2010;free survival (time to first melanoma recurrence at any site), and recurrence.</p>
        <p>
          <bold>Key results</bold>
        </p>
        <p>Although the authors of the one included study did not report the primary outcome of overall survival, we were able to calculate it from data they included in their report appendix which showed no benefit of SLNB for people with intermediate or thick melanomas. Our one included study also did not report any difference in disease&#x2010;specific survival for participants who underwent SLNB or observation. Disease&#x2010;free survival was better in the SLNB treatment group. However, recurrence of the melanoma at a distant site in the body occurred more frequently in participants in the SLNB group than in those in the observation group.</p>
        <p>
          <bold>Quality of the evidence</bold>
        </p>
        <p>We assessed the quality of the evidence for this trial as low for the above outcomes. As indicated by the results of this one included study, there is no clear evidence at present to recommend that SLNB, followed by CLND. is a better means of improving overall or melanoma&#x2010;specific survival than observation.</p>
      </abstract>
      <kwd-group kwd-group-type="mesh">
        <kwd>Humans</kwd>
        <kwd>Lymph Node Excision</kwd>
        <kwd>Sentinel Lymph Node Biopsy</kwd>
        <kwd>Disease&#x2010;Free Survival</kwd>
        <kwd>Melanoma</kwd>
        <kwd>Melanoma/mortality</kwd>
        <kwd>Melanoma/pathology</kwd>
        <kwd>Melanoma/surgery</kwd>
        <kwd>Randomized Controlled Trials as Topic</kwd>
        <kwd>Skin Neoplasms</kwd>
        <kwd>Skin Neoplasms/mortality</kwd>
        <kwd>Skin Neoplasms/pathology</kwd>
        <kwd>Skin Neoplasms/surgery</kwd>
        <kwd>Survival Rate</kwd>
        <kwd>Watchful Waiting</kwd>
      </kwd-group>
    </article-meta>
    <notes notes-type="status-note">
      <p>Edited (no change to conclusions), comment added to review</p>
    </notes>
  </front>
</article>
</pmc-articleset>