<?xml version="1.0" ?>
<!DOCTYPE pmc-articleset PUBLIC "-//NLM//DTD ARTICLE SET 2.0//EN" "https://dtd.nlm.nih.gov/ncbi/pmc/articleset/nlm-articleset-2.0.dtd">
<pmc-articleset><article xmlns:xlink="http://www.w3.org/1999/xlink" xmlns:mml="http://www.w3.org/1998/Math/MathML" id="CD004434.pub5" article-type="systematic-review">
  <!--The publisher of this article does not allow downloading of the full text in XML form.-->
  <front>
    <journal-meta>
      <journal-id journal-id-type="nlm-ta">Cochrane Database Syst Rev</journal-id>
      <journal-id journal-id-type="iso-abbrev">Cochrane Database Syst Rev</journal-id>
      <journal-id journal-id-type="publisher-id">14651858</journal-id>
      <journal-id journal-id-type="doi">10.1002/14651858</journal-id>
      <journal-title-group>
        <journal-title>The Cochrane Database of Systematic Reviews</journal-title>
      </journal-title-group>
      <issn pub-type="epub">1469-493X</issn>
      <issn-l>1361-6137</issn-l>
      <publisher>
        <publisher-name>John Wiley &amp; Sons, Ltd</publisher-name>
        <publisher-loc>Chichester, UK</publisher-loc>
      </publisher>
    </journal-meta>
    <article-meta>
      <article-id pub-id-type="pmid">23450552</article-id>
      <article-id pub-id-type="pmc">6956416</article-id>
      <article-id pub-id-type="doi">10.1002/14651858.CD004434.pub5</article-id>
      <article-id pub-id-type="publisher-id">CD004434.pub5</article-id>
      <article-id pub-id-type="other">CD004434</article-id>
      <article-categories>
        <subj-group>
          <subject>Hypertension, pulmonary</subject>
          <subject>Child health</subject>
          <subject>Lungs &amp; airways</subject>
        </subj-group>
      </article-categories>
      <title-group>
        <article-title>Endothelin receptor antagonists for pulmonary arterial hypertension</article-title>
      </title-group>
      <contrib-group>
        <contrib id="d20e180" contrib-type="author" corresp="yes">
          <name>
            <surname>Liu</surname>
            <given-names>Chao</given-names>
          </name>
          <address>
            <email>dr_chaoliu@yahoo.com.cn</email>
            <email>lcwv@sohu.com</email>
          </address>
          <xref ref-type="aff" rid="CD004434-aff-0001"/>
        </contrib>
        <contrib id="d20e184" contrib-type="author">
          <name>
            <surname>Chen</surname>
            <given-names>Junmin</given-names>
          </name>
          <xref ref-type="aff" rid="CD004434-aff-0002"/>
        </contrib>
        <contrib id="d20e188" contrib-type="author">
          <name>
            <surname>Gao</surname>
            <given-names>Yanqiu</given-names>
          </name>
          <xref ref-type="aff" rid="CD004434-aff-0001"/>
        </contrib>
        <contrib id="d20e192" contrib-type="author">
          <name>
            <surname>Deng</surname>
            <given-names>Bao</given-names>
          </name>
          <xref ref-type="aff" rid="CD004434-aff-0001"/>
        </contrib>
        <contrib id="d20e196" contrib-type="author">
          <name>
            <surname>Liu</surname>
            <given-names>Kunshen</given-names>
          </name>
          <xref ref-type="aff" rid="CD004434-aff-0001"/>
        </contrib>
        <contrib id="d20e207" contrib-type="editor">
          <collab collab-type="editors">Cochrane Airways Group</collab>
        </contrib>
      </contrib-group>
      <aff id="CD004434-aff-0001">
        <institution>The First Hospital of Hebei Medical University</institution>
        <addr-line>Donggang Road</addr-line>
        <city>Shijiazhuang</city>
        <country>China</country>
        <postal-code>050031</postal-code>
      </aff>
      <aff id="CD004434-aff-0002">
        <institution>The First Affiliated Hospital of Fujian Medical University</institution>
        <institution content-type="dept">Department of Hematology and Rheumatology</institution>
        <addr-line>#20 Chazhong Road</addr-line>
        <city>Fuzhou</city>
        <country>China</country>
        <postal-code>350005</postal-code>
      </aff>
      <pub-date pub-type="epub">
        <day>28</day>
        <month>2</month>
        <year>2013</year>
      </pub-date>
      <pub-date pub-type="collection">
        <month>2</month>
        <year>2013</year>
      </pub-date>
      <pub-date pub-type="update">
        <day>14</day>
        <month>1</month>
        <year>2013</year>
      </pub-date>
      <volume>2013</volume>
      <issue>2</issue>
      <elocation-id>CD004434</elocation-id>
      <permissions>
        <copyright-statement>Copyright &#xA9; 2013 The Cochrane Collaboration. Published by John Wiley &amp; Sons, Ltd.</copyright-statement>
      </permissions>
      <related-article related-article-type="updated-article" ext-link-type="doi" xlink:href="10.1002/14651858.CD004434.pub4" id="d20e38"/>
      <abstract>
        <title>Abstract</title>
        <sec id="CD004434-abs1-0001">
          <title>Background</title>
          <p>Pulmonary arterial hypertension is a devastating disease, which leads to right heart failure and premature death. Recent evidence suggests that endothelin receptor antagonists may be promising drugs in the treatment of pulmonary arterial hypertension.</p>
        </sec>
        <sec id="CD004434-abs1-0002">
          <title>Objectives</title>
          <p>To evaluate the efficacy of endothelin receptor antagonists in pulmonary arterial hypertension.</p>
        </sec>
        <sec id="CD004434-abs1-0003">
          <title>Search methods</title>
          <p>We searched CENTRAL (Cochrane Central Register of Controlled Trials), MEDLINE, EMBASE, and the reference section of retrieved articles. Searches are current as of January 2012.</p>
        </sec>
        <sec id="CD004434-abs1-0004">
          <title>Selection criteria</title>
          <p>We included randomised trials (RCTs) and quasi&#x2010;randomised trials involving patients with pulmonary arterial hypertension.</p>
        </sec>
        <sec id="CD004434-abs1-0005">
          <title>Data collection and analysis</title>
          <p>Five review authors independently selected studies, assessed study quality and extracted data.</p>
        </sec>
        <sec id="CD004434-abs1-0006">
          <title>Main results</title>
          <p>We included 12 randomised controlled trials involving 1471 patients. All the trials were of relatively short duration (12 weeks to six months). After treatment, patients treated with endothelin receptor antagonists could walk on average 33.71 metres (95% confidence interval (CI) 24.90 to 42.52 metres) further than those treated with placebo in a six&#x2010;minute walk test. Endothelin receptor antagonists improved more patients' World Health Organization/New York Heart Association (WHO/NYHA) functional class status than placebo (odds ratio (OR) 1.60; 95% CI 1.20 to 2.14), and reduced the odds of functional class deterioration compared with placebo (OR 0.26; 95% CI 0.16 to 0.42). There was a reduction in mortality that did not reach statistical significance on endothelin receptor antagonists (OR 0.57; 95% CI 0.26 to 1.24), and limited data suggest that endothelin receptor antagonists improve the Borg dyspnoea score and cardiopulmonary haemodynamics in symptomatic patients. Hepatic toxicity was not common, and endothelin receptor antagonists were well tolerated in this population. However, several cases of irreversible liver failure caused by sitaxsentan have been reported that led to license holder for sitaxsentan to withdraw the product from all markets worldwide.</p>
        </sec>
        <sec id="CD004434-abs1-0007">
          <title>Authors' conclusions</title>
          <p>Endothelin receptor antagonists can increase exercise capacity, improve WHO/NYHA functional class, prevent WHO/NYHA functional class deterioration, reduce dyspnoea and improve cardiopulmonary haemodynamic variables in patients with pulmonary arterial hypertension with WHO/NYHA functional class II and III. However, there was only a trend towards endothelin receptor antagonists reducing mortality in patients with pulmonary arterial hypertension. Efficacy data are strongest in those with idiopathic pulmonary hypertension. The irreversible liver failure caused by sitaxsentan and its withdrawal from global markets emphasise the importance of hepatic monitoring in patients treated with endothelin receptor antagonists.</p>
        </sec>
      </abstract>
      <abstract abstract-type="short">
        <title>Plain language summary</title>
        <p>
          <bold>Endothelin receptor antagonists for pulmonary arterial hypertension</bold>
        </p>
        <p>Pulmonary hypertension is an increase in blood pressure in the pulmonary artery, pulmonary vein, or pulmonary capillaries, together known as the lung vasculature, leading to shortness of breath, dizziness, fainting, and other symptoms, all of which are exacerbated by exertion. The World Health Organization (WHO) has reclassified pulmonary hypertension into five groups based on their mechanisms rather than associated conditions. We have focused on pulmonary arterial hypertension (PAH) only in this review. Pulmonary arterial hypertension is a devastating disease characterised by an increase in pulmonary vascular resistance which leads to right ventricular failure and ultimately death.</p>
        <p>Tradiational therapies for pulmonary arterial hypertension include prostacyclin and its analogues, calcium channel blockers, nitric oxide (NO), and important adjunctive therapies, such as anticoagulants and oxygen. Endothelin receptor antagonists have recently been proposed as an alternative to these traditional therapies. This review includes twelve trials on 1471 participants. Endothelin receptor antagonists can improve exercise capacity, symptoms, and cardiopulmonary haemodynamic variables in people with symptomatic pulmonary arterial hypertension over a period of three to six months treatment. There is uncertainty as to whether endothelin receptor antagonists reduce mortality in this population. The most severe potential side effect was hepatic toxicity which was not common in these short&#x2010;term trials.</p>
      </abstract>
    </article-meta>
    <notes notes-type="status-note">
      <p>New search for studies and content updated (conclusions changed)</p>
    </notes>
  </front>
</article>
</pmc-articleset>