<?xml version="1.0" ?>
<!DOCTYPE pmc-articleset PUBLIC "-//NLM//DTD ARTICLE SET 2.0//EN" "https://dtd.nlm.nih.gov/ncbi/pmc/articleset/nlm-articleset-2.0.dtd">
<pmc-articleset><article xmlns:xlink="http://www.w3.org/1999/xlink" xmlns:mml="http://www.w3.org/1998/Math/MathML" id="CD011388.pub2" article-type="systematic-review">
  <!--The publisher of this article does not allow downloading of the full text in XML form.-->
  <front>
    <journal-meta>
      <journal-id journal-id-type="nlm-ta">Cochrane Database Syst Rev</journal-id>
      <journal-id journal-id-type="iso-abbrev">Cochrane Database Syst Rev</journal-id>
      <journal-id journal-id-type="publisher-id">14651858</journal-id>
      <journal-id journal-id-type="doi">10.1002/14651858</journal-id>
      <journal-title-group>
        <journal-title>The Cochrane Database of Systematic Reviews</journal-title>
      </journal-title-group>
      <issn pub-type="epub">1469-493X</issn>
      <issn-l>1361-6137</issn-l>
      <publisher>
        <publisher-name>John Wiley &amp; Sons, Ltd</publisher-name>
        <publisher-loc>Chichester, UK</publisher-loc>
      </publisher>
    </journal-meta>
    <article-meta>
      <article-id pub-id-type="pmid">28489282</article-id>
      <article-id pub-id-type="pmc">6481880</article-id>
      <article-id pub-id-type="doi">10.1002/14651858.CD011388.pub2</article-id>
      <article-id pub-id-type="publisher-id">CD011388</article-id>
      <article-id pub-id-type="other">CD011388.pub2</article-id>
      <article-categories>
        <subj-group subj-group-type="heading">
          <subject>Medicine General &amp; Introductory Medical Sciences</subject>
        </subj-group>
      </article-categories>
      <title-group>
        <article-title>Collaborative writing applications in healthcare: effects on professional practice and healthcare outcomes</article-title>
      </title-group>
      <contrib-group>
        <contrib id="d28e63" contrib-type="author" corresp="yes">
          <name>
            <surname>Archambault</surname>
            <given-names>Patrick M</given-names>
          </name>
          <address>
            <email>patrick.m.archambault@gmail.com</email>
            <email>patrick.archambault@fmed.ulaval.ca</email>
          </address>
          <xref ref-type="aff" rid="CD011388-aff-0001 CD011388-aff-0002 CD011388-aff-0003 CD011388-aff-0004"/>
        </contrib>
        <contrib id="d28e68" contrib-type="author">
          <name>
            <surname>van de Belt</surname>
            <given-names>Tom H</given-names>
          </name>
          <xref ref-type="aff" rid="CD011388-aff-0005"/>
        </contrib>
        <contrib id="d28e73" contrib-type="author">
          <name>
            <surname>Kuziemsky</surname>
            <given-names>Craig</given-names>
          </name>
          <xref ref-type="aff" rid="CD011388-aff-0006"/>
        </contrib>
        <contrib id="d28e78" contrib-type="author">
          <name>
            <surname>Plaisance</surname>
            <given-names>Ariane</given-names>
          </name>
          <xref ref-type="aff" rid="CD011388-aff-0002"/>
        </contrib>
        <contrib id="d28e83" contrib-type="author">
          <name>
            <surname>Dupuis</surname>
            <given-names>Audrey</given-names>
          </name>
          <xref ref-type="aff" rid="CD011388-aff-0002 CD011388-aff-0007"/>
        </contrib>
        <contrib id="d28e88" contrib-type="author">
          <name>
            <surname>McGinn</surname>
            <given-names>Carrie A</given-names>
          </name>
          <xref ref-type="aff" rid="CD011388-aff-0002"/>
        </contrib>
        <contrib id="d28e93" contrib-type="author">
          <name>
            <surname>Francois</surname>
            <given-names>Rebecca</given-names>
          </name>
          <xref ref-type="aff" rid="CD011388-aff-0002"/>
        </contrib>
        <contrib id="d28e98" contrib-type="author">
          <name>
            <surname>Gagnon</surname>
            <given-names>Marie&#x2010;Pierre</given-names>
          </name>
          <xref ref-type="aff" rid="CD011388-aff-0003 CD011388-aff-0008"/>
        </contrib>
        <contrib id="d28e103" contrib-type="author">
          <name>
            <surname>Turgeon</surname>
            <given-names>Alexis F</given-names>
          </name>
          <xref ref-type="aff" rid="CD011388-aff-0003 CD011388-aff-0004"/>
        </contrib>
        <contrib id="d28e108" contrib-type="author">
          <name>
            <surname>Horsley</surname>
            <given-names>Tanya</given-names>
          </name>
          <xref ref-type="aff" rid="CD011388-aff-0009"/>
        </contrib>
        <contrib id="d28e113" contrib-type="author">
          <name>
            <surname>Witteman</surname>
            <given-names>William</given-names>
          </name>
          <xref ref-type="aff" rid="CD011388-aff-0010"/>
        </contrib>
        <contrib id="d28e119" contrib-type="author">
          <name>
            <surname>Poitras</surname>
            <given-names>Julien</given-names>
          </name>
          <xref ref-type="aff" rid="CD011388-aff-0001 CD011388-aff-0002 CD011388-aff-0003"/>
        </contrib>
        <contrib id="d28e124" contrib-type="author">
          <name>
            <surname>Lapointe</surname>
            <given-names>Jean</given-names>
          </name>
          <xref ref-type="aff" rid="CD011388-aff-0001 CD011388-aff-0002"/>
        </contrib>
        <contrib id="d28e129" contrib-type="author">
          <name>
            <surname>Brand</surname>
            <given-names>Kevin</given-names>
          </name>
          <xref ref-type="aff" rid="CD011388-aff-0006"/>
        </contrib>
        <contrib id="d28e134" contrib-type="author">
          <name>
            <surname>Lachaine</surname>
            <given-names>Jean</given-names>
          </name>
          <xref ref-type="aff" rid="CD011388-aff-0011"/>
        </contrib>
        <contrib id="d28e139" contrib-type="author">
          <name>
            <surname>L&#xE9;gar&#xE9;</surname>
            <given-names>France</given-names>
          </name>
          <xref ref-type="aff" rid="CD011388-aff-0001 CD011388-aff-0003"/>
        </contrib>
      </contrib-group>
      <aff id="CD011388-aff-0001">
        <institution>Universit&#xE9; Laval</institution>
        <institution content-type="dept">Department of Family Medicine and Emergency Medicine</institution>
        <city>Qu&#xE9;bec City</city>
        <country>Canada</country>
        <postal-code/>
      </aff>
      <aff id="CD011388-aff-0002">
        <institution>Centre hospitalier affili&#xE9; universitaire H&#xF4;tel&#x2010;Dieu de L&#xE9;vis</institution>
        <institution content-type="dept">Centre int&#xE9;gr&#xE9; de sant&#xE9; et de services sociaux de Chaudi&#xE8;re&#x2010;Appalaches</institution>
        <city>L&#xE9;vis</city>
        <country>Canada</country>
        <postal-code/>
      </aff>
      <aff id="CD011388-aff-0003">
        <institution>Universit&#xE9; Laval</institution>
        <institution content-type="dept">Population Health and Optimal Health Practice Research Unit, CHU de Qu&#xE9;bec &#x2010; Universit&#xE9; Laval Research Center, CHU de Qu&#xE9;bec &#x2010; Universit&#xE9; Laval</institution>
        <city>Qu&#xE9;bec City</city>
        <country>Canada</country>
        <postal-code/>
      </aff>
      <aff id="CD011388-aff-0004">
        <institution>Universit&#xE9; Laval</institution>
        <institution content-type="dept">Department of Anesthesiology and Critical Care Medicine, Division of Critical Care Medicine</institution>
        <city>Qu&#xE9;bec City</city>
        <country>Canada</country>
        <postal-code/>
      </aff>
      <aff id="CD011388-aff-0005">
        <institution>Radboud University Medical Center</institution>
        <institution content-type="dept">Radboud REshape Innovation Center</institution>
        <addr-line>Postbus 91016500 HB Nijmegen</addr-line>
        <city>Nijmegen</city>
        <country>Netherlands</country>
        <postal-code/>
      </aff>
      <aff id="CD011388-aff-0006">
        <institution>University of Ottawa</institution>
        <institution content-type="dept">Telfer School of Management</institution>
        <addr-line>55 Laurier Avenue East</addr-line>
        <city>Ottawa</city>
        <country>Canada</country>
        <postal-code>K1N 6N5</postal-code>
      </aff>
      <aff id="CD011388-aff-0007">
        <institution>Universit&#xE9; Laval</institution>
        <institution content-type="dept">Department of Information and Communication</institution>
        <addr-line>1055, avenue du S&#xE9;minaire</addr-line>
        <city>Qu&#xE9;bec City</city>
        <country>Canada</country>
        <postal-code>G1V0A6</postal-code>
      </aff>
      <aff id="CD011388-aff-0008">
        <institution>Universit&#xE9; Laval</institution>
        <institution content-type="dept">Faculty of Nursing</institution>
        <city>Qu&#xE9;bec City</city>
        <country>Canada</country>
        <postal-code/>
      </aff>
      <aff id="CD011388-aff-0009">
        <institution>Royal College of Physicians and Surgeons of Canada</institution>
        <institution content-type="dept">Research Unit</institution>
        <addr-line>774 Echo Drive</addr-line>
        <city>Ottawa</city>
        <country>Canada</country>
        <postal-code>K1S 5N8</postal-code>
      </aff>
      <aff id="CD011388-aff-0010">
        <institution>Universit&#xE9; Laval</institution>
        <institution content-type="dept">Clinical and Evaluative Research Unit, CHU de Qu&#xE9;bec Research Center</institution>
        <addr-line>45 Leclerc &#x2010; Room D6&#x2010;729</addr-line>
        <city>Qu&#xE9;bec City</city>
        <country>Canada</country>
        <postal-code>G1L 3L5</postal-code>
      </aff>
      <aff id="CD011388-aff-0011">
        <institution>Universit&#xE9; de Montr&#xE9;al</institution>
        <institution content-type="dept">Faculty of Pharmacy</institution>
        <addr-line>C.P. 6128, Succursale Centre&#x2010;ville</addr-line>
        <city>Montr&#xE9;al</city>
        <country>Canada</country>
        <postal-code>H3C 3J7</postal-code>
      </aff>
      <author-notes>
        <fn>
          <p>Editorial Group: Cochrane Effective Practice and Organisation of Care Group.</p>
        </fn>
      </author-notes>
      <pub-date pub-type="epub">
        <day>10</day>
        <month>5</month>
        <year>2017</year>
      </pub-date>
      <pub-date pub-type="collection">
        <month>5</month>
        <year>2017</year>
      </pub-date>
      <pub-date pub-type="update">
        <day>29</day>
        <month>04</month>
        <year>2017</year>
      </pub-date>
      <volume>2017</volume>
      <issue>5</issue>
      <elocation-id>CD011388</elocation-id>
      <history>
        <date date-type="previous-update" publication-format="electronic">
          <day>20</day>
          <month>11</month>
          <year>2014</year>
        </date>
        <date date-type="cl-record-assessed-up-to-date">
          <day>31</day>
          <month>08</month>
          <year>2016</year>
        </date>
      </history>
      <permissions>
        <copyright-statement>Copyright &#xA9; 2017 The Cochrane Collaboration. Published by John Wiley &amp; Sons, Ltd.</copyright-statement>
        <copyright-year>2017</copyright-year>
        <copyright-holder>The Cochrane Collaboration</copyright-holder>
      </permissions>
      <related-article related-article-type="updated-article" ext-link-type="doi" xlink:href="10.1002/14651858.CD011388" id="d28e329"/>
      <abstract>
        <sec>
          <title>Background</title>
          <p>Collaborative writing applications (CWAs), such as wikis and Google Documents, hold the potential to improve the use of evidence in both public health and healthcare. Although a growing body of literature indicates that CWAs could have positive effects on healthcare, such as improved collaboration, behavioural change, learning, knowledge management, and adaptation of knowledge to local context, this has never been assessed systematically. Moreover, several questions regarding safety, reliability, and legal aspects exist.</p>
        </sec>
        <sec>
          <title>Objectives</title>
          <p>The objectives of this review were to (1) assess the effects of the use of CWAs on process (including the behaviour of healthcare professionals) and patient outcomes, (2) critically appraise and summarise current evidence on the use of resources, costs, and cost&#x2010;effectiveness associated with CWAs to improve professional practices and patient outcomes, and (3) explore the effects of different CWA features (e.g. open versus closed) and different implementation factors (e.g. the presence of a moderator) on process and patient outcomes.</p>
        </sec>
        <sec>
          <title>Search methods</title>
          <p>We searched CENTRAL, MEDLINE, Embase, and 11 other electronic databases. We searched the grey literature, two trial registries, CWA websites, individual journals, and conference proceedings. We also contacted authors and experts in the field. We did not apply date or language limits. We searched for published literature to August 2016, and grey literature to September 2015.</p>
        </sec>
        <sec>
          <title>Selection criteria</title>
          <p>We included randomised controlled trials (RCTs), non&#x2010;randomised controlled trials (NRCTs), controlled before&#x2010;and&#x2010;after (CBA) studies, interrupted time series (ITS) studies, and repeated measures studies (RMS), in which CWAs were used as an intervention to improve the process of care, patient outcomes, or healthcare costs.</p>
        </sec>
        <sec>
          <title>Data collection and analysis</title>
          <p>Teams of two review authors independently assessed the eligibility of studies. Disagreements were resolved by discussion, and when consensus was not reached, a third review author was consulted.</p>
        </sec>
        <sec>
          <title>Main results</title>
          <p>We screened 11,993 studies identified from the electronic database searches and 346 studies from grey literature sources. We analysed the full text of 99 studies. None of the studies met the eligibility criteria; two potentially relevant studies are ongoing.</p>
        </sec>
        <sec>
          <title>Authors' conclusions</title>
          <p>While there is a high number of published studies about CWAs, indicating that this is an active field of research, additional studies using rigorous experimental designs are needed to assess their impact and cost&#x2010;effectiveness on process and patient outcomes.</p>
        </sec>
      </abstract>
      <abstract abstract-type="short">
        <title>Collaborative writing applications to support the implementation of best practices in healthcare.</title>
        <p>
          <bold>What is the aim of this review?</bold>
        </p>
        <p>The aim of this Cochrane review was to find out whether collaborative writing applications (CWAs), also known as collaborative writing tools, could improve the way health professionals work, and improve patients&#x2019; health. Another goal of our study was to examine the costs and resources needed to use CWAs. Finally, we wanted to know if certain CWA features (for example, being open, like Wikipedia, versus being closed, like the Canadian CPOE toolkit), and different clinical practice change factors (for example, the presence of a moderator) increased the CWAs' impact on healthcare. We searched for studies to answer these questions.</p>
        <p>
          <bold>Key messages</bold>
        </p>
        <p>We did not identify any studies that measured the effect of CWAs on how healthcare professionals care for their patients.</p>
        <p>
          <bold>What was studied in this review?</bold>
        </p>
        <p>When people receive healthcare, it is important that they are treated according to best practices. However, decision makers, health professionals, researchers, and patients need tools to support best practices. Collaborative writing applications are a new category of information and communication technologies that allow multiple individuals to share, create, and revise online documents at the same time. They could help implement best practices in healthcare. Collaborative writing applications could also help adapt online documents to local contexts. This could help reduce duplication and waste of resources. The most widely known example of a CWA is Wikipedia, the online encyclopaedia. However, there are many other examples of CWAs (e.g. WikEM, WikiDoc, Canadian CPOE toolkit, WikiTrauma). Despite the fact that CWAs are promising tools, it is not yet known if they improve how healthcare professionals care for their patients.</p>
        <p>
          <bold>What are the main results of the review?</bold>
        </p>
        <p>We searched 14 scientific bibliographic databases, two trial registries, and grey literature sources. We also contacted 106 authors and experts in the field to ask for relevant papers. No studies met our eligibility criteria; two potentially relevant studies are ongoing.</p>
        <p>
          <bold>How up to date is this review?</bold>
        </p>
        <p>We searched for evidence to August 2016.</p>
      </abstract>
    </article-meta>
    <notes notes-type="status-note">
      <p>New</p>
    </notes>
  </front>
</article>
</pmc-articleset>