<?xml version="1.0" ?>
<!DOCTYPE pmc-articleset PUBLIC "-//NLM//DTD ARTICLE SET 2.0//EN" "https://dtd.nlm.nih.gov/ncbi/pmc/articleset/nlm-articleset-2.0.dtd">
<pmc-articleset><article xmlns:xlink="http://www.w3.org/1999/xlink" xmlns:mml="http://www.w3.org/1998/Math/MathML" id="CD011354.pub2" article-type="systematic-review">
  <!--The publisher of this article does not allow downloading of the full text in XML form.-->
  <front>
    <journal-meta>
      <journal-id journal-id-type="nlm-ta">Cochrane Database Syst Rev</journal-id>
      <journal-id journal-id-type="iso-abbrev">Cochrane Database Syst Rev</journal-id>
      <journal-id journal-id-type="publisher-id">14651858</journal-id>
      <journal-id journal-id-type="doi">10.1002/14651858</journal-id>
      <journal-title-group>
        <journal-title>The Cochrane Database of Systematic Reviews</journal-title>
      </journal-title-group>
      <issn pub-type="epub">1469-493X</issn>
      <issn-l>1361-6137</issn-l>
      <publisher>
        <publisher-name>John Wiley &amp; Sons, Ltd</publisher-name>
        <publisher-loc>Chichester, UK</publisher-loc>
      </publisher>
    </journal-meta>
    <article-meta>
      <article-id pub-id-type="pmid">26171910</article-id>
      <article-id pub-id-type="pmc">6464010</article-id>
      <article-id pub-id-type="doi">10.1002/14651858.CD011354.pub2</article-id>
      <article-id pub-id-type="publisher-id">CD011354</article-id>
      <article-id pub-id-type="other">CD011354.pub2</article-id>
      <article-categories>
        <subj-group subj-group-type="heading">
          <subject>Medicine General &amp; Introductory Medical Sciences</subject>
        </subj-group>
      </article-categories>
      <title-group>
        <article-title>Negative pressure wound therapy for treating leg ulcers</article-title>
      </title-group>
      <contrib-group>
        <contrib id="d28e63" contrib-type="author" corresp="yes">
          <name>
            <surname>Dumville</surname>
            <given-names>Jo C</given-names>
          </name>
          <address>
            <email>jo.dumville@manchester.ac.uk</email>
          </address>
          <xref ref-type="aff" rid="CD011354-aff-0001"/>
        </contrib>
        <contrib id="d28e68" contrib-type="author">
          <name>
            <surname>Land</surname>
            <given-names>Lucy</given-names>
          </name>
          <xref ref-type="aff" rid="CD011354-aff-0002"/>
        </contrib>
        <contrib id="d28e73" contrib-type="author">
          <name>
            <surname>Evans</surname>
            <given-names>Debra</given-names>
          </name>
          <xref ref-type="aff" rid="CD011354-aff-0003"/>
        </contrib>
        <contrib id="d28e78" contrib-type="author">
          <name>
            <surname>Peinemann</surname>
            <given-names>Frank</given-names>
          </name>
          <xref ref-type="aff" rid="CD011354-aff-0004"/>
        </contrib>
      </contrib-group>
      <aff id="CD011354-aff-0001">
        <institution>University of Manchester</institution>
        <institution content-type="dept">Division of Nursing, Midwifery &amp; Social Work, School of Health Sciences, Faculty of Biology, Medicine &amp; Health</institution>
        <city>Manchester</city>
        <country>UK</country>
        <postal-code>M13 9PL</postal-code>
      </aff>
      <aff id="CD011354-aff-0002">
        <institution>Birmingham City University</institution>
        <institution content-type="dept">Centre for Health and Social Care Research</institution>
        <addr-line>Ravensbury HouseWestbourne Road</addr-line>
        <city>Birmingham</city>
        <country>UK</country>
        <postal-code>B15 3TN</postal-code>
      </aff>
      <aff id="CD011354-aff-0003">
        <institution>Birmingham City University</institution>
        <institution content-type="dept">Division of Community Health and Social Work</institution>
        <addr-line>Bevan HouseWestbourne Road</addr-line>
        <city>Birmingham</city>
        <country>UK</country>
        <postal-code>B15 3TN</postal-code>
      </aff>
      <aff id="CD011354-aff-0004">
        <institution>Children's Hospital, University of Cologne</institution>
        <institution content-type="dept">Pediatric Oncology and Hematology</institution>
        <addr-line>Kerpener Str. 62</addr-line>
        <city>Cologne</city>
        <country>Germany</country>
        <postal-code>50937</postal-code>
      </aff>
      <author-notes>
        <fn>
          <p>Editorial Group: Cochrane Wounds Group.</p>
        </fn>
      </author-notes>
      <pub-date pub-type="epub">
        <day>14</day>
        <month>7</month>
        <year>2015</year>
      </pub-date>
      <pub-date pub-type="collection">
        <month>7</month>
        <year>2015</year>
      </pub-date>
      <pub-date pub-type="update">
        <day>02</day>
        <month>12</month>
        <year>2016</year>
      </pub-date>
      <volume>2015</volume>
      <issue>7</issue>
      <elocation-id>CD011354</elocation-id>
      <history>
        <date date-type="previous-update" publication-format="electronic">
          <day>28</day>
          <month>10</month>
          <year>2014</year>
        </date>
        <date date-type="cl-record-assessed-up-to-date">
          <day>21</day>
          <month>05</month>
          <year>2015</year>
        </date>
      </history>
      <permissions>
        <copyright-statement>Copyright &#xA9; 2016 The Cochrane Collaboration. Published by John Wiley &amp; Sons, Ltd.</copyright-statement>
        <copyright-year>2016</copyright-year>
        <copyright-holder>The Cochrane Collaboration</copyright-holder>
      </permissions>
      <related-article related-article-type="updated-article" ext-link-type="doi" xlink:href="10.1002/14651858.CD011354" id="d28e173"/>
      <abstract>
        <sec>
          <title>Background</title>
          <p>Leg ulcers are open skin wounds that occur between the ankle and the knee that can last weeks, months or even years and are a consequence of arterial or venous valvular insufficiency. Negative pressure wound therapy (NPWT) is a technology that is currently used widely in wound care and is promoted for use on wounds. NPWT involves the application of a wound dressing to the wound, to which a machine is attached. The machine applies a carefully controlled negative pressure (or vacuum), which sucks any wound and tissue fluid away from the treated area into a canister.</p>
        </sec>
        <sec>
          <title>Objectives</title>
          <p>To assess the effects of negative pressure wound therapy (NPWT) for treating leg ulcers in any care setting.</p>
        </sec>
        <sec>
          <title>Search methods</title>
          <p>For this review, in May 2015 we searched the following databases: the Cochrane Wounds Group Specialised Register (searched 21 May 2015); the Cochrane Central Register of Controlled Trials (CENTRAL; <italic>The Cochrane Library</italic> 2015, Issue 4); Ovid MEDLINE (1946 to 20 May 2015); Ovid MEDLINE (In&#x2010;Process &amp; Other Non&#x2010;Indexed Citations 20 May 2015); Ovid EMBASE (1974 to 20 May 2015); EBSCO CINAHL (1982 to 21 May 2015). There were no restrictions based on language or date of publication.</p>
        </sec>
        <sec>
          <title>Selection criteria</title>
          <p>Published or unpublished randomized controlled trials (RCTs) comparing the effects of NPWT with alternative treatments or different types of NPWT in the treatment of leg ulcers.</p>
        </sec>
        <sec>
          <title>Data collection and analysis</title>
          <p>Two review authors independently performed study selection, risk of bias assessment and data extraction.</p>
        </sec>
        <sec>
          <title>Main results</title>
          <p>We included one study, with 60 randomized participants, in the review. The study population had a range of ulcer types that were venous arteriolosclerotic and venous/arterial in origin. Study participants had recalcitrant ulcers that had not healed after treatment over a six&#x2010;month period. Participants allocated to NPWT received continuous negative pressure until they achieved 100% granulation (wound preparation stage). A punch skin&#x2010;graft transplantation was conducted and the wound then exposed to further NPWT for four days followed by standard care. Participants allocated to the control arm received standard care with dressings and compression until 100% granulation was achieved. These participants also received a punch skin&#x2010;graft transplant and then further treatment with standard care. All participants were treated as in&#x2010;patients until healing occurred.</p>
          <p>There was low quality evidence of a difference in time to healing that favoured the NPWT group: the study reported an adjusted hazard ratio of 3.2, with 95% confidence intervals (CI) 1.7 to 6.2<italic>.</italic> The follow&#x2010;up period of the study was a minimum of 12 months. There was no evidence of a difference in the total number of ulcers healed (29/30 in each group) over the follow&#x2010;up period; this finding was also low quality evidence.</p>
          <p>There was low quality evidence of a difference in time to wound preparation for surgery that favoured NPWT (hazard ratio 2.4, 95% CI 1.2 to 4.7).</p>
          <p>Limited data on adverse events were collected: these provided low quality evidence of no difference in pain scores and Euroqol (EQ&#x2010;5D) scores at eight weeks after surgery.</p>
        </sec>
        <sec>
          <title>Authors' conclusions</title>
          <p>There is limited rigorous RCT evidence available concerning the clinical effectiveness of NPWT in the treatment of leg ulcers. There is some evidence that the treatment may reduce time to healing as part of a treatment that includes a punch skin graft transplant, however, the applicability of this finding may be limited by the very specific context in which NPWT was evaluated. There is no RCT evidence on the effectiveness of NPWT as a primary treatment for leg ulcers.</p>
        </sec>
      </abstract>
      <abstract abstract-type="short">
        <title>Negative pressure wound therapy for treating leg ulcers</title>
        <p>
          <bold>Background</bold>
        </p>
        <p>Leg ulcers are wounds that occur between the ankle and the knee as a result of poor blood flow in the legs. These wounds are relatively common often affecting older people. There are several different treatments for these ulcers and the underlying problems that cause them. Negative pressure wound therapy (NPWT) is a treatment currently beng used for wounds including leg ulcers. NPWT involves the application to the wound of a dressing to which a machine is attached. The machine then applies a carefully controlled negative pressure (or vacuum), and sucks any wound and tissue fluid away from the treated area into a canister.</p>
        <p>
          <bold>What we found</bold>
        </p>
        <p>After extensive searching up to May 2015 to find all relevant medical studies that might provide evidence about whether NPWT is an effective treatment for leg ulcers, we found only one randomized controlled trial (RCT) that was eligible for this review. (RCTs provide more robust results than most other trial types.) The study was small with 60 participants who had hard&#x2010;to&#x2010;heal ulcers. The average age of these participants was 73 years, and 77% of them were women. The study was funded by the manufacturer of the NPWT machine. The study explored the use of NPWT in preparing leg ulcers for a skin graft. In the study, the ulcers were treated with NPWT or with normal (standard) care until the wounds were considered ready to have a skin graft applied. The study's results are not relevant for leg ulcers that are not being prepared for skin grafts. Participants remained in hospitals during treatment and until their wounds healed.</p>
        <p>There was low evidence from this study that ulcers treated with NPWT healed more quickly than those treated with standard care (dressings and compression). There was also evidence that ulcers treated with NPWT became ready for skin grafting more quickly than those treated with standard care. There were very limited results for other outcomes such as adverse events (harms) and it was not clear how information about adverse effects was collected. Twelve ulcers recurred (broke out again) in the NPWT group and 10 recurred in the standard care group.</p>
        <p>The evidence for the effectiveness of NPWT in treating leg ulcers is very limited, and at present consists of only one study with 60 participants. This study provided evidence that NPWT may reduce time to healing as part of a treatment that includes a skin graft. At present, no RCTs have investigated the effectiveness of NPWT as a main treatment for leg ulcers.</p>
        <p>This plain language summary is up&#x2010;to&#x2010;date as of May 2015.</p>
      </abstract>
      <kwd-group kwd-group-type="mesh">
        <kwd>Humans</kwd>
        <kwd>Negative&#x2010;Pressure Wound Therapy</kwd>
        <kwd>Leg Ulcer</kwd>
        <kwd>Leg Ulcer/therapy</kwd>
        <kwd>Randomized Controlled Trials as Topic</kwd>
      </kwd-group>
    </article-meta>
    <notes notes-type="status-note">
      <p>Edited (no change to conclusions)</p>
    </notes>
  </front>
</article>
</pmc-articleset>