<?xml version="1.0" ?>
<!DOCTYPE pmc-articleset PUBLIC "-//NLM//DTD ARTICLE SET 2.0//EN" "https://dtd.nlm.nih.gov/ncbi/pmc/articleset/nlm-articleset-2.0.dtd">
<pmc-articleset><article xmlns:xlink="http://www.w3.org/1999/xlink" xmlns:mml="http://www.w3.org/1998/Math/MathML" id="CD004610.pub5" article-type="systematic-review">
  <!--The publisher of this article does not allow downloading of the full text in XML form.-->
  <front>
    <journal-meta>
      <journal-id journal-id-type="nlm-ta">Cochrane Database Syst Rev</journal-id>
      <journal-id journal-id-type="iso-abbrev">Cochrane Database Syst Rev</journal-id>
      <journal-id journal-id-type="publisher-id">14651858</journal-id>
      <journal-id journal-id-type="doi">10.1002/14651858</journal-id>
      <journal-title-group>
        <journal-title>The Cochrane Database of Systematic Reviews</journal-title>
      </journal-title-group>
      <issn pub-type="epub">1469-493X</issn>
      <issn-l>1361-6137</issn-l>
      <publisher>
        <publisher-name>John Wiley &amp; Sons, Ltd</publisher-name>
        <publisher-loc>Chichester, UK</publisher-loc>
      </publisher>
    </journal-meta>
    <article-meta>
      <article-id pub-id-type="pmid">28257555</article-id>
      <article-id pub-id-type="pmc">6464548</article-id>
      <article-id pub-id-type="doi">10.1002/14651858.CD004610.pub5</article-id>
      <article-id pub-id-type="publisher-id">CD004610</article-id>
      <article-id pub-id-type="other">CD004610.pub5</article-id>
      <article-categories>
        <subj-group subj-group-type="heading">
          <subject>Medicine General &amp; Introductory Medical Sciences</subject>
        </subj-group>
      </article-categories>
      <title-group>
        <article-title>Antibiotic treatment for <italic>Clostridium difficile</italic>&#x2010;associated diarrhoea in adults</article-title>
      </title-group>
      <contrib-group>
        <contrib id="d28e66" contrib-type="author" corresp="yes">
          <name>
            <surname>Nelson</surname>
            <given-names>Richard L</given-names>
          </name>
          <address>
            <email>altohorn@live.com</email>
            <email>altohorn@uic.edu</email>
          </address>
          <xref ref-type="aff" rid="CD004610-aff-0001"/>
        </contrib>
        <contrib id="d28e71" contrib-type="author">
          <name>
            <surname>Suda</surname>
            <given-names>Katie J</given-names>
          </name>
          <xref ref-type="aff" rid="CD004610-aff-0002"/>
        </contrib>
        <contrib id="d28e76" contrib-type="author">
          <name>
            <surname>Evans</surname>
            <given-names>Charlesnika T</given-names>
          </name>
          <xref ref-type="aff" rid="CD004610-aff-0003"/>
        </contrib>
      </contrib-group>
      <aff id="CD004610-aff-0001">
        <institution>University of Illinois School of Public Health</institution>
        <institution content-type="dept">Epidemiology/Biometry Division</institution>
        <addr-line>1603 West TaylorRoom 956</addr-line>
        <city>Chicago</city>
        <country>USA</country>
        <postal-code>60612</postal-code>
      </aff>
      <aff id="CD004610-aff-0002">
        <institution>University of Illinois at Chicago</institution>
        <city>Chicago</city>
        <country>USA</country>
        <postal-code/>
      </aff>
      <aff id="CD004610-aff-0003">
        <institution>Northwestern University</institution>
        <institution content-type="dept">Department of Preventive Medicine and Center for Healthcare Studies</institution>
        <addr-line>633 N. St. Clair</addr-line>
        <city>Chicago</city>
        <country>USA</country>
        <postal-code>60611</postal-code>
      </aff>
      <author-notes>
        <fn>
          <p>Editorial Group: Cochrane IBD Group.</p>
        </fn>
      </author-notes>
      <pub-date pub-type="epub">
        <day>03</day>
        <month>3</month>
        <year>2017</year>
      </pub-date>
      <pub-date pub-type="collection">
        <month>3</month>
        <year>2017</year>
      </pub-date>
      <volume>2017</volume>
      <issue>3</issue>
      <elocation-id>CD004610</elocation-id>
      <history>
        <date date-type="previous-update" publication-format="electronic">
          <day>07</day>
          <month>09</month>
          <year>2011</year>
        </date>
      </history>
      <permissions>
        <copyright-statement>Copyright &#xA9; 2017 The Cochrane Collaboration. Published by John Wiley &amp; Sons, Ltd.</copyright-statement>
        <copyright-year>2017</copyright-year>
        <copyright-holder>The Cochrane Collaboration</copyright-holder>
      </permissions>
      <related-article related-article-type="updated-article" ext-link-type="doi" xlink:href="10.1002/14651858.CD004610.pub4" id="d28e144"/>
      <abstract>
        <sec>
          <title>Background</title>
          <p><italic>Clostridium difficile</italic> (<italic>C. difficile</italic>) is recognized as a frequent cause of antibiotic&#x2010;associated diarrhoea and colitis. This review is an update of a previously published Cochrane review.</p>
        </sec>
        <sec>
          <title>Objectives</title>
          <p>The aim of this review is to investigate the efficacy and safety of antibiotic therapy for <italic>C. difficile&#x2010;</italic>associated diarrhoea (CDAD), or <italic>C. difficile</italic> infection (CDI), being synonymous terms.</p>
        </sec>
        <sec>
          <title>Search methods</title>
          <p>We searched MEDLINE, EMBASE, CENTRAL and the Cochrane IBD Group Specialized Trials Register from inception to 26 January 2017. We also searched clinicaltrials.gov and clinicaltrialsregister.eu for ongoing trials.</p>
        </sec>
        <sec>
          <title>Selection criteria</title>
          <p>Only randomised controlled trials assessing antibiotic treatment for CDI were included in the review.</p>
        </sec>
        <sec>
          <title>Data collection and analysis</title>
          <p>Three authors independently assessed abstracts and full text articles for inclusion and extracted data. The risk of bias was independently rated by two authors. For dichotomous outcomes, we calculated the risk ratio (RR) and corresponding 95% confidence interval (95% CI). We pooled data using a fixed&#x2010;effect model, except where significant heterogeneity was detected, at which time a random&#x2010;effects model was used. The following outcomes were sought: sustained symptomatic cure (defined as initial symptomatic response and no recurrence of CDI), sustained bacteriologic cure, adverse reactions to the intervention, death and cost.</p>
        </sec>
        <sec>
          <title>Main results</title>
          <p>Twenty&#x2010;two studies (3215 participants) were included. The majority of studies enrolled patients with mild to moderate CDI who could tolerate oral antibiotics. Sixteen of the included studies excluded patients with severe CDI and few patients with severe CDI were included in the other six studies. Twelve different antibiotics were investigated: vancomycin, metronidazole, fusidic acid, nitazoxanide, teicoplanin, rifampin, rifaximin, bacitracin, cadazolid, LFF517, surotomycin and fidaxomicin. Most of the studies were active comparator studies comparing vancomycin with other antibiotics. One small study compared vancomycin to placebo. There were no other studies that compared antibiotic treatment to a placebo or a 'no treatment' control group. The risk of bias was rated as high for 17 of 22 included studies. Vancomycin was found to be more effective than metronidazole for achieving symptomatic cure. Seventy&#x2010;two per cent (318/444) of metronidazole patients achieved symptomatic cure compared to 79% (339/428) of vancomycin patients (RR 0.90, 95% CI 0.84 to 0.97; moderate quality evidence). Fidaxomicin was found to be more effective than vancomycin for achieving symptomatic cure. Seventy&#x2010;one per cent (407/572) of fidaxomicin patients achieved symptomatic cure compared to 61% (361/592) of vancomycin patients (RR 1.17, 95% CI 1.04 to 1.31; moderate quality evidence). Teicoplanin may be more effective than vancomycin for achieving a symptomatic cure. Eightly&#x2010;seven per cent (48/55) of teicoplanin patients achieved symptomatic cure compared to 73% (40/55) of vancomycin patients (RR 1.21, 95% CI 1.00 to 1.46; very low quality evidence). For other comparisons including the one placebo&#x2010;controlled study the quality of evidence was low or very low due to imprecision and in many cases high risk of bias because of attrition and lack of blinding. One hundred and forty deaths were reported in the studies, all of which were attributed by study authors to the co&#x2010;morbidities of the participants that lead to acquiring CDI. Although many other adverse events were reported during therapy, these were attributed to the participants' co&#x2010;morbidities. The only adverse events directly attributed to study medication were rare nausea and transient elevation of liver enzymes. Recent cost data (July 2016) for a 10 day course of treatment shows that metronidazole 500 mg is the least expensive antibiotic with a cost of USD 13 (Health Warehouse). Vancomycin 125 mg costs USD 1779 (Walgreens for 56 tablets) compared to fidaxomicin 200 mg at USD 3453.83 or more (Optimer Pharmaceuticals) and teicoplanin at approximately USD 83.67 (GBP 71.40, British National Formulary).</p>
        </sec>
        <sec>
          <title>Authors' conclusions</title>
          <p>No firm conclusions can be drawn regarding the efficacy of antibiotic treatment in severe CDI as most studies excluded patients with severe disease. The lack of any 'no treatment' control studies does not allow for any conclusions regarding the need for antibiotic treatment in patients with mild CDI beyond withdrawal of the initiating antibiotic. Nonetheless, moderate quality evidence suggests that vancomycin is superior to metronidazole and fidaxomicin is superior to vancomycin. The differences in effectiveness between these antibiotics were not too large and the advantage of metronidazole is its far lower cost compared to the other two antibiotics. The quality of evidence for teicoplanin is very low. Adequately powered studies are needed to determine if teicoplanin performs as well as the other antibiotics. A trial comparing the two cheapest antibiotics, metronidazole and teicoplanin, would be of interest.</p>
        </sec>
      </abstract>
      <abstract abstract-type="short">
        <title>Antibiotic therapy for <italic>Clostridium difficile&#x2010;</italic>associated diarrhoea in adults</title>
        <p>Background</p>
        <p><italic>Clostridium difficile</italic> (<italic>C. difficile</italic>) is a bacterium that can live harmlessly in the colon, but when an individual takes an antibiotic for another condition, the <italic>C. difficile</italic> can grow and replace most of the normal bacterial flora that live in the colon. This overgrowth causes <italic>C. difficile</italic>&#x2010;associated diarrhoea (also known as <italic>C. difficile</italic> infection &#x2010; CDI). The symptoms of CDI include diarrhoea, fever and pain. CDI may be only mild but in many cases is very serious and, if untreated, can be fatal. There are many proposed treatments for CDI, but the most common are withdrawing the antibiotic that caused the CDI and prescribing an antibiotic that kills the bacterium. Many antibiotics have been tested in clinical trials for effectiveness and this review studies the comparisons of these antibiotics. This review is an update of a previously published Cochrane review.</p>
        <p>Methods</p>
        <p>We searched the medical literature up to 26 January 2017. All randomised trials that compare two different antibiotics, or variations in dosing of a single antibiotic for treatment of CDI were included. Trials comparing antibiotic to placebo (e.g. a sugar pill) or no treatment were sought but, save for one poor quality placebo&#x2010;controlled trial, none were found. Trials that compared antibiotics to a non&#x2010;antibiotic treatment were not included.</p>
        <p>Results</p>
        <p>Twenty&#x2010;two studies (total 3215 participants) were included. The majority of studies enrolled participants with mild to moderate CDI who could tolerate oral antibiotics. Sixteen of the included studies excluded participants with severe CDI and few participants with severe CDI were included in the other studies. Twelve different antibiotics were assessed. Most of the studies compared vancomycin or metronidazole with other antibiotics. One small study compared vancomycin to placebo (e.g. sugar pill). There were no other studies that compared antibiotic treatment to a placebo or a no treatment control group. Seventeen of the 22 included studies had quality issues. In four studies, vancomycin was found to be superior to metronidazole for achieving sustained symptomatic cure (defined as resolution of diarrhoea and no recurrence of CDI). We rated the quality of the evidence supporting this finding as moderate. A new antibiotic, fidaxomicin, was, in two large studies, found to be superior to vancomycin. The quality of the evidence supporting this finding was moderate. It should be noted that the differences in effectiveness between these antibiotics were not too great and that metronidazole is far less expensive than either vancomycin and fidaxomicin. A pooled analysis of two small studies suggests that teicoplanin may be more effective than vancomycin for achieving symptomatic cure. The quality of the evidence supporting this finding was very low. The quality of the evidence for the other seven antibiotics in this review was very poor because the studies were very small, and many patients dropped out of these studies before completion. One hundred and forty deaths were reported in the studies, all of which were attributed to participants preexisting health problems. The only side effects attributed to antibiotics were rare nausea and temporary elevation of liver enzymes. Recent cost data (July 2016) for a 10 day course of treatment shows that metronidazole 500 mg is the least expensive antibiotic with a cost of USD 13. Vancomycin 125 mg costs USD 1779 compared to fidaxomicin 200 mg at USD 3453.83 or more and teicoplanin at approximately USD 83.67.</p>
        <p>Conclusion</p>
        <p>No firm conclusions can be drawn regarding the effectiveness of antibiotic treatment in severe CDI as most studies excluded these patients. The lack of any 'no treatment' control studies does not allow for any conclusions regarding the need for antibiotic treatment in patients with mild CDI beyond withdrawal of the antibiotic that caused CDI. Nonetheless, moderate quality evidence suggests that vancomycin is superior to metronidazole and fidaxomicin is superior to vancomycin. The differences in effectiveness between these antibiotics were not too large and the advantage of metronidazole is its far lower cost compared to the other antibiotics. The quality of evidence for teicoplanin is very low. Larger studies are needed to determine if teicoplanin performs as well as the other antibiotics. A trial comparing the two cheapest antibiotics, metronidazole and teicoplanin would be of interest.</p>
      </abstract>
      <kwd-group kwd-group-type="mesh">
        <kwd>Adult</kwd>
        <kwd>Humans</kwd>
        <kwd>Clostridium difficile</kwd>
        <kwd>Aminoglycosides</kwd>
        <kwd>Aminoglycosides/therapeutic use</kwd>
        <kwd>Anti&#x2010;Bacterial Agents</kwd>
        <kwd>Anti&#x2010;Bacterial Agents/adverse effects</kwd>
        <kwd>Anti&#x2010;Bacterial Agents/therapeutic use</kwd>
        <kwd>Bacitracin</kwd>
        <kwd>Bacitracin/therapeutic use</kwd>
        <kwd>Diarrhea</kwd>
        <kwd>Diarrhea/chemically induced</kwd>
        <kwd>Diarrhea/drug therapy</kwd>
        <kwd>Diarrhea/microbiology</kwd>
        <kwd>Enterocolitis, Pseudomembranous</kwd>
        <kwd>Enterocolitis, Pseudomembranous/complications</kwd>
        <kwd>Enterocolitis, Pseudomembranous/drug therapy</kwd>
        <kwd>Metronidazole</kwd>
        <kwd>Metronidazole/therapeutic use</kwd>
        <kwd>Randomized Controlled Trials as Topic</kwd>
        <kwd>Teicoplanin</kwd>
        <kwd>Teicoplanin/therapeutic use</kwd>
        <kwd>Treatment Outcome</kwd>
        <kwd>Vancomycin</kwd>
        <kwd>Vancomycin/therapeutic use</kwd>
      </kwd-group>
    </article-meta>
    <notes notes-type="status-note">
      <p>New search for studies and content updated (conclusions changed)</p>
    </notes>
  </front>
</article>
</pmc-articleset>