<?xml version="1.0" ?>
<!DOCTYPE pmc-articleset PUBLIC "-//NLM//DTD ARTICLE SET 2.0//EN" "https://dtd.nlm.nih.gov/ncbi/pmc/articleset/nlm-articleset-2.0.dtd">
<pmc-articleset><article xmlns:xlink="http://www.w3.org/1999/xlink" xmlns:mml="http://www.w3.org/1998/Math/MathML" id="CD008006.pub4" article-type="systematic-review">
  <!--The publisher of this article does not allow downloading of the full text in XML form.-->
  <front>
    <journal-meta>
      <journal-id journal-id-type="nlm-ta">Cochrane Database Syst Rev</journal-id>
      <journal-id journal-id-type="iso-abbrev">Cochrane Database Syst Rev</journal-id>
      <journal-id journal-id-type="publisher-id">14651858</journal-id>
      <journal-id journal-id-type="doi">10.1002/14651858</journal-id>
      <journal-title-group>
        <journal-title>The Cochrane Database of Systematic Reviews</journal-title>
      </journal-title-group>
      <issn pub-type="epub">1469-493X</issn>
      <issn-l>1361-6137</issn-l>
      <publisher>
        <publisher-name>John Wiley &amp; Sons, Ltd</publisher-name>
        <publisher-loc>Chichester, UK</publisher-loc>
      </publisher>
    </journal-meta>
    <article-meta>
      <article-id pub-id-type="pmid">26866512</article-id>
      <article-id pub-id-type="pmc">6483701</article-id>
      <article-id pub-id-type="doi">10.1002/14651858.CD008006.pub4</article-id>
      <article-id pub-id-type="publisher-id">CD008006</article-id>
      <article-id pub-id-type="other">CD008006.pub4</article-id>
      <article-categories>
        <subj-group subj-group-type="heading">
          <subject>Medicine General &amp; Introductory Medical Sciences</subject>
        </subj-group>
      </article-categories>
      <title-group>
        <article-title>End&#x2010;of&#x2010;life care pathways for improving outcomes in caring for the dying</article-title>
      </title-group>
      <contrib-group>
        <contrib id="d28e63" contrib-type="author" corresp="yes">
          <name>
            <surname>Chan</surname>
            <given-names>Raymond J</given-names>
          </name>
          <address>
            <email>raymond.chan@qut.edu.au</email>
          </address>
          <xref ref-type="aff" rid="CD008006-aff-0001"/>
        </contrib>
        <contrib id="d28e68" contrib-type="author">
          <name>
            <surname>Webster</surname>
            <given-names>Joan</given-names>
          </name>
          <xref ref-type="aff" rid="CD008006-aff-0002"/>
        </contrib>
        <contrib id="d28e73" contrib-type="author">
          <name>
            <surname>Bowers</surname>
            <given-names>Alison</given-names>
          </name>
          <xref ref-type="aff" rid="CD008006-aff-0003"/>
        </contrib>
      </contrib-group>
      <aff id="CD008006-aff-0001">
        <institution>Queensland University of Technology</institution>
        <institution content-type="dept">Institute of Health and Biomedical Innovation</institution>
        <city>Brisbane</city>
        <country>Australia</country>
        <postal-code/>
      </aff>
      <aff id="CD008006-aff-0002">
        <institution>Royal Brisbane and Women's Hospital</institution>
        <institution content-type="dept">Nursing and Midwifery Research Centre</institution>
        <addr-line>Butterfield Street</addr-line>
        <city>Herston</city>
        <country>Australia</country>
        <postal-code>4029</postal-code>
      </aff>
      <aff id="CD008006-aff-0003">
        <institution>West Moreton Hospital and Health Service</institution>
        <institution content-type="dept">Centre for Research and Innovation</institution>
        <addr-line>Chelmsford Avenue</addr-line>
        <city>Ipswich</city>
        <country>Australia</country>
        <postal-code>4305</postal-code>
      </aff>
      <author-notes>
        <fn>
          <p>Editorial Group: Cochrane Pain, Palliative and Supportive Care Group.</p>
        </fn>
      </author-notes>
      <pub-date pub-type="epub">
        <day>12</day>
        <month>2</month>
        <year>2016</year>
      </pub-date>
      <pub-date pub-type="collection">
        <month>2</month>
        <year>2016</year>
      </pub-date>
      <pub-date pub-type="update">
        <day>13</day>
        <month>11</month>
        <year>2018</year>
      </pub-date>
      <volume>2016</volume>
      <issue>2</issue>
      <elocation-id>CD008006</elocation-id>
      <history>
        <date date-type="previous-update" publication-format="electronic">
          <day>18</day>
          <month>11</month>
          <year>2013</year>
        </date>
      </history>
      <permissions>
        <copyright-statement>Copyright &#xA9; 2018 The Cochrane Collaboration. Published by John Wiley &amp; Sons, Ltd.</copyright-statement>
        <copyright-year>2018</copyright-year>
        <copyright-holder>The Cochrane Collaboration</copyright-holder>
      </permissions>
      <related-article related-article-type="updated-article" ext-link-type="doi" xlink:href="10.1002/14651858.CD008006.pub3" id="d28e149"/>
      <abstract>
        <sec>
          <title>Background</title>
          <p>This is an updated version of a Cochrane review published in Issue 11, 2013 in the Cochrane Library. In many clinical areas, integrated care pathways are utilised as structured multidisciplinary care plans that detail essential steps in caring for patients with specific clinical problems. In particular, care pathways for the dying have been developed as a model to improve care of patients who are in the last days of life. The care pathways were designed with an aim of ensuring that the most appropriate management occurs at the most appropriate time, and that it is provided by the most appropriate health professional. Since the last update, there have been sustained concerns about the safety of implementing end&#x2010;of&#x2010;life care pathways, particularly in the United Kingdom (UK). Therefore, there is a significant need for clinicians and policy makers to be informed about the effects of end&#x2010;of&#x2010;life care pathways via a systematic review.</p>
        </sec>
        <sec>
          <title>Objectives</title>
          <p>To assess the effects of end&#x2010;of&#x2010;life care pathways, compared with usual care (no pathway) or with care guided by another end&#x2010;of&#x2010;life care pathway across all healthcare settings (e.g. hospitals, residential aged care facilities, community).</p>
          <p>In particular, we aimed to assess the effects on symptom severity and quality of life of people who are dying, or those related to the care, such as families, carers and health professionals, or a combination of these.</p>
        </sec>
        <sec>
          <title>Search methods</title>
          <p>We searched the Cochrane Central Register of Controlled Trials (CENTRAL; Cochrane Library; 2015, Issue 6), MEDLINE, EMBASE, PsycINFO, CINAHL, review articles, trial registries and reference lists of relevant articles. We conducted the original search in September 2009, and the second updated search in July 2015.</p>
        </sec>
        <sec>
          <title>Selection criteria</title>
          <p>All randomised controlled trials (RCTs), quasi&#x2010;randomised trials or high quality controlled before&#x2010;and&#x2010;after studies comparing use versus non&#x2010;use of an end&#x2010;of&#x2010;life care pathway in caring for the dying.</p>
        </sec>
        <sec>
          <title>Data collection and analysis</title>
          <p>Two review authors independently assessed the results of the searches against the predetermined criteria for inclusion, assessed risk of bias, and extracted data. We used standard methodological procedures expected by Cochrane.</p>
        </sec>
        <sec>
          <title>Main results</title>
          <p>We screened 3028 titles, and included one Italian cluster RCT with 16 general medicine wards (inpatient units in hospitals) and 232 carers of cancer patients in this updated review. We judged the study to be at a high risk of bias overall, mainly due to a lack of blinding and rates of attrition. Only 34% of the participants (range 14% to 75% on individual wards) were cared for in accordance with the care pathway as planned. However, these issues were to be expected due to the nature of the intervention and condition. The study population was all cancer patients in their last days of life. Participants were allocated to care using the Liverpool Care Pathway (LCP&#x2010;I, Italian version of a continuous quality improvement programme of end&#x2010;of&#x2010;life care) or to standard care. The primary outcomes of this review were physical symptom severity, psychological symptom severity, quality of life, and any adverse effects. Physical symptom severity was assessed as overall control of pain, breathlessness, and nausea and vomiting. There was very low quality evidence of a difference in overall control of breathlessness that favoured the Liverpool Care Pathway group compared to usual care: the study reported an odds ratio (OR) of 2.0 with 95% confidence intervals (CIs) 1.1 to 3.8. Very low quality evidence of no difference was found for pain (OR 1.3, 95% CI 0.7 to 2.6, P = 0.461) and nausea and vomiting (OR 1.5, 95% CI 0.7 to 3.2, P = 0.252). None of the other primary outcomes were assessed by the study. Limited data on advance care planning were collected by the study authors, making results for this secondary outcome unreliable. None of our other secondary outcomes were assessed by the study.</p>
        </sec>
        <sec>
          <title>Authors' conclusions</title>
          <p>There is limited available evidence concerning the clinical, physical, psychological or emotional effectiveness of end&#x2010;of&#x2010;life care pathways.</p>
        </sec>
      </abstract>
      <abstract abstract-type="short">
        <title>End&#x2010;of&#x2010;life care pathways for the dying</title>
        <p>
          <bold>Background</bold>
        </p>
        <p>End&#x2010;of&#x2010;life care pathways are used for people who are in the last days of their life, to guide effective care and aid decision making. Due to substantial concerns regarding safety and quality of care associated with the pathway implementation, the most used end&#x2010;of&#x2010;life care pathway (Liverpool Care Pathway) is no longer used in the United Kingdom (UK). This review examined whether using end&#x2010;of&#x2010;life care pathways in caring for the dying was effective.</p>
        <p>
          <bold>Study characteristics</bold>
        </p>
        <p>In July 2015, we searched scientific databases for clinical trials in which the effect of the end&#x2010;of&#x2010;life care pathway was compared with a control group that received usual care, or with trials comparing one end&#x2010;of&#x2010;life care pathway with another end&#x2010;of&#x2010;life care pathway. Participants were patients, carers and families who received care guided by an end&#x2010;of&#x2010;life care pathway. There were no restrictions on age of the patient, diagnosis or setting (hospital, home, nursing home).</p>
        <p>
          <bold>Key results</bold>
        </p>
        <p>In the current review we found one Italian study, in which information about 232 patients who were dying was provided by their informal carers (friends or family). Only 34% of the participants were cared for in accordance with the pathway. Breathlessness was better controlled for patients on the Liverpool Care Pathway compared to patients not on the pathway, but this is based on evidence from one small trial. The study did not report on important outcomes such as the severity of other physical or psychological symptoms or quality of life, or if there were any side effects associated with using the end&#x2010;of&#x2010;life care pathway. Nor were there questions about satisfaction with care, costs of the intervention, or quality of communication between carers and healthcare providers.</p>
        <p>
          <bold>Quality of evidence</bold>
        </p>
        <p>We judged the included study to be of very low quality due to potential biases, including: not being able to prevent participants from knowing which group they were in (usual care or the care pathway group); the large number of carers who were initially enrolled, but who did not respond to follow&#x2010;up questionnaires (this was particularly true for carers of patients in the wards where the care pathway was not used (control wards)); the low proportion of patients who actually received the care pathway (intervention) as planned; and that the study only included cancer patients in Italian hospitals; therefore, results might not apply to patients with other diseases.</p>
      </abstract>
      <kwd-group kwd-group-type="mesh">
        <kwd>Humans</kwd>
        <kwd>Critical Pathways</kwd>
        <kwd>Terminal Care</kwd>
        <kwd>Terminal Care/psychology</kwd>
        <kwd>Dyspnea</kwd>
        <kwd>Dyspnea/prevention &amp; control</kwd>
        <kwd>Nausea</kwd>
        <kwd>Nausea/prevention &amp; control</kwd>
        <kwd>Pain Management</kwd>
        <kwd>Quality of Life</kwd>
        <kwd>Randomized Controlled Trials as Topic</kwd>
        <kwd>Treatment Outcome</kwd>
        <kwd>Vomiting</kwd>
        <kwd>Vomiting/prevention &amp; control</kwd>
      </kwd-group>
    </article-meta>
    <notes notes-type="status-note">
      <p>Stable (no update expected for reasons given in 'What's new')</p>
    </notes>
  </front>
</article>
</pmc-articleset>