<?xml version="1.0" ?>
<!DOCTYPE pmc-articleset PUBLIC "-//NLM//DTD ARTICLE SET 2.0//EN" "https://dtd.nlm.nih.gov/ncbi/pmc/articleset/nlm-articleset-2.0.dtd">
<pmc-articleset><article xmlns:xlink="http://www.w3.org/1999/xlink" xmlns:mml="http://www.w3.org/1998/Math/MathML" id="CD012065.pub2" article-type="systematic-review">
  <!--The publisher of this article does not allow downloading of the full text in XML form.-->
  <front>
    <journal-meta>
      <journal-id journal-id-type="nlm-ta">Cochrane Database Syst Rev</journal-id>
      <journal-id journal-id-type="iso-abbrev">Cochrane Database Syst Rev</journal-id>
      <journal-id journal-id-type="publisher-id">14651858</journal-id>
      <journal-id journal-id-type="doi">10.1002/14651858</journal-id>
      <journal-title-group>
        <journal-title>The Cochrane Database of Systematic Reviews</journal-title>
      </journal-title-group>
      <issn pub-type="epub">1469-493X</issn>
      <issn-l>1361-6137</issn-l>
      <publisher>
        <publisher-name>John Wiley &amp; Sons, Ltd</publisher-name>
        <publisher-loc>Chichester, UK</publisher-loc>
      </publisher>
    </journal-meta>
    <article-meta>
      <article-id pub-id-type="pmid">27922722</article-id>
      <article-id pub-id-type="pmc">6463801</article-id>
      <article-id pub-id-type="doi">10.1002/14651858.CD012065.pub2</article-id>
      <article-id pub-id-type="publisher-id">CD012065</article-id>
      <article-id pub-id-type="other">CD012065.pub2</article-id>
      <article-categories>
        <subj-group subj-group-type="heading">
          <subject>Medicine General &amp; Introductory Medical Sciences</subject>
        </subj-group>
      </article-categories>
      <title-group>
        <article-title>Topiramate versus carbamazepine monotherapy for epilepsy: an individual participant data review</article-title>
      </title-group>
      <contrib-group>
        <contrib id="d28e63" contrib-type="author" corresp="yes">
          <name>
            <surname>Nevitt</surname>
            <given-names>Sarah J</given-names>
          </name>
          <address>
            <email>sjn16@liverpool.ac.uk</email>
          </address>
          <xref ref-type="aff" rid="CD012065-aff-0001"/>
        </contrib>
        <contrib id="d28e68" contrib-type="author">
          <name>
            <surname>Sudell</surname>
            <given-names>Maria</given-names>
          </name>
          <xref ref-type="aff" rid="CD012065-aff-0002"/>
        </contrib>
        <contrib id="d28e73" contrib-type="author">
          <name>
            <surname>Tudur Smith</surname>
            <given-names>Catrin</given-names>
          </name>
          <xref ref-type="aff" rid="CD012065-aff-0001"/>
        </contrib>
        <contrib id="d28e78" contrib-type="author">
          <name>
            <surname>Marson</surname>
            <given-names>Anthony G</given-names>
          </name>
          <xref ref-type="aff" rid="CD012065-aff-0003"/>
        </contrib>
      </contrib-group>
      <aff id="CD012065-aff-0001">
        <institution>University of Liverpool</institution>
        <institution content-type="dept">Department of Biostatistics</institution>
        <addr-line>Block F, Waterhouse Building1&#x2010;5 Brownlow Hill</addr-line>
        <city>Liverpool</city>
        <country>UK</country>
        <postal-code>L69 3GL</postal-code>
      </aff>
      <aff id="CD012065-aff-0002">
        <institution>The University of Liverpool</institution>
        <institution content-type="dept">Department of Biostatistics</institution>
        <city>Liverpool</city>
        <country>UK</country>
        <postal-code/>
      </aff>
      <aff id="CD012065-aff-0003">
        <institution>Institute of Translational Medicine, University of Liverpool</institution>
        <institution content-type="dept">Department of Molecular and Clinical Pharmacology</institution>
        <addr-line>Clinical Sciences Centre for Research and Education, Lower LaneFazakerley</addr-line>
        <city>Liverpool</city>
        <country>UK</country>
        <postal-code>L9 7LJ</postal-code>
      </aff>
      <author-notes>
        <fn>
          <p>Editorial Group: Cochrane Epilepsy Group.</p>
        </fn>
      </author-notes>
      <pub-date pub-type="epub">
        <day>06</day>
        <month>12</month>
        <year>2016</year>
      </pub-date>
      <pub-date pub-type="collection">
        <month>12</month>
        <year>2016</year>
      </pub-date>
      <pub-date pub-type="update">
        <day>27</day>
        <month>04</month>
        <year>2017</year>
      </pub-date>
      <volume>2016</volume>
      <issue>12</issue>
      <elocation-id>CD012065</elocation-id>
      <history>
        <date date-type="previous-update" publication-format="electronic">
          <day>28</day>
          <month>01</month>
          <year>2016</year>
        </date>
        <date date-type="cl-record-assessed-up-to-date">
          <day>14</day>
          <month>04</month>
          <year>2016</year>
        </date>
      </history>
      <permissions>
        <copyright-statement>Copyright &#xA9; 2017 The Cochrane Collaboration. Published by John Wiley &amp; Sons, Ltd.</copyright-statement>
        <copyright-year>2017</copyright-year>
        <copyright-holder>The Cochrane Collaboration</copyright-holder>
      </permissions>
      <related-article related-article-type="updated-article" ext-link-type="doi" xlink:href="10.1002/14651858.CD012065" id="d28e155"/>
      <abstract>
        <sec>
          <title>Background</title>
          <p>Epilepsy is a common neurological condition in which abnormal electrical discharges from the brain cause recurrent unprovoked seizures. It is believed that with effective drug treatment, up to 70% of individuals with active epilepsy have the potential to become seizure&#x2010;free and go into long&#x2010;term remission shortly after starting drug therapy, the majority of which may be able to achieve remission with a single antiepileptic drug (AED).</p>
          <p>The correct choice of first&#x2010;line antiepileptic therapy for individuals with newly diagnosed seizures is of great importance. It is important that the choice of AED for an individual is based on the highest&#x2010;quality evidence available regarding the potential benefits and harms of various treatments. It is also important to compare the efficacy and tolerability of AEDs appropriate to given seizure types.</p>
          <p>Topiramate and carbamazepine are commonly used AEDs. Performing a synthesis of the evidence from existing trials will increase the precision of results of outcomes relating to efficacy and tolerability, and may help inform a choice between the two drugs.</p>
        </sec>
        <sec>
          <title>Objectives</title>
          <p>To assess the effects of topiramate monotherapy versus carbamazepine monotherapy for epilepsy in people with partial&#x2010;onset seizures (simple or complex partial and secondarily generalised) or generalised onset tonic&#x2010;clonic seizures (with or without other generalised seizure types).</p>
        </sec>
        <sec>
          <title>Search methods</title>
          <p>We searched the Cochrane Epilepsy Group Specialized Register (14 April 2016), the Cochrane Central Register of Controlled Trials (CENTRAL) (14 April 2016) and MEDLINE (Ovid, 1946 to 14 April 2016). We imposed no language restrictions. We also contacted pharmaceutical companies and trial investigators.</p>
        </sec>
        <sec>
          <title>Selection criteria</title>
          <p>Randomised controlled trials in children or adults with partial&#x2010;onset seizures or generalised&#x2010;onset tonic&#x2010;clonic seizures with or without other generalised seizure types with a comparison of monotherapy with either topiramate or carbamazepine.</p>
        </sec>
        <sec>
          <title>Data collection and analysis</title>
          <p>This was an individual participant data (IPD) review. Our primary outcome was 'time to withdrawal of allocated treatment&#x2019;, and our secondary outcomes were 'time to first seizure post randomisation&#x2019;, 'time to 6&#x2010;month remission, 'time to 12&#x2010;month remission&#x2019; and incidence of adverse events. We used Cox proportional hazards regression models to obtain trial&#x2010;specific estimates of hazard ratios (HRs) with 95% confidence intervals (CIs), and used the generic inverse variance method to obtain the overall pooled HRs and 95% CIs.</p>
        </sec>
        <sec>
          <title>Main results</title>
          <p>IPD were available for 1151 of 1239 eligible individuals from two of three eligible studies (93% of the potential data). A small proportion of individuals recruited into these trials had 'unclassified seizures;' for analysis purposes, these individuals are grouped with those with generalised onset seizures. For remission outcomes, a HR &lt; 1 indicated an advantage for carbamazepine, and for first seizure and withdrawal outcomes, a HR &lt; 1 indicated an advantage for topiramate.</p>
          <p>The main overall results, given as pooled HR adjusted for seizure type (95% CI) were: for time to withdrawal of allocated treatment 1.16 (0.98 to 1.38); time to first seizure 1.11 (0.96 to 1.29); and time to 6&#x2010;month remission 0.88 (0.76 to 1.01). There were no statistically significant differences between the drugs. A statistically significant advantage for carbamazepine was shown for time to 12&#x2010;month remission: 0.84 (0.71 to 1.00).</p>
          <p>The results of this review are applicable mainly to individuals with partial&#x2010;onset seizures; 85% of included individuals experienced seizures of this type at baseline. For individuals with partial&#x2010;onset seizures, a statistically significant advantage for carbamazepine was shown for time to withdrawal of allocated treatment (HR 1.20, 95% CI 1.00 to 1.45) and time to 12&#x2010;month remission (HR 0.84, 95% CI 0.71 to 1.00). No statistically significant differences were apparent between the drugs for other outcomes and for the limited number of individuals with generalised&#x2010;onset tonic&#x2010;clonic seizures with or without other generalised seizure types or unclassified seizures.</p>
          <p>The most commonly reported adverse events with both drugs were drowsiness or fatigue, &#x2018;pins and needles&#x2019; (tingling sensation), headache, gastrointestinal disturbance and anxiety or depression The rate of adverse events was similar across the two drugs.</p>
          <p>We judged the methodological quality of the included trials generally to be good; however, there was some evidence that the open&#x2010;label design of the larger of the two trials may have influenced the withdrawal rate from the trial. Hence, we judged the evidence for the primary outcome of treatment withdrawal to be moderate for individuals with partial&#x2010;onset seizures and low for individuals with generalised&#x2010;onset seizures. For efficacy outcomes (first seizure, remission), we judged the evidence from this review to be high for individuals with partial&#x2010;onset seizures and moderate for individuals with generalised&#x2010;onset or unclassified seizures.</p>
        </sec>
        <sec>
          <title>Authors' conclusions</title>
          <p>For individuals with partial&#x2010;onset seizures, there is evidence that carbamazepine is less likely to be withdrawn and that 12&#x2010;month remission will be achieved earlier than with topiramate. No differences were found between the drugs in terms of the outcomes measured in the review for individuals with generalised tonic&#x2010;clonic seizures with or without other seizure types or unclassified epilepsy; however, we encourage caution in the interpretation of these results due to the small numbers of participants with these seizure types.</p>
          <p>We recommend that future trials should be designed to the highest quality possible and take into consideration masking, choice of population, classification of seizure type, duration of follow&#x2010;up, choice of outcomes and analysis, and presentation of results.</p>
        </sec>
      </abstract>
      <abstract abstract-type="short">
        <title>Topiramate versus carbamazepine as single drug treatment for epilepsy</title>
        <p>
          <underline>Background</underline>
        </p>
        <p>Epilepsy is a common disorder of the nervous system in which abnormal electrical discharges from the brain cause recurrent seizures (physical convulsions or thought disturbances or a combination of these symptoms). We studied two types of epileptic seizures in this review: generalised&#x2010;onset seizures in which electrical discharges begin in one part of the brain and move throughout the brain, and partial&#x2010;onset seizures (also known as focal&#x2010;onset seizures) in which the seizure is generated in and affects the same part of the brain. Partial&#x2010;onset seizures may become generalised (secondary generalisation) and move from one part of the brain to throughout the brain. Up to 70% of individuals with active epilepsy have the potential to go into long&#x2010;term remission shortly after starting drug therapy and around 70% of these individuals can achieve seizure freedom using a single antiepileptic drug.</p>
        <p>This review applies to people with partial&#x2010;onset seizures (with or without secondary generalisation) and people with tonic&#x2010;clonic seizures, a specific type of generalised&#x2010;onset seizure, as the recommended treatments for these seizure types are similar.</p>
        <p>
          <underline>Objective</underline>
        </p>
        <p>Topiramate and carbamazepine are commonly used treatments for individuals with epilepsy. The aim of this review was to compare how effective these drugs are at controlling recently diagnosed seizures, whether they are associated with side effects that may result in individuals stopping the drug and to inform a choice between these drugs.</p>
        <p>
          <underline>Methods</underline>
        </p>
        <p>We searched for trials published April 2016. We assessed the evidence from three clinical trials that compared topiramate with carbamazepine. We were able to combine data for 1151 people from two trials; we were not able to use the data from the remaining trial, which included 88 participants.</p>
        <p>
          <underline>Results</underline>
        </p>
        <p>Most (85%) of the people included in the two trials experienced partial seizures, so the results of this review apply mainly to people with this seizure type. Many of the remaining 15% of people experienced a seizure type which was difficult to classify as partial or generalised (unclassified seizures). Considering only people with partial seizures, the results showed that those taking carbamazepine were more likely to take their treatment for longer and to achieve a remission of 12 months duration earlier than those taking topiramate. No differences were found between the drugs in individuals with generalised&#x2010;onset or unclassified epilepsy.</p>
        <p>The most common side effects reported by the participants during the trials were fatigue, &#x2018;pins and needles&#x2019; (tingling sensation), headache, gastrointestinal problems and anxiety or depression. These side effects were reported a similar number of times by people taking topiramate or carbamazepine.</p>
        <p>
          <underline>Quality of the evidence</underline>
        </p>
        <p>For people with partial&#x2010;onset seizures, we judged the quality of the evidence to be moderate to high. The design of the trials (whether the people and treating clinicians knew which drug they were taking) may have influenced the how long a participant stayed on their treatment. For the small number of people with generalised&#x2010;onset or unclassified seizures, we judged the quality of the evidence to be low to moderate.</p>
        <p>
          <underline>Conclusions</underline>
        </p>
        <p>Carbamazepine is currently recommended by experts for the treatment of individuals who are newly diagnosed with partial&#x2010;onset seizures and the results of this review do not provide any evidence to contradict this. More information is needed for people with generalised&#x2010;onset or unclassified seizures. We recommend that all future trials comparing these drugs, or any other antiepileptic drugs, should be designed using high&#x2010;quality methods, and the types of seizure of the people included in any trials should be classified very carefully to ensure that the results are also of high quality.</p>
      </abstract>
      <kwd-group kwd-group-type="mesh">
        <kwd>Humans</kwd>
        <kwd>Anticonvulsants</kwd>
        <kwd>Anticonvulsants/adverse effects</kwd>
        <kwd>Anticonvulsants/therapeutic use</kwd>
        <kwd>Carbamazepine</kwd>
        <kwd>Carbamazepine/adverse effects</kwd>
        <kwd>Carbamazepine/therapeutic use</kwd>
        <kwd>Epilepsies, Partial</kwd>
        <kwd>Epilepsies, Partial/drug therapy</kwd>
        <kwd>Epilepsy, Generalized</kwd>
        <kwd>Epilepsy, Generalized/drug therapy</kwd>
        <kwd>Epilepsy, Tonic&#x2010;Clonic</kwd>
        <kwd>Epilepsy, Tonic&#x2010;Clonic/drug therapy</kwd>
        <kwd>Fructose</kwd>
        <kwd>Fructose/adverse effects</kwd>
        <kwd>Fructose/analogs &amp; derivatives</kwd>
        <kwd>Fructose/therapeutic use</kwd>
        <kwd>Induction Chemotherapy</kwd>
      </kwd-group>
    </article-meta>
    <notes notes-type="status-note">
      <p>Edited (no change to conclusions)</p>
    </notes>
  </front>
</article>
</pmc-articleset>