<?xml version="1.0" ?>
<!DOCTYPE pmc-articleset PUBLIC "-//NLM//DTD ARTICLE SET 2.0//EN" "https://dtd.nlm.nih.gov/ncbi/pmc/articleset/nlm-articleset-2.0.dtd">
<pmc-articleset><article xmlns:xlink="http://www.w3.org/1999/xlink" xmlns:mml="http://www.w3.org/1998/Math/MathML" id="CD001862.pub3" article-type="systematic-review">
  <!--The publisher of this article does not allow downloading of the full text in XML form.-->
  <front>
    <journal-meta>
      <journal-id journal-id-type="nlm-ta">Cochrane Database Syst Rev</journal-id>
      <journal-id journal-id-type="iso-abbrev">Cochrane Database Syst Rev</journal-id>
      <journal-id journal-id-type="publisher-id">14651858</journal-id>
      <journal-id journal-id-type="doi">10.1002/14651858</journal-id>
      <journal-title-group>
        <journal-title>The Cochrane Database of Systematic Reviews</journal-title>
      </journal-title-group>
      <issn pub-type="epub">1469-493X</issn>
      <issn-l>1361-6137</issn-l>
      <publisher>
        <publisher-name>John Wiley &amp; Sons, Ltd</publisher-name>
        <publisher-loc>Chichester, UK</publisher-loc>
      </publisher>
    </journal-meta>
    <article-meta>
      <article-id pub-id-type="pmc">6457593</article-id>
      <article-id pub-id-type="doi">10.1002/14651858.CD001862.pub3</article-id>
      <article-id pub-id-type="publisher-id">CD001862</article-id>
      <article-id pub-id-type="other">CD001862.pub3</article-id>
      <article-categories>
        <subj-group subj-group-type="heading">
          <subject>Medicine General &amp; Introductory Medical Sciences</subject>
        </subj-group>
      </article-categories>
      <title-group>
        <article-title>Interventions for preventing ophthalmia neonatorum</article-title>
      </title-group>
      <contrib-group>
        <contrib id="d28e63" contrib-type="author" corresp="yes">
          <name>
            <surname>Kapoor</surname>
            <given-names>Vimal S</given-names>
          </name>
          <address>
            <email>vskapoor@rogers.com</email>
            <email>vimal.kapoor@mail.mcgill.ca</email>
          </address>
          <xref ref-type="aff" rid="CD001862-aff-0001"/>
        </contrib>
        <contrib id="d28e68" contrib-type="author">
          <name>
            <surname>Whyte</surname>
            <given-names>Robin</given-names>
          </name>
          <xref ref-type="aff" rid="CD001862-aff-0002"/>
        </contrib>
        <contrib id="d28e73" contrib-type="author">
          <name>
            <surname>Vedula</surname>
            <given-names>Satyanarayana S</given-names>
          </name>
          <xref ref-type="aff" rid="CD001862-aff-0003"/>
        </contrib>
      </contrib-group>
      <aff id="CD001862-aff-0001">
        <institution>University of Toronto</institution>
        <city>Toronto</city>
        <country>Canada</country>
        <postal-code/>
      </aff>
      <aff id="CD001862-aff-0002">
        <institution>Halifax Dalhousie University, IWK Health Centre</institution>
        <institution content-type="dept">Department of Neonatal Pediatrics</institution>
        <addr-line>5850/5980 University Avenue</addr-line>
        <city>Halifax</city>
        <country>Canada</country>
        <postal-code>B3K 6R8</postal-code>
      </aff>
      <aff id="CD001862-aff-0003">
        <institution>Johns Hopkins University</institution>
        <addr-line>3400 N. Charles Street</addr-line>
        <city>Baltimore</city>
        <country>USA</country>
        <postal-code>21218</postal-code>
      </aff>
      <author-notes>
        <fn>
          <p>Editorial Group: Cochrane Eyes and Vision Group.</p>
        </fn>
      </author-notes>
      <pub-date pub-type="epub">
        <day>28</day>
        <month>9</month>
        <year>2016</year>
      </pub-date>
      <pub-date pub-type="collection">
        <month>9</month>
        <year>2016</year>
      </pub-date>
      <pub-date pub-type="update">
        <day>27</day>
        <month>09</month>
        <year>2016</year>
      </pub-date>
      <volume>2016</volume>
      <issue>9</issue>
      <elocation-id>CD001862</elocation-id>
      <history>
        <date date-type="previous-update" publication-format="electronic">
          <day>17</day>
          <month>12</month>
          <year>2015</year>
        </date>
      </history>
      <permissions>
        <copyright-statement>Copyright &#xA9; 2016 The Cochrane Collaboration. Published by John Wiley &amp; Sons, Ltd.</copyright-statement>
        <copyright-year>2016</copyright-year>
        <copyright-holder>The Cochrane Collaboration</copyright-holder>
      </permissions>
      <related-article related-article-type="updated-article" ext-link-type="doi" xlink:href="10.1002/14651858.CD001862.pub2" id="d28e147"/>
      <abstract>
        <title>Abstract</title>
        <p>This is the protocol for a review and there is no abstract. The objectives are as follows:</p>
        <p>The objectives of this review are:</p>
        <p>
          <list list-type="order">
            <list-item>
              <p>To determine if any type of ophthalmia neonatorum prophylaxis reduces the incidence of conjunctivitis in neonates.</p>
            </list-item>
            <list-item>
              <p>To determine which ophthalmia neonatorum prophylaxis is most effective at reducing the incidence of conjunctivitis in neonates.</p>
            </list-item>
          </list>
        </p>
      </abstract>
    </article-meta>
    <notes notes-type="status-note">
      <p>Amended to reflect a change in scope (see 'What's new')</p>
    </notes>
  </front>
</article>
</pmc-articleset>