<?xml version="1.0" ?>
<!DOCTYPE pmc-articleset PUBLIC "-//NLM//DTD ARTICLE SET 2.0//EN" "https://dtd.nlm.nih.gov/ncbi/pmc/articleset/nlm-articleset-2.0.dtd">
<pmc-articleset><article xmlns:xlink="http://www.w3.org/1999/xlink" xmlns:mml="http://www.w3.org/1998/Math/MathML" id="CD002251.pub3" article-type="systematic-review">
  <!--The publisher of this article does not allow downloading of the full text in XML form.-->
  <front>
    <journal-meta>
      <journal-id journal-id-type="nlm-ta">Cochrane Database Syst Rev</journal-id>
      <journal-id journal-id-type="iso-abbrev">Cochrane Database Syst Rev</journal-id>
      <journal-id journal-id-type="publisher-id">14651858</journal-id>
      <journal-id journal-id-type="doi">10.1002/14651858</journal-id>
      <journal-title-group>
        <journal-title>The Cochrane Database of Systematic Reviews</journal-title>
      </journal-title-group>
      <issn pub-type="epub">1469-493X</issn>
      <issn-l>1361-6137</issn-l>
      <publisher>
        <publisher-name>John Wiley &amp; Sons, Ltd</publisher-name>
        <publisher-loc>Chichester, UK</publisher-loc>
      </publisher>
    </journal-meta>
    <article-meta>
      <article-id pub-id-type="pmid">28976555</article-id>
      <article-id pub-id-type="pmc">6483677</article-id>
      <article-id pub-id-type="doi">10.1002/14651858.CD002251.pub3</article-id>
      <article-id pub-id-type="publisher-id">CD002251.pub3</article-id>
      <article-id pub-id-type="other">CD002251</article-id>
      <article-categories>
        <subj-group>
          <subject>Pregnancy &amp; childbirth</subject>
          <subject>Caesarean section</subject>
        </subj-group>
      </article-categories>
      <title-group>
        <article-title>Techniques for preventing hypotension during spinal anaesthesia for caesarean section</article-title>
      </title-group>
      <contrib-group>
        <contrib id="d20e195" contrib-type="author">
          <name>
            <surname>Chooi</surname>
            <given-names>Cheryl</given-names>
          </name>
          <xref ref-type="aff" rid="CD002251-aff-0001"/>
        </contrib>
        <contrib id="d20e199" contrib-type="author">
          <name>
            <surname>Cox</surname>
            <given-names>Julia J</given-names>
          </name>
          <xref ref-type="aff" rid="CD002251-aff-0001"/>
        </contrib>
        <contrib id="d20e203" contrib-type="author">
          <name>
            <surname>Lumb</surname>
            <given-names>Richard S</given-names>
          </name>
          <xref ref-type="aff" rid="CD002251-aff-0001"/>
        </contrib>
        <contrib id="d20e207" contrib-type="author">
          <name>
            <surname>Middleton</surname>
            <given-names>Philippa</given-names>
          </name>
          <xref ref-type="aff" rid="CD002251-aff-0002"/>
        </contrib>
        <contrib id="d20e211" contrib-type="author">
          <name>
            <surname>Chemali</surname>
            <given-names>Mark</given-names>
          </name>
          <xref ref-type="aff" rid="CD002251-aff-0003"/>
        </contrib>
        <contrib id="d20e215" contrib-type="author">
          <name>
            <surname>Emmett</surname>
            <given-names>Richard S</given-names>
          </name>
          <xref ref-type="aff" rid="CD002251-aff-0001"/>
        </contrib>
        <contrib id="d20e219" contrib-type="author">
          <name>
            <surname>Simmons</surname>
            <given-names>Scott W</given-names>
          </name>
          <xref ref-type="aff" rid="CD002251-aff-0004"/>
        </contrib>
        <contrib id="d20e223" contrib-type="author" corresp="yes">
          <name>
            <surname>Cyna</surname>
            <given-names>Allan M</given-names>
          </name>
          <address>
            <email>allan.cyna@health.sa.gov.au</email>
          </address>
          <xref ref-type="aff" rid="CD002251-aff-0001"/>
          <xref ref-type="aff" rid="CD002251-aff-0005"/>
        </contrib>
        <contrib id="d20e233" contrib-type="editor">
          <collab collab-type="editors">Cochrane Pregnancy and Childbirth Group</collab>
        </contrib>
      </contrib-group>
      <aff id="CD002251-aff-0001">
        <institution>Women's and Children's Hospital</institution>
        <institution content-type="dept">Department of Women's Anaesthesia</institution>
        <addr-line>72 King William Road</addr-line>
        <city>Adelaide</city>
        <country>Australia</country>
        <postal-code>5006</postal-code>
      </aff>
      <aff id="CD002251-aff-0002">
        <institution>Healthy Mothers, Babies and Children, South Australian Health and Medical Research Institute</institution>
        <addr-line>Women's and Children's Hospital</addr-line>
        <addr-line>72 King William Road</addr-line>
        <city>Adelaide</city>
        <state>South Australia</state>
        <country>Australia</country>
        <postal-code>5006</postal-code>
      </aff>
      <aff id="CD002251-aff-0003">
        <institution>Royal North Shore Hospital</institution>
        <addr-line>Reserve Road</addr-line>
        <addr-line>St Leonards</addr-line>
        <city>Sydney</city>
        <state>NSW</state>
        <country>Australia</country>
        <postal-code>2065</postal-code>
      </aff>
      <aff id="CD002251-aff-0004">
        <institution>Mercy Hospital for Women</institution>
        <institution content-type="dept">Department of Anaesthesia</institution>
        <addr-line>163 Studley Road</addr-line>
        <city>Heidelberg</city>
        <state>Victoria</state>
        <country>Australia</country>
        <postal-code>3084</postal-code>
      </aff>
      <aff id="CD002251-aff-0005">
        <institution>University of Sydney</institution>
        <city>Sydney</city>
        <country>Australia</country>
      </aff>
      <pub-date pub-type="epub">
        <day>4</day>
        <month>8</month>
        <year>2017</year>
      </pub-date>
      <pub-date pub-type="collection">
        <month>8</month>
        <year>2017</year>
      </pub-date>
      <pub-date pub-type="update">
        <day>3</day>
        <month>8</month>
        <year>2017</year>
      </pub-date>
      <volume>2017</volume>
      <issue>8</issue>
      <elocation-id>CD002251</elocation-id>
      <permissions>
        <copyright-statement>Copyright &#xA9; 2017 The Cochrane Collaboration. Published by John Wiley &amp; Sons, Ltd.</copyright-statement>
      </permissions>
      <related-article related-article-type="updated-article" ext-link-type="doi" xlink:href="10.1002/14651858.CD002251.pub2" id="d20e38"/>
      <abstract>
        <title>Abstract</title>
        <sec id="CD002251-abs1-0001">
          <title>Background</title>
          <p>Maternal hypotension is the most frequent complication of spinal anaesthesia for caesarean section. It can be associated with nausea or vomiting and may pose serious risks to the mother (unconsciousness, pulmonary aspiration) and baby (hypoxia, acidosis, neurological injury).</p>
        </sec>
        <sec id="CD002251-abs1-0002">
          <title>Objectives</title>
          <p>To assess the effects of prophylactic interventions for hypotension following spinal anaesthesia for caesarean section.</p>
        </sec>
        <sec id="CD002251-abs1-0003">
          <title>Search methods</title>
          <p>We searched Cochrane Pregnancy and Childbirth's Trials Register (9 August 2016) and reference lists of retrieved studies.</p>
        </sec>
        <sec id="CD002251-abs1-0004">
          <title>Selection criteria</title>
          <p>Randomised controlled trials, including full texts and abstracts, comparing interventions to prevent hypotension with placebo or alternative treatment in women having spinal anaesthesia for caesarean section. We excluded studies if hypotension was not an outcome measure.</p>
        </sec>
        <sec id="CD002251-abs1-0005">
          <title>Data collection and analysis</title>
          <p>Two review authors independently assessed study quality and extracted data from eligible studies. We report 'Summary of findings' tables using GRADE.</p>
        </sec>
        <sec id="CD002251-abs1-0006">
          <title>Main results</title>
          <p>We included 126 studies involving 9565 participants. Interventions were to prevent maternal hypotension following spinal anaesthesia only, and we excluded any interventions considered active treatment. All the included studies reported the review's primary outcome. Across 49 comparisons, we identified three intervention groups: intravenous fluids, pharmacological interventions, and physical interventions. Authors reported no serious adverse effects with any of the interventions investigated. Most trials reported hypotension requiring intervention and Apgar score of less than 8 at five minutes as the only outcomes. None of the trials included in the comparisons we describe reported admission to neonatal intensive care unit.</p>
          <p>
            <bold>Crystalloid versus control (no fluids)</bold>
          </p>
          <p>Fewer women experienced hypotension in the crystalloid group compared with no fluids (average risk ratio (RR) 0.84, 95% confidence interval (CI) 0.72 to 0.98; 370 women; 5 studies; <italic>low&#x2010;quality evidence</italic>). There was no clear difference between groups in numbers of women with nausea and vomiting (average RR 0.19, 95% CI 0.01 to 3.91; 1 study; 69 women; <italic>very low&#x2010;quality evidence</italic>). No baby had an Apgar score of less than 8 at five minutes in either group (60 babies, <italic>low&#x2010;quality evidence</italic>).</p>
          <p>
            <bold>Colloid versus crystalloid</bold>
          </p>
          <p>Fewer women experienced hypotension in the colloid group compared with the crystalloid group (average RR 0.68, 95% CI 0.58 to 0.80; 2105 women; 28 studies; <italic>very low&#x2010;quality evidence</italic>). There were no clear differences between groups for maternal hypertension requiring intervention (average RR 0.64, 95% CI 0.09 to 4.46, 3 studies, 327 women;<italic>very low&#x2010;quality evidence</italic>), maternal bradycardia requiring intervention (average RR 0.99, 95% CI 0.55 to 1.79, 6 studies, 509 women; <italic>very low&#x2010;quality evidence</italic>), nausea and/or vomiting (average RR 0.83, 95% CI 0.61 to 1.13, 15 studies, 1154 women, I&#xB2; = 37%; <italic>very low&#x2010;quality evidence</italic>), neonatal acidosis (average RR 0.83, 95% CI 0.15 to 4.52, 6 studies, 678 babies; <italic>very low&#x2010;quality evidence</italic>), or Apgar score of less than 8 at five minutes (average RR 0.24, 95% CI 0.03 to 2.05, 11 studies, 826 babies; <italic>very low&#x2010;quality evidence</italic>).</p>
          <p>
            <bold>Ephedrine versus phenylephrine</bold>
          </p>
          <p>There were no clear differences between ephedrine and phenylephrine groups for preventing maternal hypotension (average RR 0.92, 95% CI 0.71 to 1.18; 401 women; 8 studies; <italic>very low&#x2010;quality evidence</italic>) or hypertension (average RR 1.72, 95% CI 0.71 to 4.16, 2 studies, 118 women, <italic>low&#x2010;quality evidence</italic>). Rates of bradycardia were lower in the ephedrine group (average RR 0.37, 95% CI 0.21 to 0.64, 5 studies, 304 women, <italic>low&#x2010;quality evidence</italic>). There was no clear difference in the number of women with nausea and/or vomiting (average RR 0.76, 95% CI 0.39 to 1.49, 4 studies, 204 women, I&#xB2; = 37%, <italic>very low&#x2010;quality evidence</italic>), or babies with neonatal acidosis (average RR 0.89, 95% CI 0.07 to 12.00, 3 studies, 175 babies, <italic>low&#x2010;quality evidence</italic>). No baby had an Apgar score of less than 8 at five minutes in either group (321 babies; <italic>low&#x2010;quality evidence</italic>).</p>
          <p>
            <bold>Ondansetron versus control</bold>
          </p>
          <p>Ondansetron administration was more effective than control (placebo saline) for preventing hypotension requiring treatment (average RR 0.67, 95% CI 0.54 to 0.83; 740 women, 8 studies, <italic>low&#x2010;quality evidence</italic>), bradycardia requiring treatment (average RR 0.49, 95% CI 0.28 to 0.87; 740 women, 8 studies, <italic>low&#x2010;quality evidence</italic>), and nausea and/or vomiting (average RR 0.35, 95% CI 0.24 to 0.51; 653 women, 7 studies, <italic>low&#x2010;quality evidence</italic>). There was no clear difference between the groups in rates of neonatal acidosis (average RR 0.48, 95% CI 0.05 to 5.09; 134 babies; 2 studies, <italic>low&#x2010;quality evidence</italic>) or Apgar scores of less than 8 at five minutes (284 babies, <italic>low&#x2010;quality evidence</italic>).</p>
          <p>
            <bold>Lower limb compression versus control</bold>
          </p>
          <p>Lower limb compression was more effective than control for preventing hypotension (average RR 0.61, 95% CI 0.47 to 0.78, 11 studies, 705 women, I&#xB2; = 65%, <italic>very low&#x2010;quality evidence).</italic> There was no clear difference between the groups in rates of bradycardia (RR 0.63, 95% CI 0.11 to 3.56, 1 study, 74 women, <italic>very low&#x2010;quality evidence</italic>) or nausea and/or vomiting (average RR 0.42 , 95% CI 0.14 to 1.27, 4 studies, 276 women, I&#xB2; = 32%, <italic>very&#x2010;low quality evidence</italic>). No baby had an Apgar score of less than 8 at five minutes in either group (130 babies, <italic>very low&#x2010;quality evidence</italic>).</p>
          <p>
            <bold>Walking versus lying</bold>
          </p>
          <p>There was no clear difference between the groups for women with hypotension requiring treatment (RR 0.71, 95% CI 0.41 to 1.21, 1 study, 37 women, <italic>very low&#x2010;quality evidence</italic>).</p>
          <p>Many included studies reported little to no information that would allow an assessment of their risk of bias, limiting our ability to draw meaningful conclusions. GRADE assessments of the quality of evidence ranged from very low to low. We downgraded evidence for limitations in study design, imprecision, and indirectness; most studies assessed only women scheduled for elective caesarean sections.</p>
          <p>External validity also needs consideration. Readers should question the use of colloids in this context given the serious potential side effects such as allergy and renal failure associated with their administration.</p>
        </sec>
        <sec id="CD002251-abs1-0007">
          <title>Authors' conclusions</title>
          <p>While interventions such as crystalloids, colloids, ephedrine, phenylephrine, ondansetron, or lower leg compression can reduce the incidence of hypotension, none have been shown to eliminate the need to treat maternal hypotension in some women. We cannot draw any conclusions regarding rare adverse effects associated with use of the interventions (for example colloids) due to the relatively small numbers of women studied.</p>
        </sec>
      </abstract>
      <abstract abstract-type="short">
        <title>Plain language summary</title>
        <p>
          <bold>Techniques for preventing a decrease in blood pressure during spinal anaesthesia for caesarean section</bold>
        </p>
        <p>
          <bold>What is the issue?</bold>
        </p>
        <p>Spinal anaesthesia is a commonly used technique for caesarean birth as the mother is able to be awake for the birth and usually remains comfortable afterwards. In addition, the technique avoids the risks of general anaesthesia. The most common adverse effect of spinal anaesthesia is a fall in blood pressure (hypotension).</p>
        <p>This study reviews the evidence for preventing hypotension following spinal anaesthesia for caesarean birth.</p>
        <p>
          <bold>Why is this important?</bold>
        </p>
        <p>Hypotension following spinal anaesthesia for caesarean birth occurs frequently. When it occurs, the mother may feel faint or nauseous and may vomit. If her blood pressure falls excessively, the mother runs serious risks (such as loss of consciousness), as does the baby (such as lack of oxygen and brain damage). Hypotension may be prevented by administering intravenous fluids, giving medications (such as ephedrine, phenylephrine, and ondansetron), by leg compression, or by the mother either lying down or walking around before the spinal anaesthesia.</p>
        <p>
          <bold>What evidence did we find?</bold>
        </p>
        <p>We searched the evidence in August 2016 and found a total of 126 studies involving 9565 women. Included studies investigated 49 different comparisons, which we split into three groups: intravenous fluid therapy, medications, and physical methods. Here we describe the results of the six main comparisons (crystalloid versus control; colloid versus crystalloid; ephedrine versus phenylephrine; ondansetron versus control; leg compression versus control; walking versus lying).</p>
        <p>
          <italic>Fluid therapy (crystalloid versus control; colloid versus crystalloid)</italic>
        </p>
        <p>It is uncertain whether crystalloids prevent hypotension because the quality of the evidence is very low. Giving colloids instead of crystalloids may mean that fewer women have low blood pressure after having spinal anaesthesia.</p>
        <p>We cannot be certain due to the very low quality evidence whether crystalloid or colloid are better at preventing maternal low heart rate (bradycardia), high blood pressure, nausea and vomiting, neonatal acidosis, or low Apgar scores. Whether women received crystalloids or no fluids did not affect the number of women who experienced nausea and/or vomiting.</p>
        <p>
          <italic>Medications (ephedrine versus phenylephrine; ondansetron versus control)</italic>
        </p>
        <p>Lower rates of bradycardia occurred in women receiving ephedrine versus phenylephrine, and with ondansetron versus no ondansetron, but the evidence is low quality. Ondansetron may prevent low blood pressure and nausea/vomiting but made little or no difference to neonatal acidosis or Apgar scores. There was little difference between ephedrine and phenylephrine for low or high blood pressure, nausea and vomiting, neonatal acidosis, or Apgar scores. We cannot be certain of these results due to the low or very low quality of the evidence.</p>
        <p>
          <italic>Physical methods (leg compression versus control; walking versus lying)</italic>
        </p>
        <p>It is uncertain whether leg compression reduces the number of women with hypotension compared with no leg compression because the quality of evidence is very low. Similarly, we cannot be certain whether leg compression made any difference to women experiencing bradycardia or nausea and vomiting, or to babies' Apgar scores. It is also uncertain whether walking or lying down before the spinal anaesthesia reduces low blood pressure.</p>
        <p>
          <bold>What does this mean?</bold>
        </p>
        <p>We found that no single method completely prevents hypotension in women receiving spinal anaesthesia during caesarean birth. Administering intravenous fluids or certain medications, and compressing the legs with bandages, stockings, or inflatable devices may reduce the incidence of hypotension. However, we found the quality of the evidence to be low or very low, so there is still a need for large, high&#x2010;quality studies using these clinically relevant interventions, either alone or in combination.</p>
        <p>Future research in this setting could focus on combinations of these effective strategies or on new innovative strategies.</p>
      </abstract>
    </article-meta>
    <notes notes-type="status-note">
      <p>New search for studies and content updated (conclusions changed)</p>
    </notes>
  </front>
</article>
</pmc-articleset>