<?xml version="1.0" ?>
<!DOCTYPE pmc-articleset PUBLIC "-//NLM//DTD ARTICLE SET 2.0//EN" "https://dtd.nlm.nih.gov/ncbi/pmc/articleset/nlm-articleset-2.0.dtd">
<pmc-articleset><article xmlns:xlink="http://www.w3.org/1999/xlink" xmlns:mml="http://www.w3.org/1998/Math/MathML" id="CD006043.pub2" article-type="systematic-review">
  <!--The publisher of this article does not allow downloading of the full text in XML form.-->
  <front>
    <journal-meta>
      <journal-id journal-id-type="nlm-ta">Cochrane Database Syst Rev</journal-id>
      <journal-id journal-id-type="iso-abbrev">Cochrane Database Syst Rev</journal-id>
      <journal-id journal-id-type="publisher-id">14651858</journal-id>
      <journal-id journal-id-type="doi">10.1002/14651858</journal-id>
      <journal-title-group>
        <journal-title>The Cochrane Database of Systematic Reviews</journal-title>
      </journal-title-group>
      <issn pub-type="epub">1469-493X</issn>
      <issn-l>1361-6137</issn-l>
      <publisher>
        <publisher-name>John Wiley &amp; Sons, Ltd</publisher-name>
        <publisher-loc>Chichester, UK</publisher-loc>
      </publisher>
    </journal-meta>
    <article-meta>
      <article-id pub-id-type="pmid">18843700</article-id>
      <article-id pub-id-type="pmc">6355323</article-id>
      <article-id pub-id-type="doi">10.1002/14651858.CD006043.pub2</article-id>
      <article-id pub-id-type="publisher-id">CD006043.pub2</article-id>
      <article-id pub-id-type="other">CD006043</article-id>
      <article-categories>
        <subj-group>
          <subject>2019 1. Acute pain</subject>
          <subject>Acute pain</subject>
          <subject>Orthopaedics &amp; trauma</subject>
          <subject>Pain &amp; anaesthesia</subject>
        </subj-group>
      </article-categories>
      <title-group>
        <article-title>Pain relief for the removal of femoral sheath after percutaneous coronary intervention</article-title>
      </title-group>
      <contrib-group>
        <contrib id="d20e202" contrib-type="author" corresp="yes">
          <name>
            <surname>Wensley</surname>
            <given-names>Cynthia</given-names>
          </name>
          <address>
            <email>cynthia@wensley.com</email>
            <email>c.wensley@auckland.ac.nz</email>
          </address>
          <xref ref-type="aff" rid="CD006043-aff-0001"/>
        </contrib>
        <contrib id="d20e206" contrib-type="author">
          <name>
            <surname>Kent</surname>
            <given-names>Bridie</given-names>
          </name>
          <xref ref-type="aff" rid="CD006043-aff-0002"/>
        </contrib>
        <contrib id="d20e210" contrib-type="author">
          <name>
            <surname>McAleer</surname>
            <given-names>Mike B</given-names>
          </name>
          <xref ref-type="aff" rid="CD006043-aff-0003"/>
        </contrib>
        <contrib id="d20e214" contrib-type="author">
          <name>
            <surname>Savage</surname>
            <given-names>Sue M</given-names>
          </name>
          <xref ref-type="aff" rid="CD006043-aff-0004"/>
        </contrib>
        <contrib id="d20e218" contrib-type="author">
          <name>
            <surname>Stewart</surname>
            <given-names>Jim T</given-names>
          </name>
          <xref ref-type="aff" rid="CD006043-aff-0005"/>
        </contrib>
        <contrib id="d20e229" contrib-type="editor">
          <collab collab-type="editors">Cochrane Pain, Palliative and Supportive Care Group</collab>
        </contrib>
      </contrib-group>
      <aff id="CD006043-aff-0001">
        <institution>Deakin University, Melbourne</institution>
        <institution content-type="dept">School of Nursing</institution>
        <addr-line>221 Burwood Highway</addr-line>
        <city>Burwood</city>
        <state>Victoria</state>
        <country>New Zealand</country>
        <postal-code>3125</postal-code>
      </aff>
      <aff id="CD006043-aff-0002">
        <institution>Deakin University</institution>
        <institution content-type="dept">School of Nursing and Midwifery, Deakin University Centre for Quality and Patient Safety Research</institution>
        <city>Geelong</city>
        <country>Australia</country>
      </aff>
      <aff id="CD006043-aff-0003">
        <institution>North Shore Hospital</institution>
        <institution content-type="dept">Cardiovascular Unit (CVU)</institution>
        <addr-line>Waitemata District Health Board</addr-line>
        <addr-line>Private Bag 93503</addr-line>
        <city>Takapuna</city>
        <state>Auckland</state>
        <country>New Zealand</country>
        <postal-code>0740</postal-code>
      </aff>
      <aff id="CD006043-aff-0004">
        <institution>Auckland City Hospital</institution>
        <institution content-type="dept">Green Lane Cardiovascular Service</institution>
        <addr-line>c/o Ward 31, Level 3</addr-line>
        <addr-line>Private Bag 92024</addr-line>
        <city>Auckland</city>
        <country>New Zealand</country>
      </aff>
      <aff id="CD006043-aff-0005">
        <institution>Auckland Heart Group</institution>
        <city>Auckland</city>
        <country>New Zealand</country>
      </aff>
      <pub-date pub-type="epub">
        <day>8</day>
        <month>10</month>
        <year>2008</year>
      </pub-date>
      <pub-date pub-type="collection">
        <month>10</month>
        <year>2008</year>
      </pub-date>
      <pub-date pub-type="update">
        <day>15</day>
        <month>7</month>
        <year>2019</year>
      </pub-date>
      <volume>2008</volume>
      <issue>4</issue>
      <elocation-id>CD006043</elocation-id>
      <permissions>
        <copyright-statement>Copyright &#xA9; 2019 The Cochrane Collaboration. Published by John Wiley &amp; Sons, Ltd.</copyright-statement>
      </permissions>
      <related-article related-article-type="updated-article" ext-link-type="doi" xlink:href="10.1002/14651858.CD006043" id="d20e38"/>
      <abstract>
        <title>Abstract</title>
        <sec id="CD006043-abs1-0001">
          <title>Background</title>
          <p>This is an updated version of the original Cochrane Review published in Issue 4, 2008 of <italic>The Cochrane Library</italic>. There is variation in the use of pain relief for managing pain or discomfort of femoral sheath removal. The efficacy of pain relief to promote comfort during this procedure or to reduce the incidence of vascular and procedural complications has not been established.</p>
        </sec>
        <sec id="CD006043-abs1-0002">
          <title>Objectives</title>
          <p>To assess the efficacy of pain relief used to manage pain of femoral sheath removal in adults after interventional cardiology.</p>
          <p>To determine if pain relief influences rates of complications associated with this procedure.</p>
        </sec>
        <sec id="CD006043-abs1-0003">
          <title>Search methods</title>
          <p>We brought the search up to date by searching the Cochrane Central Register of Controlled Trials (CENTRAL) in <italic>The Cochrane Library</italic>, MEDLINE, EMBASE, CINAHL, Australasian Medical Index, Web of Knowledge and Digital Dissertations up to June 2011.</p>
        </sec>
        <sec id="CD006043-abs1-0004">
          <title>Selection criteria</title>
          <p>Randomised studies comparing opioid, local anaesthetic, anxiolytic, no treatment or placebo administered for alleviation of pain or discomfort of the femoral sheath removal procedure.</p>
        </sec>
        <sec id="CD006043-abs1-0005">
          <title>Data collection and analysis</title>
          <p>Two review authors assessed study quality and extracted data. We calculated mean differences (MD) where meta&#x2010;analysis was feasible. We collected adverse effects information.</p>
        </sec>
        <sec id="CD006043-abs1-0006">
          <title>Main results</title>
          <p>Four studies involving 971 participants were included. All results were reported using a zero to 10 pain scale. Three studies (four treatment arms) involving 498 participants compared subcutaneous lignocaine with control with no significant difference between pain scores; MD 0.12 (95% confidence interval (CI) &#x2010;0.46 to 0.69). Two studies (three treatment arms) involving 399 participants compared intravenous pain regimens with control. A significant reduction in pain score was observed with intravenous opioid and anxiolytic; MD &#x2010;0.90 (95% CI &#x2010;1.54 to &#x2010;0.27). One study involving 60 participants compared levobupivacaine with placebo. Longer&#x2010;acting local anaesthetic significantly lowered the pain score by a MD of &#x2010;1.10 (95% CI &#x2010;1.26 to &#x2010;0.94). The data are insufficient to identify any influence of pain regimens on vascular and procedural complication rates. No studies reported appropriate blinding for all treatment arms. The largest study, comprising 661 participants, was unblinded with a quality score of two out of five.</p>
        </sec>
        <sec id="CD006043-abs1-0007">
          <title>Authors' conclusions</title>
          <p>No new studies have been found since the last version of this review and the conclusions therefore remain the same. Intravenous pain regimens and levobupivacaine may have greater efficacy when compared to control for the management of pain related to femoral sheath removal. However, a definitive study is still required because the clinical difference is small. There is no evidence to support the use of subcutaneous lignocaine. There is insufficient evidence to determine if pain relief influences the rate of complications. One new study has been included as a 'study awaiting assessment' as we await further information from the study authors.</p>
        </sec>
      </abstract>
      <abstract abstract-type="short">
        <title>Plain language summary</title>
        <p>
          <bold>Pain relief for removal of femoral sheath after cardiac procedures</bold>
        </p>
        <p>Procedures for the non&#x2010;surgical management of coronary heart disease include balloon angioplasty (mechanically widening a narrowed or obstructed blood vessel) and intracoronary stenting (a device to support the blood vessel to keep it open). At the start of each procedure an introducer sheath is inserted through the skin (percutaneously) into an artery, frequently a femoral artery in the groin. This allows the different catheters used for the procedure to be exchanged easily without causing trauma to the skin. At the end of the procedure the sheath is removed and, if the puncture site is not 'sealed' using a device closure, firm pressure is required over the site for 30 minutes or more to control any bleeding and reduce vascular complications. Removing the sheath and the firm pressure required to control bleeding can cause pain, although this is generally mild. Some centres routinely give pain relief before removal, such as intravenous morphine, or an injection of a local anaesthetic in the soft tissue around the sheath (called a subcutaneous injection). Adequate pain control during sheath removal is also associated with a reduced incidence of a vasovagal reaction, a potentially serious complication involving a sudden drop of blood pressure and a slowed heart rate.</p>
        <p>In this systematic review of randomised controlled trials four studies were reviewed. Three studies involving 498 participants compared subcutaneous lignocaine, a short&#x2010;acting local anaesthetic, with a control group (participants received either no pain relief or an inactive substance known as a placebo). Two studies involving 399 people compared intravenous opioids (fentanyl or morphine) and an anxiolytic (midazolam) with a control group. One study involving 60 people compared subcutaneous levobupivacaine, a long&#x2010;acting local anaesthetic, with a control group. Intravenous pain regimens and subcutaneous levobupivacaine appear to reduce the pain experienced during femoral sheath removal. However, the size of the reduction was small. A significant reduction in pain was not experienced by participants who received subcutaneous lignocaine or who were in the control group. There were insufficient data to determine a correlation between pain relief administration and either adverse events or complications. Some patients may benefit from routine pain relief using levobupivacaine or intravenous pain regimens. Identifying who may potentially benefit from pain relief requires clinical judgement and consideration of patient preference. The mild level of pain generally experienced during this procedure should not influence the decision as some people can experience moderate levels of pain with the conventional wound care.</p>
      </abstract>
    </article-meta>
    <notes notes-type="status-note">
      <p>Stable (no update expected for reasons given in 'What's new')</p>
    </notes>
  </front>
</article>
</pmc-articleset>