<?xml version="1.0" ?>
<!DOCTYPE pmc-articleset PUBLIC "-//NLM//DTD ARTICLE SET 2.0//EN" "https://dtd.nlm.nih.gov/ncbi/pmc/articleset/nlm-articleset-2.0.dtd">
<pmc-articleset><article xmlns:xlink="http://www.w3.org/1999/xlink" xmlns:mml="http://www.w3.org/1998/Math/MathML" id="CD013021" article-type="systematic-review">
  <!--The publisher of this article does not allow downloading of the full text in XML form.-->
  <front>
    <journal-meta>
      <journal-id journal-id-type="nlm-ta">Cochrane Database Syst Rev</journal-id>
      <journal-id journal-id-type="iso-abbrev">Cochrane Database Syst Rev</journal-id>
      <journal-id journal-id-type="publisher-id">14651858</journal-id>
      <journal-id journal-id-type="doi">10.1002/14651858</journal-id>
      <journal-title-group>
        <journal-title>The Cochrane Database of Systematic Reviews</journal-title>
      </journal-title-group>
      <issn pub-type="epub">1469-493X</issn>
      <issn-l>1361-6137</issn-l>
      <publisher>
        <publisher-name>John Wiley &amp; Sons, Ltd</publisher-name>
        <publisher-loc>Chichester, UK</publisher-loc>
      </publisher>
    </journal-meta>
    <article-meta>
      <article-id pub-id-type="pmc">6494523</article-id>
      <article-id pub-id-type="doi">10.1002/14651858.CD013021</article-id>
      <article-id pub-id-type="publisher-id">CD013021</article-id>
      <article-id pub-id-type="other">CD013021</article-id>
      <article-categories>
        <subj-group subj-group-type="heading">
          <subject>Medicine General &amp; Introductory Medical Sciences</subject>
        </subj-group>
      </article-categories>
      <title-group>
        <article-title>Sentinel node biopsy for diagnosis of lymph node involvement in endometrial cancer</article-title>
      </title-group>
      <contrib-group>
        <contrib id="d28e63" contrib-type="author" corresp="yes">
          <name>
            <surname>Nagar</surname>
            <given-names>Hans</given-names>
          </name>
          <address>
            <email>hans.nagar@mac.com</email>
          </address>
          <xref ref-type="aff" rid="CD013021-aff-0001"/>
        </contrib>
        <contrib id="d28e68" contrib-type="author">
          <name>
            <surname>Goodall</surname>
            <given-names>Richard J</given-names>
          </name>
          <xref ref-type="aff" rid="CD013021-aff-0002"/>
        </contrib>
        <contrib id="d28e73" contrib-type="author">
          <name>
            <surname>Lyons</surname>
            <given-names>Thomas J</given-names>
          </name>
          <xref ref-type="aff" rid="CD013021-aff-0003"/>
        </contrib>
        <contrib id="d28e78" contrib-type="author">
          <name>
            <surname>Schmidt&#x2010;Hansen</surname>
            <given-names>Mia</given-names>
          </name>
          <xref ref-type="aff" rid="CD013021-aff-0004"/>
        </contrib>
        <contrib id="d28e83" contrib-type="author">
          <name>
            <surname>Morrison</surname>
            <given-names>Jo</given-names>
          </name>
          <xref ref-type="aff" rid="CD013021-aff-0005"/>
        </contrib>
      </contrib-group>
      <aff id="CD013021-aff-0001">
        <institution>Belfast City Hospital and the Royal Maternity Hospital</institution>
        <institution content-type="dept">Belfast Health and Social Care Trust</institution>
        <city>Belfast</city>
        <country>UK</country>
        <postal-code/>
      </aff>
      <aff id="CD013021-aff-0002">
        <institution>Imperial College London</institution>
        <addr-line>Kensington</addr-line>
        <city>London</city>
        <country>UK</country>
        <postal-code>SW7 2AZ</postal-code>
      </aff>
      <aff id="CD013021-aff-0003">
        <institution>University of Bristol</institution>
        <institution content-type="dept">School of Medical Sciences</institution>
        <addr-line>38 Kings Parade Avenue</addr-line>
        <city>Bristol</city>
        <country>UK</country>
        <postal-code>BS8 2RB</postal-code>
      </aff>
      <aff id="CD013021-aff-0004">
        <institution>Royal College of Obstetricians and Gynaecologists</institution>
        <institution content-type="dept">National Guideline Alliance</institution>
        <addr-line>27 Sussex PlRegent's Park</addr-line>
        <city>London</city>
        <country>UK</country>
        <postal-code>NW1 4RG</postal-code>
      </aff>
      <aff id="CD013021-aff-0005">
        <institution>Musgrove Park Hospital</institution>
        <institution content-type="dept">Department of Gynaecological Oncology</institution>
        <addr-line>Taunton and Somerset NHS Foundation Trust</addr-line>
        <city>Taunton</city>
        <country>UK</country>
        <postal-code>TA1 5DA</postal-code>
      </aff>
      <author-notes>
        <fn>
          <p>Editorial Group: Cochrane Gynaecological, Neuro&#x2010;oncology and Orphan Cancer Group.</p>
        </fn>
      </author-notes>
      <pub-date pub-type="epub">
        <day>30</day>
        <month>4</month>
        <year>2018</year>
      </pub-date>
      <pub-date pub-type="collection">
        <month>4</month>
        <year>2018</year>
      </pub-date>
      <pub-date pub-type="update">
        <day>30</day>
        <month>04</month>
        <year>2018</year>
      </pub-date>
      <volume>2018</volume>
      <issue>4</issue>
      <elocation-id>CD013021</elocation-id>
      <history/>
      <permissions>
        <copyright-statement>Copyright &#xA9; 2018 The Cochrane Collaboration. Published by John Wiley &amp; Sons, Ltd.</copyright-statement>
        <copyright-year>2018</copyright-year>
        <copyright-holder>The Cochrane Collaboration</copyright-holder>
      </permissions>
      <abstract>
        <title>Abstract</title>
        <p>This is a protocol for a Cochrane Review (Diagnostic test accuracy). The objectives are as follows:</p>
        <p>To assess the diagnostic accuracy of sentinel lymph node biopsy in the identification of pelvic lymph node involvement in women with apparent early stage endometrial cancer.</p>
      </abstract>
    </article-meta>
    <notes notes-type="status-note">
      <p>New</p>
    </notes>
  </front>
</article>
</pmc-articleset>