<?xml version="1.0" ?>
<!DOCTYPE pmc-articleset PUBLIC "-//NLM//DTD ARTICLE SET 2.0//EN" "https://dtd.nlm.nih.gov/ncbi/pmc/articleset/nlm-articleset-2.0.dtd">
<pmc-articleset><article xmlns:xlink="http://www.w3.org/1999/xlink" xmlns:mml="http://www.w3.org/1998/Math/MathML" id="CD011314.pub2" article-type="systematic-review">
  <!--The publisher of this article does not allow downloading of the full text in XML form.-->
  <front>
    <journal-meta>
      <journal-id journal-id-type="nlm-ta">Cochrane Database Syst Rev</journal-id>
      <journal-id journal-id-type="iso-abbrev">Cochrane Database Syst Rev</journal-id>
      <journal-id journal-id-type="publisher-id">14651858</journal-id>
      <journal-id journal-id-type="doi">10.1002/14651858</journal-id>
      <journal-title-group>
        <journal-title>The Cochrane Database of Systematic Reviews</journal-title>
      </journal-title-group>
      <issn pub-type="epub">1469-493X</issn>
      <issn-l>1361-6137</issn-l>
      <publisher>
        <publisher-name>John Wiley &amp; Sons, Ltd</publisher-name>
        <publisher-loc>Chichester, UK</publisher-loc>
      </publisher>
    </journal-meta>
    <article-meta>
      <article-id pub-id-type="pmid">28267205</article-id>
      <article-id pub-id-type="pmc">6464365</article-id>
      <article-id pub-id-type="doi">10.1002/14651858.CD011314.pub2</article-id>
      <article-id pub-id-type="publisher-id">CD011314</article-id>
      <article-id pub-id-type="other">CD011314.pub2</article-id>
      <article-categories>
        <subj-group subj-group-type="heading">
          <subject>Medicine General &amp; Introductory Medical Sciences</subject>
        </subj-group>
      </article-categories>
      <title-group>
        <article-title>External beam radiotherapy for unresectable hepatocellular carcinoma</article-title>
      </title-group>
      <contrib-group>
        <contrib id="d28e63" contrib-type="author" corresp="yes">
          <name>
            <surname>Abdel&#x2010;Rahman</surname>
            <given-names>Omar</given-names>
          </name>
          <address>
            <email>omar.abdelrhman@med.asu.edu.eg</email>
            <email>omar_abdelsalam80@yahoo.com</email>
          </address>
          <xref ref-type="aff" rid="CD011314-aff-0001"/>
        </contrib>
        <contrib id="d28e68" contrib-type="author">
          <name>
            <surname>Elsayed</surname>
            <given-names>Zeinab</given-names>
          </name>
          <xref ref-type="aff" rid="CD011314-aff-0001"/>
        </contrib>
      </contrib-group>
      <aff id="CD011314-aff-0001">
        <institution>Faculty of Medicine, Ain Shams University</institution>
        <institution content-type="dept">Clinical Oncology</institution>
        <addr-line>Lofty Elsayed Street</addr-line>
        <city>Cairo</city>
        <country>Egypt</country>
        <postal-code>11335</postal-code>
      </aff>
      <author-notes>
        <fn>
          <p>Editorial Group: Cochrane Hepato&#x2010;Biliary Group.</p>
        </fn>
      </author-notes>
      <pub-date pub-type="epub">
        <day>07</day>
        <month>3</month>
        <year>2017</year>
      </pub-date>
      <pub-date pub-type="collection">
        <month>3</month>
        <year>2017</year>
      </pub-date>
      <volume>2017</volume>
      <issue>3</issue>
      <elocation-id>CD011314</elocation-id>
      <history>
        <date date-type="previous-update" publication-format="electronic">
          <day>18</day>
          <month>09</month>
          <year>2014</year>
        </date>
      </history>
      <permissions>
        <copyright-statement>Copyright &#xA9; 2017 The Cochrane Collaboration. Published by John Wiley &amp; Sons, Ltd.</copyright-statement>
        <copyright-year>2017</copyright-year>
        <copyright-holder>The Cochrane Collaboration</copyright-holder>
      </permissions>
      <related-article related-article-type="updated-article" ext-link-type="doi" xlink:href="10.1002/14651858.CD011314" id="d28e106"/>
      <abstract>
        <sec>
          <title>Background</title>
          <p>Hepatocellular carcinoma is the most common liver neoplasm, the sixth most common cancer worldwide, and the third most common cause of cancer mortality. Moreover, its incidence has increased dramatically in the past decade. While surgical resection and liver transplantation are the main curative treatments, only around 20% of people with early hepatocellular carcinoma may benefit from these therapies. Current treatment options for unresectable hepatocellular carcinoma include various ablative and transarterial therapies in addition to the drug sorafenib.</p>
        </sec>
        <sec>
          <title>Objectives</title>
          <p>To assess the benefits and harms of external beam radiotherapy in the management of localised unresectable hepatocellular carcinoma.</p>
        </sec>
        <sec>
          <title>Search methods</title>
          <p>We searched the Cochrane Hepato&#x2010;Biliary Group Controlled Trials Register, Cochrane Central Register of Controlled Trials (CENTRAL) in the Cochrane Library, MEDLINE (OvidSP), Embase (OvidSP), Science Citation Index Expanded (Web of Science), and clinicaltrials.gov registry. We also checked reference lists of primary original studies and review articles manually for further related articles (cross&#x2010;references) up to October 6, 2016.</p>
        </sec>
        <sec>
          <title>Selection criteria</title>
          <p>Eligible studies included all randomised clinical trials comparing external beam radiotherapy either as a monotherapy or in combination with other systemic or locoregional therapies versus placebo, no treatment, or other systemic or locoregional therapies for people with unresectable hepatocellular carcinoma.</p>
        </sec>
        <sec>
          <title>Data collection and analysis</title>
          <p>We used standard methodological procedures expected by Cochrane. We used a random&#x2010;effects model as well as a fixed&#x2010;effect model meta&#x2010;analysis but in case of discrepancy between the two models (e.g. one giving a significant intervention effect, the other no significant intervention effect), we reported both results; otherwise, we reported only the results from the fixed&#x2010;effect model meta&#x2010;analysis. We assessed risk of bias of the included trials using predefined risk of bias domains; assessed risks of random errors with Trial Sequential Analysis; and presented the review results incorporating the methodological quality of the trials using GRADE.</p>
        </sec>
        <sec>
          <title>Main results</title>
          <p>Nine randomised clinical trials with 879 participants fulfilled our inclusion criteria. All trials were at high risk of bias, and we rated the evidence as low to very low quality. All of the included trials compared combined external beam radiotherapy plus chemoembolisation versus chemoembolisation alone in people with unresectable hepatocellular carcinoma; moreover, three of the trials compared external beam radiotherapy alone versus chemoembolisation alone. All trials were conducted in China. The median age in most of the included trials was around 52 years, and most trial participants were male. The median follow&#x2010;up duration ranged from one to three years. None of the trials reported data on cancer&#x2010;related mortality, quality of life, serious adverse events, or time to progression of the tumour. For the comparison of radiotherapy plus chemoembolisation versus chemoembolisation alone, the risk ratio for one&#x2010;year all&#x2010;cause mortality was 0.51 (95% confidence interval (CI) 0.41 to 0.62; P &lt; 0.001; 9 trials; low&#x2010;quality evidence); for complete response rate was 2.14 (95% CI 1.47 to 3.13; P &lt; 0.001; 7 trials; low&#x2010;quality evidence); and for overall response rate defined as complete response plus partial response was 1.58 (95% CI 1.40 to 1.78; P &lt; 0.001; 7 trials; low&#x2010;quality evidence), all in favour of combined treatment with external beam radiotherapy plus transarterial chemoembolisation and seemingly supported by our Trial Sequential Analysis. Additionally, the combined treatment was associated with a higher risk of elevated total bilirubin and elevated alanine aminotransferase. The risk ratio for the risk of elevated alanine aminotransferase was 1.41 (95% CI 1.08 to 1.84; P = 0.01; very low&#x2010;quality evidence), while for elevated total bilirubin it was 2.69 (95% CI 1.34 to 5.40; P = 0.005; very low&#x2010;quality evidence). For the comparison of radiotherapy versus chemoembolisation, the risk ratio for one&#x2010;year all&#x2010;cause mortality was 1.21 (95% CI 0.97 to 1.50; 3 trials; I<sup>2</sup> = 0%; very low&#x2010;quality evidence) which was not supported by our Trial Sequential Analysis.</p>
          <p>In addition, we found seven ongoing randomised clinical trials evaluating different external beam radiotherapy techniques for people with unresectable hepatocellular carcinoma.</p>
        </sec>
        <sec>
          <title>Authors' conclusions</title>
          <p>We found very low&#x2010; and low&#x2010;quality evidence suggesting that combined external beam radiotherapy and chemoembolisation may be associated with lower mortality and increased complete and overall response rates, despite an increased toxicity as expressed by a higher rise of bilirubin and alanine aminotransferase. A high risk of systematic errors (bias) as well as imprecision and inconsistency suggest that these findings should be considered cautiously and that high&#x2010;quality trials are needed to assess further the role of external beam radiotherapy for unresectable hepatocellular carcinoma.</p>
        </sec>
      </abstract>
      <abstract abstract-type="short">
        <title>Radiotherapy administered externally for advanced hepatocellular carcinoma (primary liver cancer)</title>
        <p>
          <bold>Review question</bold>
        </p>
        <p>What are the benefits and harms of radiotherapy administered externally in people with advanced liver cancer compared with other available therapies or no therapy?</p>
        <p>
          <bold>Background</bold>
        </p>
        <p>Hepatocellular carcinoma (primary liver cancer) is the most common cancerous tumour of the liver and the sixth most common cancerous tumour worldwide. In the majority of people with hepatocellular carcinoma, the disease is diagnosed at the advanced stage. Treatment options for these people include ablation (which destroys the tumour), embolisation (the use of substances to block or decrease the flow of blood through the hepatic artery to the tumour), radiotherapy, or sorafenib, which is a targeted drug therapy (a treatment that uses a substance to identify and attack cancer cells while avoiding normal cells).</p>
        <p>
          <bold>Study characteristics</bold>
        </p>
        <p>We searched the medical literature for randomised clinical trials (where people are allocated at random to one of two or more treatment groups) in order to perform an analysis of the role of radiotherapy administered externally for advanced liver cancer. We found nine randomised clinical trials including a total of 879 people with advanced liver cancer. All of the included trials were conducted in China. The average age in most of the included studies was around 52 years, and most trial participants were male. The average follow&#x2010;up duration ranged from one to three years. All trials were at high risk of bias, and we rated the evidence as low to very low quality. Most of the included trials compared combined radiotherapy and chemoembolisation versus chemoembolisation alone. We also identified seven ongoing randomised clinical trials. The evidence is current to October 2016.</p>
        <p>
          <bold>Key results</bold>
        </p>
        <p>When compared with chemoembolisation alone, combined radiotherapy plus chemoembolisation may be associated with fewer deaths and more tumour size reduction, despite being associated with an increased risk for non&#x2010;life&#x2010;threatening adverse effects such as a higher rise of bilirubin and alanine aminotransferase.</p>
        <p>
          <bold>Quality of the evidence and conclusions</bold>
        </p>
        <p>Combined radiotherapy and chemoembolisation may be associated with fewer deaths and increased overall response, but also an increased risk of adverse effects, when compared with chemoembolisation alone.</p>
        <p>The low quality of evidence suggests that these results should be considered cautiously and that high&#x2010;quality randomised trials should be performed to assess further the role of external beam radiotherapy for unresectable hepatocellular carcinoma.</p>
      </abstract>
      <kwd-group kwd-group-type="mesh">
        <kwd>Female</kwd>
        <kwd>Humans</kwd>
        <kwd>Male</kwd>
        <kwd>Middle Aged</kwd>
        <kwd>Alanine Transaminase</kwd>
        <kwd>Alanine Transaminase/blood</kwd>
        <kwd>Bilirubin</kwd>
        <kwd>Bilirubin/blood</kwd>
        <kwd>Carcinoma, Hepatocellular</kwd>
        <kwd>Carcinoma, Hepatocellular/enzymology</kwd>
        <kwd>Carcinoma, Hepatocellular/pathology</kwd>
        <kwd>Carcinoma, Hepatocellular/radiotherapy</kwd>
        <kwd>Cause of Death</kwd>
        <kwd>Chemoembolization, Therapeutic</kwd>
        <kwd>Chemoembolization, Therapeutic/mortality</kwd>
        <kwd>Combined Modality Therapy</kwd>
        <kwd>Combined Modality Therapy/methods</kwd>
        <kwd>Combined Modality Therapy/mortality</kwd>
        <kwd>Liver Neoplasms</kwd>
        <kwd>Liver Neoplasms/enzymology</kwd>
        <kwd>Liver Neoplasms/pathology</kwd>
        <kwd>Liver Neoplasms/radiotherapy</kwd>
        <kwd>Radiotherapy</kwd>
        <kwd>Radiotherapy/methods</kwd>
        <kwd>Radiotherapy/mortality</kwd>
        <kwd>Randomized Controlled Trials as Topic</kwd>
      </kwd-group>
    </article-meta>
    <notes notes-type="status-note">
      <p>New</p>
    </notes>
  </front>
</article>
</pmc-articleset>