<?xml version="1.0" ?>
<!DOCTYPE pmc-articleset PUBLIC "-//NLM//DTD ARTICLE SET 2.0//EN" "https://dtd.nlm.nih.gov/ncbi/pmc/articleset/nlm-articleset-2.0.dtd">
<pmc-articleset><article xmlns:xlink="http://www.w3.org/1999/xlink" xmlns:mml="http://www.w3.org/1998/Math/MathML" id="CD009324.pub4" article-type="systematic-review">
  <!--The publisher of this article does not allow downloading of the full text in XML form.-->
  <front>
    <journal-meta>
      <journal-id journal-id-type="nlm-ta">Cochrane Database Syst Rev</journal-id>
      <journal-id journal-id-type="iso-abbrev">Cochrane Database Syst Rev</journal-id>
      <journal-id journal-id-type="publisher-id">14651858</journal-id>
      <journal-id journal-id-type="doi">10.1002/14651858</journal-id>
      <journal-title-group>
        <journal-title>The Cochrane Database of Systematic Reviews</journal-title>
      </journal-title-group>
      <issn pub-type="epub">1469-493X</issn>
      <issn-l>1361-6137</issn-l>
      <publisher>
        <publisher-name>John Wiley &amp; Sons, Ltd</publisher-name>
        <publisher-loc>Chichester, UK</publisher-loc>
      </publisher>
    </journal-meta>
    <article-meta>
      <article-id pub-id-type="pmid">29355908</article-id>
      <article-id pub-id-type="pmc">6491306</article-id>
      <article-id pub-id-type="doi">10.1002/14651858.CD009324.pub4</article-id>
      <article-id pub-id-type="publisher-id">CD009324</article-id>
      <article-id pub-id-type="other">CD009324.pub4</article-id>
      <article-categories>
        <subj-group subj-group-type="heading">
          <subject>Medicine General &amp; Introductory Medical Sciences</subject>
        </subj-group>
      </article-categories>
      <title-group>
        <article-title>Losigamone add&#x2010;on therapy for focal epilepsy</article-title>
      </title-group>
      <contrib-group>
        <contrib id="d28e63" contrib-type="author">
          <name>
            <surname>Xiao</surname>
            <given-names>Yousheng</given-names>
          </name>
          <xref ref-type="aff" rid="CD009324-aff-0001"/>
        </contrib>
        <contrib id="d28e68" contrib-type="author">
          <name>
            <surname>Luo</surname>
            <given-names>Man</given-names>
          </name>
          <xref ref-type="aff" rid="CD009324-aff-0001"/>
        </contrib>
        <contrib id="d28e73" contrib-type="author" corresp="yes">
          <name>
            <surname>Wang</surname>
            <given-names>Jin</given-names>
          </name>
          <address>
            <email>wangjin72@126.com</email>
          </address>
          <xref ref-type="aff" rid="CD009324-aff-0001"/>
        </contrib>
        <contrib id="d28e78" contrib-type="author">
          <name>
            <surname>Luo</surname>
            <given-names>Hongye</given-names>
          </name>
          <xref ref-type="aff" rid="CD009324-aff-0002"/>
        </contrib>
      </contrib-group>
      <aff id="CD009324-aff-0001">
        <institution>The First Affiliated Hospital, Guangxi Medical University</institution>
        <institution content-type="dept">Department of Neurology</institution>
        <addr-line>No. 22, Shuang Yong Lu</addr-line>
        <city>Nanning</city>
        <country>China</country>
        <postal-code>530021</postal-code>
      </aff>
      <aff id="CD009324-aff-0002">
        <institution>Guangxi Medical University</institution>
        <institution content-type="dept">Department of Epidemiology &amp; Statistics</institution>
        <addr-line>No. 22, Shuang Yong Lu</addr-line>
        <city>Nanning</city>
        <country>China</country>
        <postal-code>530021</postal-code>
      </aff>
      <author-notes>
        <fn>
          <p>Editorial Group: Cochrane Epilepsy Group.</p>
        </fn>
      </author-notes>
      <pub-date pub-type="epub">
        <day>22</day>
        <month>1</month>
        <year>2018</year>
      </pub-date>
      <pub-date pub-type="collection">
        <month>1</month>
        <year>2018</year>
      </pub-date>
      <pub-date pub-type="update">
        <day>10</day>
        <month>01</month>
        <year>2018</year>
      </pub-date>
      <volume>2018</volume>
      <issue>1</issue>
      <elocation-id>CD009324</elocation-id>
      <history>
        <date date-type="previous-update" publication-format="electronic">
          <day>10</day>
          <month>12</month>
          <year>2015</year>
        </date>
        <date date-type="cl-record-assessed-up-to-date">
          <day>09</day>
          <month>02</month>
          <year>2017</year>
        </date>
      </history>
      <permissions>
        <copyright-statement>Copyright &#xA9; 2018 The Cochrane Collaboration. Published by John Wiley &amp; Sons, Ltd.</copyright-statement>
        <copyright-year>2018</copyright-year>
        <copyright-holder>The Cochrane Collaboration</copyright-holder>
      </permissions>
      <related-article related-article-type="updated-article" ext-link-type="doi" xlink:href="10.1002/14651858.CD009324.pub3" id="d28e143"/>
      <abstract>
        <sec>
          <title>Background</title>
          <p>Epilepsy is a common neurologic disorder, affecting approximately 50 million people worldwide; nearly a third of these people have epilepsy that is not well controlled by a single antiepileptic drug (AED) and they usually require treatment with a combination of two or more AEDs. In recent years, many newer AEDs have been investigated as add&#x2010;on therapy for focal epilepsy; losigamone is one of these drugs and is the focus of this systematic review. This is an update of a Cochrane review first published in 2012 (<italic>Cochrane Database of Systematic Reviews</italic> 2012, Issue 6) and updated in 2015.</p>
        </sec>
        <sec>
          <title>Objectives</title>
          <p>To investigate the efficacy and safety of losigamone when used as an add&#x2010;on therapy for focal epilepsy.</p>
        </sec>
        <sec>
          <title>Search methods</title>
          <p>For the latest update on 9 February 2017, we searched the Cochrane Epilepsy Specialized Register, CENTRAL and MEDLINE . We searched trials registers and contacted the&#xA0;manufacturer of losigamone and authors of included studies for additional information. We did not impose any language restrictions.</p>
        </sec>
        <sec>
          <title>Selection criteria</title>
          <p>Randomized controlled, add&#x2010;on trials comparing losigamone with placebo for focal epilepsy.</p>
        </sec>
        <sec>
          <title>Data collection and analysis</title>
          <p>Two review authors independently assessed trial quality and extracted data. The primary outcomes were 50% or greater reduction in seizure frequency and seizure freedom; the secondary outcomes were treatment withdrawal and adverse events. Results are presented as risk ratios (RRs) with 95% confidence intervals (CIs) or 99% CIs (for the individual listed adverse events to make an allowance for multiple testing).</p>
        </sec>
        <sec>
          <title>Main results</title>
          <p>Two trials involving a total of 467 participants, aged over 18 years, were eligible for inclusion. Both trials assessed losigamone 1200 mg/day or 1500 mg/day as an add&#x2010;on therapy for focal epilepsy. We assessed one trial as being of good methodological quality while the other was of uncertain quality. For the efficacy outcomes, results did show that participants taking losigamone were significantly more likely to achieve a 50% or greater reduction in seizure frequency (RR 1.76, 95% CI 1.14 to 2.72), but associated with a significant increase of treatment withdrawal when compared with those taking placebo (RR 2.16, 95% CI 1.28 to 3.67). For the safety outcomes, results indicated that the proportion of participants who experienced adverse events in the losigamone group was higher than in the placebo group (RR 1.34, 95% CI 1.00 to 1.80), dizziness was the only adverse event significantly reported in relation to losigamone (RR 3.82, 99% CI 1.69 to 8.64). The proportion of participants achieving seizure freedom was not reported in either trial report. A subgroup analysis according to different doses of losigamone showed that a higher dose of losigamone (1500 mg/day) was associated with a greater reduction in seizure frequency than lower doses, but was also associated with more dropouts due to adverse events.</p>
        </sec>
        <sec>
          <title>Authors' conclusions</title>
          <p>The results of this review showed that losigamone did reduce seizure frequency but was associated with more treatment withdrawals when used as an add&#x2010;on therapy for people with focal epilepsy. However, the included trials were of short&#x2010;term duration and uncertain quality. Future well&#x2010;designed randomized, double&#x2010;blind, placebo&#x2010;controlled trials with a longer&#x2010;term duration are needed. No new studies have been found since the last version of this review. We judged the overall quality of the evidence for the outcomes assessed as moderate.</p>
        </sec>
      </abstract>
      <abstract abstract-type="short">
        <title>Losigamone add&#x2010;on therapy for focal epilepsy</title>
        <p>
          <bold>Review question</bold>
        </p>
        <p>This review is an update of a previously published review in the <italic>Cochrane Database of Systematic Reviews</italic> (2015, Issue 12) on 'Losigamone add&#x2010;on therapy for focal epilepsy'. We reviewed the evidence about the efficacy and safety of losigamone when used as an add&#x2010;on therapy for focal epilepsy. We found two studies.</p>
        <p>
          <bold>Background</bold>
        </p>
        <p>Epilepsy is a common neurologic disorder, affecting approximately 50 million people worldwide; nearly a third of these people have epilepsy that is not well controlled by a single antiepileptic drug (AED) and often require treatment with two or more AEDs (add&#x2010;on therapy). In recent years, many newer AEDs have been investigated as add&#x2010;on therapy for focal epilepsy; losigamone is one of these drugs. We wanted to know whether losigamone was an effective and safe treatment for people with focal epilepsy.</p>
        <p>
          <bold>Study characteristics</bold>
        </p>
        <p>The evidence is current to February 2017. We found two trials assessing add&#x2010;on losigamone for focal epilepsy, which recruited a total of 467 participants aged over 18 years. Both trials assessed losigamone 1200 mg/day or 1500 mg/day as an add&#x2010;on therapy for focal epilepsy.</p>
        <p>
          <bold>Key results</bold>
        </p>
        <p>The results of this review showed that participants taking losigamone as an add&#x2010;on treatment were more likely to reduce their seizure frequency by 50% or more in the short term; however losigamone was associated with more treatment withdrawal side effects than placebo. The most frequent adverse event caused by losigamone was dizziness.</p>
        <p>
          <bold>Quality of the evidence</bold>
        </p>
        <p>We assessed one trial as being of good methodological quality while the other was of uncertain quality. We judged the overall quality of the evidence for the outcomes assessed as moderate.</p>
      </abstract>
      <kwd-group kwd-group-type="mesh">
        <kwd>Adult</kwd>
        <kwd>Aged</kwd>
        <kwd>Humans</kwd>
        <kwd>Middle Aged</kwd>
        <kwd>Anticonvulsants</kwd>
        <kwd>Anticonvulsants/adverse effects</kwd>
        <kwd>Anticonvulsants/therapeutic use</kwd>
        <kwd>Drug Therapy, Combination</kwd>
        <kwd>Drug Therapy, Combination/methods</kwd>
        <kwd>Epilepsies, Partial</kwd>
        <kwd>Epilepsies, Partial/drug therapy</kwd>
        <kwd>Furans</kwd>
        <kwd>Furans/therapeutic use</kwd>
        <kwd>Patient Dropouts</kwd>
        <kwd>Patient Dropouts/statistics &amp; numerical data</kwd>
        <kwd>Randomized Controlled Trials as Topic</kwd>
      </kwd-group>
    </article-meta>
    <notes notes-type="status-note">
      <p>New search for studies and content updated (no change to conclusions)</p>
    </notes>
  </front>
</article>
</pmc-articleset>