<?xml version="1.0" ?>
<!DOCTYPE pmc-articleset PUBLIC "-//NLM//DTD ARTICLE SET 2.0//EN" "https://dtd.nlm.nih.gov/ncbi/pmc/articleset/nlm-articleset-2.0.dtd">
<pmc-articleset><article xmlns:xlink="http://www.w3.org/1999/xlink" xmlns:mml="http://www.w3.org/1998/Math/MathML" id="CD012139.pub2" article-type="systematic-review">
  <!--The publisher of this article does not allow downloading of the full text in XML form.-->
  <front>
    <journal-meta>
      <journal-id journal-id-type="nlm-ta">Cochrane Database Syst Rev</journal-id>
      <journal-id journal-id-type="iso-abbrev">Cochrane Database Syst Rev</journal-id>
      <journal-id journal-id-type="publisher-id">14651858</journal-id>
      <journal-id journal-id-type="doi">10.1002/14651858</journal-id>
      <journal-title-group>
        <journal-title>The Cochrane Database of Systematic Reviews</journal-title>
      </journal-title-group>
      <issn pub-type="epub">1469-493X</issn>
      <issn-l>1361-6137</issn-l>
      <publisher>
        <publisher-name>John Wiley &amp; Sons, Ltd</publisher-name>
        <publisher-loc>Chichester, UK</publisher-loc>
      </publisher>
    </journal-meta>
    <article-meta>
      <article-id pub-id-type="pmc">6483305</article-id>
      <article-id pub-id-type="doi">10.1002/14651858.CD012139.pub2</article-id>
      <article-id pub-id-type="publisher-id">CD012139</article-id>
      <article-id pub-id-type="other">CD012139.pub2</article-id>
      <article-categories>
        <subj-group subj-group-type="heading">
          <subject>Medicine General &amp; Introductory Medical Sciences</subject>
        </subj-group>
      </article-categories>
      <title-group>
        <article-title>Spinal rehabilitative exercise or manual treatment for the prevention of tension&#x2010;type headache in adults</article-title>
      </title-group>
      <contrib-group>
        <contrib id="d28e63" contrib-type="author">
          <name>
            <surname>Leininger</surname>
            <given-names>Brent</given-names>
          </name>
          <xref ref-type="aff" rid="CD012139-aff-0001"/>
        </contrib>
        <contrib id="d28e68" contrib-type="author" corresp="yes">
          <name>
            <surname>Br&#xF8;nfort</surname>
            <given-names>Gert</given-names>
          </name>
          <address>
            <email>bronf003@umn.edu</email>
          </address>
          <xref ref-type="aff" rid="CD012139-aff-0001"/>
        </contrib>
        <contrib id="d28e73" contrib-type="author">
          <name>
            <surname>Haas</surname>
            <given-names>Mitchell</given-names>
          </name>
          <xref ref-type="aff" rid="CD012139-aff-0002"/>
        </contrib>
        <contrib id="d28e78" contrib-type="author">
          <name>
            <surname>Schmitt</surname>
            <given-names>John</given-names>
          </name>
          <xref ref-type="aff" rid="CD012139-aff-0003"/>
        </contrib>
        <contrib id="d28e83" contrib-type="author">
          <name>
            <surname>Evans</surname>
            <given-names>Roni L</given-names>
          </name>
          <xref ref-type="aff" rid="CD012139-aff-0001"/>
        </contrib>
        <contrib id="d28e88" contrib-type="author">
          <name>
            <surname>Levin</surname>
            <given-names>Morris</given-names>
          </name>
          <xref ref-type="aff" rid="CD012139-aff-0004"/>
        </contrib>
        <contrib id="d28e93" contrib-type="author">
          <name>
            <surname>Westrom</surname>
            <given-names>Kristine</given-names>
          </name>
          <xref ref-type="aff" rid="CD012139-aff-0005"/>
        </contrib>
        <contrib id="d28e98" contrib-type="author">
          <name>
            <surname>Goldsmith</surname>
            <given-names>Charles H</given-names>
          </name>
          <xref ref-type="aff" rid="CD012139-aff-0006"/>
        </contrib>
      </contrib-group>
      <aff id="CD012139-aff-0001">
        <institution>University of Minnesota</institution>
        <institution content-type="dept">Integrative Health &amp; Wellbeing Research Program, Center for Spirituality &amp; Healing</institution>
        <addr-line>420 Delaware Street SE</addr-line>
        <city>Minneapolis</city>
        <country>USA</country>
        <postal-code>55455</postal-code>
      </aff>
      <aff id="CD012139-aff-0002">
        <institution>University of Western States</institution>
        <addr-line>2900 NE 132nd Avenue</addr-line>
        <city>Portland</city>
        <country>USA</country>
        <postal-code>97230</postal-code>
      </aff>
      <aff id="CD012139-aff-0003">
        <institution>St Catherine University</institution>
        <addr-line>601 25th Avenue S.</addr-line>
        <city>Minneapolis</city>
        <country>USA</country>
        <postal-code>55454</postal-code>
      </aff>
      <aff id="CD012139-aff-0004">
        <institution>UCSF School of Medicine</institution>
        <institution content-type="dept">Neurology</institution>
        <addr-line>2330 Post Street</addr-line>
        <city>San Francisco</city>
        <country>USA</country>
        <postal-code>94115</postal-code>
      </aff>
      <aff id="CD012139-aff-0005">
        <addr-line>223 North Pine Street</addr-line>
        <city>Chaska</city>
        <country>USA</country>
        <postal-code>55318</postal-code>
      </aff>
      <aff id="CD012139-aff-0006">
        <institution>Simon Fraser University</institution>
        <institution content-type="dept">Faculty of Health Sciences</institution>
        <addr-line>Blossom Hall, Room 95108888 University Drive</addr-line>
        <city>Burnaby</city>
        <country>Canada</country>
        <postal-code>V5A 1S6</postal-code>
      </aff>
      <author-notes>
        <fn>
          <p>Editorial Group: Cochrane Pain, Palliative and Supportive Care Group.</p>
        </fn>
      </author-notes>
      <pub-date pub-type="epub">
        <day>18</day>
        <month>7</month>
        <year>2017</year>
      </pub-date>
      <pub-date pub-type="collection">
        <month>7</month>
        <year>2017</year>
      </pub-date>
      <pub-date pub-type="update">
        <day>01</day>
        <month>08</month>
        <year>2017</year>
      </pub-date>
      <volume>2017</volume>
      <issue>7</issue>
      <elocation-id>CD012139</elocation-id>
      <history>
        <date date-type="previous-update" publication-format="electronic">
          <day>07</day>
          <month>04</month>
          <year>2016</year>
        </date>
      </history>
      <permissions>
        <copyright-statement>Copyright &#xA9; 2017 The Cochrane Collaboration. Published by John Wiley &amp; Sons, Ltd.</copyright-statement>
        <copyright-year>2017</copyright-year>
        <copyright-holder>The Cochrane Collaboration</copyright-holder>
      </permissions>
      <related-article related-article-type="updated-article" ext-link-type="doi" xlink:href="10.1002/14651858.CD012139" id="d28e217"/>
      <abstract>
        <title>Abstract</title>
        <p>This is a protocol for a Cochrane Review (Intervention). The objectives are as follows:</p>
        <p>To assess the short&#x2010; and long&#x2010;term effects of manual treatment and spinal rehabilitative exercise for the prevention of tension&#x2010;type headache in adults.</p>
      </abstract>
    </article-meta>
    <notes notes-type="status-note">
      <p>Withdrawn from publication for reasons stated in the review</p>
    </notes>
  </front>
</article>
</pmc-articleset>