<?xml version="1.0" ?>
<!DOCTYPE pmc-articleset PUBLIC "-//NLM//DTD ARTICLE SET 2.0//EN" "https://dtd.nlm.nih.gov/ncbi/pmc/articleset/nlm-articleset-2.0.dtd">
<pmc-articleset><article xmlns:xlink="http://www.w3.org/1999/xlink" xmlns:mml="http://www.w3.org/1998/Math/MathML" id="CD008043.pub2" article-type="systematic-review">
  <!--The publisher of this article does not allow downloading of the full text in XML form.-->
  <front>
    <journal-meta>
      <journal-id journal-id-type="nlm-ta">Cochrane Database Syst Rev</journal-id>
      <journal-id journal-id-type="iso-abbrev">Cochrane Database Syst Rev</journal-id>
      <journal-id journal-id-type="publisher-id">14651858</journal-id>
      <journal-id journal-id-type="doi">10.1002/14651858</journal-id>
      <journal-title-group>
        <journal-title>The Cochrane Database of Systematic Reviews</journal-title>
      </journal-title-group>
      <issn pub-type="epub">1469-493X</issn>
      <issn-l>1361-6137</issn-l>
      <publisher>
        <publisher-name>John Wiley &amp; Sons, Ltd</publisher-name>
        <publisher-loc>Chichester, UK</publisher-loc>
      </publisher>
    </journal-meta>
    <article-meta>
      <article-id pub-id-type="pmc">6486042</article-id>
      <article-id pub-id-type="doi">10.1002/14651858.CD008043.pub2</article-id>
      <article-id pub-id-type="publisher-id">CD008043</article-id>
      <article-id pub-id-type="other">CD008043.pub2</article-id>
      <article-categories>
        <subj-group subj-group-type="heading">
          <subject>Medicine General &amp; Introductory Medical Sciences</subject>
        </subj-group>
      </article-categories>
      <title-group>
        <article-title>Auricular acupuncture for opiate dependence in substance misuse treatment programmes</article-title>
      </title-group>
      <contrib-group>
        <contrib id="d28e63" contrib-type="author" corresp="yes">
          <name>
            <surname>Lui</surname>
            <given-names>Steve</given-names>
          </name>
          <address>
            <email>S.Lui@hud.ac.uk</email>
          </address>
          <xref ref-type="aff" rid="CD008043-aff-0001"/>
        </contrib>
        <contrib id="d28e68" contrib-type="author">
          <name>
            <surname>Li</surname>
            <given-names>Chunbo</given-names>
          </name>
          <xref ref-type="aff" rid="CD008043-aff-0002"/>
        </contrib>
        <contrib id="d28e73" contrib-type="author">
          <name>
            <surname>Xia</surname>
            <given-names>Jun</given-names>
          </name>
          <xref ref-type="aff" rid="CD008043-aff-0003"/>
        </contrib>
        <contrib id="d28e78" contrib-type="author">
          <name>
            <surname>Terplan</surname>
            <given-names>Mishka</given-names>
          </name>
          <xref ref-type="aff" rid="CD008043-aff-0004"/>
        </contrib>
      </contrib-group>
      <aff id="CD008043-aff-0001">
        <institution>University of Huddersfield</institution>
        <institution content-type="dept">School of Human and Health Sciences</institution>
        <addr-line>Harold Wilson BuildingQueensgate</addr-line>
        <city>Huddersfield</city>
        <country>UK</country>
        <postal-code>HD1 3DH</postal-code>
      </aff>
      <aff id="CD008043-aff-0002">
        <institution>Shanghai Mental Health Center, Shanghai Jiao Tong University School of Medicine</institution>
        <institution content-type="dept">Shanghai Key Laboratory of Psychotic Disorders</institution>
        <addr-line>600 Wan Ping Nan Road</addr-line>
        <city>Shanghai</city>
        <country>China</country>
        <postal-code/>
      </aff>
      <aff id="CD008043-aff-0003">
        <institution>Institute of Mental Health, University of Nottingham</institution>
        <institution content-type="dept">Cochrane Schizophrenia Group</institution>
        <addr-line>Triumph Road</addr-line>
        <city>Nottingham</city>
        <country>UK</country>
        <postal-code>NG7 2TU</postal-code>
      </aff>
      <aff id="CD008043-aff-0004">
        <institution>Behavioral Health System Baltimore</institution>
        <addr-line>1 North Charles StSuite 1300</addr-line>
        <city>Baltimore</city>
        <country>USA</country>
        <postal-code>MD 21201</postal-code>
      </aff>
      <author-notes>
        <fn>
          <p>Editorial Group: Cochrane Drugs and Alcohol Group.</p>
        </fn>
      </author-notes>
      <pub-date pub-type="epub">
        <day>28</day>
        <month>11</month>
        <year>2017</year>
      </pub-date>
      <pub-date pub-type="collection">
        <month>11</month>
        <year>2017</year>
      </pub-date>
      <pub-date pub-type="update">
        <day>28</day>
        <month>11</month>
        <year>2017</year>
      </pub-date>
      <volume>2017</volume>
      <issue>11</issue>
      <elocation-id>CD008043</elocation-id>
      <history>
        <date date-type="previous-update" publication-format="electronic">
          <day>07</day>
          <month>10</month>
          <year>2009</year>
        </date>
        <date date-type="cl-record-assessed-up-to-date">
          <day>15</day>
          <month>06</month>
          <year>2009</year>
        </date>
      </history>
      <permissions>
        <copyright-statement>Copyright &#xA9; 2017 The Cochrane Collaboration. Published by John Wiley &amp; Sons, Ltd.</copyright-statement>
        <copyright-year>2017</copyright-year>
        <copyright-holder>The Cochrane Collaboration</copyright-holder>
      </permissions>
      <related-article related-article-type="updated-article" ext-link-type="doi" xlink:href="10.1002/14651858.CD008043" id="d28e163"/>
      <abstract>
        <title>Abstract</title>
        <p>This is a protocol for a Cochrane Review (Intervention). The objectives are as follows:</p>
        <p>The objective of this review is to determine the effectiveness of auricular acupuncture on reducing opioid dependence and opiate use among people with opiate dependence.</p>
      </abstract>
    </article-meta>
    <notes notes-type="status-note">
      <p>Withdrawn from publication for reasons stated in the review</p>
    </notes>
  </front>
</article>
</pmc-articleset>