<?xml version="1.0" ?>
<!DOCTYPE pmc-articleset PUBLIC "-//NLM//DTD ARTICLE SET 2.0//EN" "https://dtd.nlm.nih.gov/ncbi/pmc/articleset/nlm-articleset-2.0.dtd">
<pmc-articleset><article xmlns:xlink="http://www.w3.org/1999/xlink" xmlns:mml="http://www.w3.org/1998/Math/MathML" id="CD011675" article-type="systematic-review">
  <!--The publisher of this article does not allow downloading of the full text in XML form.-->
  <front>
    <journal-meta>
      <journal-id journal-id-type="nlm-ta">Cochrane Database Syst Rev</journal-id>
      <journal-id journal-id-type="iso-abbrev">Cochrane Database Syst Rev</journal-id>
      <journal-id journal-id-type="publisher-id">14651858</journal-id>
      <journal-id journal-id-type="doi">10.1002/14651858</journal-id>
      <journal-title-group>
        <journal-title>The Cochrane Database of Systematic Reviews</journal-title>
      </journal-title-group>
      <issn pub-type="epub">1469-493X</issn>
      <issn-l>1361-6137</issn-l>
      <publisher>
        <publisher-name>John Wiley &amp; Sons, Ltd</publisher-name>
        <publisher-loc>Chichester, UK</publisher-loc>
      </publisher>
    </journal-meta>
    <article-meta>
      <article-id pub-id-type="pmc">6625790</article-id>
      <article-id pub-id-type="doi">10.1002/14651858.CD011675</article-id>
      <article-id pub-id-type="publisher-id">CD011675</article-id>
      <article-id pub-id-type="other">CD011675</article-id>
      <article-categories>
        <subj-group subj-group-type="heading">
          <subject>Medicine General &amp; Introductory Medical Sciences</subject>
        </subj-group>
      </article-categories>
      <title-group>
        <article-title>Wound cleansing for treating venous leg ulcers</article-title>
      </title-group>
      <contrib-group>
        <contrib id="d28e63" contrib-type="author" corresp="yes">
          <name>
            <surname>McLain</surname>
            <given-names>Niamh EM</given-names>
          </name>
          <address>
            <email>niamh.mclain@gmail.com</email>
          </address>
          <xref ref-type="aff" rid="CD011675-aff-0001"/>
        </contrib>
        <contrib id="d28e68" contrib-type="author">
          <name>
            <surname>Moore</surname>
            <given-names>Zena EH</given-names>
          </name>
          <xref ref-type="aff" rid="CD011675-aff-0002"/>
        </contrib>
      </contrib-group>
      <aff id="CD011675-aff-0001">
        <institution>Health Service Executive</institution>
        <institution content-type="dept">Community Care</institution>
        <addr-line>Centenary House35 York Road, Dun Laoghaire</addr-line>
        <city>Dublin</city>
        <country>Ireland</country>
        <postal-code/>
      </aff>
      <aff id="CD011675-aff-0002">
        <institution>Royal College of Surgeons in Ireland</institution>
        <institution content-type="dept">School of Nursing &amp; Midwifery</institution>
        <addr-line>123 St. Stephen's Green</addr-line>
        <city>Dublin</city>
        <country>Ireland</country>
        <postal-code>D2</postal-code>
      </aff>
      <author-notes>
        <fn>
          <p>Editorial Group: Cochrane Wounds Group.</p>
        </fn>
      </author-notes>
      <pub-date pub-type="epub">
        <day>28</day>
        <month>4</month>
        <year>2015</year>
      </pub-date>
      <pub-date pub-type="collection">
        <month>4</month>
        <year>2015</year>
      </pub-date>
      <pub-date pub-type="update">
        <day>12</day>
        <month>07</month>
        <year>2019</year>
      </pub-date>
      <volume>2015</volume>
      <issue>4</issue>
      <elocation-id>CD011675</elocation-id>
      <history/>
      <permissions>
        <copyright-statement>Copyright &#xA9; 2019 The Cochrane Collaboration. Published by John Wiley &amp; Sons, Ltd.</copyright-statement>
        <copyright-year>2019</copyright-year>
        <copyright-holder>The Cochrane Collaboration</copyright-holder>
      </permissions>
      <abstract>
        <title>Abstract</title>
        <p>This is a protocol for a Cochrane Review (Intervention). The objectives are as follows:</p>
        <p>To assess the effects of wound cleansing, wound cleansing solutions and wound cleansing techniques on the healing rates of venous leg ulcers.</p>
      </abstract>
    </article-meta>
    <notes notes-type="status-note">
      <p>Edited (no change to conclusions)</p>
    </notes>
  </front>
</article>
</pmc-articleset>