<?xml version="1.0" ?>
<!DOCTYPE pmc-articleset PUBLIC "-//NLM//DTD ARTICLE SET 2.0//EN" "https://dtd.nlm.nih.gov/ncbi/pmc/articleset/nlm-articleset-2.0.dtd">
<pmc-articleset><article xmlns:xlink="http://www.w3.org/1999/xlink" xmlns:mml="http://www.w3.org/1998/Math/MathML" id="CD001175.pub4" article-type="systematic-review">
  <!--The publisher of this article does not allow downloading of the full text in XML form.-->
  <front>
    <journal-meta>
      <journal-id journal-id-type="nlm-ta">Cochrane Database Syst Rev</journal-id>
      <journal-id journal-id-type="iso-abbrev">Cochrane Database Syst Rev</journal-id>
      <journal-id journal-id-type="publisher-id">14651858</journal-id>
      <journal-id journal-id-type="doi">10.1002/14651858</journal-id>
      <journal-title-group>
        <journal-title>The Cochrane Database of Systematic Reviews</journal-title>
      </journal-title-group>
      <issn pub-type="epub">1469-493X</issn>
      <issn-l>1361-6137</issn-l>
      <publisher>
        <publisher-name>John Wiley &amp; Sons, Ltd</publisher-name>
        <publisher-loc>Chichester, UK</publisher-loc>
      </publisher>
    </journal-meta>
    <article-meta>
      <article-id pub-id-type="pmid">28681432</article-id>
      <article-id pub-id-type="pmc">6483307</article-id>
      <article-id pub-id-type="doi">10.1002/14651858.CD001175.pub4</article-id>
      <article-id pub-id-type="publisher-id">CD001175.pub4</article-id>
      <article-id pub-id-type="other">CD001175</article-id>
      <article-categories>
        <subj-group>
          <subject>Effective practice &amp; health systems</subject>
          <subject>Implementation strategies</subject>
        </subj-group>
      </article-categories>
      <title-group>
        <article-title>Computer&#x2010;generated reminders delivered on paper to healthcare professionals: effects on professional practice and healthcare outcomes</article-title>
      </title-group>
      <contrib-group>
        <contrib id="d20e164" contrib-type="author" corresp="yes">
          <name>
            <surname>Arditi</surname>
            <given-names>Chantal</given-names>
          </name>
          <address>
            <email>chantal.arditi@chuv.ch</email>
          </address>
          <xref ref-type="aff" rid="CD001175-aff-0001"/>
        </contrib>
        <contrib id="d20e168" contrib-type="author">
          <name>
            <surname>R&#xE8;ge&#x2010;Walther</surname>
            <given-names>Myriam</given-names>
          </name>
          <xref ref-type="aff" rid="CD001175-aff-0002"/>
        </contrib>
        <contrib id="d20e172" contrib-type="author">
          <name>
            <surname>Durieux</surname>
            <given-names>Pierre</given-names>
          </name>
          <xref ref-type="aff" rid="CD001175-aff-0003"/>
        </contrib>
        <contrib id="d20e176" contrib-type="author">
          <name>
            <surname>Burnand</surname>
            <given-names>Bernard</given-names>
          </name>
          <xref ref-type="aff" rid="CD001175-aff-0001"/>
        </contrib>
        <contrib id="d20e186" contrib-type="editor">
          <collab collab-type="editors">Cochrane Effective Practice and Organisation of Care Group</collab>
        </contrib>
      </contrib-group>
      <aff id="CD001175-aff-0001">
        <institution>Lausanne University Hospital</institution>
        <institution content-type="dept">Cochrane Switzerland, Institute of Social and Preventive Medicine</institution>
        <city>Lausanne</city>
        <country>Switzerland</country>
        <postal-code>CH&#x2010;1005</postal-code>
      </aff>
      <aff id="CD001175-aff-0002">
        <institution>Lausanne University Hospital</institution>
        <institution content-type="dept">Institute of Social and Preventive Medicine</institution>
        <addr-line>Biop&#xF4;le 2</addr-line>
        <addr-line>Route de la Corniche 10</addr-line>
        <city>Lausanne</city>
        <country>Switzerland</country>
        <postal-code>1010</postal-code>
      </aff>
      <aff id="CD001175-aff-0003">
        <institution>Georges Pompidou European Hospital</institution>
        <institution content-type="dept">Department of Public Health and Medical Informatics</institution>
        <addr-line>20 rue Leblanc</addr-line>
        <city>Paris</city>
        <country>France</country>
        <postal-code>75015</postal-code>
      </aff>
      <pub-date pub-type="epub">
        <day>6</day>
        <month>7</month>
        <year>2017</year>
      </pub-date>
      <pub-date pub-type="collection">
        <month>7</month>
        <year>2017</year>
      </pub-date>
      <pub-date pub-type="update">
        <day>5</day>
        <month>7</month>
        <year>2017</year>
      </pub-date>
      <volume>2017</volume>
      <issue>7</issue>
      <elocation-id>CD001175</elocation-id>
      <permissions>
        <copyright-statement>Copyright &#xA9; 2017 The Cochrane Collaboration. Published by John Wiley &amp; Sons, Ltd.</copyright-statement>
      </permissions>
      <related-article related-article-type="updated-article" ext-link-type="doi" xlink:href="10.1002/14651858.CD001175.pub3" id="d20e38"/>
      <abstract>
        <title>Abstract</title>
        <sec id="CD001175-abs1-0001">
          <title>Background</title>
          <p>Clinical practice does not always reflect best practice and evidence, partly because of unconscious acts of omission, information overload, or inaccessible information. Reminders may help clinicians overcome these problems by prompting them to recall information that they already know or would be expected to know and by providing information or guidance in a more accessible and relevant format, at a particularly appropriate time. This is an update of a previously published review.</p>
        </sec>
        <sec id="CD001175-abs1-0002">
          <title>Objectives</title>
          <p>To evaluate the effects of reminders automatically generated through a computerized system (computer&#x2010;generated) and delivered on paper to healthcare professionals on quality of care (outcomes related to healthcare professionals' practice) and patient outcomes (outcomes related to patients' health condition).</p>
        </sec>
        <sec id="CD001175-abs1-0003">
          <title>Search methods</title>
          <p>We searched CENTRAL, MEDLINE, Embase, six other databases and two trials registers up to 21 September 2016 together with reference checking, citation searching and contact with study authors to identify additional studies.</p>
        </sec>
        <sec id="CD001175-abs1-0004">
          <title>Selection criteria</title>
          <p>We included individual&#x2010; or cluster&#x2010;randomized and non&#x2010;randomized trials that evaluated the impact of computer&#x2010;generated reminders delivered on paper to healthcare professionals, alone (single&#x2010;component intervention) or in addition to one or more co&#x2010;interventions (multi&#x2010;component intervention), compared with usual care or the co&#x2010;intervention(s) without the reminder component.</p>
        </sec>
        <sec id="CD001175-abs1-0005">
          <title>Data collection and analysis</title>
          <p>Review authors working in pairs independently screened studies for eligibility and abstracted data. For each study, we extracted the primary outcome when it was defined or calculated the median effect size across all reported outcomes. We then calculated the median improvement and interquartile range (IQR) across included studies using the primary outcome or median outcome as representative outcome. We assessed the certainty of the evidence according to the GRADE approach.</p>
        </sec>
        <sec id="CD001175-abs1-0006">
          <title>Main results</title>
          <p>We identified 35 studies (30 randomized trials and five non&#x2010;randomized trials) and analyzed 34 studies (40 comparisons). Twenty&#x2010;nine studies took place in the USA and six studies took place in Canada, France, Israel, and Kenya. All studies except two took place in outpatient care. Reminders were aimed at enhancing compliance with preventive guidelines (e.g. cancer screening tests, vaccination) in half the studies and at enhancing compliance with disease management guidelines for acute or chronic conditions (e.g. annual follow&#x2010;ups, laboratory tests, medication adjustment, counseling) in the other half.</p>
          <p>Computer&#x2010;generated reminders delivered on paper to healthcare professionals, alone or in addition to co&#x2010;intervention(s), probably improves quality of care slightly compared with usual care or the co&#x2010;intervention(s) without the reminder component (median improvement 6.8% (IQR: 3.8% to 17.5%); 34 studies (40 comparisons); moderate&#x2010;certainty evidence).</p>
          <p>Computer&#x2010;generated reminders delivered on paper to healthcare professionals alone (single&#x2010;component intervention) probably improves quality of care compared with usual care (median improvement 11.0% (IQR 5.4% to 20.0%); 27 studies (27 comparisons); moderate&#x2010;certainty evidence). Adding computer&#x2010;generated reminders delivered on paper to healthcare professionals to one or more co&#x2010;interventions (multi&#x2010;component intervention) probably improves quality of care slightly compared with the co&#x2010;intervention(s) without the reminder component (median improvement 4.0% (IQR 3.0% to 6.0%); 11 studies (13 comparisons); moderate&#x2010;certainty evidence).</p>
          <p>We are uncertain whether reminders, alone or in addition to co&#x2010;intervention(s), improve patient outcomes as the certainty of the evidence is very low (n = 6 studies (seven comparisons)). None of the included studies reported outcomes related to harms or adverse effects of the intervention.</p>
        </sec>
        <sec id="CD001175-abs1-0007">
          <title>Authors' conclusions</title>
          <p>There is moderate&#x2010;certainty evidence that computer&#x2010;generated reminders delivered on paper to healthcare professionals probably slightly improves quality of care, in terms of compliance with preventive guidelines and compliance with disease management guidelines. It is uncertain whether reminders improve patient outcomes because the certainty of the evidence is very low. The heterogeneity of the reminder interventions included in this review also suggests that reminders can probably improve quality of care in various settings under various conditions.</p>
        </sec>
      </abstract>
      <abstract abstract-type="short">
        <title>Plain language summary</title>
        <p>
          <bold>The effect of automatically generated reminders delivered to providers on paper on quality of care and patient outcomes</bold>
        </p>
        <p>
          <bold>What is the aim of this review?</bold>
        </p>
        <p>The aim of this Cochrane review was to find out if reminders, automatically generated through a computer, but delivered on paper to doctors help them provide the best recommended care. Cochrane researchers identified 35 studies and analyzed 34 of these studies to answer this question.</p>
        <p>
          <bold>Key messages</bold>
        </p>
        <p>Providing reminders to doctors probably improves slightly the quality of care patients receive. However, because the certainty of the evidence is moderate, more high&#x2010;quality studies on the effectiveness of reminders are needed to confirm to findings of this review.</p>
        <p>
          <bold>What was studied in the review?</bold>
        </p>
        <p>Doctors do not always provide care that is recommended or that reflects the latest research, partly because of too much information or inaccessible information. Reminders may help doctors overcome these problems by reminding them about guidelines and research findings, or by providing advice, in a more accessible and relevant format, at a particularly appropriate time. For example, when a doctor sees a patient for an annual check&#x2010;up, the doctor would receive the patient's chart with a reminder section listing the screening tests due that year, such as colorectal cancer screening. In this review, we evaluated the effects of reminders on the quality of care delivered by physicians, on patient outcomes, and on adverse effects. These reminders were automatically generated through a computer system but delivered on paper.</p>
        <p>
          <bold>What are the main results of the review?</bold>
        </p>
        <p>Twenty&#x2010;nine studies were from the USA and six studies were from Canada, France, Israel and Kenya. The studies examined reminders to doctors to order screening tests, to provide vaccinations, to prescribe specific medications, or to discuss care with patients.</p>
        <p>The review shows that:</p>
        <p>&#x2010; overall, reminders probably improve slightly quality of care by 6.8% (in 34 studies (40 comparisons), moderate&#x2010;certainty evidence);</p>
        <p>&#x2010; reminders alone (single&#x2010;component intervention) probably improve quality of care by 11.0% compared with usual care (in 27 studies (27 comparisons), moderate&#x2010;certainty evidence);</p>
        <p>&#x2010; adding reminders to one or more co&#x2010;interventions (multi&#x2010;component intervention) probably improve slightly quality of care by 4.0% compared with the co&#x2010;intervention(s) without the reminder component (in 11 studies (13 comparisons), moderate&#x2010;certainty evidence);</p>
        <p>&#x2010; it is uncertain whether reminders improve patient outcomes because the certainty of the evidence is very low;</p>
        <p>&#x2010; none of the included studies reported outcomes related to harms or adverse effects.</p>
        <p>
          <bold>How up to date is this review?</bold>
        </p>
        <p>The review authors searched for studies that had been published up to 21 September 2016.</p>
      </abstract>
    </article-meta>
    <notes notes-type="status-note">
      <p>New search for studies and content updated (no change to conclusions)</p>
    </notes>
  </front>
</article>
</pmc-articleset>