<?xml version="1.0" ?>
<!DOCTYPE pmc-articleset PUBLIC "-//NLM//DTD ARTICLE SET 2.0//EN" "https://dtd.nlm.nih.gov/ncbi/pmc/articleset/nlm-articleset-2.0.dtd">
<pmc-articleset><article xmlns:xlink="http://www.w3.org/1999/xlink" xmlns:mml="http://www.w3.org/1998/Math/MathML" id="CD008645.pub3" article-type="systematic-review">
  <!--The publisher of this article does not allow downloading of the full text in XML form.-->
  <front>
    <journal-meta>
      <journal-id journal-id-type="nlm-ta">Cochrane Database Syst Rev</journal-id>
      <journal-id journal-id-type="iso-abbrev">Cochrane Database Syst Rev</journal-id>
      <journal-id journal-id-type="publisher-id">14651858</journal-id>
      <journal-id journal-id-type="doi">10.1002/14651858</journal-id>
      <journal-title-group>
        <journal-title>The Cochrane Database of Systematic Reviews</journal-title>
      </journal-title-group>
      <issn pub-type="epub">1469-493X</issn>
      <issn-l>1361-6137</issn-l>
      <publisher>
        <publisher-name>John Wiley &amp; Sons, Ltd</publisher-name>
        <publisher-loc>Chichester, UK</publisher-loc>
      </publisher>
    </journal-meta>
    <article-meta>
      <article-id pub-id-type="pmid">28585288</article-id>
      <article-id pub-id-type="pmc">6481498</article-id>
      <article-id pub-id-type="doi">10.1002/14651858.CD008645.pub3</article-id>
      <article-id pub-id-type="publisher-id">CD008645</article-id>
      <article-id pub-id-type="other">CD008645.pub3</article-id>
      <article-categories>
        <subj-group subj-group-type="heading">
          <subject>Medicine General &amp; Introductory Medical Sciences</subject>
        </subj-group>
      </article-categories>
      <title-group>
        <article-title>Incentives for preventing smoking in children and adolescents</article-title>
      </title-group>
      <contrib-group>
        <contrib id="d28e63" contrib-type="author" corresp="yes">
          <name>
            <surname>Hefler</surname>
            <given-names>Marita</given-names>
          </name>
          <address>
            <email>Marita.Hefler@menzies.edu.au</email>
          </address>
          <xref ref-type="aff" rid="CD008645-aff-0001"/>
        </contrib>
        <contrib id="d28e68" contrib-type="author">
          <name>
            <surname>Liberato</surname>
            <given-names>Selma C</given-names>
          </name>
          <xref ref-type="aff" rid="CD008645-aff-0001"/>
        </contrib>
        <contrib id="d28e73" contrib-type="author">
          <name>
            <surname>Thomas</surname>
            <given-names>David P</given-names>
          </name>
          <xref ref-type="aff" rid="CD008645-aff-0001"/>
        </contrib>
      </contrib-group>
      <aff id="CD008645-aff-0001">
        <institution>Menzies School of Health Research</institution>
        <institution content-type="dept">Wellbeing &amp; Preventable Chronic Disease Division</institution>
        <city>Darwin</city>
        <country>Australia</country>
        <postal-code>NT 0811</postal-code>
      </aff>
      <author-notes>
        <fn>
          <p>Editorial Group: Cochrane Tobacco Addiction Group.</p>
        </fn>
      </author-notes>
      <pub-date pub-type="epub">
        <day>06</day>
        <month>6</month>
        <year>2017</year>
      </pub-date>
      <pub-date pub-type="collection">
        <month>6</month>
        <year>2017</year>
      </pub-date>
      <pub-date pub-type="update">
        <day>01</day>
        <month>12</month>
        <year>2018</year>
      </pub-date>
      <volume>2017</volume>
      <issue>6</issue>
      <elocation-id>CD008645</elocation-id>
      <history>
        <date date-type="previous-update" publication-format="electronic">
          <day>17</day>
          <month>10</month>
          <year>2012</year>
        </date>
      </history>
      <permissions>
        <copyright-statement>Copyright &#xA9; 2018 The Cochrane Collaboration. Published by John Wiley &amp; Sons, Ltd.</copyright-statement>
        <copyright-year>2018</copyright-year>
        <copyright-holder>The Cochrane Collaboration</copyright-holder>
      </permissions>
      <related-article related-article-type="updated-article" ext-link-type="doi" xlink:href="10.1002/14651858.CD008645.pub2" id="d28e117"/>
      <abstract>
        <sec>
          <title>Background</title>
          <p>Adult smoking usually has its roots in adolescence. If individuals do not take up smoking during this period it is unlikely that they ever will. Further, once smoking becomes established, cessation is challenging; the probability of subsequently quitting is inversely proportional to the age of initiation. One novel approach to reducing the prevalence of youth smoking is the use of incentives.</p>
        </sec>
        <sec>
          <title>Objectives</title>
          <p>To assess the effect of incentives on preventing children and adolescents (aged 5 to 18 years) from starting to smoke. It was also our intention to assess, where possible, the dose&#x2010;response of incentives, the costs of incentive programmes, whether incentives are more or less effective in combination with other interventions to prevent smoking initiation, and any unintended consequences arising from the use of incentives.</p>
        </sec>
        <sec>
          <title>Search methods</title>
          <p>For the original review (published 2012) we searched the Cochrane Tobacco Addiction Group Specialized Register, with additional searches of MEDLINE, Embase, CINAHL, CSA databases and PsycINFO for terms relating to incentives, in combination with terms for smoking and tobacco use, and children and adolescents. The most recent searches were of the Cochrane Tobacco Addiction Group Specialized Register, and were carried out in December 2016.</p>
        </sec>
        <sec>
          <title>Selection criteria</title>
          <p>We considered randomized controlled trials (RCTs) allocating children and adolescents (aged 5 to 18 years) as individuals, groups or communities to intervention or control conditions, where the intervention included an incentive aimed at preventing smoking uptake. We also considered controlled trials (CTs) with baseline measures and post&#x2010;intervention outcomes.</p>
        </sec>
        <sec>
          <title>Data collection and analysis</title>
          <p>Two review authors extracted and independently assessed the data. The primary outcome was the smoking status of children or adolescents at follow&#x2010;up who reported no smoking at baseline. We required a minimum follow&#x2010;up of six months from baseline and assessed each included study for risks of bias. We used the most rigorous definition of abstinence in each trial; we did not require biochemical validation of self&#x2010;reported tobacco use for study inclusion. Where possible we combined eligible studies to calculate pooled estimates at the longest follow&#x2010;up, using the Mantel&#x2010;Haenszel fixed&#x2010;effect method, grouping studies by study design.</p>
        </sec>
        <sec>
          <title>Main results</title>
          <p>We identified three eligible RCTs and five CTs, including participants aged 11 to 14 years, who were non&#x2010;smokers at baseline. Of the eight trials identified, six had analyzable data relevant for this review, which contributed to meta&#x2010;analyses (7275 participants in total: 4003 intervention; 3272 control; 2484 participants after adjusting for clustering). All except one of the studies tested the 'Smokefree Class Competition' (SFC), which has been widely implemented throughout Europe. In this competition, classes with youth generally between the ages of 11 and 14 years commit to being smoke&#x2010;free for a six&#x2010;month period, and report their smoking status regularly. If 90% or more of the class are non&#x2010;smokers at the end of the six months, the class goes into a competition to win prizes. The one study that was not a trial of the SFC was a controlled trial in which schools in two communities were assigned to the intervention, with schools in a third community acting as controls. Students in the intervention community with lower smoking rates at the end of the project (one school year) received rewards.</p>
          <p>Most studies resulted in statistically non&#x2010;significant results. Only one study of the SFC reported a significant effect of the competition on the prevention of smoking at the longest follow&#x2010;up. However, this study was at risk of multiple biases, and when we calculated the adjusted risk ratio (RR) we no longer detected a statistically significant difference. The pooled RR for the more robust RCTs (3 studies, n = 3056 participants/1107 adjusted for clustering) suggests that there is no statistically significant effect of incentives, in the form of the SFC, to prevent smoking initiation among children and adolescents in the long term (RR 1.00, 95% confidence interval (CI) 0.84 to 1.19). Pooled results from the non&#x2010;randomized trials also did not detect a significant effect of the SFC, and we were unable to extract data on our outcome of interest from the one trial that did not study the SFC. There is little robust evidence to suggest that unintended consequences (such as making false claims about their smoking status and bullying of smoking students) are consistently associated with such interventions, although this has not been the focus of much research. There was insufficient information to assess the dose&#x2010;response relationship or to report costs of incentives for preventing smoking uptake.</p>
          <p>We judged the included RCTs to be at unclear risk of bias, and the non&#x2010;RCTs to be at high risk of bias. Using GRADE, we rated the overall quality of the evidence for our primary outcome as 'low' (for RCTs) and 'very low' (for non&#x2010;RCTs), because of imprecision (all studies had wide confidence intervals), and for the risks of bias identified. We further downgraded the non&#x2010;RCT evidence, due to issues with the non&#x2010;RCT study design, likely to introduce further bias.</p>
        </sec>
        <sec>
          <title>Authors' conclusions</title>
          <p>The very limited evidence currently available suggests that incentive programmes do not prevent smoking initiation among youth. However, there are relatively few published studies and these are of variable quality. In addition, trials included in the meta&#x2010;analyses were all studies of the SFC, which distributed small to moderately&#x2010;sized prizes to whole classes, usually through a lottery system. It is therefore possible that other incentive programmes could be more successful at preventing smoking uptake in young people.</p>
          <p>Future studies might investigate the efficacy of a wider range of incentives, including those given to individual participants to prevent smoking uptake, whilst considering both the effect of incentives on smoking initiation and the progression to smoking. It would be useful if incentives were evaluated in varying populations from different socioeconomic and ethnic backgrounds, and if intervention components were described in detail.</p>
        </sec>
      </abstract>
      <abstract abstract-type="short">
        <title>Do incentives help keep young people from starting to smoke in the medium to long term?</title>
        <p>
          <bold>Background</bold>
        </p>
        <p>Most smokers start smoking before they are 18 years old. Starting smoking earlier in life means a smoker will smoke for more years than someone who starts smoking later, which increases the health risks of smoking. Given the high amount of tobacco use among young people and the poor health outcomes that may result, finding ways to prevent young people from smoking is a public health priority. One new approach to stopping young people from starting to smoke is the use of&#xA0;incentives, where young people or groups of young people are rewarded for being smoke&#x2010;free.&#xA0;The aim of this review was to&#xA0;assess the effect of incentives on stopping children and adolescents (aged 5 to 18 years) from starting to smoke.</p>
        <p>
          <bold>Study characteristics</bold>
        </p>
        <p>This is an update of a previous review. The first version was published in 2012 and included seven studies. For this update we searched for new studies in December 2016 and found one. This review now includes eight trials. Seven of these were trials of the 'Smokefree Class Competition' (SFC), which has been widely used throughout Europe. In this competition, classes (generally between the ages of 11 and 14 years) promise to be smoke&#x2010;free for a six&#x2010;month period. They report regularly on their smoking status, and if 90% or more of the class are non&#x2010;smokers at the end of the six months, the class goes into a competition to win prizes. In the one trial that did not test the SFC, classes with the smallest percentage of students smoking at the school year's end were given rewards.</p>
        <p>
          <bold>Key results</bold>
        </p>
        <p>We assessed the results from seven trials of SFC and found that the competition did not have a significant impact on whether or not young people started smoking. As there was only one trial that was not of the SFC, we concluded that we do not have enough information to evaluate whether this programme was effective in preventing young people from starting to smoke. Potential negative effects of the SFC have not been widely researched, but the available data suggest that the SFC programme does not have any significant negative effects.</p>
        <p>
          <bold>Quality of the evidence</bold>
        </p>
        <p>We judged the overall quality of evidence to be low or very low, because it is based on a small number of studies, with imprecise effects and with a high or uncertain risk of bias.</p>
      </abstract>
      <kwd-group kwd-group-type="mesh">
        <kwd>Adolescent</kwd>
        <kwd>Child</kwd>
        <kwd>Humans</kwd>
        <kwd>Motivation</kwd>
        <kwd>Smoking Prevention</kwd>
        <kwd>Randomized Controlled Trials as Topic</kwd>
        <kwd>Smoking</kwd>
        <kwd>Smoking/epidemiology</kwd>
        <kwd>Smoking/psychology</kwd>
      </kwd-group>
    </article-meta>
    <notes notes-type="status-note">
      <p>Edited (no change to conclusions)</p>
    </notes>
  </front>
</article>
</pmc-articleset>