<?xml version="1.0" ?>
<!DOCTYPE pmc-articleset PUBLIC "-//NLM//DTD ARTICLE SET 2.0//EN" "https://dtd.nlm.nih.gov/ncbi/pmc/articleset/nlm-articleset-2.0.dtd">
<pmc-articleset><article xmlns:xlink="http://www.w3.org/1999/xlink" xmlns:mml="http://www.w3.org/1998/Math/MathML" id="CD009132.pub2" article-type="systematic-review">
  <!--The publisher of this article does not allow downloading of the full text in XML form.-->
  <front>
    <journal-meta>
      <journal-id journal-id-type="nlm-ta">Cochrane Database Syst Rev</journal-id>
      <journal-id journal-id-type="iso-abbrev">Cochrane Database Syst Rev</journal-id>
      <journal-id journal-id-type="publisher-id">14651858</journal-id>
      <journal-id journal-id-type="doi">10.1002/14651858</journal-id>
      <journal-title-group>
        <journal-title>The Cochrane Database of Systematic Reviews</journal-title>
      </journal-title-group>
      <issn pub-type="epub">1469-493X</issn>
      <issn-l>1361-6137</issn-l>
      <publisher>
        <publisher-name>John Wiley &amp; Sons, Ltd</publisher-name>
        <publisher-loc>Chichester, UK</publisher-loc>
      </publisher>
    </journal-meta>
    <article-meta>
      <article-id pub-id-type="pmid">22972133</article-id>
      <article-id pub-id-type="pmc">6464825</article-id>
      <article-id pub-id-type="doi">10.1002/14651858.CD009132.pub2</article-id>
      <article-id pub-id-type="publisher-id">CD009132</article-id>
      <article-id pub-id-type="other">CD009132.pub2</article-id>
      <article-categories>
        <subj-group subj-group-type="heading">
          <subject>Medicine General &amp; Introductory Medical Sciences</subject>
        </subj-group>
      </article-categories>
      <title-group>
        <article-title>Cholinesterase inhibitors for mild cognitive impairment</article-title>
      </title-group>
      <contrib-group>
        <contrib id="d28e63" contrib-type="author" corresp="yes">
          <name>
            <surname>Russ</surname>
            <given-names>Tom C</given-names>
          </name>
          <address>
            <email>tc.russ@ed.ac.uk</email>
          </address>
          <xref ref-type="aff" rid="CD009132-aff-0001"/>
        </contrib>
        <contrib id="d28e68" contrib-type="author">
          <name>
            <surname>Morling</surname>
            <given-names>Joanne R</given-names>
          </name>
          <xref ref-type="aff" rid="CD009132-aff-0002"/>
        </contrib>
      </contrib-group>
      <aff id="CD009132-aff-0001">
        <institution>University of Edinburgh</institution>
        <institution content-type="dept">Division of Psychiatry</institution>
        <addr-line>Kennedy Tower, Royal Edinburgh HospitalMorningside Terrace</addr-line>
        <city>Edinburgh</city>
        <country>UK</country>
        <postal-code>EH10 5HF</postal-code>
      </aff>
      <aff id="CD009132-aff-0002">
        <institution>University of Nottingham</institution>
        <institution content-type="dept">Division of Epidemiology and Public Health</institution>
        <addr-line>C120, Clinical Sciences Building &#x2010; Ph2City Hospital Campus, Hucknall Road</addr-line>
        <city>Nottingham</city>
        <country>UK</country>
        <postal-code>NG5 1PB</postal-code>
      </aff>
      <author-notes>
        <fn>
          <p>Editorial Group: Cochrane Dementia and Cognitive Improvement Group.</p>
        </fn>
      </author-notes>
      <pub-date pub-type="epub">
        <day>12</day>
        <month>9</month>
        <year>2012</year>
      </pub-date>
      <pub-date pub-type="collection">
        <month>9</month>
        <year>2012</year>
      </pub-date>
      <pub-date pub-type="update">
        <day>05</day>
        <month>07</month>
        <year>2016</year>
      </pub-date>
      <volume>2012</volume>
      <issue>9</issue>
      <elocation-id>CD009132</elocation-id>
      <history>
        <date date-type="previous-update" publication-format="electronic">
          <day>11</day>
          <month>05</month>
          <year>2011</year>
        </date>
        <date date-type="cl-record-assessed-up-to-date">
          <day>07</day>
          <month>08</month>
          <year>2012</year>
        </date>
      </history>
      <permissions>
        <copyright-statement>Copyright &#xA9; 2016 The Cochrane Collaboration. Published by John Wiley &amp; Sons, Ltd.</copyright-statement>
        <copyright-year>2016</copyright-year>
        <copyright-holder>The Cochrane Collaboration</copyright-holder>
      </permissions>
      <related-article related-article-type="updated-article" ext-link-type="doi" xlink:href="10.1002/14651858.CD009132" id="d28e133"/>
      <abstract>
        <sec>
          <title>Background</title>
          <p>Mild cognitive impairment is hypothesised to represent a pre&#x2010;clinical stage of dementia but forms a heterogeneous group with variable prognosis.</p>
        </sec>
        <sec>
          <title>Objectives</title>
          <p>To assess the safety and efficacy of cholinesterase inhibitors in people with mild cognitive impairment.</p>
        </sec>
        <sec>
          <title>Search methods</title>
          <p>Trials were identified from the Cochrane Dementia and Cognitive Improvement Group's Specialised Register, which is frequently updated from the major healthcare databases (MEDLINE, EMBASE, CINAHL, PsycINFO and Lilacs) as well as trial registers and grey literature.</p>
        </sec>
        <sec>
          <title>Selection criteria</title>
          <p>Double&#x2010;blind, placebo&#x2010;controlled randomised trials of any cholinesterase inhibitor in people with mild cognitive impairment.</p>
        </sec>
        <sec>
          <title>Data collection and analysis</title>
          <p>Data were extracted from the published reports of the included studies, combined by meta&#x2010;analysis where appropriate, and treatment efficacy and risk of adverse events were estimated.</p>
        </sec>
        <sec>
          <title>Main results</title>
          <p>Nine studies (from eight published reports) of 5149 individuals with mild cognitive impairment (however defined) were included in the review. Limited pooling of results was possible owing to different lengths of trials. Meta&#x2010;analysis of the three studies reporting conversion to dementia gives no strong evidence of a beneficial effect of cholinesterase inhibitors on the progression to dementia at one, two or three years. The risk ratio (RR) for conversion at two years was significantly different from unity (0.67; 95% confidence interval (CI) 0.55 to 0.83), but this is based on only two studies reported in the same article. There was essentially no effect of cholinesterase inhibitors on cognitive test scores.</p>
          <p>Based on the results from 4207 individuals, there were significantly more adverse events in the cholinesterase inhibitor groups (RR 1.09; 95% CI 1.02 to 1.16), but no more serious adverse events or deaths. Gastrointestinal side effects were much more common (diarrhoea: RR 2.10; 95% CI 1.30 to 3.39; nausea: RR 2.97; 95% CI 2.57 to 3.42; vomiting: RR 4.42; 95% CI 3.23 to 6.05). Cardiac problems were no more likely in either group (RR 0.71; 95% CI 0.25 to 2.02). Other side effects reported significantly more often in the cholinesterase inhibitor group were muscle spasms/leg cramps (RR 7.52; 95% CI 4.34 to 13.02), headache (RR 1.34; 95% CI 1.05 to 1.71), syncope or dizziness (RR 1.62; 95% CI 1.36 to 1.93), insomnia (RR 1.66; 95% CI 1.36 to 2.02) and abnormal dreams (RR 4.25; 95% CI 2.57 to 7.04).</p>
        </sec>
        <sec>
          <title>Authors' conclusions</title>
          <p>There is very little evidence that cholinesterase inhibitors affect progression to dementia or cognitive test scores in mild cognitive impairment. This weak evidence is overwhelmed by the increased risk of adverse events, particularly gastrointestinal. Cholinesterase inhibitors should not be recommended for mild cognitive impairment.</p>
        </sec>
      </abstract>
      <abstract abstract-type="short">
        <title>Anti&#x2010;dementia drugs for people with memory problems but without dementia</title>
        <p>Dementia is a very common condition and, with ageing populations, will only increase in importance in the coming years. Early diagnosis and treatment help people with dementia stay independent and living at home for longer. Cholinesterase inhibitor ('anti&#x2010;dementia') drugs are used to treat people with Alzheimer's disease (the most common cause of dementia) and can be started as soon as dementia is diagnosed. However, it is not clear whether they are helpful, or indeed safe, in people who have some memory problems but who do not have dementia. It is extremely difficult to predict who will go on to develop dementia from this group of people and some will even get better and their memory return to normal. There is very little evidence that these drugs prevent the development of dementia over three years and people taking them experience a number of side effects including nausea, vomiting and diarrhoea, as well as muscle spasms/leg cramps and abnormal dreams.</p>
      </abstract>
      <kwd-group kwd-group-type="mesh">
        <kwd>Humans</kwd>
        <kwd>Cholinesterase Inhibitors</kwd>
        <kwd>Cholinesterase Inhibitors/adverse effects</kwd>
        <kwd>Cholinesterase Inhibitors/therapeutic use</kwd>
        <kwd>Cognitive Dysfunction</kwd>
        <kwd>Cognitive Dysfunction/drug therapy</kwd>
        <kwd>Dementia</kwd>
        <kwd>Dementia/etiology</kwd>
        <kwd>Diarrhea</kwd>
        <kwd>Diarrhea/chemically induced</kwd>
        <kwd>Disease Progression</kwd>
        <kwd>Nausea</kwd>
        <kwd>Nausea/chemically induced</kwd>
        <kwd>Randomized Controlled Trials as Topic</kwd>
        <kwd>Vomiting</kwd>
        <kwd>Vomiting/chemically induced</kwd>
      </kwd-group>
    </article-meta>
    <notes notes-type="status-note">
      <p>Edited (no change to conclusions)</p>
    </notes>
  </front>
</article>
</pmc-articleset>