<?xml version="1.0" ?>
<!DOCTYPE pmc-articleset PUBLIC "-//NLM//DTD ARTICLE SET 2.0//EN" "https://dtd.nlm.nih.gov/ncbi/pmc/articleset/nlm-articleset-2.0.dtd">
<pmc-articleset><article xmlns:xlink="http://www.w3.org/1999/xlink" xmlns:mml="http://www.w3.org/1998/Math/MathML" id="CD001751.pub3" article-type="systematic-review">
  <!--The publisher of this article does not allow downloading of the full text in XML form.-->
  <front>
    <journal-meta>
      <journal-id journal-id-type="nlm-ta">Cochrane Database Syst Rev</journal-id>
      <journal-id journal-id-type="iso-abbrev">Cochrane Database Syst Rev</journal-id>
      <journal-id journal-id-type="publisher-id">14651858</journal-id>
      <journal-id journal-id-type="doi">10.1002/14651858</journal-id>
      <journal-title-group>
        <journal-title>The Cochrane Database of Systematic Reviews</journal-title>
      </journal-title-group>
      <issn pub-type="epub">1469-493X</issn>
      <issn-l>1361-6137</issn-l>
      <publisher>
        <publisher-name>John Wiley &amp; Sons, Ltd</publisher-name>
        <publisher-loc>Chichester, UK</publisher-loc>
      </publisher>
    </journal-meta>
    <article-meta>
      <article-id pub-id-type="pmid">26224322</article-id>
      <article-id pub-id-type="pmc">6953236</article-id>
      <article-id pub-id-type="doi">10.1002/14651858.CD001751.pub3</article-id>
      <article-id pub-id-type="publisher-id">CD001751.pub3</article-id>
      <article-id pub-id-type="other">CD001751</article-id>
      <article-categories>
        <subj-group>
          <subject>Gynaecology</subject>
          <subject>PELVIC PAIN</subject>
        </subj-group>
      </article-categories>
      <title-group>
        <article-title>Nonsteroidal anti&#x2010;inflammatory drugs for dysmenorrhoea</article-title>
      </title-group>
      <contrib-group>
        <contrib id="d20e180" contrib-type="author" corresp="yes">
          <name>
            <surname>Marjoribanks</surname>
            <given-names>Jane</given-names>
          </name>
          <address>
            <email>j.marjoribanks@auckland.ac.nz</email>
          </address>
          <xref ref-type="aff" rid="CD001751-aff-0001"/>
        </contrib>
        <contrib id="d20e184" contrib-type="author">
          <name>
            <surname>Ayeleke</surname>
            <given-names>Reuben Olugbenga</given-names>
          </name>
          <xref ref-type="aff" rid="CD001751-aff-0001"/>
        </contrib>
        <contrib id="d20e188" contrib-type="author">
          <name>
            <surname>Farquhar</surname>
            <given-names>Cindy</given-names>
          </name>
          <xref ref-type="aff" rid="CD001751-aff-0001"/>
        </contrib>
        <contrib id="d20e192" contrib-type="author">
          <name>
            <surname>Proctor</surname>
            <given-names>Michelle</given-names>
          </name>
          <xref ref-type="aff" rid="CD001751-aff-0002"/>
        </contrib>
        <contrib id="d20e202" contrib-type="editor">
          <collab collab-type="editors">Cochrane Gynaecology and Fertility Group</collab>
        </contrib>
      </contrib-group>
      <aff id="CD001751-aff-0001">
        <institution>University of Auckland</institution>
        <institution content-type="dept">Department of Obstetrics and Gynaecology</institution>
        <addr-line>Park RdGrafton</addr-line>
        <city>Auckland</city>
        <country>New Zealand</country>
        <postal-code>1003</postal-code>
      </aff>
      <aff id="CD001751-aff-0002">
        <institution>Department of Corrections</institution>
        <institution content-type="dept">Psychological Service</institution>
        <addr-line>PO Box 302457North Harbour</addr-line>
        <city>Auckland</city>
        <country>New Zealand</country>
        <postal-code>1310</postal-code>
      </aff>
      <pub-date pub-type="epub">
        <day>30</day>
        <month>7</month>
        <year>2015</year>
      </pub-date>
      <pub-date pub-type="collection">
        <month>7</month>
        <year>2015</year>
      </pub-date>
      <pub-date pub-type="update">
        <day>29</day>
        <month>7</month>
        <year>2015</year>
      </pub-date>
      <volume>2015</volume>
      <issue>7</issue>
      <elocation-id>CD001751</elocation-id>
      <permissions>
        <copyright-statement>Copyright &#xA9; 2015 The Cochrane Collaboration. Published by John Wiley &amp; Sons, Ltd.</copyright-statement>
      </permissions>
      <related-article related-article-type="updated-article" ext-link-type="doi" xlink:href="10.1002/14651858.CD001751.pub2" id="d20e38"/>
      <abstract>
        <title>Abstract</title>
        <sec id="CD001751-abs1-0001">
          <title>Background</title>
          <p>Dysmenorrhoea is a common gynaecological problem consisting of painful cramps accompanying menstruation, which in the absence of any underlying abnormality is known as primary dysmenorrhoea. Research has shown that women with dysmenorrhoea have high levels of prostaglandins, hormones known to cause cramping abdominal pain. Nonsteroidal anti&#x2010;inflammatory drugs (NSAIDs) are drugs that act by blocking prostaglandin production. They inhibit the action of cyclooxygenase (COX), an enzyme responsible for the formation of prostaglandins. The COX enzyme exists in two forms, COX&#x2010;1 and COX&#x2010;2. Traditional NSAIDs are considered 'non&#x2010;selective' because they inhibit both COX&#x2010;1 and COX&#x2010;2 enzymes. More selective NSAIDs that solely target COX&#x2010;2 enzymes (COX&#x2010;2&#x2010;specific inhibitors) were launched in 1999 with the aim of reducing side effects commonly reported in association with NSAIDs, such as indigestion, headaches and drowsiness.</p>
        </sec>
        <sec id="CD001751-abs1-0002">
          <title>Objectives</title>
          <p>To determine the effectiveness and safety of NSAIDs in the treatment of primary dysmenorrhoea.</p>
        </sec>
        <sec id="CD001751-abs1-0003">
          <title>Search methods</title>
          <p>We searched the following databases in January 2015: Cochrane Menstrual Disorders and Subfertility Group Specialised Register, Cochrane Central Register of Controlled Trials (CENTRAL, November 2014 issue), MEDLINE, EMBASE and Web of Science. We also searched clinical trials registers (ClinicalTrials.gov and ICTRP). We checked the abstracts of major scientific meetings and the reference lists of relevant articles.</p>
        </sec>
        <sec id="CD001751-abs1-0004">
          <title>Selection criteria</title>
          <p>All randomised controlled trial (RCT) comparisons of NSAIDs versus placebo, other NSAIDs or paracetamol, when used to treat primary dysmenorrhoea.</p>
        </sec>
        <sec id="CD001751-abs1-0005">
          <title>Data collection and analysis</title>
          <p>Two review authors independently selected the studies, assessed their risk of bias and extracted data, calculating odds ratios (ORs) for dichotomous outcomes and mean differences for continuous outcomes, with 95% confidence intervals (CIs). We used inverse variance methods to combine data. We assessed the overall quality of the evidence using GRADE methods.</p>
        </sec>
        <sec id="CD001751-abs1-0006">
          <title>Main results</title>
          <p>We included 80 randomised controlled trials (5820 women). They compared 20 different NSAIDs (18 non&#x2010;selective and two COX&#x2010;2&#x2010;specific) versus placebo, paracetamol or each other.</p>
          <p>
            <bold>NSAIDs versus placebo</bold>
          </p>
          <p>Among women with primary dysmenorrhoea, NSAIDs were more effective for pain relief than placebo (OR 4.37, 95% CI 3.76 to 5.09; 35 RCTs, I<sup>2</sup> = 53%, low quality evidence). This suggests that if 18% of women taking placebo achieve moderate or excellent pain relief, between 45% and 53% taking NSAIDs will do so.</p>
          <p>However, NSAIDs were associated with more adverse effects (overall adverse effects: OR 1.29, 95% CI 1.11 to 1.51, 25 RCTs, I<sup>2</sup> = 0%, low quality evidence; gastrointestinal adverse effects: OR 1.58, 95% CI 1.12 to 2.23, 14 RCTs, I<sup>2</sup> = 30%; neurological adverse effects: OR 2.74, 95% CI 1.66 to 4.53, seven RCTs, I<sup>2</sup> = 0%, low quality evidence). The evidence suggests that if 10% of women taking placebo experience side effects, between 11% and 14% of women taking NSAIDs will do so.</p>
          <p>
            <bold>NSAIDs versus other NSAIDs</bold>
          </p>
          <p>When NSAIDs were compared with each other there was little evidence of the superiority of any individual NSAID for either pain relief or safety. However, the available evidence had little power to detect such differences, as most individual comparisons were based on very few small trials.</p>
          <p>
            <bold>Non&#x2010;selective NSAIDs versus COX&#x2010;2&#x2010;specific selectors</bold>
          </p>
          <p>Only two of the included studies utilised COX&#x2010;2&#x2010;specific inhibitors (etoricoxib and celecoxib). There was no evidence that COX&#x2010;2&#x2010;specific inhibitors were more effective or tolerable for the treatment of dysmenorrhoea than traditional NSAIDs; however data were very scanty.</p>
          <p>
            <bold>NSAIDs versus paracetamol</bold>
          </p>
          <p>NSAIDs appeared to be more effective for pain relief than paracetamol (OR 1.89, 95% CI 1.05 to 3.43, three RCTs, I<sup>2</sup> = 0%, low quality evidence). There was no evidence of a difference with regard to adverse effects, though data were very scanty.</p>
          <p>Most of the studies were commercially funded (59%); a further 31% failed to state their source of funding.</p>
        </sec>
        <sec id="CD001751-abs1-0007">
          <title>Authors' conclusions</title>
          <p>NSAIDs appear to be a very effective treatment for dysmenorrhoea, though women using them need to be aware of the substantial risk of adverse effects. There is insufficient evidence to determine which (if any) individual NSAID is the safest and most effective for the treatment of dysmenorrhoea. We rated the quality of the evidence as low for most comparisons, mainly due to poor reporting of study methods.</p>
        </sec>
      </abstract>
      <abstract abstract-type="short">
        <title>Plain language summary</title>
        <p>
          <bold>Nonsteroidal anti&#x2010;inflammatory drugs for dysmenorrhoea</bold>
        </p>
        <p>
          <bold>Review question</bold>
        </p>
        <p>Are nonsteroidal anti&#x2010;inflammatory drugs (NSAIDs) safe and effective for relief of period pain (dysmenorrhoea) and how do they compare with each other and with paracetamol?</p>
        <p>
          <bold>Background</bold>
        </p>
        <p>Nearly three&#x2010;quarters of women suffer from period pain or menstrual cramps (dysmenorrhoea). Research has shown that women with severe period pain have high levels of prostaglandins, hormones known to cause cramping abdominal pain. NSAIDs are drugs which act by blocking prostaglandin production. NSAIDs include the common painkillers aspirin, naproxen, ibuprofen and mefenamic acid. Researchers in The Cochrane Collaboration reviewed the evidence about the safety and effectiveness of NSAIDs for period pain. The evidence is current to January 2015.</p>
        <p>
          <bold>Study characteristics</bold>
        </p>
        <p>We found 80 randomised controlled trials (RCTs), which included a total of 5820 women and compared 20 different types of NSAIDs with placebo (an inactive pill), paracetamol or each other. Most of the studies were commercially funded (59%), and a further 31% did not state their source of funding.</p>
        <p>
          <bold>Key results</bold>
        </p>
        <p>The review found that NSAIDs appear to be very effective in relieving period pain. The evidence suggests that if 18% of women taking placebo achieve moderate or excellent pain relief, between 45% and 53% taking NSAIDs will do so. NSAIDs appear to work better than paracetamol, but it is unclear whether any one NSAID is safer or more effective than others.</p>
        <p>NSAIDs commonly cause adverse effects (side effects), including indigestion, headaches and drowsiness. The evidence suggests that if 10% of women taking placebo experience side effects, between 11% and 14% of women taking NSAIDs will do so.</p>
        <p>Based on two studies that made head&#x2010;to&#x2010;head comparisons, there was no evidence that newer types of NSAID (known as COX&#x2010;2&#x2010;specific inhibitors) are more effective for the treatment of dysmenorrhoea than traditional NSAIDs (known as non&#x2010;selective inhibitors), nor that there is a difference between them with regard to adverse effects.</p>
        <p>
          <bold>Quality of the evidence</bold>
        </p>
        <p>We rated the quality of the evidence as low for most comparisons, mainly due to poor reporting of study methods.</p>
      </abstract>
    </article-meta>
    <notes notes-type="status-note">
      <p>New search for studies and content updated (conclusions changed)</p>
    </notes>
  </front>
</article>
</pmc-articleset>