<?xml version="1.0" ?>
<!DOCTYPE pmc-articleset PUBLIC "-//NLM//DTD ARTICLE SET 2.0//EN" "https://dtd.nlm.nih.gov/ncbi/pmc/articleset/nlm-articleset-2.0.dtd">
<pmc-articleset><article xmlns:xlink="http://www.w3.org/1999/xlink" xmlns:mml="http://www.w3.org/1998/Math/MathML" id="CD011849.pub2" article-type="systematic-review">
  <!--The publisher of this article does not allow downloading of the full text in XML form.-->
  <front>
    <journal-meta>
      <journal-id journal-id-type="nlm-ta">Cochrane Database Syst Rev</journal-id>
      <journal-id journal-id-type="iso-abbrev">Cochrane Database Syst Rev</journal-id>
      <journal-id journal-id-type="publisher-id">14651858</journal-id>
      <journal-id journal-id-type="doi">10.1002/14651858</journal-id>
      <journal-title-group>
        <journal-title>The Cochrane Database of Systematic Reviews</journal-title>
      </journal-title-group>
      <issn pub-type="epub">1469-493X</issn>
      <issn-l>1361-6137</issn-l>
      <publisher>
        <publisher-name>John Wiley &amp; Sons, Ltd</publisher-name>
        <publisher-loc>Chichester, UK</publisher-loc>
      </publisher>
    </journal-meta>
    <article-meta>
      <article-id pub-id-type="pmid">29975811</article-id>
      <article-id pub-id-type="pmc">6513488</article-id>
      <article-id pub-id-type="doi">10.1002/14651858.CD011849.pub2</article-id>
      <article-id pub-id-type="publisher-id">CD011849</article-id>
      <article-id pub-id-type="other">CD011849.pub2</article-id>
      <article-categories>
        <subj-group subj-group-type="heading">
          <subject>Medicine General &amp; Introductory Medical Sciences</subject>
        </subj-group>
      </article-categories>
      <title-group>
        <article-title>Psychological therapies for the treatment of mental disorders in low&#x2010; and middle&#x2010;income countries affected by humanitarian crises</article-title>
      </title-group>
      <contrib-group>
        <contrib id="d28e63" contrib-type="author" corresp="yes">
          <name>
            <surname>Purgato</surname>
            <given-names>Marianna</given-names>
          </name>
          <address>
            <email>marianna.purgato@univr.it</email>
          </address>
          <xref ref-type="aff" rid="CD011849-aff-0001 CD011849-aff-0002"/>
        </contrib>
        <contrib id="d28e68" contrib-type="author">
          <name>
            <surname>Gastaldon</surname>
            <given-names>Chiara</given-names>
          </name>
          <xref ref-type="aff" rid="CD011849-aff-0001 CD011849-aff-0002"/>
        </contrib>
        <contrib id="d28e73" contrib-type="author">
          <name>
            <surname>Papola</surname>
            <given-names>Davide</given-names>
          </name>
          <xref ref-type="aff" rid="CD011849-aff-0001 CD011849-aff-0002"/>
        </contrib>
        <contrib id="d28e78" contrib-type="author">
          <name>
            <surname>van Ommeren</surname>
            <given-names>Mark</given-names>
          </name>
          <xref ref-type="aff" rid="CD011849-aff-0003"/>
        </contrib>
        <contrib id="d28e83" contrib-type="author">
          <name>
            <surname>Barbui</surname>
            <given-names>Corrado</given-names>
          </name>
          <xref ref-type="aff" rid="CD011849-aff-0001 CD011849-aff-0002"/>
        </contrib>
        <contrib id="d28e88" contrib-type="author">
          <name>
            <surname>Tol</surname>
            <given-names>Wietse A</given-names>
          </name>
          <xref ref-type="aff" rid="CD011849-aff-0004 CD011849-aff-0005"/>
        </contrib>
      </contrib-group>
      <aff id="CD011849-aff-0001">
        <institution>University of Verona</institution>
        <institution content-type="dept">Department of Neurosciences, Biomedicine and Movement Sciences, Section of Psychiatry</institution>
        <addr-line>Piazzale LA Scuro 10</addr-line>
        <city>Verona</city>
        <country>Italy</country>
        <postal-code>37134</postal-code>
      </aff>
      <aff id="CD011849-aff-0002">
        <institution>University of Verona</institution>
        <institution content-type="dept">Cochrane Global Mental Health</institution>
        <city>Verona</city>
        <country>Italy</country>
        <postal-code/>
      </aff>
      <aff id="CD011849-aff-0003">
        <institution>World Health Organization</institution>
        <institution content-type="dept">Department of Mental Health and Substance Abuse</institution>
        <addr-line>Avenue Appia</addr-line>
        <city>Geneva</city>
        <country>Switzerland</country>
        <postal-code>CH&#x2010;1211</postal-code>
      </aff>
      <aff id="CD011849-aff-0004">
        <institution>Johns Hopkins Bloomberg School of Public Health</institution>
        <institution content-type="dept">Department of Mental Health</institution>
        <addr-line>624 N BroadwayHampton House</addr-line>
        <city>Baltimore</city>
        <country>USA</country>
        <postal-code/>
      </aff>
      <aff id="CD011849-aff-0005">
        <institution>HealthRight International</institution>
        <institution content-type="dept">Peter C. Alderman Program for Global Mental Health</institution>
        <city>New York</city>
        <country>USA</country>
        <postal-code/>
      </aff>
      <author-notes>
        <fn>
          <p>Editorial Group: Cochrane Common Mental Disorders Group.</p>
        </fn>
      </author-notes>
      <pub-date pub-type="epub">
        <day>05</day>
        <month>7</month>
        <year>2018</year>
      </pub-date>
      <pub-date pub-type="collection">
        <month>7</month>
        <year>2018</year>
      </pub-date>
      <pub-date pub-type="update">
        <day>21</day>
        <month>06</month>
        <year>2018</year>
      </pub-date>
      <volume>2018</volume>
      <issue>7</issue>
      <elocation-id>CD011849</elocation-id>
      <history>
        <date date-type="previous-update" publication-format="electronic">
          <day>20</day>
          <month>10</month>
          <year>2015</year>
        </date>
      </history>
      <permissions>
        <copyright-statement>Copyright &#xA9; 2018 The Cochrane Collaboration. Published by John Wiley &amp; Sons, Ltd.</copyright-statement>
        <copyright-year>2018</copyright-year>
        <copyright-holder>The Cochrane Collaboration</copyright-holder>
      </permissions>
      <related-article related-article-type="updated-article" ext-link-type="doi" xlink:href="10.1002/14651858.CD011849" id="d28e185"/>
      <abstract>
        <sec>
          <title>Background</title>
          <p>People living in humanitarian settings in low&#x2010; and middle&#x2010;income countries (LMICs) are exposed to a constellation of stressors that make them vulnerable to developing mental disorders. Mental disorders with a higher prevalence in these settings include post&#x2010;traumatic stress disorder (PTSD) and major depressive, anxiety, somatoform (e.g. medically unexplained physical symptoms (MUPS)), and related disorders. A range of psychological therapies are used to manage symptoms of mental disorders in this population.</p>
        </sec>
        <sec>
          <title>Objectives</title>
          <p>To compare the effectiveness and acceptability of psychological therapies versus control conditions (wait list, treatment as usual, attention placebo, psychological placebo, or no treatment) aimed at treating people with mental disorders (PTSD and major depressive, anxiety, somatoform, and related disorders) living in LMICs affected by humanitarian crises.</p>
        </sec>
        <sec>
          <title>Search methods</title>
          <p>We searched the Cochrane Common Mental Disorders Controlled Trials Register (CCMDCTR), the Cochrane Central Register of Controlled Trials (Wiley), MEDLINE (OVID), Embase (OVID), and PsycINFO (OVID), with results incorporated from searches to 3 February 2016. We also searched the World Health Organization (WHO) trials portal (ICTRP) and ClinicalTrials.gov to identify any unpublished or ongoing studies. We checked the reference lists of relevant studies and reviews.</p>
        </sec>
        <sec>
          <title>Selection criteria</title>
          <p>All randomised controlled trials (RCTs) comparing psychological therapies versus control conditions (including no treatment, usual care, wait list, attention placebo, and psychological placebo) to treat adults and children with mental disorders living in LMICs affected by humanitarian crises.</p>
        </sec>
        <sec>
          <title>Data collection and analysis</title>
          <p>We used standard Cochrane procedures for collecting data and evaluating risk of bias. We calculated standardised mean differences for continuous outcomes and risk ratios for dichotomous data, using a random&#x2010;effects model. We analysed data at endpoint (zero to four weeks after therapy); at medium term (one to four months after therapy); and at long term (six months or longer). GRADE (Grades of Recommendation, Assessment, Development, and Evaluation) was used to assess the quality of evidence for post&#x2010;traumatic stress disorder (PTSD), depression, anxiety and withdrawal outcomes.</p>
        </sec>
        <sec>
          <title>Main results</title>
          <p>We included 36 studies (33 RCTs) with a total of 3523 participants. Included studies were conducted in sub&#x2010;Saharan Africa, the Middle East and North Africa, and Asia. Studies were implemented in response to armed conflicts; disasters triggered by natural hazards; and other types of humanitarian crises. Together, the 33 RCTs compared eight psychological treatments against a control comparator.</p>
          <p>Four studies included children and adolescents between 5 and 18 years of age. Three studies included mixed populations (two studies included participants between 12 and 25 years of age, and one study included participants between 16 and 65 years of age). Remaining studies included adult populations (18 years of age or older).</p>
          <p>Included trials compared a psychological therapy versus a control intervention (wait list in most studies; no treatment; treatment as usual). Psychological therapies were categorised mainly as cognitive&#x2010;behavioural therapy (CBT) in 23 comparisons (including seven comparisons focused on narrative exposure therapy (NET), two focused on common elements treatment approach (CETA), and one focused on brief behavioural activation treatment (BA)); eye movement desensitisation and reprocessing (EMDR) in two comparisons; interpersonal psychotherapy (IPT) in three comparisons; thought field therapy (TFT) in three comparisons; and trauma or general supportive counselling in two comparisons. Although interventions were described under these categories, several psychotherapeutic elements were common to a range of therapies (i.e. psychoeducation, coping skills).</p>
          <p>In adults, psychological therapies may substantially reduce endpoint PTSD symptoms compared to control conditions (standardised mean difference (SMD) &#x2010;1.07, 95% confidence interval (CI) &#x2010;1.34 to &#x2010;0.79; 1272 participants; 16 studies; low&#x2010;quality evidence). The effect is smaller at one to four months (SMD &#x2010;0.49, 95% CI &#x2010;0.68 to &#x2010;0.31; 1660 participants; 18 studies) and at six months (SMD &#x2010;0.37, 95% CI &#x2010;0.61 to &#x2010;0.14; 400 participants; five studies). Psychological therapies may also substantially reduce endpoint depression symptoms compared to control conditions (SMD &#x2010;0.86, 95% CI &#x2010;1.06 to &#x2010;0.67; 1254 participants; 14 studies; low&#x2010;quality evidence). Similar to PTSD symptoms, follow&#x2010;up data at one to four months showed a smaller effect on depression (SMD &#x2010;0.42, 95% CI &#x2010;0.63 to &#x2010;0.21; 1386 participants; 16 studies). Psychological therapies may moderately reduce anxiety at endpoint (SMD &#x2010;0.74, 95% CI &#x2010;0.98 to &#x2010;0.49; 694 participants; five studies; low&#x2010;quality evidence) and at one to four months' follow&#x2010;up after treatment (SMD &#x2010;0.53, 95% CI &#x2010;0.66 to &#x2010;0.39; 969 participants; seven studies). Dropout rates are probably similar between study conditions (19.5% with control versus 19.1% with psychological therapy (RR 0.98 95% CI 0.82 to 1.16; 2930 participants; 23 studies, moderate quality evidence)).</p>
          <p>In children and adolescents, we found very low quality evidence for lower endpoint PTSD symptoms scores in psychotherapy conditions (CBT) compared to control conditions, although the confidence interval is wide (SMD &#x2010;1.56, 95% CI &#x2010;3.13 to 0.01; 130 participants; three studies;). No RCTs provided data on major depression or anxiety in children. The effect on withdrawal was uncertain (RR 1.87 95% CI 0.47 to 7.47; 138 participants; 3 studies, low quality evidence).</p>
          <p>We did not identify any studies that evaluated psychological treatments on (symptoms of) somatoform disorders or MUPS in LMIC humanitarian settings.</p>
        </sec>
        <sec>
          <title>Authors' conclusions</title>
          <p>There is low quality evidence that psychological therapies have large or moderate effects in reducing PTSD, depressive, and anxiety symptoms in adults living in humanitarian settings in LMICs. By one to four month and six month follow&#x2010;up assessments treatment effects were smaller. Fewer trials were focused on children and adolescents and they provide very low quality evidence of a beneficial effect of psychological therapies in reducing PTSD symptoms at endpoint. Confidence in these findings is influenced by the risk of bias in the studies and by substantial levels of heterogeneity. More research evidence is needed, particularly for children and adolescents over longer periods of follow&#x2010;up.</p>
        </sec>
      </abstract>
      <abstract abstract-type="short">
        <title>Talking therapy for the management of mental health in low&#x2010; and middle&#x2010;income countries affected by mass human tragedy</title>
        <p>
          <bold>Why is this review important?</bold>
        </p>
        <p>Adults and children and adolescents living in humanitarian contexts (such as in the aftermath of a crisis triggered by natural hazards) in low&#x2010; and middle&#x2010;income countries (LMICs) are exposed to multifaceted stressors that make them more vulnerable to developing post&#x2010;traumatic stress disorder (PTSD), major depression, anxiety, and other negative psychological outcomes.</p>
        <p>
          <bold>Who will be interested in this review?</bold>
        </p>
        <p>People who are directly exposed to humanitarian crises and their families and caregivers will be interested in this review, as will healthcare professionals and paraprofessionals working both in LMICs and in high&#x2010;income settings. Moreover, policy makers, humanitarian programming staff, guideline developers, and agencies (such as non&#x2010;governmental organisations (NGOs)) working in health and non&#x2010;health sectors (e.g. those providing protection to populations living in humanitarian contexts) may be interested in this review.</p>
        <p>
          <bold>What questions does this review aim to answer?</bold>
        </p>
        <p>Are psychological therapies more effective than control comparator conditions (including no treatment, usual care, wait list, attention placebo, and psychological placebo) in reducing (symptoms of) PTSD and major depressive, anxiety, and somatoform and related disorders (conditions in which people present physical symptoms (e.g. pain) that cannot be explained medically) in people of any age, gender, or religion living in LMICs affected by humanitarian crises?</p>
        <p>
          <bold>Which studies were included in this review?</bold>
        </p>
        <p>Review authors searched databases up to February 2016 to find and include all relevant published and unpublished trials. Studies had to include children and/or adults living in LMICs affected by humanitarian crises. Studies also had to be randomised controlled trials (RCTs), which means that people were allocated at random (by chance alone) to receive the treatment or comparator condition.</p>
        <p>We included 33 trials with a total of 3523 participants that examined a range of psychological therapies.</p>
        <p>
          <bold>What does evidence presented in the review tell us?</bold>
        </p>
        <p>In adults, low&#x2010;quality evidence shows greater benefit from psychological therapies than from control comparators in reducing (symptoms of) PTSD, major depression, and anxiety disorders. This evidence supports the approach of providing psychological therapies to populations affected by humanitarian crises, although we identified no studies that looked at the effectiveness or acceptability of psychological therapies for depressive and anxiety symptoms beyond six months. Only a small proportion of included trials reported data on children and adolescents, which provided very low&#x2010;quality evidence of greater benefit derived from psychological treatments. With regard to acceptability, moderate&#x2010; to low&#x2010;quality evidence suggests no differences in dropout rates among adults and children and adolescents. Reviewers found no studies evaluating psychological treatments for (symptoms of) somatoform disorders or medically unexplained physical symptoms (MUPS) in adults, nor in children or adolescents, respectively.</p>
        <p>
          <bold>What should happen next?</bold>
        </p>
        <p>Researchers should conduct higher&#x2010;quality trials to further evaluate the effectiveness of psychological therapies provided over longer periods to adults and to children and adolescents. Ideally, trials should be randomised, should use culturally appropriate and validated instruments to evaluate outcomes, and should assess correlates of reductions in treatment effects over time; in addition, researchers should make every effort to ensure high rates of follow&#x2010;up beyond six months after completion of therapy.</p>
      </abstract>
      <kwd-group kwd-group-type="mesh">
        <kwd>Adolescent</kwd>
        <kwd>Adult</kwd>
        <kwd>Aged</kwd>
        <kwd>Child</kwd>
        <kwd>Child, Preschool</kwd>
        <kwd>Humans</kwd>
        <kwd>Middle Aged</kwd>
        <kwd>Developing Countries</kwd>
        <kwd>Age Factors</kwd>
        <kwd>Anxiety Disorders</kwd>
        <kwd>Anxiety Disorders/psychology</kwd>
        <kwd>Anxiety Disorders/therapy</kwd>
        <kwd>Armed Conflicts</kwd>
        <kwd>Armed Conflicts/psychology</kwd>
        <kwd>Behavior Therapy</kwd>
        <kwd>Depressive Disorder, Major</kwd>
        <kwd>Depressive Disorder, Major/psychology</kwd>
        <kwd>Depressive Disorder, Major/therapy</kwd>
        <kwd>Disasters</kwd>
        <kwd>Eye Movement Desensitization Reprocessing</kwd>
        <kwd>Eye Movement Desensitization Reprocessing/methods</kwd>
        <kwd>Narrative Therapy</kwd>
        <kwd>Patient Dropouts</kwd>
        <kwd>Patient Dropouts/statistics &amp; numerical data</kwd>
        <kwd>Psychotherapy</kwd>
        <kwd>Psychotherapy/methods</kwd>
        <kwd>Randomized Controlled Trials as Topic</kwd>
        <kwd>Somatoform Disorders</kwd>
        <kwd>Somatoform Disorders/therapy</kwd>
        <kwd>Stress Disorders, Post&#x2010;Traumatic</kwd>
        <kwd>Stress Disorders, Post&#x2010;Traumatic/psychology</kwd>
        <kwd>Stress Disorders, Post&#x2010;Traumatic/therapy</kwd>
        <kwd>Stress, Psychological</kwd>
        <kwd>Stress, Psychological/complications</kwd>
        <kwd>Violence</kwd>
        <kwd>Violence/psychology</kwd>
        <kwd>Waiting Lists</kwd>
      </kwd-group>
    </article-meta>
    <notes notes-type="status-note">
      <p>New</p>
    </notes>
  </front>
</article>
</pmc-articleset>