<?xml version="1.0" ?>
<!DOCTYPE pmc-articleset PUBLIC "-//NLM//DTD ARTICLE SET 2.0//EN" "https://dtd.nlm.nih.gov/ncbi/pmc/articleset/nlm-articleset-2.0.dtd">
<pmc-articleset><article xmlns:xlink="http://www.w3.org/1999/xlink" xmlns:mml="http://www.w3.org/1998/Math/MathML" id="CD012721" article-type="systematic-review">
  <!--The publisher of this article does not allow downloading of the full text in XML form.-->
  <front>
    <journal-meta>
      <journal-id journal-id-type="nlm-ta">Cochrane Database Syst Rev</journal-id>
      <journal-id journal-id-type="iso-abbrev">Cochrane Database Syst Rev</journal-id>
      <journal-id journal-id-type="publisher-id">14651858</journal-id>
      <journal-id journal-id-type="doi">10.1002/14651858</journal-id>
      <journal-title-group>
        <journal-title>The Cochrane Database of Systematic Reviews</journal-title>
      </journal-title-group>
      <issn pub-type="epub">1469-493X</issn>
      <issn-l>1361-6137</issn-l>
      <publisher>
        <publisher-name>John Wiley &amp; Sons, Ltd</publisher-name>
        <publisher-loc>Chichester, UK</publisher-loc>
      </publisher>
    </journal-meta>
    <article-meta>
      <article-id pub-id-type="pmc">6483517</article-id>
      <article-id pub-id-type="doi">10.1002/14651858.CD012721</article-id>
      <article-id pub-id-type="publisher-id">CD012721</article-id>
      <article-id pub-id-type="other">CD012721</article-id>
      <article-categories>
        <subj-group subj-group-type="heading">
          <subject>Medicine General &amp; Introductory Medical Sciences</subject>
        </subj-group>
      </article-categories>
      <title-group>
        <article-title>Beta&#x2010;blockers and inhibitors of the renin&#x2010;angiotensin aldosterone system for chronic heart failure with preserved ejection fraction</article-title>
      </title-group>
      <contrib-group>
        <contrib id="d28e63" contrib-type="author" corresp="yes">
          <name>
            <surname>Lumbers</surname>
            <given-names>R Thomas</given-names>
          </name>
          <address>
            <email>t.lumbers@ucl.ac.uk</email>
          </address>
          <xref ref-type="aff" rid="CD012721-aff-0001 CD012721-aff-0002"/>
        </contrib>
        <contrib id="d28e68" contrib-type="author">
          <name>
            <surname>Martin</surname>
            <given-names>Nicole</given-names>
          </name>
          <xref ref-type="aff" rid="CD012721-aff-0002"/>
        </contrib>
        <contrib id="d28e73" contrib-type="author">
          <name>
            <surname>Manoharan</surname>
            <given-names>Karthick</given-names>
          </name>
          <xref ref-type="aff" rid="CD012721-aff-0003"/>
        </contrib>
        <contrib id="d28e78" contrib-type="author">
          <name>
            <surname>Nyong</surname>
            <given-names>Jonathan</given-names>
          </name>
          <xref ref-type="aff" rid="CD012721-aff-0004"/>
        </contrib>
        <contrib id="d28e83" contrib-type="author">
          <name>
            <surname>Thomas</surname>
            <given-names>James</given-names>
          </name>
          <xref ref-type="aff" rid="CD012721-aff-0005"/>
        </contrib>
        <contrib id="d28e88" contrib-type="author">
          <name>
            <surname>Casas</surname>
            <given-names>Juan P</given-names>
          </name>
          <xref ref-type="aff" rid="CD012721-aff-0002"/>
        </contrib>
        <contrib id="d28e93" contrib-type="author">
          <name>
            <surname>Davies</surname>
            <given-names>Ceri</given-names>
          </name>
          <xref ref-type="aff" rid="CD012721-aff-0006"/>
        </contrib>
      </contrib-group>
      <aff id="CD012721-aff-0001">
        <institution>University College London</institution>
        <institution content-type="dept">Institute of Cardiovascular Science</institution>
        <city>London</city>
        <country>UK</country>
        <postal-code/>
      </aff>
      <aff id="CD012721-aff-0002">
        <institution>University College London</institution>
        <institution content-type="dept">Farr Institute of Health Informatics Research</institution>
        <city>London</city>
        <country>UK</country>
        <postal-code/>
      </aff>
      <aff id="CD012721-aff-0003">
        <institution>John Radcliffe Hospital</institution>
        <institution content-type="dept">Emergency Department</institution>
        <addr-line>3 Sherwood Avenue</addr-line>
        <city>London</city>
        <country>UK</country>
        <postal-code>Ub6 0pg</postal-code>
      </aff>
      <aff id="CD012721-aff-0004">
        <institution>University College London</institution>
        <institution content-type="dept">Institute of Health Informatics</institution>
        <addr-line>222 Euston Road</addr-line>
        <city>London</city>
        <country>UK</country>
        <postal-code>NW1 2DA</postal-code>
      </aff>
      <aff id="CD012721-aff-0005">
        <institution>University College London</institution>
        <institution content-type="dept">EPPI&#x2010;Centre, Social Science Research Unit, UCL Institute of Education</institution>
        <city>London</city>
        <country>UK</country>
        <postal-code/>
      </aff>
      <aff id="CD012721-aff-0006">
        <institution>London Chest Hospital</institution>
        <institution content-type="dept">Department of Cardiology</institution>
        <addr-line>Bonner Road</addr-line>
        <city>London</city>
        <country>UK</country>
        <postal-code>E2 9JX</postal-code>
      </aff>
      <author-notes>
        <fn>
          <p>Editorial Group: Cochrane Heart Group.</p>
        </fn>
      </author-notes>
      <pub-date pub-type="epub">
        <day>17</day>
        <month>7</month>
        <year>2017</year>
      </pub-date>
      <pub-date pub-type="collection">
        <month>7</month>
        <year>2017</year>
      </pub-date>
      <pub-date pub-type="update">
        <day>06</day>
        <month>07</month>
        <year>2017</year>
      </pub-date>
      <volume>2017</volume>
      <issue>7</issue>
      <elocation-id>CD012721</elocation-id>
      <history>
        <date date-type="cl-record-assessed-up-to-date">
          <day>05</day>
          <month>07</month>
          <year>2017</year>
        </date>
      </history>
      <permissions>
        <copyright-statement>Copyright &#xA9; 2017 The Cochrane Collaboration. Published by John Wiley &amp; Sons, Ltd.</copyright-statement>
        <copyright-year>2017</copyright-year>
        <copyright-holder>The Cochrane Collaboration</copyright-holder>
      </permissions>
      <abstract>
        <title>Abstract</title>
        <p>This is a protocol for a Cochrane Review (Intervention). The objectives are as follows:</p>
        <p>To evaluate the safety and efficacy of beta&#x2010;blockers (BBs), angiotensin converting enzyme inhibitors (ACEIs), angiotensin receptor antagonists (ARBs), mineralocorticoid receptor antagonists (MRAs), and angiotensin receptor neprilysin inhibitors (ARNIs) for the treatment of patients with heart failure (HF) with preserved ejection fraction (HFpEF).</p>
      </abstract>
    </article-meta>
    <notes notes-type="status-note">
      <p>New</p>
    </notes>
  </front>
</article>
</pmc-articleset>