<?xml version="1.0" ?>
<!DOCTYPE pmc-articleset PUBLIC "-//NLM//DTD ARTICLE SET 2.0//EN" "https://dtd.nlm.nih.gov/ncbi/pmc/articleset/nlm-articleset-2.0.dtd">
<pmc-articleset><article xmlns:xlink="http://www.w3.org/1999/xlink" xmlns:mml="http://www.w3.org/1998/Math/MathML" id="CD012202.pub2" article-type="systematic-review">
  <!--The publisher of this article does not allow downloading of the full text in XML form.-->
  <front>
    <journal-meta>
      <journal-id journal-id-type="nlm-ta">Cochrane Database Syst Rev</journal-id>
      <journal-id journal-id-type="iso-abbrev">Cochrane Database Syst Rev</journal-id>
      <journal-id journal-id-type="publisher-id">14651858</journal-id>
      <journal-id journal-id-type="doi">10.1002/14651858</journal-id>
      <journal-title-group>
        <journal-title>The Cochrane Database of Systematic Reviews</journal-title>
      </journal-title-group>
      <issn pub-type="epub">1469-493X</issn>
      <issn-l>1361-6137</issn-l>
      <publisher>
        <publisher-name>John Wiley &amp; Sons, Ltd</publisher-name>
        <publisher-loc>Chichester, UK</publisher-loc>
      </publisher>
    </journal-meta>
    <article-meta>
      <article-id pub-id-type="pmid">28639706</article-id>
      <article-id pub-id-type="pmc">6481507</article-id>
      <article-id pub-id-type="doi">10.1002/14651858.CD012202.pub2</article-id>
      <article-id pub-id-type="publisher-id">CD012202</article-id>
      <article-id pub-id-type="other">CD012202.pub2</article-id>
      <article-categories>
        <subj-group subj-group-type="heading">
          <subject>Medicine General &amp; Introductory Medical Sciences</subject>
        </subj-group>
      </article-categories>
      <title-group>
        <article-title>Exercise for pregnant women with gestational diabetes for improving maternal and fetal outcomes</article-title>
      </title-group>
      <contrib-group>
        <contrib id="d28e63" contrib-type="author" corresp="yes">
          <name>
            <surname>Brown</surname>
            <given-names>Julie</given-names>
          </name>
          <address>
            <email>j.brown@auckland.ac.nz</email>
          </address>
          <xref ref-type="aff" rid="CD012202-aff-0001"/>
        </contrib>
        <contrib id="d28e68" contrib-type="author">
          <name>
            <surname>Ceysens</surname>
            <given-names>Gilles</given-names>
          </name>
          <xref ref-type="aff" rid="CD012202-aff-0002"/>
        </contrib>
        <contrib id="d28e73" contrib-type="author">
          <name>
            <surname>Boulvain</surname>
            <given-names>Michel</given-names>
          </name>
          <xref ref-type="aff" rid="CD012202-aff-0003"/>
        </contrib>
      </contrib-group>
      <aff id="CD012202-aff-0001">
        <institution>The University of Auckland</institution>
        <institution content-type="dept">Liggins Institute</institution>
        <addr-line>Park RdGrafton</addr-line>
        <city>Auckland</city>
        <country>New Zealand</country>
        <postal-code>1142</postal-code>
      </aff>
      <aff id="CD012202-aff-0002">
        <institution>Ambroise Pare hospital</institution>
        <institution content-type="dept">Department of Obstetrics and Gynaecology</institution>
        <addr-line>Bd Kennedy, 2</addr-line>
        <city>Mons</city>
        <country>Belgium</country>
        <postal-code>7000</postal-code>
      </aff>
      <aff id="CD012202-aff-0003">
        <institution>Maternit&#xE9; H&#xF4;pitaux Universitaires de Gen&#xE8;ve</institution>
        <institution content-type="dept">D&#xE9;partement de Gyn&#xE9;cologie et d'Obst&#xE9;trique, Unit&#xE9; de D&#xE9;veloppement en Obst&#xE9;trique</institution>
        <addr-line>Boulevard de la Cluse, 32</addr-line>
        <city>Gen&#xE8;ve 14</city>
        <country>Switzerland</country>
        <postal-code>CH&#x2010;1211</postal-code>
      </aff>
      <author-notes>
        <fn>
          <p>Editorial Group: Cochrane Pregnancy and Childbirth Group.</p>
        </fn>
      </author-notes>
      <pub-date pub-type="epub">
        <day>22</day>
        <month>6</month>
        <year>2017</year>
      </pub-date>
      <pub-date pub-type="collection">
        <month>6</month>
        <year>2017</year>
      </pub-date>
      <volume>2017</volume>
      <issue>6</issue>
      <elocation-id>CD012202</elocation-id>
      <history>
        <date date-type="previous-update" publication-format="electronic">
          <day>17</day>
          <month>05</month>
          <year>2016</year>
        </date>
      </history>
      <permissions>
        <copyright-statement>Copyright &#xA9; 2017 The Cochrane Collaboration. Published by John Wiley &amp; Sons, Ltd.</copyright-statement>
        <copyright-year>2017</copyright-year>
        <copyright-holder>The Cochrane Collaboration</copyright-holder>
      </permissions>
      <related-article related-article-type="updated-article" ext-link-type="doi" xlink:href="10.1002/14651858.CD012202" id="d28e139"/>
      <abstract>
        <sec>
          <title>Background</title>
          <p>Gestational diabetes mellitus (GDM) is associated with both short&#x2010; and long&#x2010;term complications for the mother and her baby. Exercise interventions may be useful in helping with glycaemic control and improve maternal and infant outcomes.</p>
          <p>The original review on <italic>Exercise for diabetic pregnant women</italic> has been split into two new review titles reflecting the role of exercise for pregnant women with gestational diabetes and for pregnant women with pre&#x2010;existing diabetes.</p>
          <p>
            <italic>Exercise for pregnant women with gestational diabetes for improving maternal and fetal outcomes (this review)</italic>
          </p>
          <p>
            <italic>Exercise for pregnant women with pre&#x2010;existing diabetes for improving maternal and fetal outcomes</italic>
          </p>
        </sec>
        <sec>
          <title>Objectives</title>
          <p>To evaluate the effects of exercise interventions for improving maternal and fetal outcomes in women with GDM.</p>
        </sec>
        <sec>
          <title>Search methods</title>
          <p>We searched the Cochrane Pregnancy and Childbirth Group's Trials Register (27 August 2016), <uri>ClinicalTrials.gov</uri>, the WHO International Clinical Trials Registry Platform (<uri>ICTRP</uri>) (18th August 2016), and reference lists of retrieved studies.</p>
        </sec>
        <sec>
          <title>Selection criteria</title>
          <p>We included randomised controlled trials (RCTs) comparing an exercise intervention with standard care or another intervention in pregnant women diagnosed with gestational diabetes. Quasi&#x2010;randomised and cross&#x2010;over studies, and studies including women with pre&#x2010;existing type 1 or type 2 diabetes were not eligible for inclusion.</p>
        </sec>
        <sec>
          <title>Data collection and analysis</title>
          <p>All selection of studies, assessment of trial quality and data extraction was conducted independently by two review authors. Data were checked for accuracy.</p>
        </sec>
        <sec>
          <title>Main results</title>
          <p>We included 11 randomised trials, involving 638 women. The overall risk of bias was judged to be unclear due to lack of methodological detail in the included studies.</p>
          <p>For the mother, there was no clear evidence of a difference between women in the exercise group and those in the control group for the risk of pre&#x2010;eclampsia as the measure of hypertensive disorders of pregnancy (risk ratio (RR) 0.31, 95% confidence interval (CI) 0.01 to 7.09; two RCTs, 48 women; <italic>low&#x2010;quality evidence</italic>), birth by caesarean section (RR 0.86, 95% CI 0.63 to 1.16; five RCTs, 316 women; I<sup>2</sup> = 0%; <italic>moderate&#x2010;quality evidence</italic>), the risk of induction of labour (RR 1.38, 95% CI 0.71 to 2.68; one RCT, 40 women; <italic>low&#x2010;quality evidence</italic>) or maternal body mass index at follow&#x2010;up (postnatal weight retention or return to pre&#x2010;pregnancy weight) (mean difference (MD) 0.11 kg/m<sup>2</sup>, 95% CI &#x2010;1.04 to 1.26; three RCTs, 254 women; I<sup>2</sup> = 0%; <italic>high&#x2010;quality evidence</italic>). Development of type 2 diabetes, perineal trauma/tearing and postnatal depression were not reported as outcomes in the included studies.</p>
          <p>For the infant/child/adult, a single small (n = 19) trial reported no perinatal mortality (stillbirth and neonatal mortality) events in either the exercise intervention or control group (<italic>low&#x2010;quality evidence)</italic>. There was no clear evidence of a difference between groups for a mortality and morbidity composite (variously defined by trials, e.g. perinatal or infant death, shoulder dystocia, bone fracture or nerve palsy) (RR 0.56, 95% CI 0.12 to 2.61; two RCTs, 169 infants; I<sup>2</sup> = 0%; <italic>moderate&#x2010;quality evidence</italic>) or neonatal hypoglycaemia (RR 2.00, 95% CI 0.20 to 20.04; one RCT, 34 infants; <italic>low&#x2010;quality evidence</italic>). None of the included trials pre&#x2010;specified large&#x2010;for&#x2010;gestational age, adiposity (neonatal/infant, childhood or adulthood), diabetes (childhood or adulthood) or neurosensory disability (neonatal/infant) as trial outcomes.</p>
          <p>Other maternal outcomes of interest: exercise interventions were associated with both reduced fasting blood glucose concentrations (average standardised mean difference (SMD) &#x2010;0.59, 95% CI &#x2010;1.07 to &#x2010;0.11; four RCTs, 363 women; I<sup>2</sup> = 73%; T<sup>2</sup> = 0.19) and a reduced postprandial blood glucose concentration compared with control interventions (average SMD &#x2010;0.85, 95% CI &#x2010;1.15 to &#x2010;0.55; three RCTs, 344 women; I<sup>2</sup> = 34%; T<sup>2</sup> = 0.03).</p>
        </sec>
        <sec>
          <title>Authors' conclusions</title>
          <p>Short&#x2010; and long&#x2010;term outcomes of interest for this review were poorly reported. Current evidence is confounded by the large variety of exercise interventions. There was insufficient high&#x2010;quality evidence to be able to determine any differences between exercise and control groups for our outcomes of interest. For the woman, both fasting and postprandial blood glucose concentrations were reduced compared with the control groups. There are currently insufficient data for us to determine if there are also benefits for the infant. The quality of the evidence in this review ranged from high to low quality and the main reason for downgrading was for risk of bias and imprecision (wide CIs, low event rates and small sample size). Development of type 2 diabetes, perineal trauma/tearing, postnatal depression, large&#x2010;for&#x2010;gestational age, adiposity (neonate/infant, childhood or adulthood), diabetes (childhood or adulthood) or neurosensory disability (neonate/infant) were not reported as outcomes in the included studies.</p>
          <p>Further research is required comparing different types of exercise interventions with control groups or with another exercise intervention that reports on both the short&#x2010; and long&#x2010;term outcomes (for both the mother and infant/child) as listed in this review.</p>
        </sec>
      </abstract>
      <abstract abstract-type="short">
        <title>Can exercise, for women with gestational diabetes, improve outcomes for mother and her baby?</title>
        <p>
          <bold>What is the issue?</bold>
        </p>
        <p>A previous Cochrane review on <italic>Exercise for diabetic pregnant women</italic> included women with pre&#x2010;existing diabetes and women with gestational diabetes. That review has now been split into two new reviews on: exercise for pregnant women with gestational diabetes (this review) and exercise for pregnant women with pre&#x2010;existing diabete<italic>s</italic> (the subject of another new review).</p>
        <p>There will be similarities in the background, methods and outcomes between these two systematic reviews.</p>
        <p>Gestational diabetes mellitus (GDM), or diabetes during pregnancy, has both short&#x2010; and long&#x2010;term complications for the mother and her baby. Women with GDM are at an increased chance of developing high blood pressure or pre&#x2010;eclampsia during pregnancy, having their labour induced, giving birth by caesarean section, and experiencing perineal trauma. In the long term, up to half of women with GDM are likely to develop type 2 diabetes. Their babies are at increased risk of being born large&#x2010;for&#x2010;gestational age, experiencing a birth injury and being admitted to the neonatal intensive care unit. They are also more likely to develop metabolic syndrome in childhood and later life.</p>
        <p>
          <bold>Why is this important?</bold>
        </p>
        <p>Exercise may help to control blood sugar levels and improve outcomes for the mother and her baby, possibly leading to long&#x2010;term health benefits. Physical activity for this review is planned, structured and repetitive body movements undertaken to improve physical fitness.</p>
        <p>
          <bold>What evidence did we find?</bold>
        </p>
        <p>We searched for evidence from randomised controlled trials in August 2016. We identified 11 trials that involved 638 pregnant women. They were conducted in middle&#x2010;or high&#x2010;income countries. We judged the overall risk of bias in the trials as unclear because of a lack of information about how the trials were conducted. Using GRADE, the quality of the evidence from the trials ranged from high to low quality. The main reasons for downgrading the quality were for risk of bias in the trials and imprecise effect sizes, low event rates and small numbers of participants.</p>
        <p>For the mothers, exercising did not appear to reduce the risk of pre&#x2010;eclampsia as the measure of hypertensive disorders of pregnancy (two trials, 48 women, <italic>low&#x2010;quality evidence</italic>), birth by caesarean section (five trials, 316 women, <italic>moderate&#x2010;quality evidence</italic>), or the risk of induction of labour (one trial, 40 women, <italic>low&#x2010;quality evidence</italic>). The mothers had similar body mass index at follow&#x2010;up in the exercise and control groups (three trials, 254 women, <italic>high&#x2010;quality evidence</italic>). Exercising was associated with lower fasting blood glucose levels (four trials) and blood glucose levels after a meal (three trials) but with variations in effect sizes between the different trials. The exercise programmes varied between trials as did their duration and whether or not they were supervised. None of the included trials reported on perineal trauma, postnatal depression or development of type 2 diabetes.</p>
        <p>For the babies, no deaths occurred around the time of birth in (one trial, 19 babies, <italic>low&#x2010;quality evidence</italic>) and there was no evidence of any difference in the risk of ill&#x2010;health (two trials, 169 babies, <italic>moderate&#x2010;quality evidence</italic>) or low blood sugar levels (one trial, 34 babies, <italic>low&#x2010;quality evidence</italic>). None of the trials reported on the number of large&#x2010;for&#x2010;gestational&#x2010;age babies or babies that went on to develop diabetes in childhood or adulthood or neurosensory disability that became apparent during childhood.</p>
        <p>
          <bold>What does this mean?</bold>
        </p>
        <p>Although exercise appeared to be able to lower fasting blood sugar levels and sugar levels after a meal, we did not find any differences in other outcomes for pregnant women with GDM. The present evidence is insufficient to advise for or against women enrolling in exercise programmes. Even if exercise does not provide any benefit during pregnancy, this change in lifestyle may persist after birth and may help prevent the onset of type 2 diabetes and its long&#x2010;term complications. Pregnant women with GDM who wish to enrol in an exercise programme may wish to discuss their choice with a health professional. Further research is needed comparing one exercise intervention with another (or with a control) and reporting on both the short&#x2010; and long&#x2010;term outcomes (for both the mother and infant/child/adult) as listed in this review.</p>
      </abstract>
      <kwd-group kwd-group-type="mesh">
        <kwd>Adult</kwd>
        <kwd>Female</kwd>
        <kwd>Humans</kwd>
        <kwd>Infant</kwd>
        <kwd>Infant, Newborn</kwd>
        <kwd>Pregnancy</kwd>
        <kwd>Body Mass Index</kwd>
        <kwd>Cesarean Section</kwd>
        <kwd>Diabetes, Gestational</kwd>
        <kwd>Diabetes, Gestational/therapy</kwd>
        <kwd>Dystocia</kwd>
        <kwd>Dystocia/epidemiology</kwd>
        <kwd>Exercise Therapy</kwd>
        <kwd>Exercise Therapy/methods</kwd>
        <kwd>Hypoglycemia</kwd>
        <kwd>Hypoglycemia/epidemiology</kwd>
        <kwd>Labor, Induced</kwd>
        <kwd>Labor, Induced/statistics &amp; numerical data</kwd>
        <kwd>Perinatal Mortality</kwd>
        <kwd>Pre&#x2010;Eclampsia</kwd>
        <kwd>Pre&#x2010;Eclampsia/epidemiology</kwd>
        <kwd>Randomized Controlled Trials as Topic</kwd>
      </kwd-group>
    </article-meta>
    <notes notes-type="status-note">
      <p>New</p>
    </notes>
  </front>
</article>
</pmc-articleset>