<?xml version="1.0" ?>
<!DOCTYPE pmc-articleset PUBLIC "-//NLM//DTD ARTICLE SET 2.0//EN" "https://dtd.nlm.nih.gov/ncbi/pmc/articleset/nlm-articleset-2.0.dtd">
<pmc-articleset><article xmlns:xlink="http://www.w3.org/1999/xlink" xmlns:mml="http://www.w3.org/1998/Math/MathML" id="CD012922" article-type="systematic-review">
  <!--The publisher of this article does not allow downloading of the full text in XML form.-->
  <front>
    <journal-meta>
      <journal-id journal-id-type="nlm-ta">Cochrane Database Syst Rev</journal-id>
      <journal-id journal-id-type="iso-abbrev">Cochrane Database Syst Rev</journal-id>
      <journal-id journal-id-type="publisher-id">14651858</journal-id>
      <journal-id journal-id-type="doi">10.1002/14651858</journal-id>
      <journal-title-group>
        <journal-title>The Cochrane Database of Systematic Reviews</journal-title>
      </journal-title-group>
      <issn pub-type="epub">1469-493X</issn>
      <issn-l>1361-6137</issn-l>
      <publisher>
        <publisher-name>John Wiley &amp; Sons, Ltd</publisher-name>
        <publisher-loc>Chichester, UK</publisher-loc>
      </publisher>
    </journal-meta>
    <article-meta>
      <article-id pub-id-type="pmc">6491298</article-id>
      <article-id pub-id-type="doi">10.1002/14651858.CD012922</article-id>
      <article-id pub-id-type="publisher-id">CD012922</article-id>
      <article-id pub-id-type="other">CD012922</article-id>
      <article-categories>
        <subj-group subj-group-type="heading">
          <subject>Medicine General &amp; Introductory Medical Sciences</subject>
        </subj-group>
      </article-categories>
      <title-group>
        <article-title>Pharmacological treatment for central sleep apnoea in adults</article-title>
      </title-group>
      <contrib-group>
        <contrib id="d28e63" contrib-type="author">
          <name>
            <surname>Riera</surname>
            <given-names>Rachel</given-names>
          </name>
          <xref ref-type="aff" rid="CD012922-aff-0001"/>
        </contrib>
        <contrib id="d28e68" contrib-type="author">
          <name>
            <surname>Latorraca</surname>
            <given-names>Carolina OC</given-names>
          </name>
          <xref ref-type="aff" rid="CD012922-aff-0001"/>
        </contrib>
        <contrib id="d28e73" contrib-type="author">
          <name>
            <surname>Martimbianco</surname>
            <given-names>Ana Luiza C</given-names>
          </name>
          <xref ref-type="aff" rid="CD012922-aff-0001"/>
        </contrib>
        <contrib id="d28e78" contrib-type="author">
          <name>
            <surname>Pacheco</surname>
            <given-names>Rafael L</given-names>
          </name>
          <xref ref-type="aff" rid="CD012922-aff-0001"/>
        </contrib>
        <contrib id="d28e83" contrib-type="author">
          <name>
            <surname>Drager</surname>
            <given-names>Luciano F</given-names>
          </name>
          <xref ref-type="aff" rid="CD012922-aff-0002"/>
        </contrib>
        <contrib id="d28e88" contrib-type="author">
          <name>
            <surname>Lorenzi&#x2010;Filho</surname>
            <given-names>Geraldo</given-names>
          </name>
          <xref ref-type="aff" rid="CD012922-aff-0002"/>
        </contrib>
        <contrib id="d28e93" contrib-type="author" corresp="yes">
          <name>
            <surname>Pachito</surname>
            <given-names>Daniela V</given-names>
          </name>
          <address>
            <email>pachito@uol.com.br</email>
            <email>danielapachito@hotmail.com</email>
          </address>
          <xref ref-type="aff" rid="CD012922-aff-0003"/>
        </contrib>
      </contrib-group>
      <aff id="CD012922-aff-0001">
        <institution>Centro de Estudos de Sa&#xFA;de Baseada em Evid&#xEA;ncias e Avalia&#xE7;&#xE3;o Tecnol&#xF3;gica em Sa&#xFA;de</institution>
        <institution content-type="dept">Cochrane Brazil</institution>
        <addr-line>Rua Borges Lagoa, 564 cj 63</addr-line>
        <city>S&#xE3;o Paulo</city>
        <country>Brazil</country>
        <postal-code>04038&#x2010;000</postal-code>
      </aff>
      <aff id="CD012922-aff-0002">
        <institution>University of Sao Paulo Medical School</institution>
        <institution content-type="dept">Department of Internal Medicine</institution>
        <city>Sao Paulo</city>
        <country>Brazil</country>
        <postal-code/>
      </aff>
      <aff id="CD012922-aff-0003">
        <institution>Cochrane Brazil, Centro de Estudos de Sa&#xFA;de Baseada em Evid&#xEA;ncias e Avalia&#xE7;&#xE3;o Tecnol&#xF3;gica em Sa&#xFA;de</institution>
        <addr-line>Rua Borges Lagoa, 754Vila Clementino</addr-line>
        <city>S&#xE3;o Paulo</city>
        <country>Brazil</country>
        <postal-code>04038001</postal-code>
      </aff>
      <author-notes>
        <fn>
          <p>Editorial Group: Cochrane Airways Group.</p>
        </fn>
      </author-notes>
      <pub-date pub-type="epub">
        <day>15</day>
        <month>1</month>
        <year>2018</year>
      </pub-date>
      <pub-date pub-type="collection">
        <month>1</month>
        <year>2018</year>
      </pub-date>
      <pub-date pub-type="update">
        <day>10</day>
        <month>01</month>
        <year>2018</year>
      </pub-date>
      <volume>2018</volume>
      <issue>1</issue>
      <elocation-id>CD012922</elocation-id>
      <history/>
      <permissions>
        <copyright-statement>Copyright &#xA9; 2018 The Cochrane Collaboration. Published by John Wiley &amp; Sons, Ltd.</copyright-statement>
        <copyright-year>2018</copyright-year>
        <copyright-holder>The Cochrane Collaboration</copyright-holder>
      </permissions>
      <abstract>
        <title>Abstract</title>
        <p>This is a protocol for a Cochrane Review (Intervention). The objectives are as follows:</p>
        <p>To assess the effectiveness and safety of pharmacological treatment for central sleep apnoea syndromes (CSAS) in adults.</p>
      </abstract>
    </article-meta>
    <notes notes-type="status-note">
      <p>New</p>
    </notes>
  </front>
</article>
</pmc-articleset>