<?xml version="1.0" ?>
<!DOCTYPE pmc-articleset PUBLIC "-//NLM//DTD ARTICLE SET 2.0//EN" "https://dtd.nlm.nih.gov/ncbi/pmc/articleset/nlm-articleset-2.0.dtd">
<pmc-articleset><article xmlns:xlink="http://www.w3.org/1999/xlink" xmlns:mml="http://www.w3.org/1998/Math/MathML" id="CD007195.pub2" article-type="systematic-review">
  <!--The publisher of this article does not allow downloading of the full text in XML form.-->
  <front>
    <journal-meta>
      <journal-id journal-id-type="nlm-ta">Cochrane Database Syst Rev</journal-id>
      <journal-id journal-id-type="iso-abbrev">Cochrane Database Syst Rev</journal-id>
      <journal-id journal-id-type="publisher-id">14651858</journal-id>
      <journal-id journal-id-type="doi">10.1002/14651858</journal-id>
      <journal-title-group>
        <journal-title>The Cochrane Database of Systematic Reviews</journal-title>
      </journal-title-group>
      <issn pub-type="epub">1469-493X</issn>
      <issn-l>1361-6137</issn-l>
      <publisher>
        <publisher-name>John Wiley &amp; Sons, Ltd</publisher-name>
        <publisher-loc>Chichester, UK</publisher-loc>
      </publisher>
    </journal-meta>
    <article-meta>
      <article-id pub-id-type="pmc">6516848</article-id>
      <article-id pub-id-type="doi">10.1002/14651858.CD007195.pub2</article-id>
      <article-id pub-id-type="publisher-id">CD007195</article-id>
      <article-id pub-id-type="other">CD007195.pub2</article-id>
      <article-categories>
        <subj-group subj-group-type="heading">
          <subject>Medicine General &amp; Introductory Medical Sciences</subject>
        </subj-group>
      </article-categories>
      <title-group>
        <article-title>Interventions for mood and anxiety disorders, and self harm in young offenders</article-title>
      </title-group>
      <contrib-group>
        <contrib id="d28e63" contrib-type="author" corresp="yes">
          <name>
            <surname>Townsend</surname>
            <given-names>Ellen</given-names>
          </name>
          <address>
            <email>ellen.townsend@nottingham.ac.uk</email>
          </address>
          <xref ref-type="aff" rid="CD007195-aff-0001"/>
        </contrib>
        <contrib id="d28e68" contrib-type="author">
          <name>
            <surname>Walker</surname>
            <given-names>Dawn&#x2010;Marie</given-names>
          </name>
          <xref ref-type="aff" rid="CD007195-aff-0002"/>
        </contrib>
        <contrib id="d28e73" contrib-type="author">
          <name>
            <surname>Sargeant</surname>
            <given-names>Sally</given-names>
          </name>
          <xref ref-type="aff" rid="CD007195-aff-0003"/>
        </contrib>
        <contrib id="d28e78" contrib-type="author">
          <name>
            <surname>Stocker</surname>
            <given-names>Olivia</given-names>
          </name>
          <xref ref-type="aff" rid="CD007195-aff-0003"/>
        </contrib>
        <contrib id="d28e83" contrib-type="author">
          <name>
            <surname>Vostanis</surname>
            <given-names>Panos</given-names>
          </name>
          <xref ref-type="aff" rid="CD007195-aff-0004"/>
        </contrib>
        <contrib id="d28e88" contrib-type="author">
          <name>
            <surname>Sithole</surname>
            <given-names>Jabulani</given-names>
          </name>
          <xref ref-type="aff" rid="CD007195-aff-0002"/>
        </contrib>
        <contrib id="d28e93" contrib-type="author">
          <name>
            <surname>Hawton</surname>
            <given-names>Keith</given-names>
          </name>
          <xref ref-type="aff" rid="CD007195-aff-0005"/>
        </contrib>
      </contrib-group>
      <aff id="CD007195-aff-0001">
        <institution>University of Nottingham</institution>
        <institution content-type="dept">Self&#x2010;Harm Research Group, School of Psychology</institution>
        <addr-line>University Park</addr-line>
        <city>Nottingham</city>
        <country>UK</country>
        <postal-code>NG7 2RD</postal-code>
      </aff>
      <aff id="CD007195-aff-0002">
        <institution>University of Nottingham</institution>
        <institution content-type="dept">Trent RDSU</institution>
        <city>Nottingham</city>
        <country>UK</country>
        <postal-code/>
      </aff>
      <aff id="CD007195-aff-0003">
        <institution>University of Nottingham</institution>
        <institution content-type="dept">School of Psychology</institution>
        <city>Nottingham</city>
        <country>UK</country>
        <postal-code/>
      </aff>
      <aff id="CD007195-aff-0004">
        <institution>University of Leicester</institution>
        <institution content-type="dept">Greenwood Institute of Child Health</institution>
        <city>Leicester</city>
        <country>UK</country>
        <postal-code/>
      </aff>
      <aff id="CD007195-aff-0005">
        <institution>Warneford Hospital</institution>
        <institution content-type="dept">Centre for Suicide Research, University Department of Psychiatry</institution>
        <city>Oxford</city>
        <country>UK</country>
        <postal-code>OX3 7JX</postal-code>
      </aff>
      <author-notes>
        <fn>
          <p>Editorial Group: Cochrane Common Mental Disorders Group.</p>
        </fn>
      </author-notes>
      <pub-date pub-type="epub">
        <day>07</day>
        <month>11</month>
        <year>2018</year>
      </pub-date>
      <pub-date pub-type="collection">
        <month>11</month>
        <year>2018</year>
      </pub-date>
      <pub-date pub-type="update">
        <day>07</day>
        <month>11</month>
        <year>2018</year>
      </pub-date>
      <volume>2018</volume>
      <issue>11</issue>
      <elocation-id>CD007195</elocation-id>
      <history>
        <date date-type="previous-update" publication-format="electronic">
          <day>23</day>
          <month>04</month>
          <year>2008</year>
        </date>
      </history>
      <permissions>
        <copyright-statement>Copyright &#xA9; 2018 The Cochrane Collaboration. Published by John Wiley &amp; Sons, Ltd.</copyright-statement>
        <copyright-year>2018</copyright-year>
        <copyright-holder>The Cochrane Collaboration</copyright-holder>
      </permissions>
      <related-article related-article-type="updated-article" ext-link-type="doi" xlink:href="10.1002/14651858.CD007195" id="d28e178"/>
      <abstract>
        <title>Abstract</title>
        <p>This is a protocol for a Cochrane Review (Intervention). The objectives are as follows:</p>
        <p>The goal of this review is to identify which interventions should be recommended for the treatment of mood disorders, anxiety disorders and self harm behaviours in young offenders. Specifically, the objectives are: 1. To determine what specific interventions for mood and anxiety disorders, and self harm behaviours are effective for young offenders, and; 2. To determine whether specific interventions are effective in different types of disorder in young offenders (e.g. depression, PTSD).</p>
      </abstract>
    </article-meta>
    <notes notes-type="status-note">
      <p>Withdrawn from publication for reasons stated in the review</p>
    </notes>
  </front>
</article>
</pmc-articleset>