<?xml version="1.0" ?>
<!DOCTYPE pmc-articleset PUBLIC "-//NLM//DTD ARTICLE SET 2.0//EN" "https://dtd.nlm.nih.gov/ncbi/pmc/articleset/nlm-articleset-2.0.dtd">
<pmc-articleset><article xmlns:xlink="http://www.w3.org/1999/xlink" xmlns:mml="http://www.w3.org/1998/Math/MathML" id="CD005016.pub2" article-type="systematic-review">
  <!--The publisher of this article does not allow downloading of the full text in XML form.-->
  <front>
    <journal-meta>
      <journal-id journal-id-type="nlm-ta">Cochrane Database Syst Rev</journal-id>
      <journal-id journal-id-type="iso-abbrev">Cochrane Database Syst Rev</journal-id>
      <journal-id journal-id-type="publisher-id">14651858</journal-id>
      <journal-id journal-id-type="doi">10.1002/14651858</journal-id>
      <journal-title-group>
        <journal-title>The Cochrane Database of Systematic Reviews</journal-title>
      </journal-title-group>
      <issn pub-type="epub">1469-493X</issn>
      <issn-l>1361-6137</issn-l>
      <publisher>
        <publisher-name>John Wiley &amp; Sons, Ltd</publisher-name>
        <publisher-loc>Chichester, UK</publisher-loc>
      </publisher>
    </journal-meta>
    <article-meta>
      <article-id pub-id-type="pmid">22972082</article-id>
      <article-id pub-id-type="pmc">6956628</article-id>
      <article-id pub-id-type="doi">10.1002/14651858.CD005016.pub2</article-id>
      <article-id pub-id-type="publisher-id">CD005016.pub2</article-id>
      <article-id pub-id-type="other">CD005016</article-id>
      <article-categories>
        <subj-group>
          <subject>Kidney disease</subject>
          <subject>END&#x2010;STAGE KIDNEY DISEASE</subject>
        </subj-group>
      </article-categories>
      <title-group>
        <article-title>High&#x2010;flux versus low&#x2010;flux membranes for end&#x2010;stage kidney disease</article-title>
      </title-group>
      <contrib-group>
        <contrib id="d20e186" contrib-type="author">
          <name>
            <surname>Palmer</surname>
            <given-names>Suetonia C</given-names>
          </name>
          <xref ref-type="aff" rid="CD005016-aff-0001"/>
        </contrib>
        <contrib id="d20e190" contrib-type="author">
          <name>
            <surname>Rabindranath</surname>
            <given-names>Kannaiyan S</given-names>
          </name>
          <xref ref-type="aff" rid="CD005016-aff-0002"/>
        </contrib>
        <contrib id="d20e194" contrib-type="author">
          <name>
            <surname>Craig</surname>
            <given-names>Jonathan C</given-names>
          </name>
          <xref ref-type="aff" rid="CD005016-aff-0003"/>
          <xref ref-type="aff" rid="CD005016-aff-0004"/>
        </contrib>
        <contrib id="d20e198" contrib-type="author">
          <name>
            <surname>Roderick</surname>
            <given-names>Paul J</given-names>
          </name>
          <xref ref-type="aff" rid="CD005016-aff-0005"/>
        </contrib>
        <contrib id="d20e202" contrib-type="author">
          <name>
            <surname>Locatelli</surname>
            <given-names>Francesco</given-names>
          </name>
          <xref ref-type="aff" rid="CD005016-aff-0006"/>
        </contrib>
        <contrib id="d20e206" contrib-type="author" corresp="yes">
          <name>
            <surname>Strippoli</surname>
            <given-names>Giovanni FM</given-names>
          </name>
          <address>
            <email>giovanni.strippoli@uniba.it</email>
            <email>gfmstrippoli@gmail.com</email>
          </address>
          <xref ref-type="aff" rid="CD005016-aff-0004"/>
          <xref ref-type="aff" rid="CD005016-aff-0007"/>
          <xref ref-type="aff" rid="CD005016-aff-0008"/>
          <xref ref-type="aff" rid="CD005016-aff-0009"/>
        </contrib>
        <contrib id="d20e217" contrib-type="editor">
          <collab collab-type="editors">Cochrane Kidney and Transplant Group</collab>
        </contrib>
      </contrib-group>
      <aff id="CD005016-aff-0001">
        <institution>University of Otago Christchurch</institution>
        <institution content-type="dept">Department of Medicine</institution>
        <addr-line>2 Riccarton AvePO Box 4345</addr-line>
        <city>Christchurch</city>
        <country>New Zealand</country>
        <postal-code>8140</postal-code>
      </aff>
      <aff id="CD005016-aff-0002">
        <institution>Waikato District Hospital</institution>
        <institution content-type="dept">Renal Unit</institution>
        <addr-line>Pembroke Street</addr-line>
        <city>Hamilton</city>
        <country>New Zealand</country>
        <postal-code>3240</postal-code>
      </aff>
      <aff id="CD005016-aff-0003">
        <institution>The University of Sydney</institution>
        <institution content-type="dept">Sydney School of Public Health</institution>
        <addr-line>Edward Ford Building A27</addr-line>
        <city>Sydney</city>
        <country>Australia</country>
        <postal-code>2006</postal-code>
      </aff>
      <aff id="CD005016-aff-0004">
        <institution>The Children's Hospital at Westmead</institution>
        <institution content-type="dept">Cochrane Kidney and Transplant, Centre for Kidney Research</institution>
        <city>Westmead</city>
        <country>Australia</country>
        <postal-code>2145</postal-code>
      </aff>
      <aff id="CD005016-aff-0005">
        <institution>University of Southampton</institution>
        <institution content-type="dept">School of Medicine, Community Clinical Sciences</institution>
        <addr-line>Level C, South Academic BlockSouthampton General Hospital</addr-line>
        <city>Southampton</city>
        <country>UK</country>
        <postal-code>S016 6YD</postal-code>
      </aff>
      <aff id="CD005016-aff-0006">
        <institution>Ospedale A Manzoni</institution>
        <institution content-type="dept">Nephrology and Dialysis Department</institution>
        <addr-line>Via Dell'eremo 9/11</addr-line>
        <city>Lecco</city>
        <country>Italy</country>
        <postal-code>23900</postal-code>
      </aff>
      <aff id="CD005016-aff-0007">
        <institution>University of Bari</institution>
        <institution content-type="dept">Department of Emergency and Organ Transplantation</institution>
        <city>Bari</city>
        <country>Italy</country>
        <postal-code/>
      </aff>
      <aff id="CD005016-aff-0008">
        <institution>Diaverum</institution>
        <institution content-type="dept">Medical Scientific Office</institution>
        <city>Lund</city>
        <country>Sweden</country>
        <postal-code/>
      </aff>
      <aff id="CD005016-aff-0009">
        <institution>Diaverum Academy</institution>
        <city>Bari</city>
        <country>Italy</country>
        <postal-code/>
      </aff>
      <pub-date pub-type="epub">
        <day>12</day>
        <month>9</month>
        <year>2012</year>
      </pub-date>
      <pub-date pub-type="collection">
        <month>9</month>
        <year>2012</year>
      </pub-date>
      <pub-date pub-type="update">
        <day>1</day>
        <month>2</month>
        <year>2016</year>
      </pub-date>
      <volume>2012</volume>
      <issue>9</issue>
      <elocation-id>CD005016</elocation-id>
      <permissions>
        <copyright-statement>Copyright &#xA9; 2016 The Cochrane Collaboration. Published by John Wiley &amp; Sons, Ltd.</copyright-statement>
      </permissions>
      <related-article related-article-type="updated-article" ext-link-type="doi" xlink:href="10.1002/14651858.CD005016" id="d20e38"/>
      <abstract>
        <title>Abstract</title>
        <sec id="CD005016-abs1-0001">
          <title>Background</title>
          <p>Clinical practice guidelines regarding the use of high&#x2010;flux haemodialysis membranes vary widely.</p>
        </sec>
        <sec id="CD005016-abs1-0002">
          <title>Objectives</title>
          <p>We aimed to analyse the current evidence reported for the benefits and harms of high&#x2010;flux and low&#x2010;flux haemodialysis.</p>
        </sec>
        <sec id="CD005016-abs1-0003">
          <title>Search methods</title>
          <p>We searched the Cochrane Renal Group's Specialised Register (July 2012) through contact with the Trials Search Co&#x2010;ordinator using search terms relevant to this review. The Cochrane Renal Group&#x2019;s Specialised Register contains studies identified from the following sources:Quarterly searches of the Cochrane Central Register of Controlled Trials CENTRAL, weekly searches of MEDLINE OVID SP, handsearching of renal&#x2010;related journals and the proceedings of major renal conferences, searching of the current year of EMBASE OVID SP, weekly current awareness alerts for selected renal journals and searches of the International Clinical Trials Register (ICTRP) Search Portal and ClinicalTrials.gov.</p>
        </sec>
        <sec id="CD005016-abs1-0004">
          <title>Selection criteria</title>
          <p>We included randomised controlled trials (RCTs) that compared high&#x2010;flux haemodialysis with low&#x2010;flux haemodialysis in people with end&#x2010;stage kidney disease (ESKD) who required long&#x2010;term haemodialysis.</p>
        </sec>
        <sec id="CD005016-abs1-0005">
          <title>Data collection and analysis</title>
          <p>Data were extracted independently by two authors for study characteristics (participants and interventions), risks of bias, and outcomes (all&#x2010;cause mortality and cause&#x2010;specific mortality, hospitalisation, health&#x2010;related quality of life, carpal tunnel syndrome, dialysis&#x2010;related arthropathy, kidney function, and symptoms) among people on haemodialysis. Treatment effects were expressed as a risk ratio (RR) or mean difference (MD), with 95% confidence intervals (CI) using the random&#x2010;effects model.</p>
        </sec>
        <sec id="CD005016-abs1-0006">
          <title>Main results</title>
          <p>We included 33 studies that involved 3820 participants with ESKD. High&#x2010;flux membranes reduced cardiovascular mortality (5 studies, 2612 participants: RR 0.83, 95% CI 0.70 to 0.99) but not all&#x2010;cause mortality (10 studies, 2915 participants: RR 0.95, 95% CI 0.87 to 1.04) or infection&#x2010;related mortality (3 studies, 2547 participants: RR 0.91, 95% CI 0.71 to 1.14). In absolute terms, high&#x2010;flux membranes may prevent three cardiovascular deaths in 100 people treated with haemodialysis for two years. While high&#x2010;flux membranes reduced predialysis beta&#x2010;2 microglobulin levels (MD &#x2010;12.17 mg/L, 95% CI &#x2010;15.83 to &#x2010;8.51 mg/L), insufficient data were available to reliably estimate the effects of membrane flux on hospitalisation, carpal tunnel syndrome, or amyloid&#x2010;related arthropathy. Evidence for effects of high&#x2010;flux membranes was limited by selective reporting in a few studies. Insufficient numbers of studies limited our ability to conduct subgroup analyses for membrane type, biocompatibility, or reuse. In general, the risk of bias was either high or unclear in the majority of studies.</p>
        </sec>
        <sec id="CD005016-abs1-0007">
          <title>Authors' conclusions</title>
          <p>High&#x2010;flux haemodialysis may reduce cardiovascular mortality in people requiring haemodialysis by about 15%. A large well&#x2010;designed RCT is now required to confirm this finding.</p>
        </sec>
      </abstract>
      <abstract abstract-type="short">
        <title>Plain language summary</title>
        <p>
          <bold>Does haemodialysis membrane type influence outcomes in people with kidney disease?</bold>
        </p>
        <p>Haemodialysis removes excess fluid and metabolic products from the blood in people who have limited kidney function. Haemodialysis membranes are classified as high&#x2010;flux or low&#x2010;flux based on their ability to remove fluid and molecules. It has been suggested that removal of larger solutes across high&#x2010;flux haemodialysis membranes may better reflect normal kidney function and improve clinical outcomes. To investigate this issue, we analysed 33 studies that involved 3820 people which directly compared haemodialysis using high&#x2010;flux or low&#x2010;flux membranes.</p>
        <p>We found that high&#x2010;flux dialysis membranes reduced deaths from heart and circulatory (cardiovascular) causes by 17%, but did not reduce overall risk of death. This means that if 100 people were treated with high&#x2010;flux dialysis for approximately two years, three deaths from cardiovascular causes may be prevented in people who need long&#x2010;term haemodialysis.</p>
        <p>Based on the available evidence, we could not be certain that the type of membrane flux involved had any effect on deaths from infection, hospital admissions, joint problems due to long term dialysis, quality of life, or kidney function in people on long&#x2010;term haemodialysis.</p>
      </abstract>
    </article-meta>
    <notes notes-type="status-note">
      <p>Edited (no change to conclusions)</p>
    </notes>
  </front>
</article>
</pmc-articleset>