<?xml version="1.0" ?>
<!DOCTYPE pmc-articleset PUBLIC "-//NLM//DTD ARTICLE SET 2.0//EN" "https://dtd.nlm.nih.gov/ncbi/pmc/articleset/nlm-articleset-2.0.dtd">
<pmc-articleset><article xmlns:xlink="http://www.w3.org/1999/xlink" xmlns:mml="http://www.w3.org/1998/Math/MathML" id="CD011478.pub2" article-type="systematic-review">
  <!--The publisher of this article does not allow downloading of the full text in XML form.-->
  <front>
    <journal-meta>
      <journal-id journal-id-type="nlm-ta">Cochrane Database Syst Rev</journal-id>
      <journal-id journal-id-type="iso-abbrev">Cochrane Database Syst Rev</journal-id>
      <journal-id journal-id-type="publisher-id">14651858</journal-id>
      <journal-id journal-id-type="doi">10.1002/14651858</journal-id>
      <journal-title-group>
        <journal-title>The Cochrane Database of Systematic Reviews</journal-title>
      </journal-title-group>
      <issn pub-type="epub">1469-493X</issn>
      <issn-l>1361-6137</issn-l>
      <publisher>
        <publisher-name>John Wiley &amp; Sons, Ltd</publisher-name>
        <publisher-loc>Chichester, UK</publisher-loc>
      </publisher>
    </journal-meta>
    <article-meta>
      <article-id pub-id-type="pmid">30311942</article-id>
      <article-id pub-id-type="pmc">6516889</article-id>
      <article-id pub-id-type="doi">10.1002/14651858.CD011478.pub2</article-id>
      <article-id pub-id-type="publisher-id">CD011478.pub2</article-id>
      <article-id pub-id-type="other">CD011478</article-id>
      <article-categories>
        <subj-group>
          <subject>Cancer</subject>
          <subject>Gynaecology</subject>
          <subject>CANCER OF THE UTERINE CERVIX</subject>
        </subj-group>
      </article-categories>
      <title-group>
        <article-title>Type II or type III radical hysterectomy compared to chemoradiotherapy as a primary intervention for stage IB2 cervical cancer</article-title>
      </title-group>
      <contrib-group>
        <contrib id="d20e185" contrib-type="author" corresp="yes">
          <name>
            <surname>Nama</surname>
            <given-names>Vivek</given-names>
          </name>
          <address>
            <email>drvnama@gmail.com</email>
            <email>vnama@sgul.ac.uk</email>
          </address>
          <xref ref-type="aff" rid="CD011478-aff-0001"/>
        </contrib>
        <contrib id="d20e189" contrib-type="author">
          <name>
            <surname>Angelopoulos</surname>
            <given-names>Georgios</given-names>
          </name>
          <xref ref-type="aff" rid="CD011478-aff-0002"/>
        </contrib>
        <contrib id="d20e193" contrib-type="author">
          <name>
            <surname>Twigg</surname>
            <given-names>Jeremy</given-names>
          </name>
          <xref ref-type="aff" rid="CD011478-aff-0003"/>
        </contrib>
        <contrib id="d20e197" contrib-type="author">
          <name>
            <surname>Murdoch</surname>
            <given-names>John B</given-names>
          </name>
          <xref ref-type="aff" rid="CD011478-aff-0004"/>
        </contrib>
        <contrib id="d20e201" contrib-type="author">
          <name>
            <surname>Bailey</surname>
            <given-names>Jo</given-names>
          </name>
          <xref ref-type="aff" rid="CD011478-aff-0004"/>
        </contrib>
        <contrib id="d20e205" contrib-type="author">
          <name>
            <surname>Lawrie</surname>
            <given-names>Theresa A</given-names>
          </name>
          <xref ref-type="aff" rid="CD011478-aff-0005"/>
        </contrib>
        <contrib id="d20e216" contrib-type="editor">
          <collab collab-type="editors">Cochrane Gynaecological, Neuro&#x2010;oncology and Orphan Cancer Group</collab>
        </contrib>
      </contrib-group>
      <aff id="CD011478-aff-0001">
        <institution>Croydon University Hospital</institution>
        <institution content-type="dept">Gynaecological Oncology</institution>
        <addr-line>London Road</addr-line>
        <city>Croydon</city>
        <country>UK</country>
        <postal-code>CR7 7YE</postal-code>
      </aff>
      <aff id="CD011478-aff-0002">
        <institution>The James Cook University Hospital</institution>
        <institution content-type="dept">Gynaecological Oncology</institution>
        <addr-line>Marton Road</addr-line>
        <city>Middlesbrough</city>
        <country>UK</country>
        <postal-code>TS4 3BW</postal-code>
      </aff>
      <aff id="CD011478-aff-0003">
        <institution>South Tees NHS Foundation Trust</institution>
        <addr-line>Marton Road</addr-line>
        <city>Middlesbrough</city>
        <country>UK</country>
        <postal-code>TS4 3BW</postal-code>
      </aff>
      <aff id="CD011478-aff-0004">
        <institution>St Michael's Hospital</institution>
        <institution content-type="dept">Department of Gynaecological Oncology</institution>
        <addr-line>Southwell Street</addr-line>
        <city>Bristol</city>
        <country>UK</country>
        <postal-code>BS2 8EG</postal-code>
      </aff>
      <aff id="CD011478-aff-0005">
        <institution>1st Floor Education Centre, Royal United Hospital</institution>
        <institution content-type="dept">Cochrane Gynaecological, Neuro&#x2010;oncology and Orphan Cancer Group</institution>
        <addr-line>Combe Park</addr-line>
        <city>Bath</city>
        <country>UK</country>
        <postal-code>BA1 3NG</postal-code>
      </aff>
      <pub-date pub-type="epub">
        <day>12</day>
        <month>10</month>
        <year>2018</year>
      </pub-date>
      <pub-date pub-type="collection">
        <month>10</month>
        <year>2018</year>
      </pub-date>
      <pub-date pub-type="update">
        <day>2</day>
        <month>10</month>
        <year>2018</year>
      </pub-date>
      <volume>2018</volume>
      <issue>10</issue>
      <elocation-id>CD011478</elocation-id>
      <permissions>
        <copyright-statement>Copyright &#xA9; 2018 The Cochrane Collaboration. Published by John Wiley &amp; Sons, Ltd.</copyright-statement>
      </permissions>
      <related-article related-article-type="updated-article" ext-link-type="doi" xlink:href="10.1002/14651858.CD011478" id="d20e38"/>
      <abstract>
        <title>Abstract</title>
        <sec id="CD011478-abs1-0001">
          <title>Background</title>
          <p>Cervical cancer is the fourth most common cancer in women, with 528,000 estimated new cases globally in 2012. A large majority (around 85%) of the disease burden occurs in low&#x2010; and middle&#x2010;income countries (LMICs), where it accounts for almost 12% of all female cancers. Treatment of stage IB2 cervical cancers, which sit between early and advanced disease, is controversial. Some centres prefer to treat these cancers by radical hysterectomy, with chemoradiotherapy reserved for those at high risk of recurrence. In the UK, we treat stage IB2 cervical cancers mainly with chemoradiotherapy, based on the rationale that a high percentage will have risk factors necessitating chemoradiotherapy postsurgery. There has been no systematic review to determine the best possible evidence in managing these cancers.</p>
        </sec>
        <sec id="CD011478-abs1-0002">
          <title>Objectives</title>
          <p>To determine if primary surgery for stage IB2 cervical cancer (type II or type III radical hysterectomy with lymphadenectomy) improves survival compared to primary chemoradiotherapy.</p>
          <p>To determine if primary surgery combined with postoperative adjuvant chemoradiotherapy, for stage IB2 cervical cancer increases patient morbidity in the management of stage IB2 cervical cancer compared to primary chemoradiotherapy.</p>
        </sec>
        <sec id="CD011478-abs1-0003">
          <title>Search methods</title>
          <p>We searched the Cochrane Central Register of Controlled Trials (CENTRAL; 2018, Issue 3), MEDLINE via Ovid (1946 to April week 2, 2018) and Embase via Ovid (1980 to 2018 week 16). We also searched registers of clinical trials, abstracts of scientific meetings and reference lists of included studies up to April 2018.</p>
        </sec>
        <sec id="CD011478-abs1-0004">
          <title>Selection criteria</title>
          <p>We searched for randomised controlled trials (RCTs), quasi&#x2010;RCTs or non&#x2010;randomised studies (NRSs) comparing surgery to chemoradiotherapy in stage IB2 cervical cancers.</p>
        </sec>
        <sec id="CD011478-abs1-0005">
          <title>Data collection and analysis</title>
          <p>Two review authors independently assessed whether potentially relevant studies met the inclusion criteria, abstracted data, assessed risk of bias and analysed data using standard methodological procedures expected by Cochrane.</p>
        </sec>
        <sec id="CD011478-abs1-0006">
          <title>Main results</title>
          <p>We identified 4968 records from the literature searches, but we did not identify any RCTs that compared primary surgery with chemoradiotherapy in stage IB2 cervical cancer.</p>
          <p>We found one NRS comparing surgery to chemoradiotherapy in IB2 and IIA2 cervical cancers which met the inclusion criteria. However, we were unable to obtain data for stage IB2 cancers only and considered the findings very uncertain due to a high risk of selection bias.</p>
        </sec>
        <sec id="CD011478-abs1-0007">
          <title>Authors' conclusions</title>
          <p>There is an absence of high&#x2010;certainty evidence on the relative benefits and harms of primary radical hysterectomy versus primary chemoradiotherapy for stage IB2 cervical cancer. More research is needed on the different treatment options in stage IB2 cervical cancer, particularly with respect to survival, adverse effects, and quality of life to facilitate informed decision&#x2010;making and individualised care.</p>
        </sec>
      </abstract>
      <abstract abstract-type="short">
        <title>Plain language summary</title>
        <p>
          <bold>Surgery or chemoradiotherapy for stage IB2 cervical cancer</bold>
        </p>
        <p><bold>The issue</bold>&#x2028;
Treatment of cervical cancers that are larger than 4 cm still thought to be confined to the cervix (classified as stage IB2 cervical cancer) is controversial. Some clinicians believe that a combination of radiotherapy (high&#x2010;energy rays) and chemotherapy (anti&#x2010;cancer drugs), together known as chemoradiotherapy or chemoradiation, is better when the tumours are larger than 4 cm. This is based on the argument that the chance of the cancer returning after surgery is high, therefore most women will need chemoradiotherapy, even if they have surgery initially. The other school of thought is that these tumours are so large that they do not respond well to chemoradiotherapy and women with this stage of cervical cancer would benefit from surgery despite being at high risk of needing chemoradiotherapy after surgery. However, there are concerns about toxicity and complications related to the use of both surgery and chemoradiotherapy in women with cervical cancer, as receiving both treatments can increase morbidity. Therefore, many centres have moved towards providing only chemoradiotherapy. As there remains uncertainty about which treatment (surgery or chemoradiotherapy) is better for women with stage IB2 cervical cancer, we conducted this systematic review to try and answer this question.&#x2028;
&#x2028;
<bold>How we conducted the review</bold>&#x2028;
We searched for evidence that compared chemoradiotherapy to surgery (type II or type III radical hysterectomy with bilateral pelvic lymphadenectomy) from 1946 to April 2018. We searched for both randomised controlled trials (where people taking part are put into groups at random) and non&#x2010;randomised studies (in which a defined group of people (the cohort) are followed over time).&#x2028;
&#x2028;
<bold>What we found</bold>&#x2028;
We only found one non&#x2010;randomised study that compared surgery with chemoradiotherapy, but this study combined data on stages IB2 to IIA. Although it met the inclusion criteria, we could not analyse the data as we could not extract data specific to stage IB2 cervical cancers, therefore we considered the findings of this study to be uncertain with respect to our review question.&#x2028;
&#x2028;
<bold>Conclusions</bold>&#x2028;
At present, there is no high&#x2010;certainty evidence to inform us of which of the current treatment options (chemoradiotherapy or radical surgery) is better for stage IB2 cervical cancer. Women with stage IB2 cervical cancer should be counselled regarding this uncertainty and potential side effects, and the choice of treatment should take into account the availability of the treatments in a particular health resource and patient preference.</p>
        <p>Ideally, a large multicentred trial is needed to determine which of the two treatments are better for treating women with stage IB2 cervical cancer. However, because of the relative rarity of stage 1B2 cancer, and the potential complications resulting from combining surgery and chemoradiotherapy, clinicians might continue to treat most women with chemoradiotherapy, and trials in this field might not be feasible.</p>
      </abstract>
    </article-meta>
    <notes notes-type="status-note">
      <p>New</p>
    </notes>
  </front>
</article>
</pmc-articleset>