<?xml version="1.0" ?>
<!DOCTYPE pmc-articleset PUBLIC "-//NLM//DTD ARTICLE SET 2.0//EN" "https://dtd.nlm.nih.gov/ncbi/pmc/articleset/nlm-articleset-2.0.dtd">
<pmc-articleset><article xmlns:xlink="http://www.w3.org/1999/xlink" xmlns:mml="http://www.w3.org/1998/Math/MathML" id="CD006349.pub3" article-type="systematic-review">
  <!--The publisher of this article does not allow downloading of the full text in XML form.-->
  <front>
    <journal-meta>
      <journal-id journal-id-type="nlm-ta">Cochrane Database Syst Rev</journal-id>
      <journal-id journal-id-type="iso-abbrev">Cochrane Database Syst Rev</journal-id>
      <journal-id journal-id-type="publisher-id">14651858</journal-id>
      <journal-id journal-id-type="doi">10.1002/14651858</journal-id>
      <journal-title-group>
        <journal-title>The Cochrane Database of Systematic Reviews</journal-title>
      </journal-title-group>
      <issn pub-type="epub">1469-493X</issn>
      <issn-l>1361-6137</issn-l>
      <publisher>
        <publisher-name>John Wiley &amp; Sons, Ltd</publisher-name>
        <publisher-loc>Chichester, UK</publisher-loc>
      </publisher>
    </journal-meta>
    <article-meta>
      <article-id pub-id-type="pmid">29618171</article-id>
      <article-id pub-id-type="pmc">6494647</article-id>
      <article-id pub-id-type="doi">10.1002/14651858.CD006349.pub3</article-id>
      <article-id pub-id-type="publisher-id">CD006349</article-id>
      <article-id pub-id-type="other">CD006349.pub3</article-id>
      <article-categories>
        <subj-group subj-group-type="heading">
          <subject>Medicine General &amp; Introductory Medical Sciences</subject>
        </subj-group>
      </article-categories>
      <title-group>
        <article-title>Percutaneous vertebroplasty for osteoporotic vertebral compression fracture</article-title>
      </title-group>
      <contrib-group>
        <contrib id="d28e63" contrib-type="author" corresp="yes">
          <name>
            <surname>Buchbinder</surname>
            <given-names>Rachelle</given-names>
          </name>
          <address>
            <email>rachelle.buchbinder@monash.edu</email>
          </address>
          <xref ref-type="aff" rid="CD006349-aff-0001"/>
        </contrib>
        <contrib id="d28e68" contrib-type="author">
          <name>
            <surname>Johnston</surname>
            <given-names>Renea V</given-names>
          </name>
          <xref ref-type="aff" rid="CD006349-aff-0002"/>
        </contrib>
        <contrib id="d28e73" contrib-type="author">
          <name>
            <surname>Rischin</surname>
            <given-names>Kobi J</given-names>
          </name>
          <xref ref-type="aff" rid="CD006349-aff-0002"/>
        </contrib>
        <contrib id="d28e78" contrib-type="author">
          <name>
            <surname>Homik</surname>
            <given-names>Joanne</given-names>
          </name>
          <xref ref-type="aff" rid="CD006349-aff-0003"/>
        </contrib>
        <contrib id="d28e83" contrib-type="author">
          <name>
            <surname>Jones</surname>
            <given-names>C Allyson</given-names>
          </name>
          <xref ref-type="aff" rid="CD006349-aff-0004"/>
        </contrib>
        <contrib id="d28e88" contrib-type="author">
          <name>
            <surname>Golmohammadi</surname>
            <given-names>Kamran</given-names>
          </name>
          <xref ref-type="aff" rid="CD006349-aff-0005"/>
        </contrib>
        <contrib id="d28e93" contrib-type="author">
          <name>
            <surname>Kallmes</surname>
            <given-names>David F</given-names>
          </name>
          <xref ref-type="aff" rid="CD006349-aff-0006"/>
        </contrib>
      </contrib-group>
      <aff id="CD006349-aff-0001">
        <institution>Department of Epidemiology and Preventive Medicine, School of Public Health and Preventive Medicine, Monash University</institution>
        <institution content-type="dept">Monash Department of Clinical Epidemiology, Cabrini Institute</institution>
        <addr-line>4 Drysdale Street</addr-line>
        <city>Malvern</city>
        <country>Australia</country>
        <postal-code>3144</postal-code>
      </aff>
      <aff id="CD006349-aff-0002">
        <institution>Department of Epidemiology and Preventive Medicine, School of Public Health and Preventive Medicine, Monash University</institution>
        <institution content-type="dept">Monash Department of Clinical Epidemiology, Cabrini Hospital</institution>
        <addr-line>4 Drysdale Street</addr-line>
        <city>Malvern</city>
        <country>Australia</country>
        <postal-code>3144</postal-code>
      </aff>
      <aff id="CD006349-aff-0003">
        <institution>University of Alberta</institution>
        <institution content-type="dept">Department of Medicine</institution>
        <addr-line>8&#x2010;130K Floor Clinical Sciences Building,11350 83rd Avenue</addr-line>
        <city>Edmonton</city>
        <country>Canada</country>
        <postal-code>T6G 2G3</postal-code>
      </aff>
      <aff id="CD006349-aff-0004">
        <institution>University of Alberta</institution>
        <institution content-type="dept">Department of Physical Therapy, Faculty of Rehabilitation Medicine</institution>
        <addr-line>2&#x2010;50 Corbett Hall</addr-line>
        <city>Edmonton</city>
        <country>Canada</country>
        <postal-code>T6G 2G4</postal-code>
      </aff>
      <aff id="CD006349-aff-0005">
        <institution>University of British Columbia</institution>
        <institution content-type="dept">School of Population and Public Health</institution>
        <addr-line>2206 East Mall</addr-line>
        <city>Vancouver</city>
        <country>Canada</country>
        <postal-code>V6T 1Z3</postal-code>
      </aff>
      <aff id="CD006349-aff-0006">
        <institution>Mayo Clinic</institution>
        <institution content-type="dept">Department of Diagnostic Radiology</institution>
        <addr-line>200 First St., SW</addr-line>
        <city>Rochester</city>
        <country>USA</country>
        <postal-code>55905</postal-code>
      </aff>
      <author-notes>
        <fn>
          <p>Editorial Group: Cochrane Musculoskeletal Group.</p>
        </fn>
      </author-notes>
      <pub-date pub-type="epub">
        <day>04</day>
        <month>4</month>
        <year>2018</year>
      </pub-date>
      <pub-date pub-type="collection">
        <month>4</month>
        <year>2018</year>
      </pub-date>
      <pub-date pub-type="update">
        <day>30</day>
        <month>04</month>
        <year>2018</year>
      </pub-date>
      <volume>2018</volume>
      <issue>4</issue>
      <elocation-id>CD006349</elocation-id>
      <history>
        <date date-type="previous-update" publication-format="electronic">
          <day>30</day>
          <month>04</month>
          <year>2015</year>
        </date>
      </history>
      <permissions>
        <copyright-statement>Copyright &#xA9; 2018 The Cochrane Collaboration. Published by John Wiley &amp; Sons, Ltd.</copyright-statement>
        <copyright-year>2018</copyright-year>
        <copyright-holder>The Cochrane Collaboration</copyright-holder>
      </permissions>
      <related-article related-article-type="updated-article" ext-link-type="doi" xlink:href="10.1002/14651858.CD006349.pub2" id="d28e224"/>
      <abstract>
        <sec>
          <title>Background</title>
          <p>Percutaneous vertebroplasty remains widely used to treat osteoporotic vertebral fractures although our 2015 Cochrane review did not support its role in routine practice.</p>
        </sec>
        <sec>
          <title>Objectives</title>
          <p>To update the available evidence of the benefits and harms of vertebroplasty for treatment of osteoporotic vertebral fractures.</p>
        </sec>
        <sec>
          <title>Search methods</title>
          <p>We updated the search of CENTRAL, MEDLINE and Embase and trial registries to 15 November 2017.</p>
        </sec>
        <sec>
          <title>Selection criteria</title>
          <p>We included randomised and quasi&#x2010;randomised controlled trials (RCTs) of adults with painful osteoporotic vertebral fractures, comparing vertebroplasty with placebo (sham), usual care, or another intervention. As it is least prone to bias, vertebroplasty compared with placebo was the primary comparison. Major outcomes were mean overall pain, disability, disease&#x2010;specific and overall health&#x2010;related quality of life, patient&#x2010;reported treatment success, new symptomatic vertebral fractures and number of other serious adverse events.</p>
        </sec>
        <sec>
          <title>Data collection and analysis</title>
          <p>We used standard methodologic procedures expected by Cochrane.</p>
        </sec>
        <sec>
          <title>Main results</title>
          <p>Twenty&#x2010;one trials were included: five compared vertebroplasty with placebo (541 randomised participants), eight with usual care (1136 randomised participants), seven with kyphoplasty (968 randomised participants) and one compared vertebroplasty with facet joint glucocorticoid injection (217 randomised participants). Trial size varied from 46 to 404 participants, most participants were female, mean age ranged between 62.6 and 81 years, and mean symptom duration varied from a week to more than six months.</p>
          <p>Three placebo&#x2010;controlled trials were at low risk of bias and two were possibly susceptible to performance and detection bias. Other trials were at risk of bias for several criteria, most notably due to lack of participant and personnel blinding.</p>
          <p>Compared with placebo, high&#x2010; to moderate&#x2010;quality evidence from five trials (one with incomplete data reported) indicates that vertebroplasty provides no clinically important benefits with respect to pain, disability, disease&#x2010;specific or overall quality of life or treatment success at one month. Evidence for quality of life and treatment success was downgraded due to possible imprecision. Evidence was not downgraded for potential publication bias as only one placebo&#x2010;controlled trial remains unreported. Mean pain (on a scale zero to 10, higher scores indicate more pain) was five points with placebo and 0.6 points better (0.2 better to 1 better) with vertebroplasty, an absolute pain reduction of 6% (2% better to 10% better, minimal clinical important difference is 15%) and relative reduction of 9% (3% better to14% better) (five trials, 535 participants). Mean disability measured by the Roland&#x2010;Morris Disability Questionnaire (scale range zero to 23, higher scores indicate worse disability) was 14.2 points in the placebo group and 1.7 points better (0.3 better to 3.1 better) in the vertebroplasty group, absolute improvement 7% (1% to 14% better), relative improvement 10% better (3% to 18% better) (three trials, 296 participants).</p>
          <p>Disease&#x2010;specific quality of life measured by the Quality of Life Questionnaire of the European Foundation for Osteoporosis (QUALEFFO) (scale zero to 100, higher scores indicating worse quality of life) was 62 points in the placebo group and 2.75 points (3.53 worse to 9.02 better) in the vertebroplasty group, absolute change: 3% better (4% worse to 9% better), relative change: 5% better (6% worse to 15% better (two trials, 175 participants). Overall quality of life (European Quality of Life (EQ5D), zero = death to 1 = perfect health, higher scores indicate greater quality of life) was 0.38 points in the placebo group and 0.05 points better (0.01 better to 0.09 better) in the vertebroplasty group, absolute improvement: 5% (1% to 9% better), relative improvement: 18% (4% to 32% better) (three trials, 285 participants). In one trial (78 participants), 9/40 (or 225 per 1000) people perceived that treatment was successful in the placebo group compared with 12/38 (or 315 per 1000; 95% CI 150 to 664) in the vertebroplasty group, RR 1.40 (95% CI 0.67 to 2.95), absolute difference: 9% more reported success (11% fewer to 29% more); relative change: 40% more reported success (33% fewer to 195% more).</p>
          <p>Moderate&#x2010;quality evidence (low number of events) from seven trials (four placebo, three usual care, 1020 participants), up to 24 months follow&#x2010;up, indicates we are uncertain whether vertebroplasty increases the risk of new symptomatic vertebral fractures (70/509 (or 130 per 1000; range 60 to 247) observed in the vertebroplasty group compared with 59/511 (120 per 1000) in the control group; RR 1.08 (95% CI 0.62 to 1.87)).</p>
          <p>Similarly, moderate&#x2010;quality evidence (low number of events) from five trials (three placebo, two usual care, 821 participants), indicates uncertainty around the risk of other serious adverse events (18/408 or 76 per 1000, range 6 to 156) in the vertebroplasty group compared with 26/413 (or 106 per 1000) in the control group; RR 0.64 (95% CI 0.36 to 1.12). Notably, serious adverse events reported with vertebroplasty included osteomyelitis, cord compression, thecal sac injury and respiratory failure.</p>
          <p>Our subgroup analyses indicate that the effects did not differ according to duration of pain &#x2264; 6 weeks versus &gt; 6 weeks. Including data from the eight trials that compared vertebroplasty with usual care in a sensitivity analyses altered the primary results, with all combined analyses displaying considerable heterogeneity.</p>
        </sec>
        <sec>
          <title>Authors' conclusions</title>
          <p>Based upon high&#x2010; to moderate&#x2010;quality evidence, our updated review does not support a role for vertebroplasty for treating acute or subacute osteoporotic vertebral fractures in routine practice. We found no demonstrable clinically important benefits compared with placebo (sham procedure) and subgroup analyses indicated that the results did not differ according to duration of pain &#x2264; 6 weeks versus &gt; 6 weeks.</p>
          <p>Sensitivity analyses confirmed that open trials comparing vertebroplasty with usual care are likely to have overestimated any benefit of vertebroplasty. Correcting for these biases would likely drive any benefits observed with vertebroplasty towards the null, in keeping with findings from the placebo&#x2010;controlled trials.</p>
          <p>Numerous serious adverse events have been observed following vertebroplasty. However due to the small number of events, we cannot be certain about whether or not vertebroplasty results in a clinically important increased risk of new symptomatic vertebral fractures and/or other serious adverse events. Patients should be informed about both the high&#x2010; to moderate&#x2010;quality evidence that shows no important benefit of vertebroplasty and its potential for harm.</p>
        </sec>
      </abstract>
      <abstract abstract-type="short">
        <title>Vertebroplasty for treating spinal fractures due to osteoporosis</title>
        <p>
          <bold>Background</bold>
        </p>
        <p>Osteoporosis is characterised by thin, fragile bones and may result in minimal trauma fractures of the spine bones (vertebrae). They can cause severe pain and disability.</p>
        <p>Vertebroplasty involves injecting medical&#x2010;grade cement into a fractured vertebra, under light sedation or general anaesthesia. The cement hardens in the bone space to form an internal cast.</p>
        <p>
          <bold>Study characteristics</bold>
        </p>
        <p>This Cochrane review is current to November 2017. Studies compared vertebroplasty versus placebo (no cement injected) (five studies, 541 participants); usual care (eight studies, 1136 participants); kyphoplasty (similar, but before cement is injected a balloon is expanded in the fractured vertebra; seven studies, 968 participants) and facet joint steroid injection (one study, 217 participants). Trials were performed in hospitals in 15 countries, the majority of participants were female, mean age ranged between 63.3 and 80 years, and symptom duration ranged from a week to six months or more. Eight trials received at least some funding from medical device manufacturers and only two reported that they had no role in the trial.</p>
        <p>
          <bold>Key results</bold>
        </p>
        <p>Compared with a placebo (fake) procedure, vertebroplasty resulted in little benefit at one month:</p>
        <p>
          <underline>Pain (lower scores mean less pain)</underline>
        </p>
        <p>Improved by 6% (2% better to 10% better), or 0.6 points (0.2 better to 1.0 better) on a zero&#x2010;0 to 10&#x2010;point scale.</p>
        <p>&#x2022; People who had vertebroplasty rated their pain as 4.4 points.</p>
        <p>&#x2022; People who had placebo rated their pain as 5 points.</p>
        <p>
          <underline>Disability (lower scores mean less disability)</underline>
        </p>
        <p>Improved by 7% (1% better to 14% better), or 1.7 points (0.3 better to 3.1 better) on a zero to 23&#x2010;point scale.</p>
        <p>&#x2022; People who had vertebroplasty rated their disability as 12.5 points.</p>
        <p>&#x2022; People who had placebo rated their disability as 14.2 points.</p>
        <p>
          <underline>Vertebral fracture or osteoporosis&#x2010;specific quality of life (lower scores mean better quality of life)</underline>
        </p>
        <p>Better by 3% (4% worse to 9% better), or 2.75 points better (3.53 worse to 9.02 better) on a zero to 100&#x2010;point scale.</p>
        <p>.&#x2022; People who had vertebroplasty rated their quality of life related to their fracture as 59.25 points.</p>
        <p>&#x2022; People who had placebo rated their quality of life related to their fracture as 62 points.</p>
        <p>
          <underline>Overall quality of life (higher scores mean better quality of life)</underline>
        </p>
        <p>Improved by 5% (1% better to 9% better), or 0.05 units (0.01 better to 0.09 better) on a zero = death to one = perfect health scale.</p>
        <p>&#x2022; People who had vertebroplasty rated their general quality of life as 0.43 points.</p>
        <p>&#x2022; People who had placebo rated their general quality of life as 0.38 points.</p>
        <p>
          <underline>Treatment success (defined as pain moderately or a great deal better)</underline>
        </p>
        <p>9% more people rated their treatment a success (11% fewer to 29% more), or nine more people out of 100.</p>
        <p>&#x2022; 32 out of 100 people reported treatment success with vertebroplasty.</p>
        <p>&#x2022; 23 out of 100 people reported treatment success with placebo.</p>
        <p>Compared with a placebo or usual care:</p>
        <p>
          <underline>New symptomatic vertebral fractures (at 12 to 24 months)</underline>
        </p>
        <p>1% more new fractures with vertebroplasty (7% fewer to 9% more), or one more person out of 100.</p>
        <p>&#x2022; 13 out of 100 people had a new fracture with vertebroplasty.</p>
        <p>&#x2022; 12 out of 100 people had a new fracture with placebo or usual care.</p>
        <p>
          <underline>Other serious adverse events:</underline>
        </p>
        <p>1% fewer people (5% fewer to 3% more), had other serious adverse events with vertebroplasty; relative change 36% fewer (64% fewer to 12% more).</p>
        <p>&#x2022; eight out of 100 people reported other serious adverse events with vertebroplasty.</p>
        <p>&#x2022; 11 out of 100 people reported other serious adverse events with placebo.</p>
        <p>
          <bold>Quality of the evidence</bold>
        </p>
        <p>High&#x2010;quality evidence shows that vertebroplasty does not provide more clinically important benefits than placebo. We are less certain of the risk of new vertebral fractures or other serious effects; quality was moderate due to the small number of events.</p>
        <p>Serious adverse events that may occur include spinal cord or nerve root compression due to cement leaking out from the bone, cement leaking into the blood stream, rib fractures, infection in the bone, fat leaking into the bloodstream, damage to the covering of the spinal cord that could result in leakage of cerebrospinal fluid, anaesthetic complications and death.</p>
      </abstract>
      <kwd-group kwd-group-type="mesh">
        <kwd>Aged</kwd>
        <kwd>Aged, 80 and over</kwd>
        <kwd>Female</kwd>
        <kwd>Humans</kwd>
        <kwd>Male</kwd>
        <kwd>Middle Aged</kwd>
        <kwd>Bone Cements</kwd>
        <kwd>Bone Cements/therapeutic use</kwd>
        <kwd>Fractures, Compression</kwd>
        <kwd>Fractures, Compression/therapy</kwd>
        <kwd>Glucocorticoids</kwd>
        <kwd>Glucocorticoids/therapeutic use</kwd>
        <kwd>Osteoporotic Fractures</kwd>
        <kwd>Osteoporotic Fractures/therapy</kwd>
        <kwd>Pain Measurement</kwd>
        <kwd>Pain, Postoperative</kwd>
        <kwd>Quality of Life</kwd>
        <kwd>Randomized Controlled Trials as Topic</kwd>
        <kwd>Spinal Fractures</kwd>
        <kwd>Spinal Fractures/therapy</kwd>
        <kwd>Vertebroplasty</kwd>
        <kwd>Vertebroplasty/adverse effects</kwd>
        <kwd>Vertebroplasty/methods</kwd>
      </kwd-group>
    </article-meta>
    <notes notes-type="status-note">
      <p>Edited (no change to conclusions)</p>
    </notes>
  </front>
</article>
</pmc-articleset>