<?xml version="1.0" ?>
<!DOCTYPE pmc-articleset PUBLIC "-//NLM//DTD ARTICLE SET 2.0//EN" "https://dtd.nlm.nih.gov/ncbi/pmc/articleset/nlm-articleset-2.0.dtd">
<pmc-articleset><article xmlns:xlink="http://www.w3.org/1999/xlink" xmlns:mml="http://www.w3.org/1998/Math/MathML" id="CD009734.pub3" article-type="systematic-review">
  <!--The publisher of this article does not allow downloading of the full text in XML form.-->
  <front>
    <journal-meta>
      <journal-id journal-id-type="nlm-ta">Cochrane Database Syst Rev</journal-id>
      <journal-id journal-id-type="iso-abbrev">Cochrane Database Syst Rev</journal-id>
      <journal-id journal-id-type="publisher-id">14651858</journal-id>
      <journal-id journal-id-type="doi">10.1002/14651858</journal-id>
      <journal-title-group>
        <journal-title>The Cochrane Database of Systematic Reviews</journal-title>
      </journal-title-group>
      <issn pub-type="epub">1469-493X</issn>
      <issn-l>1361-6137</issn-l>
      <publisher>
        <publisher-name>John Wiley &amp; Sons, Ltd</publisher-name>
        <publisher-loc>Chichester, UK</publisher-loc>
      </publisher>
    </journal-meta>
    <article-meta>
      <article-id pub-id-type="pmid">29308602</article-id>
      <article-id pub-id-type="pmc">6491066</article-id>
      <article-id pub-id-type="doi">10.1002/14651858.CD009734.pub3</article-id>
      <article-id pub-id-type="publisher-id">CD009734</article-id>
      <article-id pub-id-type="other">CD009734.pub3</article-id>
      <article-categories>
        <subj-group subj-group-type="heading">
          <subject>Medicine General &amp; Introductory Medical Sciences</subject>
        </subj-group>
      </article-categories>
      <title-group>
        <article-title>Anti&#x2010;vascular endothelial growth factor (VEGF) drugs for treatment of retinopathy of prematurity</article-title>
      </title-group>
      <contrib-group>
        <contrib id="d28e63" contrib-type="author" corresp="yes">
          <name>
            <surname>Sankar</surname>
            <given-names>Mari Jeeva</given-names>
          </name>
          <address>
            <email>jeevasankar@gmail.com</email>
          </address>
          <xref ref-type="aff" rid="CD009734-aff-0001"/>
        </contrib>
        <contrib id="d28e68" contrib-type="author">
          <name>
            <surname>Sankar</surname>
            <given-names>Jhuma</given-names>
          </name>
          <xref ref-type="aff" rid="CD009734-aff-0002"/>
        </contrib>
        <contrib id="d28e73" contrib-type="author">
          <name>
            <surname>Chandra</surname>
            <given-names>Parijat</given-names>
          </name>
          <xref ref-type="aff" rid="CD009734-aff-0003"/>
        </contrib>
      </contrib-group>
      <aff id="CD009734-aff-0001">
        <institution>All India Institute of Medical Sciences</institution>
        <institution content-type="dept">Newborn Health Knowledge Centre, WHO Collaborating Centre for Training and Research in Newborn Care, Department of Pediatrics</institution>
        <city>Delhi</city>
        <country>India</country>
        <postal-code/>
      </aff>
      <aff id="CD009734-aff-0002">
        <institution>All India Institute of Medical Sciences</institution>
        <institution content-type="dept">Department of Pediatrics</institution>
        <city>New Delhi</city>
        <country>India</country>
        <postal-code/>
      </aff>
      <aff id="CD009734-aff-0003">
        <institution>Dr. R. P. Centre for Ophthalmic Sciences, All India Institute of Medical Sciences (AIIMS)</institution>
        <city>New Delhi</city>
        <country>India</country>
        <postal-code>110029</postal-code>
      </aff>
      <author-notes>
        <fn>
          <p>Editorial Group: Cochrane Neonatal Group.</p>
        </fn>
      </author-notes>
      <pub-date pub-type="epub">
        <day>08</day>
        <month>1</month>
        <year>2018</year>
      </pub-date>
      <pub-date pub-type="collection">
        <month>1</month>
        <year>2018</year>
      </pub-date>
      <pub-date pub-type="update">
        <day>07</day>
        <month>01</month>
        <year>2018</year>
      </pub-date>
      <volume>2018</volume>
      <issue>1</issue>
      <elocation-id>CD009734</elocation-id>
      <history>
        <date date-type="previous-update" publication-format="electronic">
          <day>27</day>
          <month>02</month>
          <year>2016</year>
        </date>
        <date date-type="cl-record-assessed-up-to-date">
          <day>11</day>
          <month>12</month>
          <year>2016</year>
        </date>
      </history>
      <permissions>
        <copyright-statement>Copyright &#xA9; 2018 The Cochrane Collaboration. Published by John Wiley &amp; Sons, Ltd.</copyright-statement>
        <copyright-year>2018</copyright-year>
        <copyright-holder>The Cochrane Collaboration</copyright-holder>
      </permissions>
      <related-article related-article-type="updated-article" ext-link-type="doi" xlink:href="10.1002/14651858.CD009734.pub2" id="d28e140"/>
      <abstract>
        <sec>
          <title>Background</title>
          <p>Vascular endothelial growth factor (VEGF) plays a key role in angiogenesis in foetal life. Researchers have recently attempted to use anti&#x2010;VEGF agents for the treatment of retinopathy of prematurity (ROP), a vasoproliferative disorder. The safety and efficacy of these agents in preterm infants with ROP is currently uncertain.</p>
        </sec>
        <sec>
          <title>Objectives</title>
          <p>To evaluate the efficacy and safety of anti&#x2010;VEGF drugs when used either as monotherapy, that is without concomitant cryotherapy or laser therapy, or in combination with planned cryo/laser therapy in preterm infants with type 1 ROP (defined as zone I any stage with plus disease, zone I stage 3 with or without plus disease, or zone II stage 2 or 3 with plus disease).</p>
        </sec>
        <sec>
          <title>Search methods</title>
          <p>We searched the Cochrane Central Register of Controlled Trials (CENTRAL 2016, Issue 11), MEDLINE (1966 to 11 December 2016), Embase (1980 to 11 December 2016), CINAHL (1982 to 11 December 2016), and conference proceedings.</p>
        </sec>
        <sec>
          <title>Selection criteria</title>
          <p>Randomised or quasi&#x2010;randomised controlled trials that evaluated the efficacy or safety of administration, or both, of anti&#x2010;VEGF agents compared with conventional therapy in preterm infants with ROP.</p>
        </sec>
        <sec>
          <title>Data collection and analysis</title>
          <p>We used standard Cochrane and Cochrane Neonatal methods for data collection and analysis. We used the GRADE approach to assess the quality of the evidence.</p>
        </sec>
        <sec>
          <title>Main results</title>
          <p>Six trials involving a total of 383 infants fulfilled the inclusion criteria. Five trials compared intravitreal bevacizumab (n = 4) or ranibizumab (n = 1) with conventional laser therapy (monotherapy), while the sixth study compared intravitreal pegaptanib plus conventional laser therapy with laser/cryotherapy (combination therapy).</p>
          <p>When used as monotherapy, bevacizumab/ranibizumab did not reduce the risk of complete or partial retinal detachment (3 studies; 272 infants; risk ratio (RR) 1.04, 95% confidence interval (CI) 0.21 to 5.13; risk difference (RD) 0.00, 95% CI &#x2010;0.04 to 0.04; very low&#x2010;quality evidence), mortality before discharge (2 studies; 229 infants; RR 1.50, 95% CI 0.26 to 8.75), corneal opacity requiring corneal transplant (1 study; 286 eyes; RR 0.34, 95% CI 0.01 to 8.26), or lens opacity requiring cataract removal (3 studies; 544 eyes; RR 0.15, 95% CI 0.01 to 2.79). The risk of recurrence of ROP requiring retreatment also did not differ between groups (2 studies; 193 infants; RR 0.88, 95% CI 0.47 to 1.63; RD &#x2010;0.02, 95% CI &#x2010;0.12 to 0.07; very low&#x2010;quality evidence). Subgroup analysis showed a significant reduction in the risk of recurrence in infants with zone I ROP (RR 0.15, 95% CI 0.04 to 0.62), but an increased risk of recurrence in infants with zone II ROP (RR 2.53, 95% CI 1.01 to 6.32). Pooled analysis of studies that reported eye&#x2010;level outcomes also revealed significant increase in the risk of recurrence of ROP in the eyes that received bevacizumab (RR 5.36, 95% CI 1.22 to 23.50; RD 0.10, 95% CI 0.03 to 0.17). Infants who received intravitreal bevacizumab had a significantly lower risk of refractive errors (very high myopia) at 30 months of age (1 study; 211 eyes; RR 0.06, 95% CI 0.02 to 0.20; RD &#x2010;0.40, 95% CI &#x2010;0.50 to &#x2010;0.30; low&#x2010;quality evidence).</p>
          <p>When used in combination with laser therapy, intravitreal pegaptanib was found to reduce the risk of retinal detachment when compared to laser/cryotherapy alone (152 eyes; RR 0.26, 95% CI 0.12 to 0.55; RD &#x2010;0.29, 95% CI &#x2010;0.42 to &#x2010;0.16; low&#x2010;quality evidence). The incidence of recurrence of ROP by 55 weeks' postmenstrual age was also lower in the pegaptanib + laser therapy group (76 infants; RR 0.29, 95% CI 0.12 to 0.7; RD &#x2010;0.35, 95% CI &#x2010;0.55 to &#x2010;0.16; low&#x2010;quality evidence). There was no difference in the risk of perioperative retinal haemorrhages between the two groups (152 eyes; RR 0.62, 95% CI 0.24 to 1.56; RD &#x2010;0.05, 95% CI &#x2010;0.16 to 0.05; very low&#x2010;quality evidence). However, the risk of delayed systemic adverse effects with any of the three anti&#x2010;VEGF drugs is not known.</p>
        </sec>
        <sec>
          <title>Authors' conclusions</title>
          <p>Implications for practice: Intravitreal bevacizumab/ranibizumab, when used as monotherapy, reduces the risk of refractive errors during childhood but does not reduce the risk of retinal detachment or recurrence of ROP in infants with type 1 ROP. While the intervention might reduce the risk of recurrence of ROP in infants with zone I ROP, it can potentially result in higher risk of recurrence requiring retreatment in those with zone II ROP. Intravitreal pegaptanib, when used in conjunction with laser therapy, reduces the risk of retinal detachment as well as the recurrence of ROP in infants with type 1 ROP. However, the quality of the evidence was very low to low for most outcomes due to risk of detection bias and other biases. The effects on other critical outcomes and, more importantly, the long&#x2010;term systemic adverse effects of the drugs are not known. Insufficient data precludes strong conclusions favouring routine use of intravitreal anti&#x2010;VEGF agents &#x2010; either as monotherapy or in conjunction with laser therapy &#x2010; in preterm infants with type 1 ROP.</p>
          <p>Implications for research: Further studies are needed to evaluate the effect of anti&#x2010;VEGF agents on structural and functional outcomes in childhood and delayed systemic effects including adverse neurodevelopmental outcomes.</p>
        </sec>
      </abstract>
      <abstract abstract-type="short">
        <title>Anti&#x2010;vascular endothelial growth factor (VEGF) drugs for treatment of retinopathy of prematurity</title>
        <p>
          <bold>Background</bold>
        </p>
        <p>Retinopathy of prematurity (ROP) is a vascular disorder of the immature retina that can result in impairment of vision and even blindness in preterm infants. It is treated primarily by ablation of the avascular retina, the removal of the part of the retina without any blood vessels by cryotherapy or laser therapy. Though these treatments result in a significant improvement in long&#x2010;term outcomes, the results are far from perfect. In addition, they cause permanent loss of the peripheral visual field. Recently, studies have been done to evaluate the use of anti&#x2010;VEGF agents to treat ROP. These agents inhibit the action of vascular endothelial growth factor (VEGF), a key regulator of new vessel formation in foetal life. Animal studies had shown significant reduction in the neovascular response following injection of anti&#x2010;VEGF antibodies into the vitreous cavity of the eyes ('intravitreal' therapy).</p>
        <p>
          <bold>Study characteristics</bold>
        </p>
        <p>We searched scientific databases in December 2016 for studies evaluating the efficacy and safety of intravitreal therapy with anti&#x2010;VEGF agents in preterm infants with ROP. We identified six randomised controlled trials involving 383 infants. Five trials compared intravitreal bevacizumab or ranibizumab with conventional laser therapy. One trial compared intravitreal pegaptanib plus laser therapy with laser/cryotherapy alone.</p>
        <p>
          <bold>Key results</bold>
        </p>
        <p>The results suggest that intravitreal anti&#x2010;VEGF agents reduce the risk of refractive errors (high myopia) during childhood but do not reduce the risk of retinal detachment or recurrence of ROP when used alone. Intravitreal pegaptanib used in conjunction with laser therapy reduces the risk of retinal detachment. The effects on other critical outcomes, including delayed side effects such as stroke, are not known. Further studies are needed to assess these outcomes.</p>
        <p>
          <bold>Quality of the evidence</bold>
        </p>
        <p>We graded the quality of the evidence as very low or low for most of the key outcomes.</p>
        <p>
          <bold>Setting</bold>
        </p>
        <p>Neonatal units in China, Czech Republic, Italy, Iran, Ireland, and USA.</p>
      </abstract>
      <kwd-group kwd-group-type="mesh">
        <kwd>Humans</kwd>
        <kwd>Infant, Newborn</kwd>
        <kwd>Angiogenesis Inhibitors</kwd>
        <kwd>Angiogenesis Inhibitors/administration &amp; dosage</kwd>
        <kwd>Angiogenesis Inhibitors/adverse effects</kwd>
        <kwd>Aptamers, Nucleotide</kwd>
        <kwd>Aptamers, Nucleotide/administration &amp; dosage</kwd>
        <kwd>Aptamers, Nucleotide/adverse effects</kwd>
        <kwd>Bevacizumab</kwd>
        <kwd>Bevacizumab/administration &amp; dosage</kwd>
        <kwd>Bevacizumab/adverse effects</kwd>
        <kwd>Combined Modality Therapy</kwd>
        <kwd>Cryotherapy</kwd>
        <kwd>Cryotherapy/methods</kwd>
        <kwd>Intravitreal Injections</kwd>
        <kwd>Laser Therapy</kwd>
        <kwd>Laser Therapy/methods</kwd>
        <kwd>Randomized Controlled Trials as Topic</kwd>
        <kwd>Ranibizumab</kwd>
        <kwd>Ranibizumab/administration &amp; dosage</kwd>
        <kwd>Ranibizumab/adverse effects</kwd>
        <kwd>Retinal Detachment</kwd>
        <kwd>Retinal Detachment/prevention &amp; control</kwd>
        <kwd>Retinopathy of Prematurity</kwd>
        <kwd>Retinopathy of Prematurity/drug therapy</kwd>
        <kwd>Vascular Endothelial Growth Factor A</kwd>
        <kwd>Vascular Endothelial Growth Factor A/antagonists &amp; inhibitors</kwd>
      </kwd-group>
    </article-meta>
    <notes notes-type="status-note">
      <p>New search for studies and content updated (conclusions changed)</p>
    </notes>
  </front>
</article>
</pmc-articleset>