<?xml version="1.0" ?>
<!DOCTYPE pmc-articleset PUBLIC "-//NLM//DTD ARTICLE SET 2.0//EN" "https://dtd.nlm.nih.gov/ncbi/pmc/articleset/nlm-articleset-2.0.dtd">
<pmc-articleset><article xmlns:xlink="http://www.w3.org/1999/xlink" xmlns:mml="http://www.w3.org/1998/Math/MathML" id="CD010013.pub2" article-type="systematic-review">
  <!--The publisher of this article does not allow downloading of the full text in XML form.-->
  <front>
    <journal-meta>
      <journal-id journal-id-type="nlm-ta">Cochrane Database Syst Rev</journal-id>
      <journal-id journal-id-type="iso-abbrev">Cochrane Database Syst Rev</journal-id>
      <journal-id journal-id-type="publisher-id">14651858</journal-id>
      <journal-id journal-id-type="doi">10.1002/14651858</journal-id>
      <journal-title-group>
        <journal-title>The Cochrane Database of Systematic Reviews</journal-title>
      </journal-title-group>
      <issn pub-type="epub">1469-493X</issn>
      <issn-l>1361-6137</issn-l>
      <publisher>
        <publisher-name>John Wiley &amp; Sons, Ltd</publisher-name>
        <publisher-loc>Chichester, UK</publisher-loc>
      </publisher>
    </journal-meta>
    <article-meta>
      <article-id pub-id-type="pmid">24282112</article-id>
      <article-id pub-id-type="pmc">6486323</article-id>
      <article-id pub-id-type="doi">10.1002/14651858.CD010013.pub2</article-id>
      <article-id pub-id-type="publisher-id">CD010013</article-id>
      <article-id pub-id-type="other">CD010013.pub2</article-id>
      <article-categories>
        <subj-group subj-group-type="heading">
          <subject>Medicine General &amp; Introductory Medical Sciences</subject>
        </subj-group>
      </article-categories>
      <title-group>
        <article-title>Smartphone and tablet self management apps for asthma</article-title>
      </title-group>
      <contrib-group>
        <contrib id="d28e63" contrib-type="author" corresp="yes">
          <name>
            <surname>Marcano Belisario</surname>
            <given-names>Jos&#xE9; S</given-names>
          </name>
          <address>
            <email>jose.marcano-belisario10@imperial.ac.uk</email>
          </address>
          <xref ref-type="aff" rid="CD010013-aff-0001"/>
        </contrib>
        <contrib id="d28e68" contrib-type="author">
          <name>
            <surname>Huckvale</surname>
            <given-names>Kit</given-names>
          </name>
          <xref ref-type="aff" rid="CD010013-aff-0001"/>
        </contrib>
        <contrib id="d28e73" contrib-type="author">
          <name>
            <surname>Greenfield</surname>
            <given-names>Geva</given-names>
          </name>
          <xref ref-type="aff" rid="CD010013-aff-0001"/>
        </contrib>
        <contrib id="d28e78" contrib-type="author">
          <name>
            <surname>Car</surname>
            <given-names>Josip</given-names>
          </name>
          <xref ref-type="aff" rid="CD010013-aff-0002 CD010013-aff-0003"/>
        </contrib>
        <contrib id="d28e83" contrib-type="author">
          <name>
            <surname>Gunn</surname>
            <given-names>Laura H</given-names>
          </name>
          <xref ref-type="aff" rid="CD010013-aff-0004"/>
        </contrib>
      </contrib-group>
      <aff id="CD010013-aff-0001">
        <institution>School of Public Health, Imperial College London</institution>
        <institution content-type="dept">Global eHealth Unit, Department of Primary Care and Public Health</institution>
        <city>London</city>
        <country>UK</country>
        <postal-code/>
      </aff>
      <aff id="CD010013-aff-0002">
        <institution>Imperial College London</institution>
        <institution content-type="dept">Global eHealth Unit, Department of Primary Care and Public Health, School of Public Health</institution>
        <addr-line>Reynolds BuildingSt Dunstans Road</addr-line>
        <city>London</city>
        <country>UK</country>
        <postal-code>W6 8RP</postal-code>
      </aff>
      <aff id="CD010013-aff-0003">
        <institution>University of Ljubljana</institution>
        <institution content-type="dept">Department of Family Medicine, Faculty of Medicine</institution>
        <city>Ljubljana</city>
        <country>Slovenia</country>
        <postal-code/>
      </aff>
      <aff id="CD010013-aff-0004">
        <institution>Stetson University</institution>
        <institution content-type="dept">Integrative Health Science</institution>
        <addr-line>421 N Woodland BlvdUnit 8317</addr-line>
        <city>DeLand</city>
        <country>USA</country>
        <postal-code>32723</postal-code>
      </aff>
      <author-notes>
        <fn>
          <p>Editorial Group: Cochrane Airways Group.</p>
        </fn>
      </author-notes>
      <pub-date pub-type="epub">
        <day>27</day>
        <month>11</month>
        <year>2013</year>
      </pub-date>
      <pub-date pub-type="collection">
        <month>11</month>
        <year>2013</year>
      </pub-date>
      <volume>2013</volume>
      <issue>11</issue>
      <elocation-id>CD010013</elocation-id>
      <history>
        <date date-type="previous-update" publication-format="electronic">
          <day>15</day>
          <month>08</month>
          <year>2012</year>
        </date>
      </history>
      <permissions>
        <copyright-statement>Copyright &#xA9; 2013 The Cochrane Collaboration. Published by John Wiley &amp; Sons, Ltd.</copyright-statement>
        <copyright-year>2013</copyright-year>
        <copyright-holder>The Cochrane Collaboration</copyright-holder>
      </permissions>
      <related-article related-article-type="updated-article" ext-link-type="doi" xlink:href="10.1002/14651858.CD010013" id="d28e159"/>
      <abstract>
        <sec>
          <title>Background</title>
          <p>Asthma is one of the most common long&#x2010;term conditions worldwide, which places considerable pressure on patients, communities and health systems. The major international clinical guidelines now recommend the inclusion of self management programmes in the routine management of patients with asthma. These programmes have been associated with improved outcomes in patients with asthma. However, the implementation of self management programmes in clinical practice, and their uptake by patients, is still poor. Recent developments in mobile technology, such as smartphone and tablet computer apps, could help develop a platform for the delivery of self management interventions that are highly customisable, low&#x2010;cost and easily accessible.</p>
        </sec>
        <sec>
          <title>Objectives</title>
          <p>To assess the effectiveness, cost&#x2010;effectiveness and feasibility of using smartphone and tablet apps to facilitate the self management of individuals with asthma.</p>
        </sec>
        <sec>
          <title>Search methods</title>
          <p>We searched the Cochrane Airways Group Register (CAGR), the Cochrane Central Register of Controlled Trials (CENTRAL), MEDLINE, EMBASE, PsycINFO, CINAHL, Global Health Library, Compendex/Inspec/Referex, IEEEXplore, ACM Digital Library, CiteSeer<sup>x</sup> and CAB abstracts via Web of Knowledge. We also searched registers of current and ongoing trials and the grey literature. We checked the reference lists of all primary studies and review articles for additional references. We searched for studies published from 2000 onwards. The latest search was run in June 2013.</p>
        </sec>
        <sec>
          <title>Selection criteria</title>
          <p>We included parallel randomised controlled trials (RCTs) that compared self management interventions for patients with clinician&#x2010;diagnosed asthma delivered via smartphone apps to self management interventions delivered via traditional methods (e.g. paper&#x2010;based asthma diaries).</p>
        </sec>
        <sec>
          <title>Data collection and analysis</title>
          <p>We used standard methods expected by the Cochrane Collaboration. Our primary outcomes were symptom scores; frequency of healthcare visits due to asthma exacerbations or complications and health&#x2010;related quality of life.</p>
        </sec>
        <sec>
          <title>Main results</title>
          <p>We included two RCTs with a total of 408 participants. We found no cluster RCTs, controlled before and after studies or interrupted time series studies that met the inclusion criteria for this systematic review. Both RCTs evaluated the effect of a mobile phone&#x2010;based asthma self management intervention on asthma control by comparing it to traditional, paper&#x2010;based asthma self management. One study allowed participants to keep daily entries of their asthma symptoms, asthma medication usage, peak flow readings and peak flow variability on their mobile phone, from which their level of asthma control was calculated remotely and displayed together with the corresponding asthma self management recommendations. In the other study, participants recorded the same readings twice daily, and they received immediate self management feedback in the form of a three&#x2010;colour traffic light display on their phones. Participants falling into the amber zone of their action plan twice, or into the red zone once, received a phone call from an asthma nurse who enquired about the reasons for their uncontrolled asthma.</p>
          <p>We did not conduct a meta&#x2010;analysis of the data extracted due to the considerable degree of heterogeneity between these studies. Instead we adopted a narrative synthesis approach. Overall, the results were inconclusive and we judged the evidence to have a GRADE rating of low quality because further evidence is very likely to have an important impact on our confidence in the estimate of effect and is likely to change the estimate. In addition, there was not enough information in one of the included studies to assess the risk of bias for the majority of the domains. Although the other included study was methodologically rigorous, it was not possible to blind participants or personnel in the study. Moreover, there are concerns in both studies in relation to attrition bias and other sources of bias.</p>
          <p>One study showed that the use of a smartphone app for the delivery of an asthma self management programme had no statistically significant effect on asthma symptom scores (mean difference (MD) 0.01, 95% confidence interval (CI) &#x2010;0.23 to 0.25), asthma&#x2010;related quality of life (MD of mean scores 0.02, 95% CI &#x2010;0.35 to 0.39), unscheduled visits to the emergency department (OR 7.20, 95% CI 0.37 to 140.76) or frequency of hospital admissions (odds ratio (OR) 3.07, 95% CI 0.32 to 29.83). The other included study found that the use of a smartphone app resulted in higher asthma&#x2010;related quality of life scores at six&#x2010;month follow&#x2010;up (MD 5.50, 95% CI 1.48 to 9.52 for the physical component score of the SF&#x2010;12 questionnaire; MD 6.00, 95% CI 2.51 to 9.49 for the mental component score of the SF&#x2010;12 questionnaire), improved lung function (PEFR) at four (MD 27.80, 95% CI 4.51 to 51.09), five (MD 31.40, 95% CI 8.51 to 54.29) and six months (MD 39.20, 95% CI 16.58 to 61.82), and reduced visits to the emergency department due to asthma&#x2010;related complications (OR 0.20, 95% CI 0.04 to 0.99). Both studies failed to find any statistical differences in terms of adherence to the intervention and occurrence of other asthma&#x2010;related complications.</p>
        </sec>
        <sec>
          <title>Authors' conclusions</title>
          <p>The current evidence base is not sufficient to advise clinical practitioners, policy&#x2010;makers and the general public with regards to the use of smartphone and tablet computer apps for the delivery of asthma self management programmes. In order to understand the efficacy of apps as standalone interventions, future research should attempt to minimise the differential clinical management of patients between control and intervention groups. Those studies evaluating apps as part of complex, multicomponent interventions, should attempt to tease out the relative contribution of each intervention component. Consideration of the theoretical constructs used to inform the development of the intervention would help to achieve this goal. Finally, researchers should also take into account: the role of ancillary components in moderating the observed effects, the seasonal nature of asthma and long&#x2010;term adherence to self management practices.</p>
        </sec>
      </abstract>
      <abstract abstract-type="short">
        <title>Can smartphone apps improve access to asthma self management?</title>
        <p>
          <italic>
            <bold>Background</bold>
          </italic>
        </p>
        <p>Self management programmes have been advocated as a means to help people with asthma achieve better levels of asthma control and better asthma&#x2010;related outcomes. However, there are a number of barriers affecting the successful implementation and uptake of these programmes. These barriers call for innovative approaches for the delivery of self management programmes. Of particular interest is the use of consumer devices such as smartphones and tablet computers as a means of delivering these programmes within the existing healthcare configuration.</p>
        <p>
          <italic>
            <bold>Review question</bold>
          </italic>
        </p>
        <p>This review assessed whether smartphone and tablet computer apps are effective tools for supporting patients with asthma to self manage their own condition.</p>
        <p>
          <italic>
            <bold>Description of the studies</bold>
          </italic>
        </p>
        <p>We included two studies with a total of 408 participants. Both studies evaluated the effect of a mobile phone&#x2010;based asthma self management intervention on asthma control by comparing it to traditional, paper&#x2010;based asthma self management. One study allowed participants to keep daily entries of their asthma symptoms, asthma medication usage, peak flow readings and peak flow variability on their mobile phone, from which their level of asthma control was calculated remotely and displayed together with the corresponding asthma self management recommendations. In the other study, participants recorded the same readings twice daily, and they received immediate self management feedback in the form of a three&#x2010;colour traffic light display on their phones. Participants falling into the amber zone of their action plan twice, or into the red zone once, received a phone call from an asthma nurse who enquired about the reasons for their uncontrolled asthma.</p>
        <p>
          <italic>
            <bold>Key results</bold>
          </italic>
        </p>
        <p>Due to the lack of enough included studies and the considerable differences between them, we were unable to obtain conclusive answers to our research question. One study showed that the use of a smartphone app can result in better asthma&#x2010;related quality of life and lung function, and reduced visits to the emergency department. The other study failed to show any significant improvements in asthma&#x2010;related outcomes after using a smartphone app as a delivery mechanism.</p>
        <p>
          <italic>
            <bold>Quality of the evidence</bold>
          </italic>
        </p>
        <p>The current evidence base is not sufficient to advise clinicians, policy&#x2010;makers and the general public with regards to the effectiveness of smartphone and tablet computer apps for the delivery of asthma self management programmes.</p>
        <p>This plain language summary is current as of June 2013.</p>
      </abstract>
      <kwd-group kwd-group-type="mesh">
        <kwd>Humans</kwd>
        <kwd>Cell Phone</kwd>
        <kwd>Computers, Handheld</kwd>
        <kwd>Mobile Applications</kwd>
        <kwd>Asthma</kwd>
        <kwd>Asthma/therapy</kwd>
        <kwd>Randomized Controlled Trials as Topic</kwd>
        <kwd>Self Care</kwd>
        <kwd>Self Care/instrumentation</kwd>
        <kwd>Self Care/methods</kwd>
      </kwd-group>
    </article-meta>
    <notes notes-type="status-note">
      <p>New</p>
    </notes>
  </front>
</article>
</pmc-articleset>