<?xml version="1.0" ?>
<!DOCTYPE pmc-articleset PUBLIC "-//NLM//DTD ARTICLE SET 2.0//EN" "https://dtd.nlm.nih.gov/ncbi/pmc/articleset/nlm-articleset-2.0.dtd">
<pmc-articleset><article xmlns:xlink="http://www.w3.org/1999/xlink" xmlns:mml="http://www.w3.org/1998/Math/MathML" id="CD001362" article-type="systematic-review">
  <!--The publisher of this article does not allow downloading of the full text in XML form.-->
  <front>
    <journal-meta>
      <journal-id journal-id-type="nlm-ta">Cochrane Database Syst Rev</journal-id>
      <journal-id journal-id-type="iso-abbrev">Cochrane Database Syst Rev</journal-id>
      <journal-id journal-id-type="publisher-id">14651858</journal-id>
      <journal-id journal-id-type="doi">10.1002/14651858</journal-id>
      <journal-title-group>
        <journal-title>The Cochrane Database of Systematic Reviews</journal-title>
      </journal-title-group>
      <issn pub-type="epub">1469-493X</issn>
      <issn-l>1361-6137</issn-l>
      <publisher>
        <publisher-name>John Wiley &amp; Sons, Ltd</publisher-name>
        <publisher-loc>Chichester, UK</publisher-loc>
      </publisher>
    </journal-meta>
    <article-meta>
      <article-id pub-id-type="pmid">10796641</article-id>
      <article-id pub-id-type="pmc">6532732</article-id>
      <article-id pub-id-type="doi">10.1002/14651858.CD001362</article-id>
      <article-id pub-id-type="publisher-id">CD001362</article-id>
      <article-id pub-id-type="other">CD001362</article-id>
      <article-categories>
        <subj-group>
          <subject>Tuberculosis</subject>
          <subject>Infectious disease</subject>
          <subject>Lungs &amp; airways</subject>
        </subj-group>
      </article-categories>
      <title-group>
        <article-title>Regimens of less than six months for treating tuberculosis</article-title>
      </title-group>
      <contrib-group>
        <contrib id="d20e171" contrib-type="author" corresp="yes">
          <name>
            <surname>Gelband</surname>
            <given-names>Hellen</given-names>
          </name>
          <address>
            <email>Hgelband@aol.com</email>
          </address>
          <xref ref-type="aff" rid="CD001362-aff-0001"/>
        </contrib>
        <contrib id="d20e181" contrib-type="editor">
          <collab collab-type="editors">Cochrane Infectious Diseases Group</collab>
        </contrib>
      </contrib-group>
      <aff id="CD001362-aff-0001">
        <institution>Resources for the Future</institution>
        <addr-line>1616 P Street NW</addr-line>
        <city>Washington</city>
        <state>DC</state>
        <country>USA</country>
        <postal-code>20192</postal-code>
      </aff>
      <pub-date pub-type="epub">
        <day>25</day>
        <month>10</month>
        <year>1999</year>
      </pub-date>
      <pub-date pub-type="collection">
        <month>10</month>
        <year>1999</year>
      </pub-date>
      <pub-date pub-type="update">
        <day>12</day>
        <month>11</month>
        <year>2008</year>
      </pub-date>
      <volume>1999</volume>
      <issue>4</issue>
      <elocation-id>CD001362</elocation-id>
      <permissions>
        <copyright-statement>Copyright &#xA9; 2019 The Cochrane Collaboration. Published by John Wiley &amp; Sons, Ltd.</copyright-statement>
      </permissions>
      <abstract>
        <title>Abstract</title>
        <sec id="CD001362-abs1-0001">
          <title>Background</title>
          <p>WHO recommends 6 months of treatment in TB programmes.</p>
        </sec>
        <sec id="CD001362-abs1-0002">
          <title>Objectives</title>
          <p> The purpose of this review is to assess the effects of regimens lasting less than 6 months compared with longer regimens in the treatment of active TB.</p>
        </sec>
        <sec id="CD001362-abs1-0003">
          <title>Search methods</title>
          <p>Search strategy: MEDLINE 1955 to October 2005, Cochrane Infectious Diseases Specialized Register, existing reviews, and researchers in the field. Date of the most recent search: May 2004.</p>
        </sec>
        <sec id="CD001362-abs1-0004">
          <title>Selection criteria</title>
          <p>Randomized trials comparing two or more TB drug regimens, in which at least one regimen was &lt;6 months and it was compared with at least one regimen that lasted longer, in any patients with active TB.</p>
        </sec>
        <sec id="CD001362-abs1-0005">
          <title>Data collection and analysis</title>
          <p>One reviewer extracted data and assessed trial quality.</p>
        </sec>
        <sec id="CD001362-abs1-0006">
          <title>Main results</title>
          <p>Seven trials with a total of 9 comparisons of &lt;6 months (range: 2&#x2010;5 months) versus longer treatment were included. About 2200 patients were in the shorter regimens and about 1900 in the longer regimens (the same comparison groups were used for more than one shorter regimen, in two studies).</p>
          <p>Relapse rates were consistently higher after shorter duration treatment regimens, regardless of the comparison made, though they were all relatively low. Results were significantly better in the longer groups in the meta&#x2010;analyses of 2, 3, and 4 months of treatment vs longer treatment (Peto OR = 6.1 [95%CI 2.19,17.01], 3.67 [2.42,5.58], 3.64 [1.71,7.75] but not in the single trial of 5 vs. 7 months (Peto OR = 2.24 [0.90,5.59].</p>
          <p>Relapse rates after longer (comparison) regimens ranged from 0&#x2010;7% at one year (or more), and in the shorter treatment arms, they ranged from 1&#x2010;9% in 8 trials, and18% relapsed in the one remaining.</p>
          <p>There was little or no difference in the rates of adverse reactions or toxicity requiring a change of regimen or discontinuation of treatment. The "sterilizing efficacy" at the end of treatment varied little among treatments, providing no predictive value for relapse rates. Few or no deaths were reported in the individual trials, and in no case did enough deaths occur for a comparison of short vs. long regimens.</p>
        </sec>
        <sec id="CD001362-abs1-0007">
          <title>Authors' conclusions</title>
          <p>Longer periods of treatment (at least up to 6 months) result in higher success rates in patients with active TB, but the differences are small. Under field conditions, where adherence to treatment is a big problem, and shorter regimens might improve adherence, these differences may not be evident. A comparison of &lt;6 months vs. 6 months of treatment under programme conditions would be needed to determine this.</p>
        </sec>
        <sec id="CD001362-abs1-1111">
          <p>8 May 2019</p>
          <p>No update planned</p>
          <p>Intervention not in general use or been superseded</p>
          <p>With the regimens available when this Cochrane Review was conducted, the shorter regimen was inferior (as demonstrated in the published review) and was therefore abandoned.</p>
        </sec>
      </abstract>
      <abstract abstract-type="short">
        <title>Plain language summary</title>
        <p>
          <bold>Regimens of less than six months for treating tuberculosis</bold>
        </p>
        <p>Plain language summary pending</p>
      </abstract>
    </article-meta>
    <notes notes-type="status-note">
      <p>Unchanged</p>
    </notes>
  </front>
</article>
</pmc-articleset>