<?xml version="1.0" ?>
<!DOCTYPE pmc-articleset PUBLIC "-//NLM//DTD ARTICLE SET 2.0//EN" "https://dtd.nlm.nih.gov/ncbi/pmc/articleset/nlm-articleset-2.0.dtd">
<pmc-articleset><article xmlns:xlink="http://www.w3.org/1999/xlink" xmlns:mml="http://www.w3.org/1998/Math/MathML" id="CD010029.pub2" article-type="systematic-review">
  <!--The publisher of this article does not allow downloading of the full text in XML form.-->
  <front>
    <journal-meta>
      <journal-id journal-id-type="nlm-ta">Cochrane Database Syst Rev</journal-id>
      <journal-id journal-id-type="iso-abbrev">Cochrane Database Syst Rev</journal-id>
      <journal-id journal-id-type="publisher-id">14651858</journal-id>
      <journal-id journal-id-type="doi">10.1002/14651858</journal-id>
      <journal-title-group>
        <journal-title>The Cochrane Database of Systematic Reviews</journal-title>
      </journal-title-group>
      <issn pub-type="epub">1469-493X</issn>
      <issn-l>1361-6137</issn-l>
      <publisher>
        <publisher-name>John Wiley &amp; Sons, Ltd</publisher-name>
        <publisher-loc>Chichester, UK</publisher-loc>
      </publisher>
    </journal-meta>
    <article-meta>
      <article-id pub-id-type="pmc">6513264</article-id>
      <article-id pub-id-type="doi">10.1002/14651858.CD010029.pub2</article-id>
      <article-id pub-id-type="publisher-id">CD010029</article-id>
      <article-id pub-id-type="other">CD010029.pub2</article-id>
      <article-categories>
        <subj-group subj-group-type="heading">
          <subject>Medicine General &amp; Introductory Medical Sciences</subject>
        </subj-group>
      </article-categories>
      <title-group>
        <article-title>Contingency management for substance use disorders</article-title>
      </title-group>
      <contrib-group>
        <contrib id="d28e63" contrib-type="author">
          <name>
            <surname>Pan</surname>
            <given-names>Shujun</given-names>
          </name>
          <xref ref-type="aff" rid="CD010029-aff-0001"/>
        </contrib>
        <contrib id="d28e68" contrib-type="author">
          <name>
            <surname>Gowing</surname>
            <given-names>Linda</given-names>
          </name>
          <xref ref-type="aff" rid="CD010029-aff-0002"/>
        </contrib>
        <contrib id="d28e73" contrib-type="author">
          <name>
            <surname>Li</surname>
            <given-names>Chunbo</given-names>
          </name>
          <xref ref-type="aff" rid="CD010029-aff-0003"/>
        </contrib>
        <contrib id="d28e78" contrib-type="author" corresp="yes">
          <name>
            <surname>Zhao</surname>
            <given-names>Min</given-names>
          </name>
          <address>
            <email>drminzhao@gmail.com</email>
            <email>drzhaomin@sh163.net</email>
          </address>
          <xref ref-type="aff" rid="CD010029-aff-0004"/>
        </contrib>
      </contrib-group>
      <aff id="CD010029-aff-0001">
        <institution>Shanghai Mental Health Centre, Shanghai Jiao Tong University School of Medicine</institution>
        <institution content-type="dept">Department of Drug Abuse Research</institution>
        <addr-line>600 South Wan Ping Road</addr-line>
        <city>Shanghai</city>
        <country>China</country>
        <postal-code>200030</postal-code>
      </aff>
      <aff id="CD010029-aff-0002">
        <institution>University of Adelaide</institution>
        <institution content-type="dept">Discipline of Pharmacology</institution>
        <addr-line>Frome Road</addr-line>
        <city>Adelaide</city>
        <country>Australia</country>
        <postal-code>5005</postal-code>
      </aff>
      <aff id="CD010029-aff-0003">
        <institution>Shanghai Mental Health Center, Shanghai Jiao Tong University School of Medicine</institution>
        <institution content-type="dept">Shanghai Key Laboratory of Psychotic Disorders</institution>
        <addr-line>600 Wan Ping Nan Road</addr-line>
        <city>Shanghai</city>
        <country>China</country>
        <postal-code/>
      </aff>
      <aff id="CD010029-aff-0004">
        <institution>Shanghai Mental Health Center, Shanghai Jiao Tong University School of Medicine</institution>
        <institution content-type="dept">Department of Drug Abuse Research</institution>
        <addr-line>600 South Wan Ping Road</addr-line>
        <city>Shanghai</city>
        <country>China</country>
        <postal-code>200030</postal-code>
      </aff>
      <author-notes>
        <fn>
          <p>Editorial Group: Cochrane Drugs and Alcohol Group.</p>
        </fn>
      </author-notes>
      <pub-date pub-type="epub">
        <day>12</day>
        <month>9</month>
        <year>2018</year>
      </pub-date>
      <pub-date pub-type="collection">
        <month>9</month>
        <year>2018</year>
      </pub-date>
      <pub-date pub-type="update">
        <day>11</day>
        <month>09</month>
        <year>2018</year>
      </pub-date>
      <volume>2018</volume>
      <issue>9</issue>
      <elocation-id>CD010029</elocation-id>
      <history>
        <date date-type="previous-update" publication-format="electronic">
          <day>15</day>
          <month>08</month>
          <year>2012</year>
        </date>
      </history>
      <permissions>
        <copyright-statement>Copyright &#xA9; 2018 The Cochrane Collaboration. Published by John Wiley &amp; Sons, Ltd.</copyright-statement>
        <copyright-year>2018</copyright-year>
        <copyright-holder>The Cochrane Collaboration</copyright-holder>
      </permissions>
      <related-article related-article-type="updated-article" ext-link-type="doi" xlink:href="10.1002/14651858.CD010029" id="d28e168"/>
      <abstract>
        <title>Abstract</title>
        <p>This is a protocol for a Cochrane Review (Intervention). The objectives are as follows:</p>
        <p>The objective of the review is to assess the efficacy and acceptability of contingency management for substance use disorders in reducing substance use or maintaining abstinence, enhancing treatment retention and compliance, and improving social and health status during and after formal contingency management procedures.</p>
      </abstract>
    </article-meta>
    <notes notes-type="status-note">
      <p>Withdrawn from publication for reasons stated in the review</p>
    </notes>
  </front>
</article>
</pmc-articleset>