<?xml version="1.0" ?>
<!DOCTYPE pmc-articleset PUBLIC "-//NLM//DTD ARTICLE SET 2.0//EN" "https://dtd.nlm.nih.gov/ncbi/pmc/articleset/nlm-articleset-2.0.dtd">
<pmc-articleset><article xmlns:xlink="http://www.w3.org/1999/xlink" xmlns:mml="http://www.w3.org/1998/Math/MathML" id="CD008253.pub4" article-type="systematic-review">
  <!--The publisher of this article does not allow downloading of the full text in XML form.-->
  <front>
    <journal-meta>
      <journal-id journal-id-type="nlm-ta">Cochrane Database Syst Rev</journal-id>
      <journal-id journal-id-type="iso-abbrev">Cochrane Database Syst Rev</journal-id>
      <journal-id journal-id-type="publisher-id">14651858</journal-id>
      <journal-id journal-id-type="doi">10.1002/14651858</journal-id>
      <journal-title-group>
        <journal-title>The Cochrane Database of Systematic Reviews</journal-title>
      </journal-title-group>
      <issn pub-type="epub">1469-493X</issn>
      <issn-l>1361-6137</issn-l>
      <publisher>
        <publisher-name>John Wiley &amp; Sons, Ltd</publisher-name>
        <publisher-loc>Chichester, UK</publisher-loc>
      </publisher>
    </journal-meta>
    <article-meta>
      <article-id pub-id-type="pmid">26098667</article-id>
      <article-id pub-id-type="pmc">6769175</article-id>
      <article-id pub-id-type="doi">10.1002/14651858.CD008253.pub4</article-id>
      <article-id pub-id-type="publisher-id">CD008253</article-id>
      <article-id pub-id-type="other">CD008253.pub4</article-id>
      <article-categories>
        <subj-group subj-group-type="heading">
          <subject>Medicine General &amp; Introductory Medical Sciences</subject>
        </subj-group>
      </article-categories>
      <title-group>
        <article-title>Topical nasal steroids for treating nasal polyposis in people with cystic fibrosis</article-title>
      </title-group>
      <contrib-group>
        <contrib id="d28e63" contrib-type="author" corresp="yes">
          <name>
            <surname>Beer</surname>
            <given-names>Helen</given-names>
          </name>
          <address>
            <email>docbeer@yahoo.com</email>
          </address>
          <xref ref-type="aff" rid="CD008253-aff-0001"/>
        </contrib>
        <contrib id="d28e68" contrib-type="author">
          <name>
            <surname>Southern</surname>
            <given-names>Kevin W</given-names>
          </name>
          <xref ref-type="aff" rid="CD008253-aff-0002"/>
        </contrib>
        <contrib id="d28e73" contrib-type="author">
          <name>
            <surname>Swift</surname>
            <given-names>Andrew C</given-names>
          </name>
          <xref ref-type="aff" rid="CD008253-aff-0003"/>
        </contrib>
      </contrib-group>
      <aff id="CD008253-aff-0001">
        <institution>Alder Hey Children's NHS Foundation Trust</institution>
        <institution content-type="dept">ENT Department</institution>
        <addr-line>Eaton Road</addr-line>
        <city>Liverpool</city>
        <country>UK</country>
        <postal-code>L12 2AP</postal-code>
      </aff>
      <aff id="CD008253-aff-0002">
        <institution>University of Liverpool</institution>
        <institution content-type="dept">Department of Women's and Children's Health</institution>
        <addr-line>Alder Hey Children's NHS Foundation TrustEaton Road</addr-line>
        <city>Liverpool</city>
        <country>UK</country>
        <postal-code>L12 2AP</postal-code>
      </aff>
      <aff id="CD008253-aff-0003">
        <institution>University Hospital, Aintree</institution>
        <institution content-type="dept">Department of Otolaryngology</institution>
        <addr-line>Aintree</addr-line>
        <city>Liverpool</city>
        <country>UK</country>
        <postal-code>L9 7AL</postal-code>
      </aff>
      <author-notes>
        <fn>
          <p>Editorial Group: Cochrane Cystic Fibrosis and Genetic Disorders Group.</p>
        </fn>
      </author-notes>
      <pub-date pub-type="epub">
        <day>22</day>
        <month>6</month>
        <year>2015</year>
      </pub-date>
      <pub-date pub-type="collection">
        <month>6</month>
        <year>2015</year>
      </pub-date>
      <pub-date pub-type="update">
        <day>10</day>
        <month>06</month>
        <year>2015</year>
      </pub-date>
      <volume>2015</volume>
      <issue>6</issue>
      <elocation-id>CD008253</elocation-id>
      <history>
        <date date-type="previous-update" publication-format="electronic">
          <day>30</day>
          <month>04</month>
          <year>2013</year>
        </date>
      </history>
      <permissions>
        <copyright-statement>Copyright &#xA9; 2015 The Cochrane Collaboration. Published by John Wiley &amp; Sons, Ltd.</copyright-statement>
        <copyright-year>2015</copyright-year>
        <copyright-holder>The Cochrane Collaboration</copyright-holder>
      </permissions>
      <related-article related-article-type="updated-article" ext-link-type="doi" xlink:href="10.1002/14651858.CD008253.pub3" id="d28e151"/>
      <abstract>
        <sec>
          <title>Background</title>
          <p>Nasal polyps frequently occur in people with cystic fibrosis. Sinus infections have been shown to be a factor in the development of serious chest complications in these people. Nasal polyps have been linked to a higher risk of lower respiratory tract infections with <italic>Pseudomonas aeruginosa</italic> . Topical nasal steroids are of proven efficacy for treating nasal polyposis in the non&#x2010;cystic fibrosis population. There is no clear current evidence for the efficacy of topical steroids for nasal polyps in people with cystic fibrosis. This is an updated version of a previously published review.</p>
        </sec>
        <sec>
          <title>Objectives</title>
          <p>To assess the effectiveness of topical nasal steroids for treating symptomatic nasal polyps in people with cystic fibrosis.</p>
        </sec>
        <sec>
          <title>Search methods</title>
          <p>We searched the Cochrane Cystic Fibrosis and Genetic Disorders Group Trials Register comprising references identified from comprehensive electronic database searches and handsearches of relevant journals and abstract books of conference proceedings.</p>
          <p>Latest search: 10 June 2015.</p>
        </sec>
        <sec>
          <title>Selection criteria</title>
          <p>Randomised and quasi&#x2010;randomised controlled comparing the effects of topical nasal steroids to placebo in people with nasal polyps with cystic fibrosis.</p>
        </sec>
        <sec>
          <title>Data collection and analysis</title>
          <p>Two authors independently assessed risk of bias in the included trial and extracted data.</p>
        </sec>
        <sec>
          <title>Main results</title>
          <p>One single&#x2010;centred trial (46 participants) was identified comparing a topical steroid (betamethasone) given as nasal drops to placebo. Treatment was given twice daily for six weeks; 22 participants received the active drug.</p>
          <p>Subjective symptom scores, change in polyp size, and side effects were assessed. There was no&#xA0;difference in nasal symptom scores between the treatment and placebo groups. Betamethasone was effective in reducing the size of polyps, but was associated with increased reports of mild side effects, nasal bleeding and discomfort.</p>
          <p>Risk of bias was high since over 50% of people enrolled did not complete the study. Follow&#x2010;up of participants was short (six weeks) also reducing the significance of the results for clinical practice.</p>
        </sec>
        <sec>
          <title>Authors' conclusions</title>
          <p>This review suggests topical steroids for nasal polyposis in people with cystic fibrosis have no demonstrable effect on subjective nasal symptom scores. They have some effect in reducing the size of the polyps, but due to the small sample size, poor completion rates and lack of follow&#x2010;up, the trial is at high risk of bias and evidence for efficacy is limited. Overall there is no clear evidence for using topical steroids in people with cystic fibrosis and nasal polyposis.</p>
          <p>A well&#x2010;designed randomised controlled trial of adequate power and long&#x2010;term follow&#x2010;up is needed. Validated measures of symptoms and physical findings should be performed and quality of life issues addressed.</p>
        </sec>
      </abstract>
      <abstract abstract-type="short">
        <title>Steroids applied directly to polyps in the nose in people with cystic fibrosis</title>
        <p>
          <bold>Review question</bold>
        </p>
        <p>We reviewed the evidence on the effect of applying steroids directly to polyps in the noses of people with cystic fibrosis.</p>
        <p>
          <bold>Background</bold>
        </p>
        <p>People with cystic fibrosis often have polyps in their nose which can cause discharge and also a blocked nose. We know that people with cystic fibrosis and polyps in their nose also have more of some types of bacteria in their lungs. This can lead to serious chest complications later on. If we treat the polyps effectively at an early stage, we may prevent these chest complications.</p>
        <p>Steroid sprays or drops are often applied directly to polyps in the nose.These drugs are usually a safe treatment but can have some important side effects, like affecting the immune system and how the body can regulate blood sugar. They also add to the existing burden of treatment, especially if they need to be taken for the rest of a person's life. However, these drugs have been shown to be successful in treating polyps in people who do not have cystic fibrosis.</p>
        <p>
          <bold>Search date</bold>
        </p>
        <p>The evidence is current to: 10 June 2015.</p>
        <p>
          <bold>Study characteristics</bold>
        </p>
        <p>Our search found one trial with 46 adult volunteers with cystic fibrosis which compared nasal drops containing a steroid (betamethasone) to identical drops containing no active treatment. Two drops were applied directly to polyps twice a day for six weeks. Volunteers were put into the different treatment groups at random and a total of 22 volunteers received the steroid drops and 24 received the dummy treatment.</p>
        <p>
          <bold>Key results</bold>
        </p>
        <p>The trial measured each person's perception of their symptom scores, but found no difference to the scores whether volunteers were using the steroid drops or the dummy treatment. The trial also measured the change in polyp size and found that they shrank. There were no major side effects linked to using betamethasone, and only three volunteers reported increased nose bleeds and discomfort.</p>
        <p>The small number of volunteers in this trial means the calculations and results should be regarded with some caution. More trials are needed to confirm the findings and these trials should report on measures of symptoms and quality of life issues.</p>
        <p>
          <bold>Quality of the evidence</bold>
        </p>
        <p>We think that volunteers had a truly equal chance of being put in either the steroid group or the control group and wouldn't have known which treatment they were receiving, so these issues would not have influenced the results in any way. However, over 50% of people enrolled did not complete the study and the reasons for dropping out were not very clearly explained. We think it is important to take this fact into account when considering the trial results. Also, the trial only followed the volunteers for six weeks, which is a short time when evaluating a treatment that could be needed for the rest of a person's life.</p>
      </abstract>
      <kwd-group kwd-group-type="mesh">
        <kwd>Adult</kwd>
        <kwd>Humans</kwd>
        <kwd>Administration, Intranasal</kwd>
        <kwd>Administration, Intranasal/methods</kwd>
        <kwd>Betamethasone</kwd>
        <kwd>Betamethasone/administration &amp; dosage</kwd>
        <kwd>Betamethasone/adverse effects</kwd>
        <kwd>Cystic Fibrosis</kwd>
        <kwd>Cystic Fibrosis/complications</kwd>
        <kwd>Glucocorticoids</kwd>
        <kwd>Glucocorticoids/administration &amp; dosage</kwd>
        <kwd>Glucocorticoids/adverse effects</kwd>
        <kwd>Nasal Polyps</kwd>
        <kwd>Nasal Polyps/complications</kwd>
        <kwd>Nasal Polyps/drug therapy</kwd>
      </kwd-group>
    </article-meta>
    <notes notes-type="status-note">
      <p>New search for studies and content updated (no change to conclusions)</p>
    </notes>
  </front>
</article>
</pmc-articleset>