<?xml version="1.0" ?>
<!DOCTYPE pmc-articleset PUBLIC "-//NLM//DTD ARTICLE SET 2.0//EN" "https://dtd.nlm.nih.gov/ncbi/pmc/articleset/nlm-articleset-2.0.dtd">
<pmc-articleset><article xmlns:xlink="http://www.w3.org/1999/xlink" xmlns:mml="http://www.w3.org/1998/Math/MathML" id="CD008783.pub3" article-type="systematic-review">
  <!--The publisher of this article does not allow downloading of the full text in XML form.-->
  <front>
    <journal-meta>
      <journal-id journal-id-type="nlm-ta">Cochrane Database Syst Rev</journal-id>
      <journal-id journal-id-type="iso-abbrev">Cochrane Database Syst Rev</journal-id>
      <journal-id journal-id-type="publisher-id">14651858</journal-id>
      <journal-id journal-id-type="doi">10.1002/14651858</journal-id>
      <journal-title-group>
        <journal-title>The Cochrane Database of Systematic Reviews</journal-title>
      </journal-title-group>
      <issn pub-type="epub">1469-493X</issn>
      <issn-l>1361-6137</issn-l>
      <publisher>
        <publisher-name>John Wiley &amp; Sons, Ltd</publisher-name>
        <publisher-loc>Chichester, UK</publisher-loc>
      </publisher>
    </journal-meta>
    <article-meta>
      <article-id pub-id-type="pmid">23633360</article-id>
      <article-id pub-id-type="pmc">6483674</article-id>
      <article-id pub-id-type="doi">10.1002/14651858.CD008783.pub3</article-id>
      <article-id pub-id-type="publisher-id">CD008783</article-id>
      <article-id pub-id-type="other">CD008783.pub3</article-id>
      <article-categories>
        <subj-group subj-group-type="heading">
          <subject>Medicine General &amp; Introductory Medical Sciences</subject>
        </subj-group>
      </article-categories>
      <title-group>
        <article-title>Diclofenac with or without an antiemetic for acute migraine headaches in adults</article-title>
      </title-group>
      <contrib-group>
        <contrib id="d28e63" contrib-type="author" corresp="yes">
          <name>
            <surname>Derry</surname>
            <given-names>Sheena</given-names>
          </name>
          <address>
            <email>sheena.derry@retired.ox.ac.uk</email>
          </address>
          <xref ref-type="aff" rid="CD008783-aff-0001"/>
        </contrib>
        <contrib id="d28e68" contrib-type="author">
          <name>
            <surname>Rabbie</surname>
            <given-names>Roy</given-names>
          </name>
          <xref ref-type="aff" rid="CD008783-aff-0002"/>
        </contrib>
        <contrib id="d28e73" contrib-type="author">
          <name>
            <surname>Moore</surname>
            <given-names>R Andrew</given-names>
          </name>
          <xref ref-type="aff" rid="CD008783-aff-0003"/>
        </contrib>
      </contrib-group>
      <aff id="CD008783-aff-0001">
        <city>Oxford</city>
        <country>UK</country>
        <postal-code/>
      </aff>
      <aff id="CD008783-aff-0002">
        <institution>Epsom and St Helier University Hospitals NHS Trust</institution>
        <institution content-type="dept">Department of Respiratory Medicine</institution>
        <addr-line>Wrythe LaneCarshalton</addr-line>
        <city>London</city>
        <country>UK</country>
        <postal-code>SM5 1AA</postal-code>
      </aff>
      <aff id="CD008783-aff-0003">
        <city>Plymouth</city>
        <country>UK</country>
        <postal-code/>
      </aff>
      <author-notes>
        <fn>
          <p>Editorial Group: Cochrane Pain, Palliative and Supportive Care Group.</p>
        </fn>
      </author-notes>
      <pub-date pub-type="epub">
        <day>30</day>
        <month>4</month>
        <year>2013</year>
      </pub-date>
      <pub-date pub-type="collection">
        <month>4</month>
        <year>2013</year>
      </pub-date>
      <pub-date pub-type="update">
        <day>29</day>
        <month>05</month>
        <year>2019</year>
      </pub-date>
      <volume>2013</volume>
      <issue>4</issue>
      <elocation-id>CD008783</elocation-id>
      <history>
        <date date-type="previous-update" publication-format="electronic">
          <day>15</day>
          <month>02</month>
          <year>2012</year>
        </date>
      </history>
      <permissions>
        <copyright-statement>Copyright &#xA9; 2019 The Cochrane Collaboration. Published by John Wiley &amp; Sons, Ltd.</copyright-statement>
        <copyright-year>2019</copyright-year>
        <copyright-holder>The Cochrane Collaboration</copyright-holder>
      </permissions>
      <related-article related-article-type="updated-article" ext-link-type="doi" xlink:href="10.1002/14651858.CD008783.pub2" id="d28e135"/>
      <abstract>
        <sec>
          <title>Background</title>
          <p>This review is an update of a previously published review in Issue 2, 2012 (Derry 2012a). Migraine is a common, disabling condition and a burden for the individual, health services and society. Many sufferers choose not to, or are unable to, seek professional help and rely on over&#x2010;the&#x2010;counter (OTC) analgesics. Diclofenac is an established analgesic, and new formulations using the potassium or epolamine salts, which can be dissolved in water, have been developed for rapid absorption, which may be beneficial in acute migraine. Co&#x2010;therapy with an antiemetic should help to reduce the nausea and vomiting commonly associated with migraine.</p>
        </sec>
        <sec>
          <title>Objectives</title>
          <p>To determine the efficacy and tolerability of diclofenac, alone or in combination with an antiemetic, compared to placebo and other active interventions in the treatment of acute migraine headaches in adults.</p>
        </sec>
        <sec>
          <title>Search methods</title>
          <p>We searched the Cochrane Central Register of Controlled Trials (CENTRAL), MEDLINE, EMBASE, the Oxford Pain Relief Database, <uri>ClinicalTrials.gov</uri>, and reference lists for studies through 27 September 2011 for the original review and 15 February 2013 for the update.</p>
        </sec>
        <sec>
          <title>Selection criteria</title>
          <p>We included randomised, double&#x2010;blind, placebo&#x2010;controlled or active&#x2010;controlled studies, or both, using self administered diclofenac to treat a migraine headache episode, with at least 10 participants per treatment arm.</p>
        </sec>
        <sec>
          <title>Data collection and analysis</title>
          <p>Two review authors independently assessed trial quality and extracted data. We used numbers of participants achieving each outcome to calculate relative risk (or 'risk ratio') and numbers needed to treat to benefit (NNT) or harm (NNH) compared to placebo or a different active treatment.</p>
        </sec>
        <sec>
          <title>Main results</title>
          <p>Five studies (1356 participants, 2711 attacks) compared oral diclofenac with placebo, and one also compared it with sumatriptan; none combined diclofenac with a self administered antiemetic. Four studies treated attacks with single doses of medication, and two allowed an optional second dose for inadequate response. Only two studies, with three active treatment arms, provided data for pooled analysis of primary outcomes. For single doses of diclofenac potassium 50 mg versus placebo (two studies), the NNTs were 8.9, 6.2, and 9.5 for pain&#x2010;free at two hours, headache relief at two hours, and pain&#x2010;free responses at 24 hours, respectively.</p>
          <p>Similar numbers of participants experienced adverse events, which were mostly mild and transient, with diclofenac and placebo.</p>
          <p>There were insufficient data to evaluate other doses of oral diclofenac, or to compare different formulations or different dosing regimens; only one study compared oral diclofenac with an active comparator (oral sumatriptan 100 mg).</p>
        </sec>
        <sec>
          <title>Authors' conclusions</title>
          <p>Oral diclofenac potassium 50 mg is an effective treatment for acute migraine, providing relief from pain and associated symptoms, although only a minority of patients experience pain&#x2010;free responses. Adverse events are mostly mild and transient and occur at the same rate as with placebo.</p>
        </sec>
      </abstract>
      <abstract abstract-type="short">
        <title>Diclofenac with or without an antiemetic for acute migraine headaches in adults</title>
        <p>This review found that oral diclofenac potassium 50 mg was an effective treatment for migraine headache, reducing moderate to severe pain to no more than mild pain within two hours in about half (55%) of those treated, to no pain at two hours in about one in five (22%), and to no pain sustained to 24 hours in about the same number (19%). Adverse events were mostly self limiting and of mild or moderate intensity, and were not significantly different from placebo over the short term. Although diclofenac provided good outcomes for some people, almost half did not experience adequate pain relief within two hours, and as few as one in five became pain&#x2010;free. It is not clear whether the 100 mg dose provides good outcomes for more people. For those who do not experience adequate responses, a different therapy will be needed.</p>
        <p>There was no information about different formulations of diclofenac (e.g. suppositories) to treat acute migraine headaches.</p>
      </abstract>
      <kwd-group kwd-group-type="mesh">
        <kwd>Adult</kwd>
        <kwd>Female</kwd>
        <kwd>Humans</kwd>
        <kwd>Male</kwd>
        <kwd>Acute Disease</kwd>
        <kwd>Analgesics</kwd>
        <kwd>Analgesics/administration &amp; dosage</kwd>
        <kwd>Analgesics/adverse effects</kwd>
        <kwd>Antiemetics</kwd>
        <kwd>Antiemetics/administration &amp; dosage</kwd>
        <kwd>Diclofenac</kwd>
        <kwd>Diclofenac/administration &amp; dosage</kwd>
        <kwd>Diclofenac/adverse effects</kwd>
        <kwd>Drug Therapy, Combination</kwd>
        <kwd>Drug Therapy, Combination/methods</kwd>
        <kwd>Migraine Disorders</kwd>
        <kwd>Migraine Disorders/complications</kwd>
        <kwd>Migraine Disorders/drug therapy</kwd>
        <kwd>Nausea</kwd>
        <kwd>Nausea/drug therapy</kwd>
        <kwd>Nausea/etiology</kwd>
        <kwd>Randomized Controlled Trials as Topic</kwd>
        <kwd>Sumatriptan</kwd>
        <kwd>Sumatriptan/administration &amp; dosage</kwd>
      </kwd-group>
    </article-meta>
    <notes notes-type="status-note">
      <p>Stable (no update expected for reasons given in 'What's new')</p>
    </notes>
  </front>
</article>
</pmc-articleset>