<?xml version="1.0" ?>
<!DOCTYPE pmc-articleset PUBLIC "-//NLM//DTD ARTICLE SET 2.0//EN" "https://dtd.nlm.nih.gov/ncbi/pmc/articleset/nlm-articleset-2.0.dtd">
<pmc-articleset><article xmlns:xlink="http://www.w3.org/1999/xlink" xmlns:mml="http://www.w3.org/1998/Math/MathML" id="CD007731.pub3" article-type="systematic-review">
  <!--The publisher of this article does not allow downloading of the full text in XML form.-->
  <front>
    <journal-meta>
      <journal-id journal-id-type="nlm-ta">Cochrane Database Syst Rev</journal-id>
      <journal-id journal-id-type="iso-abbrev">Cochrane Database Syst Rev</journal-id>
      <journal-id journal-id-type="publisher-id">14651858</journal-id>
      <journal-id journal-id-type="doi">10.1002/14651858</journal-id>
      <journal-title-group>
        <journal-title>The Cochrane Database of Systematic Reviews</journal-title>
      </journal-title-group>
      <issn pub-type="epub">1469-493X</issn>
      <issn-l>1361-6137</issn-l>
      <publisher>
        <publisher-name>John Wiley &amp; Sons, Ltd</publisher-name>
        <publisher-loc>Chichester, UK</publisher-loc>
      </publisher>
    </journal-meta>
    <article-meta>
      <article-id pub-id-type="pmid">27045603</article-id>
      <article-id pub-id-type="pmc">6353236</article-id>
      <article-id pub-id-type="doi">10.1002/14651858.CD007731.pub3</article-id>
      <article-id pub-id-type="publisher-id">CD007731</article-id>
      <article-id pub-id-type="other">CD007731.pub3</article-id>
      <article-categories>
        <subj-group subj-group-type="heading">
          <subject>Medicine General &amp; Introductory Medical Sciences</subject>
        </subj-group>
      </article-categories>
      <title-group>
        <article-title><italic>Ganoderma lucidum</italic> (Reishi mushroom) for cancer treatment</article-title>
      </title-group>
      <contrib-group>
        <contrib id="d28e65" contrib-type="author" corresp="yes">
          <name>
            <surname>Jin</surname>
            <given-names>Xingzhong</given-names>
          </name>
          <address>
            <email>xingzhong.Jin@utas.edu.au</email>
          </address>
          <xref ref-type="aff" rid="CD007731-aff-0001"/>
        </contrib>
        <contrib id="d28e70" contrib-type="author">
          <name>
            <surname>Ruiz Beguerie</surname>
            <given-names>Julieta</given-names>
          </name>
          <xref ref-type="aff" rid="CD007731-aff-0002"/>
        </contrib>
        <contrib id="d28e75" contrib-type="author">
          <name>
            <surname>Sze</surname>
            <given-names>Daniel Man&#x2010;yuen</given-names>
          </name>
          <xref ref-type="aff" rid="CD007731-aff-0003"/>
        </contrib>
        <contrib id="d28e80" contrib-type="author">
          <name>
            <surname>Chan</surname>
            <given-names>Godfrey CF</given-names>
          </name>
          <xref ref-type="aff" rid="CD007731-aff-0004"/>
        </contrib>
      </contrib-group>
      <aff id="CD007731-aff-0001">
        <institution>University of Tasmania</institution>
        <institution content-type="dept">Menzies Institute for Medical Research</institution>
        <addr-line>17 Liverpool Street</addr-line>
        <city>Hobart</city>
        <country>Australia</country>
        <postal-code>7000</postal-code>
      </aff>
      <aff id="CD007731-aff-0002">
        <institution>Austral University Hospital</institution>
        <institution content-type="dept">Dermatology Department</institution>
        <city>Buenos Aires</city>
        <country>Argentina</country>
        <postal-code/>
      </aff>
      <aff id="CD007731-aff-0003">
        <institution>RMIT University</institution>
        <institution content-type="dept">School of Health and Biomedical Sciences</institution>
        <city>Melbourne</city>
        <country>Australia</country>
        <postal-code/>
      </aff>
      <aff id="CD007731-aff-0004">
        <institution>The University of Hong Kong, Queen Mary Hospital</institution>
        <institution content-type="dept">Department of Pediatrics and Adolescent Medicine</institution>
        <addr-line>121 Pokfulam Road</addr-line>
        <city>Hong Kong SAR</city>
        <country>China</country>
        <postal-code/>
      </aff>
      <author-notes>
        <fn>
          <p>Editorial Group: Cochrane Gynaecological, Neuro&#x2010;oncology and Orphan Cancer Group.</p>
        </fn>
      </author-notes>
      <pub-date pub-type="epub">
        <day>05</day>
        <month>4</month>
        <year>2016</year>
      </pub-date>
      <pub-date pub-type="collection">
        <month>4</month>
        <year>2016</year>
      </pub-date>
      <pub-date pub-type="update">
        <day>21</day>
        <month>09</month>
        <year>2016</year>
      </pub-date>
      <volume>2016</volume>
      <issue>4</issue>
      <elocation-id>CD007731</elocation-id>
      <history>
        <date date-type="previous-update" publication-format="electronic">
          <day>13</day>
          <month>06</month>
          <year>2012</year>
        </date>
        <date date-type="cl-record-assessed-up-to-date">
          <day>04</day>
          <month>02</month>
          <year>2016</year>
        </date>
      </history>
      <permissions>
        <copyright-statement>Copyright &#xA9; 2016 The Cochrane Collaboration. Published by John Wiley &amp; Sons, Ltd.</copyright-statement>
        <copyright-year>2016</copyright-year>
        <copyright-holder>The Cochrane Collaboration</copyright-holder>
      </permissions>
      <related-article related-article-type="updated-article" ext-link-type="doi" xlink:href="10.1002/14651858.CD007731.pub2" id="d28e161"/>
      <abstract>
        <sec>
          <title>Background</title>
          <p><italic>Ganoderma lucidum</italic> is a natural medicine that is widely used and recommended by Asian physicians and naturopaths for its supporting effects on immune system. Laboratory research and a handful of preclinical trials have suggested that <italic>G. lucidum</italic> carries promising anticancer and immunomodulatory properties. The popularity of taking <italic>G. lucidum</italic> as an alternative medicine has been increasing in cancer patients. However, there is no systematic review that has been conducted to evaluate the actual benefits of <italic>G. lucidum</italic> in cancer treatment.</p>
        </sec>
        <sec>
          <title>Objectives</title>
          <p>To evaluate the clinical effects of <italic>G. lucidum</italic> on long&#x2010;term survival, tumour response, host immune functions and quality of life in cancer patients, as well as adverse events associated with its use.</p>
        </sec>
        <sec>
          <title>Search methods</title>
          <p>We searched an extensive set of databases including the Cochrane Central Register of Controlled Trials (CENTRAL), MEDLINE, EMBASE, NIH, AMED, CBM, CNKI, CMCC and VIP Information/Chinese Scientific Journals Database was searched for randomised controlled trials (RCTs) in October 2011. Other strategies used were scanning the references of articles retrieved, handsearching of the International Journal of Medicinal Mushrooms and contact with herbal medicine experts and manufacturers of <italic>G. lucidum</italic>. For this update we updated the searches in February 2016.</p>
        </sec>
        <sec>
          <title>Selection criteria</title>
          <p>To be eligible for being included in this review, studies had to be RCTs comparing the efficacy of <italic>G. lucidum</italic> medications to active or placebo control in patients with cancer that had been diagnosed by pathology. All types and stages of cancer were eligible for inclusion. Trials were not restricted on the basis of language.</p>
        </sec>
        <sec>
          <title>Data collection and analysis</title>
          <p>Five RCTs met the inclusion criteria and were included in this review. Two independent review authors assessed the methodological quality of individual trials. Common primary outcomes were tumour response evaluated according to the World Health Organization (WHO) criteria, immune function parameters such as natural killer (NK)&#x2010;cell activity and T&#x2010;lymphocyte co&#x2010;receptor subsets, and quality of life measured by the Karnofsky scale score. No trial had recorded long&#x2010;term survival rates. Associated adverse events were reported in one study. A meta&#x2010;analysis was performed to pool available data from the primary trials. Results were gauged using relative risks (RR) and standard mean differences (SMD) for dichotomous and continuous data respectively, with a 95% confidence interval (CI).</p>
        </sec>
        <sec>
          <title>Main results</title>
          <p>The methodological quality of primary studies was generally unsatisfying and the results were reported inadequately in many aspects. Additional information was not available from primary trialists. The meta&#x2010;analysis results showed that patients who had been given <italic>G. lucidum</italic> alongside with chemo/radiotherapy were more likely to respond positively compared to chemo/radiotherapy alone (RR 1.50; 95% CI 0.90 to 2.51, P = 0.02). <italic>G. lucidum</italic> treatment alone did not demonstrate the same regression rate as that seen in combined therapy. The results for host immune function indicators suggested that <italic>G. lucidum</italic> simultaneously increases the percentage of CD3, CD4 and CD8 by 3.91% (95% CI 1.92% to 5.90%, P &lt; 0.01), 3.05% (95% CI 1.00% to 5.11%, P &lt; 0.01) and 2.02% (95% CI 0.21% to 3.84%, P = 0.03), respectively. In addition, leukocyte, NK&#x2010;cell activity and CD4/CD8 ratio were marginally elevated. Four studies showed that patients in the <italic>G. lucidum</italic> group had relatively improved quality of life in comparison to controls. One study recorded minimal side effects, including nausea and insomnia. No significant haematological or hepatological toxicity was reported.</p>
        </sec>
        <sec>
          <title>Authors' conclusions</title>
          <p>Our review did not find sufficient evidence to justify the use of <italic>G. lucidum</italic> as a first&#x2010;line treatment for cancer. It remains uncertain whether <italic>G. lucidum</italic> helps prolong long&#x2010;term cancer survival. However, <italic>G. lucidum</italic> could be administered as an alternative adjunct to conventional treatment in consideration of its potential of enhancing tumour response and stimulating host immunity. G. lucidum was generally well tolerated by most participants with only a scattered number of minor adverse events. No major toxicity was observed across the studies. Although there were few reports of harmful effect of <italic>G. lucidum</italic>, the use of its extract should be judicious, especially after thorough consideration of cost&#x2010;benefit and patient preference. Future studies should put emphasis on the improvement in methodological quality and further clinical research on the effect of <italic>G. lucidum</italic> on cancer long&#x2010;term survival are needed. An update to this review will be performed every two years.</p>
        </sec>
      </abstract>
      <abstract abstract-type="short">
        <title><italic>G. lucidum</italic> (Reishi mushroom) for cancer treatment</title>
        <p>There have been an increasing number of patients diagnosed with cancer each year. Certain malignancies have been a major cause of death in some populations. People who have been diagnosed with cancer want to do everything they can to combat the disease, manage its symptoms and cope with the side effects of radio/chemotherapy. Many turn to complementary and alternative medicine. <italic>G. lucidum</italic> extract is a medication that has been widely used by traditional Chinese medicine (TCM) practitioners for this regard. It is usually recommended as an immune system support supplement in cancer treatment. Latest laboratory research and preclinical trials of <italic>G. lucidum</italic> have shown promising results of its antitumour activity. However, clinical evidence of its efficacy is sparse and a systematic review is in need to provide collective information for health&#x2010;care consumers.</p>
        <p>Our review identified and subsequently included five relevant randomised controlled trials. A total of 373 subjects were analysed. A meta&#x2010;analysis was performed to pool available data from individual trials. Our results found that patients with <italic>G. lucidum</italic> extract in their anticancer regimen were 1.27 times more likely to respond to chemotherapy or radiotherapy than those without. However, the data failed to demonstrate significant effect on tumour shrinkage when it was used alone. In addition, <italic>G. lucidum</italic> could stimulate host immune functions by considerably increasing CD3, CD4 and CD8 lymphocyte percentages. Nevertheless, natural killer (NK)&#x2010;cell activity, which has been suggested to be an indicator of self&#x2010;defence against tumour cell, was marginally elevated. Patients in the <italic>G. lucidum</italic> group were found to have a relatively better quality of life after treatment than those in the control group. A few cases of minor side effect associated with <italic>G. lucidum</italic> treatment including nausea and insomnia were reported.</p>
        <p>There are limitations of the results from this systematic review. First, most included studies were small and there were concerns on the methodological quality of individual trials. Second, all participants in the individual trials were recruited from the Chinese population. Together, the robustness and applicability of the results were largely affected.</p>
      </abstract>
      <kwd-group kwd-group-type="mesh">
        <kwd>Humans</kwd>
        <kwd>Antineoplastic Agents</kwd>
        <kwd>Antineoplastic Agents/immunology</kwd>
        <kwd>Antineoplastic Agents/therapeutic use</kwd>
        <kwd>Immunity, Cellular</kwd>
        <kwd>Immunity, Cellular/immunology</kwd>
        <kwd>Neoplasms</kwd>
        <kwd>Neoplasms/drug therapy</kwd>
        <kwd>Neoplasms/immunology</kwd>
        <kwd>Neoplasms/therapy</kwd>
        <kwd>Randomized Controlled Trials as Topic</kwd>
        <kwd>Reishi</kwd>
        <kwd>Reishi/chemistry</kwd>
      </kwd-group>
    </article-meta>
    <notes notes-type="status-note">
      <p>Edited (no change to conclusions)</p>
    </notes>
  </front>
</article>
</pmc-articleset>