<?xml version="1.0" ?>
<!DOCTYPE pmc-articleset PUBLIC "-//NLM//DTD ARTICLE SET 2.0//EN" "https://dtd.nlm.nih.gov/ncbi/pmc/articleset/nlm-articleset-2.0.dtd">
<pmc-articleset><article xmlns:xlink="http://www.w3.org/1999/xlink" xmlns:mml="http://www.w3.org/1998/Math/MathML" id="CD011040.pub2" article-type="systematic-review">
  <!--The publisher of this article does not allow downloading of the full text in XML form.-->
  <front>
    <journal-meta>
      <journal-id journal-id-type="nlm-ta">Cochrane Database Syst Rev</journal-id>
      <journal-id journal-id-type="iso-abbrev">Cochrane Database Syst Rev</journal-id>
      <journal-id journal-id-type="publisher-id">14651858</journal-id>
      <journal-id journal-id-type="doi">10.1002/14651858</journal-id>
      <journal-title-group>
        <journal-title>The Cochrane Database of Systematic Reviews</journal-title>
      </journal-title-group>
      <issn pub-type="epub">1469-493X</issn>
      <issn-l>1361-6137</issn-l>
      <publisher>
        <publisher-name>John Wiley &amp; Sons, Ltd</publisher-name>
        <publisher-loc>Chichester, UK</publisher-loc>
      </publisher>
    </journal-meta>
    <article-meta>
      <article-id pub-id-type="pmc">6517214</article-id>
      <article-id pub-id-type="doi">10.1002/14651858.CD011040.pub2</article-id>
      <article-id pub-id-type="publisher-id">CD011040</article-id>
      <article-id pub-id-type="other">CD011040.pub2</article-id>
      <article-categories>
        <subj-group subj-group-type="heading">
          <subject>Medicine General &amp; Introductory Medical Sciences</subject>
        </subj-group>
      </article-categories>
      <title-group>
        <article-title>Exercise therapy for chronic fatigue syndrome (individual patient data)</article-title>
      </title-group>
      <contrib-group>
        <contrib id="d28e63" contrib-type="author" corresp="yes">
          <name>
            <surname>Larun</surname>
            <given-names>Lillebeth</given-names>
          </name>
          <address>
            <email>lillebeth.larun@fhi.no</email>
          </address>
          <xref ref-type="aff" rid="CD011040-aff-0001"/>
        </contrib>
        <contrib id="d28e68" contrib-type="author">
          <name>
            <surname>Odgaard&#x2010;Jensen</surname>
            <given-names>Jan</given-names>
          </name>
          <xref ref-type="aff" rid="CD011040-aff-0002"/>
        </contrib>
        <contrib id="d28e73" contrib-type="author">
          <name>
            <surname>Brurberg</surname>
            <given-names>Kjetil G</given-names>
          </name>
          <xref ref-type="aff" rid="CD011040-aff-0001"/>
        </contrib>
        <contrib id="d28e78" contrib-type="author">
          <name>
            <surname>Chalder</surname>
            <given-names>Trudie</given-names>
          </name>
          <xref ref-type="aff" rid="CD011040-aff-0003"/>
        </contrib>
        <contrib id="d28e83" contrib-type="author">
          <name>
            <surname>Dybwad</surname>
            <given-names>Marianne</given-names>
          </name>
          <xref ref-type="aff" rid="CD011040-aff-0004"/>
        </contrib>
        <contrib id="d28e88" contrib-type="author">
          <name>
            <surname>Moss&#x2010;Morris</surname>
            <given-names>Rona E</given-names>
          </name>
          <xref ref-type="aff" rid="CD011040-aff-0005"/>
        </contrib>
        <contrib id="d28e93" contrib-type="author">
          <name>
            <surname>Sharpe</surname>
            <given-names>Michael</given-names>
          </name>
          <xref ref-type="aff" rid="CD011040-aff-0006"/>
        </contrib>
        <contrib id="d28e98" contrib-type="author">
          <name>
            <surname>Wallman</surname>
            <given-names>Karen</given-names>
          </name>
          <xref ref-type="aff" rid="CD011040-aff-0007"/>
        </contrib>
        <contrib id="d28e103" contrib-type="author">
          <name>
            <surname>Wearden</surname>
            <given-names>Alison</given-names>
          </name>
          <xref ref-type="aff" rid="CD011040-aff-0008"/>
        </contrib>
        <contrib id="d28e108" contrib-type="author">
          <name>
            <surname>White</surname>
            <given-names>Peter D</given-names>
          </name>
          <xref ref-type="aff" rid="CD011040-aff-0009"/>
        </contrib>
        <contrib id="d28e113" contrib-type="author">
          <name>
            <surname>Glasziou</surname>
            <given-names>Paul P</given-names>
          </name>
          <xref ref-type="aff" rid="CD011040-aff-0010"/>
        </contrib>
      </contrib-group>
      <aff id="CD011040-aff-0001">
        <institution>Norwegian Institute of Public Health</institution>
        <institution content-type="dept">Division for Health Services</institution>
        <addr-line>Postboks 4404 Nydalen</addr-line>
        <city>Oslo</city>
        <country>Norway</country>
        <postal-code>N&#x2010;0403</postal-code>
      </aff>
      <aff id="CD011040-aff-0002">
        <institution>Medicinr&#xE5;det</institution>
        <addr-line>Dampf&#xE6;rgevej 27&#x2010;29</addr-line>
        <city>K&#xF8;benhavn &#xD8;</city>
        <country>Denmark</country>
        <postal-code>DK&#x2010;2100</postal-code>
      </aff>
      <aff id="CD011040-aff-0003">
        <institution>Institute of Psychiatry, Psychology &amp; Neuroscience, King's College London</institution>
        <institution content-type="dept">Department of Psychological Medicine</institution>
        <addr-line>Weston Education CentreCutcombe Road</addr-line>
        <city>London</city>
        <country>UK</country>
        <postal-code>SE5 9RH</postal-code>
      </aff>
      <aff id="CD011040-aff-0004">
        <institution>Sunnaas Rehabilitation Hospital</institution>
        <city>Nesoddtangen</city>
        <country>Norway</country>
        <postal-code>1450</postal-code>
      </aff>
      <aff id="CD011040-aff-0005">
        <institution>Institute of Psychiatry, King's College London</institution>
        <institution content-type="dept">Section of Health Psychology</institution>
        <city>London</city>
        <country>UK</country>
        <postal-code/>
      </aff>
      <aff id="CD011040-aff-0006">
        <institution>University of Oxford</institution>
        <institution content-type="dept">Department of Psychiatry</institution>
        <addr-line>Warneford Hospital</addr-line>
        <city>Oxford</city>
        <country>UK</country>
        <postal-code>OX3 7JX</postal-code>
      </aff>
      <aff id="CD011040-aff-0007">
        <institution>The University of Western Australia</institution>
        <institution content-type="dept">School of Sport Science, Exercise and Health</institution>
        <addr-line>35 Stirling Highway</addr-line>
        <city>Crawley</city>
        <country>Australia</country>
        <postal-code>WA 6009</postal-code>
      </aff>
      <aff id="CD011040-aff-0008">
        <institution>University of Manchester</institution>
        <institution content-type="dept">School of Health Sciences</institution>
        <addr-line>Coupland 1 Building</addr-line>
        <city>Manchester</city>
        <country>UK</country>
        <postal-code>M13 9PL</postal-code>
      </aff>
      <aff id="CD011040-aff-0009">
        <institution>Barts and The London School of Medicine and Dentistry, Queen Mary University of London</institution>
        <institution content-type="dept">Centre for Psychiatry</institution>
        <addr-line>St Bartholomew's Hospital</addr-line>
        <city>London</city>
        <country>UK</country>
        <postal-code>EC1A 7BE</postal-code>
      </aff>
      <aff id="CD011040-aff-0010">
        <institution>Bond University</institution>
        <institution content-type="dept">Centre for Research in Evidence&#x2010;Based Practice (CREBP)</institution>
        <addr-line>University Drive</addr-line>
        <city>Gold Coast</city>
        <country>Australia</country>
        <postal-code>4229</postal-code>
      </aff>
      <author-notes>
        <fn>
          <p>Editorial Group: Cochrane Common Mental Disorders Group.</p>
        </fn>
      </author-notes>
      <pub-date pub-type="epub">
        <day>07</day>
        <month>12</month>
        <year>2018</year>
      </pub-date>
      <pub-date pub-type="collection">
        <month>12</month>
        <year>2018</year>
      </pub-date>
      <pub-date pub-type="update">
        <day>07</day>
        <month>12</month>
        <year>2018</year>
      </pub-date>
      <volume>2018</volume>
      <issue>12</issue>
      <elocation-id>CD011040</elocation-id>
      <history>
        <date date-type="previous-update" publication-format="electronic">
          <day>01</day>
          <month>04</month>
          <year>2014</year>
        </date>
      </history>
      <permissions>
        <copyright-statement>Copyright &#xA9; 2018 The Cochrane Collaboration. Published by John Wiley &amp; Sons, Ltd.</copyright-statement>
        <copyright-year>2018</copyright-year>
        <copyright-holder>The Cochrane Collaboration</copyright-holder>
      </permissions>
      <related-article related-article-type="updated-article" ext-link-type="doi" xlink:href="10.1002/14651858.CD011040" id="d28e276"/>
      <abstract>
        <title>Abstract</title>
        <p>This is a protocol for a Cochrane Review (Intervention). The objectives are as follows:</p>
        <p>To assess the effects of exercise therapy, alone and in combination, for people with chronic fatigue syndrome (CFS) compared with treatment as usual control conditions and other interventions (psychological therapies, pharmacological treatment).</p>
      </abstract>
    </article-meta>
    <notes notes-type="status-note">
      <p>Withdrawn from publication for reasons stated in the review</p>
    </notes>
  </front>
</article>
</pmc-articleset>