<?xml version="1.0" ?>
<!DOCTYPE pmc-articleset PUBLIC "-//NLM//DTD ARTICLE SET 2.0//EN" "https://dtd.nlm.nih.gov/ncbi/pmc/articleset/nlm-articleset-2.0.dtd">
<pmc-articleset><article xmlns:xlink="http://www.w3.org/1999/xlink" xmlns:mml="http://www.w3.org/1998/Math/MathML" id="CD004381.pub3" article-type="systematic-review">
  <!--The publisher of this article does not allow downloading of the full text in XML form.-->
  <front>
    <journal-meta>
      <journal-id journal-id-type="nlm-ta">Cochrane Database Syst Rev</journal-id>
      <journal-id journal-id-type="iso-abbrev">Cochrane Database Syst Rev</journal-id>
      <journal-id journal-id-type="publisher-id">14651858</journal-id>
      <journal-id journal-id-type="doi">10.1002/14651858</journal-id>
      <journal-title-group>
        <journal-title>The Cochrane Database of Systematic Reviews</journal-title>
      </journal-title-group>
      <issn pub-type="epub">1469-493X</issn>
      <issn-l>1361-6137</issn-l>
      <publisher>
        <publisher-name>John Wiley &amp; Sons, Ltd</publisher-name>
        <publisher-loc>Chichester, UK</publisher-loc>
      </publisher>
    </journal-meta>
    <article-meta>
      <article-id pub-id-type="pmid">24936966</article-id>
      <article-id pub-id-type="pmc">6956617</article-id>
      <article-id pub-id-type="doi">10.1002/14651858.CD004381.pub3</article-id>
      <article-id pub-id-type="publisher-id">CD004381.pub3</article-id>
      <article-id pub-id-type="other">CD004381</article-id>
      <article-categories>
        <subj-group>
          <subject>DEVELOPMENTAL PROBLEMS</subject>
          <subject>Child health</subject>
          <subject>Complementary &amp; alternative medicine</subject>
          <subject>Developmental, psychosocial &amp; learning problems</subject>
        </subj-group>
      </article-categories>
      <title-group>
        <article-title>Music therapy for people with autism spectrum disorder</article-title>
      </title-group>
      <contrib-group>
        <contrib id="d20e195" contrib-type="author">
          <name>
            <surname>Geretsegger</surname>
            <given-names>Monika</given-names>
          </name>
          <xref ref-type="aff" rid="CD004381-aff-0001"/>
        </contrib>
        <contrib id="d20e199" contrib-type="author">
          <name>
            <surname>Elefant</surname>
            <given-names>Cochavit</given-names>
          </name>
          <xref ref-type="aff" rid="CD004381-aff-0002"/>
        </contrib>
        <contrib id="d20e203" contrib-type="author">
          <name>
            <surname>M&#xF6;ssler</surname>
            <given-names>Karin A</given-names>
          </name>
          <xref ref-type="aff" rid="CD004381-aff-0001"/>
        </contrib>
        <contrib id="d20e207" contrib-type="author" corresp="yes">
          <name>
            <surname>Gold</surname>
            <given-names>Christian</given-names>
          </name>
          <address>
            <email>christian.gold@uni.no</email>
          </address>
          <xref ref-type="aff" rid="CD004381-aff-0001"/>
        </contrib>
        <contrib id="d20e217" contrib-type="editor">
          <collab collab-type="editors">Cochrane Developmental, Psychosocial and Learning Problems Group</collab>
        </contrib>
      </contrib-group>
      <aff id="CD004381-aff-0001">
        <institution>Uni Health, Uni Research</institution>
        <institution content-type="dept">GAMUT &#x2010; The Grieg Academy Music Therapy Research Centre</institution>
        <addr-line>Lars Hilles gate 3</addr-line>
        <city>Bergen</city>
        <country>Norway</country>
        <postal-code>5015</postal-code>
      </aff>
      <aff id="CD004381-aff-0002">
        <institution>University of Haifa</institution>
        <institution content-type="dept">Department of Creative Arts Therapies</institution>
        <addr-line>Hecht's Art Building, &#x2010;1 Floor, Room 26</addr-line>
        <city>Haifa</city>
        <country>Israel</country>
        <postal-code>3498838</postal-code>
      </aff>
      <pub-date pub-type="epub">
        <day>17</day>
        <month>6</month>
        <year>2014</year>
      </pub-date>
      <pub-date pub-type="collection">
        <month>6</month>
        <year>2014</year>
      </pub-date>
      <pub-date pub-type="update">
        <day>18</day>
        <month>3</month>
        <year>2016</year>
      </pub-date>
      <volume>2014</volume>
      <issue>6</issue>
      <elocation-id>CD004381</elocation-id>
      <permissions>
        <copyright-statement>Copyright &#xA9; 2016 The Cochrane Collaboration. Published by John Wiley &amp; Sons, Ltd.</copyright-statement>
      </permissions>
      <related-article related-article-type="updated-article" ext-link-type="doi" xlink:href="10.1002/14651858.CD004381.pub2" id="d20e38"/>
      <abstract>
        <title>Abstract</title>
        <sec id="CD004381-abs1-0001">
          <title>Background</title>
          <p>The central impairments of people with autism spectrum disorder (ASD) affect social interaction and communication. Music therapy uses musical experiences and the relationships that develop through them to enable communication and expression, thus attempting to address some of the core problems of people with ASD. The present version of this review on music therapy for ASD is an update of the original Cochrane review published in 2006.</p>
        </sec>
        <sec id="CD004381-abs1-0002">
          <title>Objectives</title>
          <p>To assess the effects of music therapy for individuals with ASD.</p>
        </sec>
        <sec id="CD004381-abs1-0003">
          <title>Search methods</title>
          <p>We searched the following databases in July 2013: CENTRAL, Ovid MEDLINE, EMBASE, LILACS, PsycINFO, CINAHL, ERIC, ASSIA, Sociological Abstracts, and Dissertation Abstracts International. We also checked the reference lists of relevant studies and contacted investigators in person.</p>
        </sec>
        <sec id="CD004381-abs1-0004">
          <title>Selection criteria</title>
          <p>All randomised controlled trials (RCTs) or controlled clinical trials comparing music therapy or music therapy added to standard care to 'placebo' therapy, no treatment, or standard care for individuals with ASD were considered for inclusion.</p>
        </sec>
        <sec id="CD004381-abs1-0005">
          <title>Data collection and analysis</title>
          <p>Two authors independently selected studies, assessed risk of bias, and extracted data from all included studies. We calculated the pooled standardised mean difference (SMD) and corresponding 95% confidence interval (CI) for continuous outcomes to allow the combination data from different scales and to facilitate the interpretation of effect sizes. Heterogeneity was assessed using the I&#xB2; statistic. In cases of statistical heterogeneity within outcome subgroups, we examined clients' age, intensity of therapy (number and frequency of therapy sessions), and treatment approach as possible sources of heterogeneity.</p>
        </sec>
        <sec id="CD004381-abs1-0006">
          <title>Main results</title>
          <p>We included 10 studies (165 participants) that examined the short&#x2010; and medium&#x2010;term effect of music therapy interventions (one week to seven months) for children with ASD. Music therapy was superior to 'placebo' therapy or standard care with respect to the primary outcomes social interaction within the therapy context (SMD 1.06, 95% CI 0.02 to 2.10, 1 RCT, n = 10); generalised social interaction outside of the therapy context (SMD 0.71, 95% CI 0.18 to 1.25, 3 RCTs, n = 57, moderate quality evidence), non&#x2010;verbal communicative skills within the therapy context (SMD 0.57, 95% CI 0.29 to 0.85, 3 RCTs, n = 30), verbal communicative skills (SMD 0.33, 95% CI 0.16 to 0.49, 6 RCTs, n = 139), initiating behaviour (SMD 0.73, 95% CI 0.36 to 1.11, 3 RCTs, n = 22, moderate quality evidence), and social&#x2010;emotional reciprocity (SMD 2.28, 95% CI 0.73 to 3.83, 1 RCT, n = 10, low quality evidence). There was no statistically significant difference in non&#x2010;verbal communicative skills outside of the therapy context (SMD 0.48, 95% CI &#x2010;0.02 to 0.98, 3 RCTs, n = 57, low quality evidence). Music therapy was also superior to 'placebo' therapy or standard care in secondary outcome areas, including social adaptation (SMD 0.41, 95% CI 0.21 to 0.60, 4 RCTs, n = 26), joy (SMD 0.96, 95% CI 0.04 to 1.88, 1 RCT, n = 10), and quality of parent&#x2010;child relationships (SMD 0.82, 95% CI 0.13 to 1.52, 2 RCTs, n = 33, moderate quality evidence). None of the included studies reported any adverse effects. The small sample sizes of the studies limit the methodological strength of these findings.</p>
        </sec>
        <sec id="CD004381-abs1-0007">
          <title>Authors' conclusions</title>
          <p>The findings of this updated review provide evidence that music therapy may help children with ASD to improve their skills in primary outcome areas that constitute the core of the condition including social interaction, verbal communication, initiating behaviour, and social&#x2010;emotional reciprocity. Music therapy may also help to enhance non&#x2010;verbal communication skills within the therapy context. Furthermore, in secondary outcome areas, music therapy may contribute to increasing social adaptation skills in children with ASD and to promoting the quality of parent&#x2010;child relationships. In contrast to the studies included in an earlier version of this review published in 2006, the new studies included in this update enhanced the applicability of findings to clinical practice. More research using larger samples and generalised outcome measures is needed to corroborate these findings and to examine whether the effects of music therapy are enduring. When applying the results of this review to practice, it is important to note that the application of music therapy requires specialised academic and clinical training.</p>
        </sec>
      </abstract>
      <abstract abstract-type="short">
        <title>Plain language summary</title>
        <p>
          <bold>Music therapy for people with autism spectrum disorder</bold>
        </p>
        <p>
          <bold>Review Question</bold>
        </p>
        <p>We reviewed the evidence about the effect of music therapy in people with autism spectrum disorder (ASD). We compared music therapy or music therapy in addition to standard care to no therapy, similar treatment without music ('placebo' therapy), or standard care.</p>
        <p>
          <bold>Background</bold>
        </p>
        <p>People with ASD have difficulties with social interaction and communication. Music therapy uses musical experiences and the relationships that develop through them to enable people to relate to others, to communicate, and to share their feelings. In this way, music therapy addresses some of the core problems of people with ASD. We wanted to discover whether music therapy helps people with ASD compared to other alternatives.</p>
        <p>
          <bold>Study Characteristics</bold>
        </p>
        <p>We included 10 studies with a total number of 165 participants. The studies examined the short&#x2010; and medium&#x2010;term effect of music therapy interventions (one week to seven months) for children with ASD.</p>
        <p>
          <bold>Key Results</bold>
        </p>
        <p>Music therapy was superior to 'placebo' therapy or standard care with respect to social interaction, non&#x2010;verbal and verbal communicative skills, initiating behaviour, and social&#x2010;emotional reciprocity. Music therapy was also superior to 'placebo' therapy or standard care in the areas of social adaptation, joy, and the quality of parent&#x2010;child relationships. None of the included studies reported any side effects caused by music therapy.</p>
        <p>
          <bold>Quality of the Evidence</bold>
        </p>
        <p>The quality of the evidence was moderate for social interaction outside of the therapy context, initiating behaviour, social adaptation, and the quality of the parent&#x2010;child relationship, and low for the other three main outcomes (nonverbal communicative skills outside of the therapy context, verbal communicative skills outside of the therapy context, and social&#x2010;emotional reciprocity). Reasons for limited quality of the evidence were issues with study design and small number of patients who participated in the studies.</p>
        <p>
          <bold>Authors' Conclusions</bold>
        </p>
        <p>Music therapy may help children with ASD to improve their skills in important areas such as social interaction and communication. Music therapy may also contribute to increasing social adaptation skills in children with ASD and to promoting the quality of parent&#x2010;child relationships. Some of the included studies featured interventions that correspond well with treatment in clinical practice. More research with adequate design and using larger numbers of patients is needed. It is important to specifically examine how long the effects of music therapy last. The application of music therapy requires specialised academic and clinical training. This is important when applying the results of this review to practice.</p>
      </abstract>
    </article-meta>
    <notes notes-type="status-note">
      <p>Edited (no change to conclusions)</p>
    </notes>
  </front>
</article>
</pmc-articleset>