<?xml version="1.0" ?>
<!DOCTYPE pmc-articleset PUBLIC "-//NLM//DTD ARTICLE SET 2.0//EN" "https://dtd.nlm.nih.gov/ncbi/pmc/articleset/nlm-articleset-2.0.dtd">
<pmc-articleset><article xmlns:xlink="http://www.w3.org/1999/xlink" xmlns:mml="http://www.w3.org/1998/Math/MathML" id="CD010716.pub2" article-type="systematic-review">
  <!--The publisher of this article does not allow downloading of the full text in XML form.-->
  <front>
    <journal-meta>
      <journal-id journal-id-type="nlm-ta">Cochrane Database Syst Rev</journal-id>
      <journal-id journal-id-type="iso-abbrev">Cochrane Database Syst Rev</journal-id>
      <journal-id journal-id-type="publisher-id">14651858</journal-id>
      <journal-id journal-id-type="doi">10.1002/14651858</journal-id>
      <journal-title-group>
        <journal-title>The Cochrane Database of Systematic Reviews</journal-title>
      </journal-title-group>
      <issn pub-type="epub">1469-493X</issn>
      <issn-l>1361-6137</issn-l>
      <publisher>
        <publisher-name>John Wiley &amp; Sons, Ltd</publisher-name>
        <publisher-loc>Chichester, UK</publisher-loc>
      </publisher>
    </journal-meta>
    <article-meta>
      <article-id pub-id-type="pmid">27416073</article-id>
      <article-id pub-id-type="pmc">6457949</article-id>
      <article-id pub-id-type="doi">10.1002/14651858.CD010716.pub2</article-id>
      <article-id pub-id-type="publisher-id">CD010716</article-id>
      <article-id pub-id-type="other">CD010716.pub2</article-id>
      <article-categories>
        <subj-group subj-group-type="heading">
          <subject>Medicine General &amp; Introductory Medical Sciences</subject>
        </subj-group>
      </article-categories>
      <title-group>
        <article-title>Surgery versus non&#x2010;surgical management for unilateral ureteric&#x2010;pelvic junction obstruction in newborns and infants less than two years of age</article-title>
      </title-group>
      <contrib-group>
        <contrib id="d28e63" contrib-type="author" corresp="yes">
          <name>
            <surname>Weitz</surname>
            <given-names>Marcus</given-names>
          </name>
          <address>
            <email>marcus.weitz@kispi.uzh.ch</email>
            <email>Marcus.Weitz@med.uni-tuebingen.de</email>
          </address>
          <xref ref-type="aff" rid="CD010716-aff-0001"/>
        </contrib>
        <contrib id="d28e68" contrib-type="author">
          <name>
            <surname>Portz</surname>
            <given-names>Suniva</given-names>
          </name>
          <xref ref-type="aff" rid="CD010716-aff-0002"/>
        </contrib>
        <contrib id="d28e73" contrib-type="author">
          <name>
            <surname>Laube</surname>
            <given-names>Guido F</given-names>
          </name>
          <xref ref-type="aff" rid="CD010716-aff-0003"/>
        </contrib>
        <contrib id="d28e78" contrib-type="author">
          <name>
            <surname>Meerpohl</surname>
            <given-names>Joerg J</given-names>
          </name>
          <xref ref-type="aff" rid="CD010716-aff-0004 CD010716-aff-0005"/>
        </contrib>
        <contrib id="d28e83" contrib-type="author">
          <name>
            <surname>Bassler</surname>
            <given-names>Dirk</given-names>
          </name>
          <xref ref-type="aff" rid="CD010716-aff-0006"/>
        </contrib>
      </contrib-group>
      <aff id="CD010716-aff-0001">
        <institution>Children's Hospital Tuebingen</institution>
        <institution content-type="dept">Pediatric Nephrology</institution>
        <addr-line>Hoppe&#x2010;Seyler&#x2010;Strasse 1</addr-line>
        <city>Tuebingen</city>
        <country>Germany</country>
        <postal-code>72076</postal-code>
      </aff>
      <aff id="CD010716-aff-0002">
        <institution>University Hospital Tuebingen</institution>
        <institution content-type="dept">Department of Obstetrics</institution>
        <addr-line>Calwerstra&#xDF;e 7</addr-line>
        <city>Tuebingen</city>
        <country>Germany</country>
        <postal-code>72076</postal-code>
      </aff>
      <aff id="CD010716-aff-0003">
        <institution>University Children's Hospital</institution>
        <institution content-type="dept">Pediatric Nephrology</institution>
        <addr-line>Steinwiesstrasse 75</addr-line>
        <city>Zurich</city>
        <country>Switzerland</country>
        <postal-code>8032</postal-code>
      </aff>
      <aff id="CD010716-aff-0004">
        <institution>Medical Center &#x2010; University of Freiburg</institution>
        <institution content-type="dept">Cochrane Germany</institution>
        <addr-line>Berliner Allee 29</addr-line>
        <city>Freiburg</city>
        <country>Germany</country>
        <postal-code>79110</postal-code>
      </aff>
      <aff id="CD010716-aff-0005">
        <institution>Centre de Recherche &#xC9;pid&#xE9;miologie et Statistique Sorbonne Paris Cit&#xE9; (CRESS), Inserm UMR1153, Paris Descartes University</institution>
        <institution content-type="dept">Cochrane France</institution>
        <addr-line>1 place du Parvis Notre&#x2010;Dame</addr-line>
        <city>Paris</city>
        <country>France</country>
        <postal-code>75181 Cedex 4</postal-code>
      </aff>
      <aff id="CD010716-aff-0006">
        <institution>University Hospital Zurich and University of Zurich</institution>
        <institution content-type="dept">Department of Neonatology</institution>
        <addr-line>Frauenklinikstrasse 10</addr-line>
        <city>Zurich</city>
        <country>Switzerland</country>
        <postal-code/>
      </aff>
      <author-notes>
        <fn>
          <p>Editorial Group: Cochrane Urology Group.</p>
        </fn>
      </author-notes>
      <pub-date pub-type="epub">
        <day>14</day>
        <month>7</month>
        <year>2016</year>
      </pub-date>
      <pub-date pub-type="collection">
        <month>7</month>
        <year>2016</year>
      </pub-date>
      <pub-date pub-type="update">
        <day>13</day>
        <month>07</month>
        <year>2016</year>
      </pub-date>
      <volume>2016</volume>
      <issue>7</issue>
      <elocation-id>CD010716</elocation-id>
      <history>
        <date date-type="previous-update" publication-format="electronic">
          <day>29</day>
          <month>08</month>
          <year>2013</year>
        </date>
        <date date-type="cl-record-assessed-up-to-date">
          <day>19</day>
          <month>10</month>
          <year>2015</year>
        </date>
      </history>
      <permissions>
        <copyright-statement>Copyright &#xA9; 2016 The Cochrane Collaboration. Published by John Wiley &amp; Sons, Ltd.</copyright-statement>
        <copyright-year>2016</copyright-year>
        <copyright-holder>The Cochrane Collaboration</copyright-holder>
      </permissions>
      <related-article related-article-type="updated-article" ext-link-type="doi" xlink:href="10.1002/14651858.CD010716" id="d28e201"/>
      <abstract>
        <sec>
          <title>Background</title>
          <p>Unilateral ureteric&#x2010;pelvic junction obstruction (UPJO) is the most common cause of obstructive uropathy and may lead to renal impairment and loss of renal function. The current diagnostic approach with renal imaging cannot reliably determine which newborns and infants less than two years of age have a significant obstruction and are at risk for permanent kidney damage. There is therefore no consensus on optimal therapeutic management of unilateral UPJO.</p>
        </sec>
        <sec>
          <title>Objectives</title>
          <p>To assess the effects of surgical versus non&#x2010;surgical treatment options for newborns and infants less than two years of age with unilateral UPJO.</p>
        </sec>
        <sec>
          <title>Search methods</title>
          <p>We searched the Cochrane Central Register of Controlled Trials (CENTRAL) (Issue 6, 2016)<italic>,</italic> MEDLINE/Ovid, and EMBASE/Ovid databases from their inception to 13 June 2016. We searched the reference lists of potentially relevant studies without using any language restriction. We also searched the following trial registers for relevant registered studies: <uri>www.clinicaltrials.gov/</uri>; ISRCTN registry (<uri>controlled&#x2010;trials.com/</uri>); <uri>www.trialscentral.org/</uri>; <uri>apps.who.int/trialsearch/</uri>; <uri>www.drks.de/</uri>; and <uri>www.anzctr.org.au/trialSearch.aspx</uri>.</p>
        </sec>
        <sec>
          <title>Selection criteria</title>
          <p>We selected randomised and quasi&#x2010;randomised controlled trials comparing surgical with non&#x2010;surgical interventions for the treatment of unilateral UPJO.</p>
        </sec>
        <sec>
          <title>Data collection and analysis</title>
          <p>Two review authors independently assessed study eligibility and risk of bias of included studies and extracted data. In case of disagreements we consulted a third review author. The data reported in the two included studies did not allow us to perform a meta&#x2010;analysis.</p>
        </sec>
        <sec>
          <title>Main results</title>
          <p>We found only two studies at high risk of bias that were eligible for inclusion in this review. The total sample size, including both trials, was small (n = 107 participants less than six months of age from the UK and USA), and not all prespecified outcome measures were assessed. Reported measures only accounted for the short&#x2010;term follow&#x2010;ups. The mean split renal function was not statistically different between the surgical and non&#x2010;surgical group at the six&#x2010;month or one&#x2010;year time point (very low&#x2010;quality evidence). The surgical group showed a significantly less obstructed drainage pattern and a lower urinary tract dilatation than the non&#x2010;surgical group (very low&#x2010;quality evidence). Transfer from the non&#x2010;surgical group to the surgical group was reported for about one out of five participants. Split renal function after secondary surgical intervention was reported with variable results, but most of the participants reverted to pre&#x2010;deteriorated values. The studies either provided no or insufficient data on the following outcome measures: postoperative complications, UPJO&#x2010;associated clinical symptoms, costs of interventions, radiation exposure, quality of life, and adverse effects.</p>
        </sec>
        <sec>
          <title>Authors' conclusions</title>
          <p>We found limited evidence assessing the benefits and harms of surgical compared to non&#x2010;surgical treatment options for newborns and infants less than two years of age with unilateral UPJO. The majority of participants in the non&#x2010;surgical treatment group did not experience any significant deterioration of split renal function, and only about 20% of them underwent secondary surgical intervention, with minor risk of permanent deteriorated split renal function. The study follow&#x2010;up period was too short to assess the long&#x2010;term effects on split renal function in both treatment groups. We need further randomised controlled trials with sufficient statistical power and an adequate follow&#x2010;up period to determine the optimal therapy for newborns and infants less than two years of age with unilateral UPJO.</p>
        </sec>
      </abstract>
      <abstract abstract-type="short">
        <title>Surgery versus non&#x2010;surgical management for unilateral ureteric&#x2010;pelvic junction obstruction in newborns and infants less than two years of age</title>
        <p>
          <bold>Review question</bold>
        </p>
        <p>Do children with unilateral ureteric&#x2010;pelvic junction obstruction do better with or without surgery?</p>
        <p>
          <bold>Background</bold>
        </p>
        <p>Some newborn and infants less than two years of age are shown using ultrasound to have an enlargement of the pelvis of the kidney. This is the anatomical structure where the urine collects before it is transported down the ureter to the bladder. Enlargement of the pelvis of the kidney is a concern due to possible blockage of urine flow, not unlike how a river widens in front of a dam.</p>
        <p>Longer&#x2010;term blockage of the urine flow for months and years may damage the kidney and lead to other problems such as urinary tract infections or kidney stones. Surgery can remove a blockage if it occurs, but it also has downsides including risks of complications. It is unclear whether these operations are necessary.</p>
        <p>
          <bold>Results</bold>
        </p>
        <p>We searched for studies up to 13 June 2016 and found two trials that compared groups of newborns and infants less than two years of age, including a total of 107 children who had surgery or no surgery and were followed for up to five years. Based on very low&#x2010;quality evidence, we found that short&#x2010;term kidney function (after six and 12 months) was similar in the two groups. Very low&#x2010;quality evidence also showed that after surgery, the pelvis of the kidney was smaller and urine seemed to flow better from the kidney down the ureter. However, due to the methods and size and of the studies, we are very uncertain about these results. There was insufficient evidence to determine whether one group of participants did better longer term, had fewer complications, or had better quality of life.</p>
      </abstract>
      <kwd-group kwd-group-type="mesh">
        <kwd>Female</kwd>
        <kwd>Humans</kwd>
        <kwd>Infant</kwd>
        <kwd>Infant, Newborn</kwd>
        <kwd>Male</kwd>
        <kwd>Kidney Pelvis</kwd>
        <kwd>Kidney Pelvis/surgery</kwd>
        <kwd>Randomized Controlled Trials as Topic</kwd>
        <kwd>Sample Size</kwd>
        <kwd>Ureteral Obstruction</kwd>
        <kwd>Ureteral Obstruction/surgery</kwd>
        <kwd>Ureteral Obstruction/therapy</kwd>
      </kwd-group>
    </article-meta>
    <notes notes-type="status-note">
      <p>New</p>
    </notes>
  </front>
</article>
</pmc-articleset>