<?xml version="1.0" ?>
<!DOCTYPE pmc-articleset PUBLIC "-//NLM//DTD ARTICLE SET 2.0//EN" "https://dtd.nlm.nih.gov/ncbi/pmc/articleset/nlm-articleset-2.0.dtd">
<pmc-articleset><article xmlns:xlink="http://www.w3.org/1999/xlink" xmlns:mml="http://www.w3.org/1998/Math/MathML" id="CD000317.pub4" article-type="systematic-review">
  <!--The publisher of this article does not allow downloading of the full text in XML form.-->
  <front>
    <journal-meta>
      <journal-id journal-id-type="nlm-ta">Cochrane Database Syst Rev</journal-id>
      <journal-id journal-id-type="iso-abbrev">Cochrane Database Syst Rev</journal-id>
      <journal-id journal-id-type="publisher-id">14651858</journal-id>
      <journal-id journal-id-type="doi">10.1002/14651858</journal-id>
      <journal-title-group>
        <journal-title>The Cochrane Database of Systematic Reviews</journal-title>
      </journal-title-group>
      <issn pub-type="epub">1469-493X</issn>
      <issn-l>1361-6137</issn-l>
      <publisher>
        <publisher-name>John Wiley &amp; Sons, Ltd</publisher-name>
        <publisher-loc>Chichester, UK</publisher-loc>
      </publisher>
    </journal-meta>
    <article-meta>
      <article-id pub-id-type="pmid">29368795</article-id>
      <article-id pub-id-type="pmc">6491301</article-id>
      <article-id pub-id-type="doi">10.1002/14651858.CD000317.pub4</article-id>
      <article-id pub-id-type="publisher-id">CD000317</article-id>
      <article-id pub-id-type="other">CD000317.pub4</article-id>
      <article-categories>
        <subj-group subj-group-type="heading">
          <subject>Medicine General &amp; Introductory Medical Sciences</subject>
        </subj-group>
      </article-categories>
      <title-group>
        <article-title>Intrauterine insemination versus intracervical insemination in donor sperm treatment</article-title>
      </title-group>
      <contrib-group>
        <contrib id="d28e63" contrib-type="author" corresp="yes">
          <name>
            <surname>Kop</surname>
            <given-names>Petronella AL</given-names>
          </name>
          <address>
            <email>p.a.kop@amc.uva.nl</email>
          </address>
          <xref ref-type="aff" rid="CD000317-aff-0001"/>
        </contrib>
        <contrib id="d28e68" contrib-type="author">
          <name>
            <surname>Mochtar</surname>
            <given-names>Monique H</given-names>
          </name>
          <xref ref-type="aff" rid="CD000317-aff-0002"/>
        </contrib>
        <contrib id="d28e73" contrib-type="author">
          <name>
            <surname>O'Brien</surname>
            <given-names>Paul A</given-names>
          </name>
          <xref ref-type="aff" rid="CD000317-aff-0003"/>
        </contrib>
        <contrib id="d28e78" contrib-type="author">
          <name>
            <surname>Van der Veen</surname>
            <given-names>Fulco</given-names>
          </name>
          <xref ref-type="aff" rid="CD000317-aff-0002"/>
        </contrib>
        <contrib id="d28e83" contrib-type="author">
          <name>
            <surname>van Wely</surname>
            <given-names>Madelon</given-names>
          </name>
          <xref ref-type="aff" rid="CD000317-aff-0002"/>
        </contrib>
      </contrib-group>
      <aff id="CD000317-aff-0001">
        <institution>Center for Reproductive Medicine</institution>
        <institution content-type="dept">Obstetrics and Gynaecology</institution>
        <addr-line>Academic Medical CentreMeibergdreef 9</addr-line>
        <city>Amsterdam</city>
        <country>Netherlands</country>
        <postal-code>1105 AZ</postal-code>
      </aff>
      <aff id="CD000317-aff-0002">
        <institution>Academic Medical Center, University of Amsterdam</institution>
        <institution content-type="dept">Center for Reproductive Medicine</institution>
        <addr-line>Meibergdreef 9</addr-line>
        <city>Amsterdam</city>
        <country>Netherlands</country>
        <postal-code>1105 AZ</postal-code>
      </aff>
      <aff id="CD000317-aff-0003">
        <institution>Central London Community Healthcare</institution>
        <institution content-type="dept">Contraception and Sexual Health</institution>
        <addr-line>Raymede Clinic, Exmoor St</addr-line>
        <city>London</city>
        <country>UK</country>
        <postal-code>W10 6DZ</postal-code>
      </aff>
      <author-notes>
        <fn>
          <p>Editorial Group: Cochrane Gynaecology and Fertility Group.</p>
        </fn>
      </author-notes>
      <pub-date pub-type="epub">
        <day>25</day>
        <month>1</month>
        <year>2018</year>
      </pub-date>
      <pub-date pub-type="collection">
        <month>1</month>
        <year>2018</year>
      </pub-date>
      <pub-date pub-type="update">
        <day>05</day>
        <month>02</month>
        <year>2018</year>
      </pub-date>
      <volume>2018</volume>
      <issue>1</issue>
      <elocation-id>CD000317</elocation-id>
      <history>
        <date date-type="previous-update" publication-format="electronic">
          <day>23</day>
          <month>04</month>
          <year>2008</year>
        </date>
        <date date-type="cl-record-assessed-up-to-date">
          <day>15</day>
          <month>12</month>
          <year>2017</year>
        </date>
      </history>
      <permissions>
        <copyright-statement>Copyright &#xA9; 2018 The Cochrane Collaboration. Published by John Wiley &amp; Sons, Ltd.</copyright-statement>
        <copyright-year>2018</copyright-year>
        <copyright-holder>The Cochrane Collaboration</copyright-holder>
      </permissions>
      <related-article related-article-type="updated-article" ext-link-type="doi" xlink:href="10.1002/14651858.CD000317.pub3" id="d28e160"/>
      <abstract>
        <sec>
          <title>Background</title>
          <p>The first&#x2010;line treatment in donor sperm treatment consists of inseminations that can be done by intrauterine insemination (IUI) or by intracervical insemination (ICI).</p>
        </sec>
        <sec>
          <title>Objectives</title>
          <p>To compare the effectiveness and safety of intrauterine insemination (IUI) and intracervical insemination (ICI) in women who start donor sperm treatment.</p>
        </sec>
        <sec>
          <title>Search methods</title>
          <p>We searched the Cochrane Gynaecology and Fertility Group Trials Register, CENTRAL, MEDLINE, Embase, PsycINFO, CINAHL in October 2016, checked references of relevant studies, and contacted study authors and experts in the field to identify additional studies. We searched PubMed, Google Scholar, the Grey literature, and five trials registers on 15 December 2017.</p>
        </sec>
        <sec>
          <title>Selection criteria</title>
          <p>We included randomised controlled trials (RCTs) reporting on IUI versus ICI in natural cycles or with ovarian stimulation, and RCTs comparing different cointerventions in IUI and ICI. We included cross&#x2010;over studies if pre&#x2010;cross&#x2010;over data were available.</p>
        </sec>
        <sec>
          <title>Data collection and analysis</title>
          <p>We used standard methodological procedures recommended by Cochrane. We collected data on primary outcomes of live birth and multiple pregnancy rates, and on secondary outcomes of clinical pregnancy, miscarriage, and cancellation rates.</p>
        </sec>
        <sec>
          <title>Main results</title>
          <p>We included six RCTs (708 women analysed) on ICI and IUI in donor sperm treatment. Two studies compared IUI and ICI in natural cycles, two studies compared IUI and ICI in gonadotrophin&#x2010;stimulated cycles, and two studies compared timing of IUI and ICI. There was very low&#x2010;quality evidence; the main limitations were risk of bias due to poor reporting of study methods, and serious imprecision.</p>
          <p>
            <bold>IUI versus ICI in natural cycles</bold>
          </p>
          <p>There was insufficient evidence to determine whether there was any clear difference in live birth rate between IUI and ICI in natural cycles (odds ratio (OR) 3.24, 95% confidence interval (CI) 0.12 to 87.13; 1 RCT, 26 women; very low&#x2010;quality evidence). There was only one live birth in this study (in the IUI group). IUI resulted in higher clinical pregnancy rates (OR 6.18, 95% CI 1.91 to 20.03; 2 RCTs, 76 women; I&#xB2; = 48%; very low&#x2010;quality evidence).</p>
          <p>No multiple pregnancies or miscarriages occurred in this study.</p>
          <p>
            <bold>IUI versus ICI in gonadotrophin&#x2010;stimulated cycles</bold>
          </p>
          <p>There was insufficient evidence to determine whether there was any clear difference in live birth rate between IUI and ICI in gonadotrophin&#x2010;stimulated cycles (OR 2.55, 95% CI 0.72 to 8.96; 1 RCT, 43 women; very low&#x2010;quality evidence). This suggested that if the chance of a live birth following ICI in gonadotrophin&#x2010;stimulated cycles was assumed to be 30%, the chance following IUI in gonadotrophin&#x2010;stimulated cycles would be between 24% and 80%. IUI may result in higher clinical pregnancy rates than ICI (OR 2.83, 95% CI 1.38 to 5.78; 2 RCTs, 131 women; I&#xB2; = 0%; very low&#x2010;quality evidence). IUI may be associated with higher multiple pregnancy rates than ICI (OR 2.77, 95% CI 1.00 to 7.69; 2 RCTs, 131 women; I&#xB2; = 0%; very low&#x2010;quality evidence). This suggested that if the risk of multiple pregnancy following ICI in gonadotrophin&#x2010;stimulated cycles was assumed to be 10%, the risk following IUI would be between 10% and 46%.</p>
          <p>We found insufficient evidence to determine whether there was any clear difference between the groups in miscarriage rates in gonadotrophin&#x2010;stimulated cycles (OR 1.97, 95% CI 0.43 to 9.04; 2 RCTs, overall 67 pregnancies; I&#xB2; = 50%; very low&#x2010;quality evidence).</p>
          <p>
            <bold>Timing of IUI and ICI</bold>
          </p>
          <p>We found no studies that reported on live birth rates.</p>
          <p>We found a higher clinical pregnancy rate when IUI was timed one day after a rise in blood levels of luteinising hormone (LH) compared to IUI two days after a rise in blood levels of LH (OR 2.00, 95% CI 1.14 to 3.53; 1 RCT, 351 women; low&#x2010;quality evidence). We found insufficient evidence to determine whether there was any clear difference in clinical pregnancy rates between ICI timed after a rise in urinary levels of LH versus a rise in basal temperature plus cervical mucus scores (OR 1.31, 95% CI 0.42 to 4.11; 1 RCT, 56 women; very low&#x2010;quality evidence).</p>
          <p>Neither of these studies reported multiple pregnancy or miscarriage rates as outcomes.</p>
        </sec>
        <sec>
          <title>Authors' conclusions</title>
          <p>There was insufficient evidence to determine whether there was a clear difference in live birth rates between IUI and ICI in natural or gonadotrophin&#x2010;stimulated cycles in women who started with donor sperm treatment. There was insufficient evidence available for the effect of timing of IUI or ICI on live birth rates. Very low&#x2010;quality data suggested that in gonadotrophin&#x2010;stimulated cycles, IUI may be associated with a higher clinical pregnancy rate than ICI, but also with a higher risk of multiple pregnancy rate. We concluded that the current evidence was too limited to choose between IUI or ICI, in natural cycles or with ovarian stimulation, in donor sperm treatment.</p>
        </sec>
      </abstract>
      <abstract abstract-type="short">
        <title>Intrauterine insemination versus intracervical insemination in donor sperm treatment</title>
        <p>
          <bold>Review question</bold>
        </p>
        <p>We reviewed the evidence on the effectiveness and safety of intrauterine insemination (IUI) compared to intracervical insemination (ICI) in women who started donor sperm treatment.</p>
        <p>
          <bold>Background</bold>
        </p>
        <p>The first&#x2010;line treatment in donor sperm treatment consists of inseminations that can be done by placing sperm inside a woman's uterus to facilitate fertilisation (IUI) or by inserting sperm into the vagina using a small, needleless syringe or a cervical cap (ICI). Both IUI and ICI can be performed in natural cycles or following ovarian stimulation.</p>
        <p>Ovarian stimulation can be performed with gonadotrophins, which are injected, or clomiphene citrate, which is available as a tablet. One of the risks of ovarian stimulation is multiple pregnancies. Therefore, the first few cycles of IUI and ICI are usually performed without ovarian stimulation.</p>
        <p>It is important that IUI and ICI are performed at a specific time in the woman's menstrual cycle (as close to ovulation as possible). Various techniques of determining the best timing for IUI and ICI in natural cycles are available, such as keeping basal temperature charts, checking cervical mucus scores, testing blood or urine levels of luteinising hormone (LH), or monitoring with ultrasounds.</p>
        <p>We compared IUI and ICI with each other, and also compared different types of each technique.</p>
        <p>
          <bold>Study characteristics</bold>
        </p>
        <p>We found six randomised controlled trials, including 708 women. Two studies compared IUI and ICI in natural cycles. Two studies compared IUI and ICI in gonadotrophin&#x2010;stimulated cycles. Two studies compared the timing of IUI and ICI. The evidence is current to December 2017.</p>
        <p>
          <bold>Key results</bold>
        </p>
        <p>There was insufficient evidence to determine whether there was any clear difference between IUI and ICI in live birth rates, in either natural cycles or in gonadotrophin&#x2010;stimulated cycles. As there was only one live birth in the small study using natural cycles, we could not make any meaningful comparison between the groups. The evidence on gonadotrophin&#x2010;stimulated cycles suggested that if the live birth rate following ICI was assumed to be 30%, the chance of live birth rate following IUI in gonadotrophin&#x2010;stimulated cycles would be between 24% and 80%. For IUI and ICI in natural cycles, no multiple pregnancies were reported. In gonadotrophin&#x2010;stimulated cycles, IUI was associated with higher multiple pregnancy rates than ICI. The evidence suggested that if the risk of multiple pregnancy following ICI in gonadotrophin&#x2010;stimulated cycles was assumed to be 10%, the risk of multiple pregnancy following IUI would be between 10% and 46%.</p>
        <p>We concluded that the evidence was too limited to encourage or discourage either IUI or ICI, in natural cycles or with ovarian stimulation in donor sperm treatment.</p>
        <p>
          <bold>Quality of the evidence</bold>
        </p>
        <p>Following GRADE assessment, we found that the evidence for all outcomes was of very low quality. The main limitations were risk of bias, due to poor reporting of study methods, and serious imprecision, due to the limited number of studies and small study sizes.</p>
      </abstract>
      <kwd-group kwd-group-type="mesh">
        <kwd>Female</kwd>
        <kwd>Humans</kwd>
        <kwd>Pregnancy</kwd>
        <kwd>Body Temperature</kwd>
        <kwd>Cervix Mucus</kwd>
        <kwd>Gonadotropins</kwd>
        <kwd>Gonadotropins/therapeutic use</kwd>
        <kwd>Insemination, Artificial, Heterologous</kwd>
        <kwd>Insemination, Artificial, Heterologous/methods</kwd>
        <kwd>Live Birth</kwd>
        <kwd>Live Birth/epidemiology</kwd>
        <kwd>Luteinizing Hormone</kwd>
        <kwd>Luteinizing Hormone/blood</kwd>
        <kwd>Menstrual Cycle</kwd>
        <kwd>Menstrual Cycle/drug effects</kwd>
        <kwd>Pregnancy Rate</kwd>
        <kwd>Pregnancy, Multiple</kwd>
        <kwd>Randomized Controlled Trials as Topic</kwd>
      </kwd-group>
    </article-meta>
    <notes notes-type="status-note">
      <p>Edited (no change to conclusions)</p>
    </notes>
  </front>
</article>
</pmc-articleset>