<?xml version="1.0" ?>
<!DOCTYPE pmc-articleset PUBLIC "-//NLM//DTD ARTICLE SET 2.0//EN" "https://dtd.nlm.nih.gov/ncbi/pmc/articleset/nlm-articleset-2.0.dtd">
<pmc-articleset><article xmlns:xlink="http://www.w3.org/1999/xlink" xmlns:mml="http://www.w3.org/1998/Math/MathML" id="CD012898" article-type="systematic-review">
  <!--The publisher of this article does not allow downloading of the full text in XML form.-->
  <front>
    <journal-meta>
      <journal-id journal-id-type="nlm-ta">Cochrane Database Syst Rev</journal-id>
      <journal-id journal-id-type="iso-abbrev">Cochrane Database Syst Rev</journal-id>
      <journal-id journal-id-type="publisher-id">14651858</journal-id>
      <journal-id journal-id-type="doi">10.1002/14651858</journal-id>
      <journal-title-group>
        <journal-title>The Cochrane Database of Systematic Reviews</journal-title>
      </journal-title-group>
      <issn pub-type="epub">1469-493X</issn>
      <issn-l>1361-6137</issn-l>
      <publisher>
        <publisher-name>John Wiley &amp; Sons, Ltd</publisher-name>
        <publisher-loc>Chichester, UK</publisher-loc>
      </publisher>
    </journal-meta>
    <article-meta>
      <article-id pub-id-type="pmc">6486094</article-id>
      <article-id pub-id-type="doi">10.1002/14651858.CD012898</article-id>
      <article-id pub-id-type="publisher-id">CD012898</article-id>
      <article-id pub-id-type="other">CD012898</article-id>
      <article-categories>
        <subj-group subj-group-type="heading">
          <subject>Medicine General &amp; Introductory Medical Sciences</subject>
        </subj-group>
      </article-categories>
      <title-group>
        <article-title>Present&#x2010;centered therapy (PCT) for post&#x2010;traumatic stress disorder (PTSD) in adults</article-title>
      </title-group>
      <contrib-group>
        <contrib id="d28e63" contrib-type="author" corresp="yes">
          <name>
            <surname>Belsher</surname>
            <given-names>Bradley</given-names>
          </name>
          <address>
            <email>bradley.e.belsher.civ@mail.mil</email>
          </address>
          <xref ref-type="aff" rid="CD012898-aff-0001 CD012898-aff-0002"/>
        </contrib>
        <contrib id="d28e68" contrib-type="author">
          <name>
            <surname>Beech</surname>
            <given-names>Erin</given-names>
          </name>
          <xref ref-type="aff" rid="CD012898-aff-0001"/>
        </contrib>
        <contrib id="d28e73" contrib-type="author">
          <name>
            <surname>Evatt</surname>
            <given-names>Daniel</given-names>
          </name>
          <xref ref-type="aff" rid="CD012898-aff-0001 CD012898-aff-0002"/>
        </contrib>
        <contrib id="d28e78" contrib-type="author">
          <name>
            <surname>Rosen</surname>
            <given-names>Craig S</given-names>
          </name>
          <xref ref-type="aff" rid="CD012898-aff-0003 CD012898-aff-0004"/>
        </contrib>
        <contrib id="d28e83" contrib-type="author">
          <name>
            <surname>Liu</surname>
            <given-names>Xian</given-names>
          </name>
          <xref ref-type="aff" rid="CD012898-aff-0001 CD012898-aff-0002"/>
        </contrib>
        <contrib id="d28e88" contrib-type="author">
          <name>
            <surname>Otto</surname>
            <given-names>Jean</given-names>
          </name>
          <xref ref-type="aff" rid="CD012898-aff-0001 CD012898-aff-0002"/>
        </contrib>
        <contrib id="d28e93" contrib-type="author">
          <name>
            <surname>Schnurr</surname>
            <given-names>Paula P</given-names>
          </name>
          <xref ref-type="aff" rid="CD012898-aff-0003 CD012898-aff-0005"/>
        </contrib>
      </contrib-group>
      <aff id="CD012898-aff-0001">
        <institution>Defense Health Agency</institution>
        <institution content-type="dept">Psychological Health Center of Excellence</institution>
        <city>Silver Spring</city>
        <country>USA</country>
        <postal-code>20910</postal-code>
      </aff>
      <aff id="CD012898-aff-0002">
        <institution>Uniformed Services University of the Health Sciences</institution>
        <city>Bethesda</city>
        <country>USA</country>
        <postal-code/>
      </aff>
      <aff id="CD012898-aff-0003">
        <institution>National Center for PTSD, Veterans Affairs</institution>
        <city>White River Junction</city>
        <country>USA</country>
        <postal-code/>
      </aff>
      <aff id="CD012898-aff-0004">
        <institution>Stanford University School of Medicine</institution>
        <city>Stanford</city>
        <country>USA</country>
        <postal-code/>
      </aff>
      <aff id="CD012898-aff-0005">
        <institution>Geisel School of Medicine at Dartmouth</institution>
        <city>Hanover</city>
        <country>USA</country>
        <postal-code/>
      </aff>
      <author-notes>
        <fn>
          <p>Editorial Group: Cochrane Common Mental Disorders Group.</p>
        </fn>
      </author-notes>
      <pub-date pub-type="epub">
        <day>15</day>
        <month>12</month>
        <year>2017</year>
      </pub-date>
      <pub-date pub-type="collection">
        <month>12</month>
        <year>2017</year>
      </pub-date>
      <pub-date pub-type="update">
        <day>08</day>
        <month>12</month>
        <year>2017</year>
      </pub-date>
      <volume>2017</volume>
      <issue>12</issue>
      <elocation-id>CD012898</elocation-id>
      <history/>
      <permissions>
        <copyright-statement>Copyright &#xA9; 2017 The Cochrane Collaboration. Published by John Wiley &amp; Sons, Ltd.</copyright-statement>
        <copyright-year>2017</copyright-year>
        <copyright-holder>The Cochrane Collaboration</copyright-holder>
      </permissions>
      <abstract>
        <title>Abstract</title>
        <p>This is a protocol for a Cochrane Review (Intervention). The objectives are as follows:</p>
        <p>To assess effects of present&#x2010;centered therapy (PCT) for adults with post&#x2010;traumatic stress disorder (PTSD). Specifically, we seek to determine whether (1) PCT is more effective in alleviating symptoms relative to control conditions (ie, waitlist, standard care, minimal attention, repeated assessment, or other minimal attention groups); (2) PCT results in similar alleviation of symptoms relative to trauma&#x2010;focused CBT (TF&#x2010;CBT); and (3) PCT is associated with greater patient retention and fewer adverse events relative to TF&#x2010;CBT.</p>
      </abstract>
    </article-meta>
    <notes notes-type="status-note">
      <p>New</p>
    </notes>
  </front>
</article>
</pmc-articleset>