<?xml version="1.0" ?>
<!DOCTYPE pmc-articleset PUBLIC "-//NLM//DTD ARTICLE SET 2.0//EN" "https://dtd.nlm.nih.gov/ncbi/pmc/articleset/nlm-articleset-2.0.dtd">
<pmc-articleset><article xmlns:xlink="http://www.w3.org/1999/xlink" xmlns:mml="http://www.w3.org/1998/Math/MathML" id="CD008890.pub4" article-type="systematic-review">
  <!--The publisher of this article does not allow downloading of the full text in XML form.-->
  <front>
    <journal-meta>
      <journal-id journal-id-type="nlm-ta">Cochrane Database Syst Rev</journal-id>
      <journal-id journal-id-type="iso-abbrev">Cochrane Database Syst Rev</journal-id>
      <journal-id journal-id-type="publisher-id">14651858</journal-id>
      <journal-id journal-id-type="doi">10.1002/14651858</journal-id>
      <journal-title-group>
        <journal-title>The Cochrane Database of Systematic Reviews</journal-title>
      </journal-title-group>
      <issn pub-type="epub">1469-493X</issn>
      <issn-l>1361-6137</issn-l>
      <publisher>
        <publisher-name>John Wiley &amp; Sons, Ltd</publisher-name>
        <publisher-loc>Chichester, UK</publisher-loc>
      </publisher>
    </journal-meta>
    <article-meta>
      <article-id pub-id-type="pmid">27416004</article-id>
      <article-id pub-id-type="pmc">6457977</article-id>
      <article-id pub-id-type="doi">10.1002/14651858.CD008890.pub4</article-id>
      <article-id pub-id-type="publisher-id">CD008890</article-id>
      <article-id pub-id-type="other">CD008890.pub4</article-id>
      <article-categories>
        <subj-group subj-group-type="heading">
          <subject>Medicine General &amp; Introductory Medical Sciences</subject>
        </subj-group>
      </article-categories>
      <title-group>
        <article-title>Intracystic bleomycin for cystic craniopharyngiomas in children</article-title>
      </title-group>
      <contrib-group>
        <contrib id="d28e63" contrib-type="author">
          <name>
            <surname>Zhang</surname>
            <given-names>Si</given-names>
          </name>
          <xref ref-type="aff" rid="CD008890-aff-0001"/>
        </contrib>
        <contrib id="d28e68" contrib-type="author" corresp="yes">
          <name>
            <surname>Fang</surname>
            <given-names>Yuan</given-names>
          </name>
          <address>
            <email>israel_yuan@163.com</email>
          </address>
          <xref ref-type="aff" rid="CD008890-aff-0001"/>
        </contrib>
        <contrib id="d28e73" contrib-type="author">
          <name>
            <surname>Cai</surname>
            <given-names>Bo Wen</given-names>
          </name>
          <xref ref-type="aff" rid="CD008890-aff-0001"/>
        </contrib>
        <contrib id="d28e78" contrib-type="author">
          <name>
            <surname>Xu</surname>
            <given-names>Jian Guo</given-names>
          </name>
          <xref ref-type="aff" rid="CD008890-aff-0001"/>
        </contrib>
        <contrib id="d28e83" contrib-type="author">
          <name>
            <surname>You</surname>
            <given-names>Chao</given-names>
          </name>
          <xref ref-type="aff" rid="CD008890-aff-0001"/>
        </contrib>
      </contrib-group>
      <aff id="CD008890-aff-0001">
        <institution>West China Hospital, Sichuan University</institution>
        <institution content-type="dept">Department of Neurosurgery</institution>
        <addr-line>No. 37 Guo Xue Xiang</addr-line>
        <city>Chengdu</city>
        <country>China</country>
        <postal-code>610041</postal-code>
      </aff>
      <author-notes>
        <fn>
          <p>Editorial Group: Cochrane Childhood Cancer Group.</p>
        </fn>
      </author-notes>
      <pub-date pub-type="epub">
        <day>14</day>
        <month>7</month>
        <year>2016</year>
      </pub-date>
      <pub-date pub-type="collection">
        <month>7</month>
        <year>2016</year>
      </pub-date>
      <pub-date pub-type="update">
        <day>14</day>
        <month>07</month>
        <year>2016</year>
      </pub-date>
      <volume>2016</volume>
      <issue>7</issue>
      <elocation-id>CD008890</elocation-id>
      <history>
        <date date-type="previous-update" publication-format="electronic">
          <day>19</day>
          <month>09</month>
          <year>2014</year>
        </date>
        <date date-type="cl-record-assessed-up-to-date">
          <day>10</day>
          <month>02</month>
          <year>2016</year>
        </date>
      </history>
      <permissions>
        <copyright-statement>Copyright &#xA9; 2016 The Cochrane Collaboration. Published by John Wiley &amp; Sons, Ltd.</copyright-statement>
        <copyright-year>2016</copyright-year>
        <copyright-holder>The Cochrane Collaboration</copyright-holder>
      </permissions>
      <related-article related-article-type="updated-article" ext-link-type="doi" xlink:href="10.1002/14651858.CD008890.pub3" id="d28e132"/>
      <abstract>
        <sec>
          <title>Background</title>
          <p>Craniopharyngiomas are the most common benign histological tumours to involve the hypothalamo&#x2010;pituitary region in childhood. Cystic craniopharyngiomas account for more than 90% of the tumours. The optimal treatment of cystic craniopharyngioma remains controversial. Radical resection is the treatment of choice in patients with favourable tumour localisation. When the tumour localisation is unfavourable, a gross&#x2010;total or partial resection followed by radiotherapy is the main treatment option in adults. However, it presents a risk of morbidity, especially for children. Intracystic bleomycin has been utilised potentially to delay the use of radiotherapy or radical resection, to decrease morbidity. This review is the second update of a previously published Cochrane review.</p>
        </sec>
        <sec>
          <title>Objectives</title>
          <p>To assess the benefits and harmful effects of intracystic bleomycin in children from birth to 18 years with cystic craniopharyngioma when compared to placebo (no treatment), surgical treatment (with or without adjuvant radiotherapy) or other intracystic treatments.</p>
        </sec>
        <sec>
          <title>Search methods</title>
          <p>We searched the electronic databases CENTRAL (2016, Issue 1), MEDLINE/PubMed (from 1966 to February 2016) and EMBASE/Ovid (from 1980 to February 2016) with pre&#x2010;specified terms. In addition, we searched the reference lists of relevant articles and reviews, conference proceedings (International Society for Paediatric Oncology 2005&#x2010;2015) and ongoing trial databases (Register of the National Institute of Health and International Standard Randomised Controlled Trial Number (ISRCTN) register) in February 2016.</p>
        </sec>
        <sec>
          <title>Selection criteria</title>
          <p>Randomised controlled trials (RCTs), quasi&#x2010;randomised trials or controlled clinical trials (CCTs) comparing intracystic bleomycin and other treatments for cystic craniopharyngiomas in children (from birth to 18 years).</p>
        </sec>
        <sec>
          <title>Data collection and analysis</title>
          <p>Two review authors independently performed the study selection, data extraction and 'Risk of bias' assessment. We used risk ratio (RR) for binary data and mean difference (MD) for continuous data. If one of the treatment groups experienced no events and there was only one study available for the outcome, we used the Fischer's exact test. We performed analysis according to the guidelines in the <italic>Cochrane Handbook for Systematic reviews of Interventions</italic>.</p>
        </sec>
        <sec>
          <title>Main results</title>
          <p>We could not identify any studies in which the only difference between the treatment groups was the use of intracystic bleomycin. We did identify a RCT comparing intracystic bleomycin with intracystic phosphorus<sup>32</sup> (<sup>32</sup>P) (seven children). In this update we identified no additional studies. The included study had a high risk of bias. Survival could not be evaluated. There was no clear evidence of a difference between the treatment groups in cyst reduction (MD &#x2010;0.15, 95% confidence interval (CI) &#x2010;0.69 to 0.39, P value = 0.59, very low quality of evidence), neurological status (Fisher's exact P value = 0.429, very low quality of evidence), third nerve paralysis (Fischer's exact P value = 1.00, very low quality of evidence), fever (RR 2.92, 95% CI 0.73 to 11.70, P value = 0.13, very low quality of evidence) or total adverse effects (RR 1.75, 95% CI 0.68 to 4.53, P value = 0.25, very low quality of evidence). There was a significant difference in favour of the <sup>32</sup>P group for the occurrence of headache and vomiting (Fischer's exact P value = 0.029, very low quality of evidence for both outcomes).</p>
        </sec>
        <sec>
          <title>Authors' conclusions</title>
          <p>Since we identified no RCTs, quasi&#x2010;randomised trials or CCTs of the treatment of cystic craniopharyngiomas in children in which only the use of intracystic bleomycin differed between the treatment groups, no definitive conclusions could be made about the effects of intracystic bleomycin in these patients. Only one low&#x2010;power RCT comparing intracystic bleomycin with intracystic <sup>32</sup>P treatment was available, but no definitive conclusions can be made about the effectiveness of these agents in children with cystic craniopharyngiomas. Based on the currently available evidence, we are not able to give recommendations for the use of intracystic bleomycin in the treatment of cystic craniopharyngiomas in children. High&#x2010;quality RCTs are needed.</p>
        </sec>
      </abstract>
      <abstract abstract-type="short">
        <title>Intracystic bleomycin for children with cystic craniopharyngiomas</title>
        <p>Craniopharyngiomas are rare, slow&#x2010;growing, benign tumours in the hypothalamic&#x2010;pituitary region of the brain. Although they are benign, i.e. the tumour lacks the ability to invade neighbouring tissue or metastasise (spread to other sites), there is considerable morbidity and disability even when the tumour can be resected completely. Cystic craniopharyngiomas are the most common type of craniopharyngiomas. They consist of a solid portion that contains fluid&#x2010;filled balloon&#x2010;like structures (cysts). Cysts are a problem because secretion of fluid into them allows the tumour to increase in size, which puts pressure on parts of the brain and can cause damage. Radical resection (removal by surgery) alone is not sufficient because the rate of recurrence is high and this procedure has a high risk of endocrinological/neurological deficits such as blindness; loss of control of appetite, urine production, emotional behaviour and physical co&#x2010;ordination; memory loss; sleep disturbances; cessation of growth and sexual development; low thyroxine levels; hydrocephalus (high pressure inside the skull); and death. While in adults radiotherapy represents a valid postoperative adjunctive (additional) therapy, in children it has a high risk of side effects including further damage to any remaining sight, with reduction of intelligence quotient (IQ) and ability to perform complex tasks in later life. Intracystic bleomycin (i.e. a type of chemotherapeutic agent injected into the cyst) has been used to potentially decrease the damage associated with cystic craniopharyngioma.</p>
        <p>This systematic review focused on (randomised) controlled studies. We could not identify any randomised controlled trials (RCTs), quasi&#x2010;randomised trials or controlled clinical trials (CCTs) in which the only difference between the intervention and control group was the use of intracystic bleomycin. However, we did identify one RCT comparing intracystic bleomycin with intracystic phosphorus<sup>32</sup> (<sup>32</sup>P), which is a radioactive isotope of phosphorous used for intracystic irradiation. Only seven children were included in this study. The study has a high risk of bias and the sample size is too small to detect a difference in outcomes. The therapeutic use of intracystic bleomycin in children with cystic craniopharyngiomas currently remains uncertain. Although there was no significant difference in total adverse effects between the two treatment groups, there was a significant difference in both headache and vomiting in favour of the <sup>32</sup>P group. The quality of the evidence is, however, very low. More high&#x2010;quality studies are needed but will be difficult as so few children get these tumours.</p>
      </abstract>
      <kwd-group kwd-group-type="mesh">
        <kwd>Child</kwd>
        <kwd>Humans</kwd>
        <kwd>Antibiotics, Antineoplastic</kwd>
        <kwd>Antibiotics, Antineoplastic/administration &amp; dosage</kwd>
        <kwd>Bleomycin</kwd>
        <kwd>Bleomycin/administration &amp; dosage</kwd>
        <kwd>Craniopharyngioma</kwd>
        <kwd>Craniopharyngioma/drug therapy</kwd>
        <kwd>Cysts</kwd>
        <kwd>Cysts/drug therapy</kwd>
        <kwd>Injections, Intralesional</kwd>
        <kwd>Injections, Intralesional/methods</kwd>
        <kwd>Phosphorus Radioisotopes</kwd>
        <kwd>Phosphorus Radioisotopes/administration &amp; dosage</kwd>
        <kwd>Pituitary Neoplasms</kwd>
        <kwd>Pituitary Neoplasms/drug therapy</kwd>
        <kwd>Randomized Controlled Trials as Topic</kwd>
      </kwd-group>
    </article-meta>
    <notes notes-type="status-note">
      <p>New search for studies and content updated (no change to conclusions)</p>
    </notes>
  </front>
</article>
</pmc-articleset>