<?xml version="1.0" ?>
<!DOCTYPE pmc-articleset PUBLIC "-//NLM//DTD ARTICLE SET 2.0//EN" "https://dtd.nlm.nih.gov/ncbi/pmc/articleset/nlm-articleset-2.0.dtd">
<pmc-articleset><article xmlns:xlink="http://www.w3.org/1999/xlink" xmlns:mml="http://www.w3.org/1998/Math/MathML" id="CD012659" article-type="systematic-review">
  <!--The publisher of this article does not allow downloading of the full text in XML form.-->
  <front>
    <journal-meta>
      <journal-id journal-id-type="nlm-ta">Cochrane Database Syst Rev</journal-id>
      <journal-id journal-id-type="iso-abbrev">Cochrane Database Syst Rev</journal-id>
      <journal-id journal-id-type="publisher-id">14651858</journal-id>
      <journal-id journal-id-type="doi">10.1002/14651858</journal-id>
      <journal-title-group>
        <journal-title>The Cochrane Database of Systematic Reviews</journal-title>
      </journal-title-group>
      <issn pub-type="epub">1469-493X</issn>
      <issn-l>1361-6137</issn-l>
      <publisher>
        <publisher-name>John Wiley &amp; Sons, Ltd</publisher-name>
        <publisher-loc>Chichester, UK</publisher-loc>
      </publisher>
    </journal-meta>
    <article-meta>
      <article-id pub-id-type="pmc">6481504</article-id>
      <article-id pub-id-type="doi">10.1002/14651858.CD012659</article-id>
      <article-id pub-id-type="publisher-id">CD012659</article-id>
      <article-id pub-id-type="other">CD012659</article-id>
      <article-categories>
        <subj-group subj-group-type="heading">
          <subject>Medicine General &amp; Introductory Medical Sciences</subject>
        </subj-group>
      </article-categories>
      <title-group>
        <article-title>Real&#x2010;time video counselling for smoking cessation</article-title>
      </title-group>
      <contrib-group>
        <contrib id="d28e63" contrib-type="author" corresp="yes">
          <name>
            <surname>Tzelepis</surname>
            <given-names>Flora</given-names>
          </name>
          <address>
            <email>Flora.Tzelepis@hnehealth.nsw.gov.au</email>
          </address>
          <xref ref-type="aff" rid="CD012659-aff-0001 CD012659-aff-0002 CD012659-aff-0003"/>
        </contrib>
        <contrib id="d28e68" contrib-type="author">
          <name>
            <surname>Paul</surname>
            <given-names>Christine L</given-names>
          </name>
          <xref ref-type="aff" rid="CD012659-aff-0001"/>
        </contrib>
        <contrib id="d28e73" contrib-type="author">
          <name>
            <surname>Williams</surname>
            <given-names>Christopher M</given-names>
          </name>
          <xref ref-type="aff" rid="CD012659-aff-0001 CD012659-aff-0002 CD012659-aff-0003"/>
        </contrib>
        <contrib id="d28e78" contrib-type="author">
          <name>
            <surname>Gilligan</surname>
            <given-names>Conor</given-names>
          </name>
          <xref ref-type="aff" rid="CD012659-aff-0001 CD012659-aff-0002"/>
        </contrib>
        <contrib id="d28e83" contrib-type="author">
          <name>
            <surname>Regan</surname>
            <given-names>Tim</given-names>
          </name>
          <xref ref-type="aff" rid="CD012659-aff-0001 CD012659-aff-0003"/>
        </contrib>
        <contrib id="d28e88" contrib-type="author">
          <name>
            <surname>Daly</surname>
            <given-names>Justine</given-names>
          </name>
          <xref ref-type="aff" rid="CD012659-aff-0003"/>
        </contrib>
        <contrib id="d28e93" contrib-type="author">
          <name>
            <surname>Hodder</surname>
            <given-names>Rebecca K</given-names>
          </name>
          <xref ref-type="aff" rid="CD012659-aff-0001 CD012659-aff-0002 CD012659-aff-0003"/>
        </contrib>
        <contrib id="d28e98" contrib-type="author">
          <name>
            <surname>Wiggers</surname>
            <given-names>John</given-names>
          </name>
          <xref ref-type="aff" rid="CD012659-aff-0001 CD012659-aff-0002 CD012659-aff-0003"/>
        </contrib>
      </contrib-group>
      <aff id="CD012659-aff-0001">
        <institution>University of Newcastle</institution>
        <institution content-type="dept">School of Medicine and Public Health</institution>
        <addr-line>University Drive</addr-line>
        <city>Callaghan</city>
        <country>Australia</country>
        <postal-code>2308</postal-code>
      </aff>
      <aff id="CD012659-aff-0002">
        <institution>Hunter Medical Research Institute</institution>
        <city>New Lambton</city>
        <country>Australia</country>
        <postal-code/>
      </aff>
      <aff id="CD012659-aff-0003">
        <institution>Hunter New England Local Health District</institution>
        <institution content-type="dept">Hunter New England Population Health</institution>
        <city>Wallsend</city>
        <country>Australia</country>
        <postal-code/>
      </aff>
      <author-notes>
        <fn>
          <p>Editorial Group: Cochrane Tobacco Addiction Group.</p>
        </fn>
      </author-notes>
      <pub-date pub-type="epub">
        <day>17</day>
        <month>5</month>
        <year>2017</year>
      </pub-date>
      <pub-date pub-type="collection">
        <month>5</month>
        <year>2017</year>
      </pub-date>
      <pub-date pub-type="update">
        <day>10</day>
        <month>05</month>
        <year>2017</year>
      </pub-date>
      <volume>2017</volume>
      <issue>5</issue>
      <elocation-id>CD012659</elocation-id>
      <history/>
      <permissions>
        <copyright-statement>Copyright &#xA9; 2017 The Cochrane Collaboration. Published by John Wiley &amp; Sons, Ltd.</copyright-statement>
        <copyright-year>2017</copyright-year>
        <copyright-holder>The Cochrane Collaboration</copyright-holder>
      </permissions>
      <abstract>
        <title>Abstract</title>
        <p>This is a protocol for a Cochrane Review (Intervention). The objectives are as follows:</p>
        <p>The objectives of this review are to assess the following, across community, healthcare or other settings.</p>
        <p>
          <list list-type="bullet">
            <list-item>
              <p>The effectiveness of real&#x2010;time video counselling delivered individually or to a group for increasing smoking cessation.</p>
            </list-item>
            <list-item>
              <p>The effectiveness of real&#x2010;time video counselling on increasing the number of quit attempts.</p>
            </list-item>
            <list-item>
              <p>The effect of real&#x2010;time video counselling on intervention adherence and duration of consultations.</p>
            </list-item>
            <list-item>
              <p>The effect of real&#x2010;time video counselling on satisfaction, including ease of use.</p>
            </list-item>
            <list-item>
              <p>The effect of real&#x2010;time video counselling on therapeutic alliance.</p>
            </list-item>
            <list-item>
              <p>To provide a brief economic commentary of real&#x2010;time video counselling.</p>
            </list-item>
          </list>
        </p>
      </abstract>
    </article-meta>
    <notes notes-type="status-note">
      <p>New</p>
    </notes>
  </front>
</article>
</pmc-articleset>