<?xml version="1.0" ?>
<!DOCTYPE pmc-articleset PUBLIC "-//NLM//DTD ARTICLE SET 2.0//EN" "https://dtd.nlm.nih.gov/ncbi/pmc/articleset/nlm-articleset-2.0.dtd">
<pmc-articleset><article xmlns:xlink="http://www.w3.org/1999/xlink" xmlns:mml="http://www.w3.org/1998/Math/MathML" id="CD009513" article-type="systematic-review">
  <!--The publisher of this article does not allow downloading of the full text in XML form.-->
  <front>
    <journal-meta>
      <journal-id journal-id-type="nlm-ta">Cochrane Database Syst Rev</journal-id>
      <journal-id journal-id-type="iso-abbrev">Cochrane Database Syst Rev</journal-id>
      <journal-id journal-id-type="publisher-id">14651858</journal-id>
      <journal-id journal-id-type="doi">10.1002/14651858</journal-id>
      <journal-title-group>
        <journal-title>The Cochrane Database of Systematic Reviews</journal-title>
      </journal-title-group>
      <issn pub-type="epub">1469-493X</issn>
      <issn-l>1361-6137</issn-l>
      <publisher>
        <publisher-name>John Wiley &amp; Sons, Ltd</publisher-name>
        <publisher-loc>Chichester, UK</publisher-loc>
      </publisher>
    </journal-meta>
    <article-meta>
      <article-id pub-id-type="pmid">22161452</article-id>
      <article-id pub-id-type="pmc">6599820</article-id>
      <article-id pub-id-type="doi">10.1002/14651858.CD009513</article-id>
      <article-id pub-id-type="publisher-id">CD009513</article-id>
      <article-id pub-id-type="other">CD009513</article-id>
      <article-categories>
        <subj-group subj-group-type="heading">
          <subject>Medicine General &amp; Introductory Medical Sciences</subject>
        </subj-group>
      </article-categories>
      <title-group>
        <article-title>Interventions to improve adherence to antiretroviral therapy in children with HIV infection</article-title>
      </title-group>
      <contrib-group>
        <contrib id="d28e63" contrib-type="author" corresp="yes">
          <name>
            <surname>Bain&#x2010;Brickley</surname>
            <given-names>Deborah</given-names>
          </name>
          <address>
            <email>dbain@psg.ucsf.edu</email>
          </address>
          <xref ref-type="aff" rid="CD009513-aff-0001"/>
        </contrib>
        <contrib id="d28e68" contrib-type="author">
          <name>
            <surname>Butler</surname>
            <given-names>Lisa M</given-names>
          </name>
          <xref ref-type="aff" rid="CD009513-aff-0001"/>
        </contrib>
        <contrib id="d28e73" contrib-type="author">
          <name>
            <surname>Kennedy</surname>
            <given-names>Gail E</given-names>
          </name>
          <xref ref-type="aff" rid="CD009513-aff-0001"/>
        </contrib>
        <contrib id="d28e78" contrib-type="author">
          <name>
            <surname>Rutherford</surname>
            <given-names>George W</given-names>
          </name>
          <xref ref-type="aff" rid="CD009513-aff-0001"/>
        </contrib>
      </contrib-group>
      <aff id="CD009513-aff-0001">
        <institution>University of California, San Francisco</institution>
        <institution content-type="dept">Global Health Sciences</institution>
        <addr-line>50 Beale StreetSuite 1200</addr-line>
        <city>San Francisco</city>
        <country>USA</country>
        <postal-code>94105</postal-code>
      </aff>
      <author-notes>
        <fn>
          <p>Editorial Group: Cochrane HIV/AIDS Group.</p>
        </fn>
      </author-notes>
      <pub-date pub-type="epub">
        <day>07</day>
        <month>12</month>
        <year>2011</year>
      </pub-date>
      <pub-date pub-type="collection">
        <month>12</month>
        <year>2011</year>
      </pub-date>
      <pub-date pub-type="update">
        <day>04</day>
        <month>11</month>
        <year>2011</year>
      </pub-date>
      <volume>2011</volume>
      <issue>12</issue>
      <elocation-id>CD009513</elocation-id>
      <history/>
      <permissions>
        <copyright-statement>Copyright &#xA9; 2011 The Cochrane Collaboration. Published by John Wiley &amp; Sons, Ltd.</copyright-statement>
        <copyright-year>2011</copyright-year>
        <copyright-holder>The Cochrane Collaboration</copyright-holder>
      </permissions>
      <abstract>
        <sec>
          <title>Background</title>
          <p>Achieving and maintaining high levels of medication adherence are required to achieve the full benefits of antiretroviral therapy (ART), yet suboptimal adherence among children is common in both developed and developing countries.</p>
        </sec>
        <sec>
          <title>Objectives</title>
          <p>To conduct a systematic review of the literature of evaluations of interventions for improving paediatric ART adherence.</p>
        </sec>
        <sec>
          <title>Search methods</title>
          <p>We created a comprehensive search strategy in order to identify all studies relevant to this topic. In July 2010, we searched the following electronic databases: EMBASE, MEDLINE, PsycINFO, Cochrane Central Register of Controlled Trials (CENTRAL), CINAHL, LILACS, Web of Science, Web of Social Science, NLM Gateway (supplemented by a manual search of the most recent abstracts not included in the Gateway database). We searched abstracts from the International AIDS Conference from 2002 to 2010, the International AIDS Society Conference on Pathogenesis, Treatment and Prevention from 2003 to 2009, and from the Conference on Retroviruses and Opportunistic Infections from 1997 to 2010. We used search strategies determined by the Cochrane Review Group on HIV/AIDS. We also contacted researchers who work in this field and checked reference lists of related systematic reviews and of all included studies.</p>
        </sec>
        <sec>
          <title>Selection criteria</title>
          <p>Randomised and non&#x2010;randomised controlled trials of interventions to improve adherence to ART among children and adolescents (age &#x2264;18 years) were included. Studies had to report adherence to ART as an outcome.</p>
        </sec>
        <sec>
          <title>Data collection and analysis</title>
          <p>After one author performed an initial screening to exclude citations that did not meet the inclusion criteria, two authors did a second screening of those citations that likely met the criteria. For all articles that passed the second screening, full articles were pulled in order to make a final determination. Two authors then extracted data and graded methodological quality independently. Differences were resolved through discussion.</p>
        </sec>
        <sec>
          <title>Main results</title>
          <p>Four studies met the inclusion criteria. No single intervention was evaluated by more than one trial. Two studies were conducted in low&#x2010;income countries. Two studies were randomised controlled trials (RCT), and two were non&#x2010;randomised trials. An RCT of a home&#x2010;based nursing programme showed a positive effect of the intervention on knowledge and medication refills (p=.002), but no effect on CD4 count and viral load. A second RCT of caregiver medication diaries showed that the intervention group had fewer participants reporting no missed doses compared to the control group (85% vs. 92%, respectively), although this difference was not statistically significant (p=.08). The intervention had no effect on CD4 percentage or viral load. A non&#x2010;randomised trial of peer support group therapy for adolescents demonstrated no change in self&#x2010;reported adherence, yet the percentage of participants with suppressed viral load increased from 30% to 80% (p=.06). The second non&#x2010;randomised trial found that the percentage of children achieving &gt;80% adherence was no different between children on a lopinavir&#x2010;ritonavir (LPV/r) regimen compared to children on a non&#x2010;nucleoside reverse transcriptase regimen (p=.781). However, the proportion of children achieving virological suppression was significantly greater for children on the LPV/r regimen than for children on the NNRTI&#x2010;containing regimen (p=.002).</p>
        </sec>
        <sec>
          <title>Authors' conclusions</title>
          <p>A home&#x2010;based nursing intervention has the potential to improve ART adherence, but more evidence is needed. Medication diaries do not appear to have an effect on adherence or disease outcomes. Two interventions, an LPV/r&#x2010;containing regimen and peer support therapy for adolescents, did not demonstrate improvements in adherence, yet demonstrated greater viral load suppression compared to control groups, suggesting a different mechanism for improved health outcomes. Well&#x2010;designed evaluations of interventions to improve paediatric adherence to ART are needed.</p>
        </sec>
      </abstract>
      <abstract abstract-type="short">
        <title>Interventions to improve adherence to ART in children and adolescents</title>
        <p>Achieving and maintaining high levels of medication adherence are required to realise the full benefits of antiretroviral therapy (ART). We identified four studies that evaluated interventions designed to improve adherence to ART among children and adolescents age 18 years and younger. These studies showed that home&#x2010;based nursing, peer support for adolescents and LPV/r&#x2010;containing regimens have the potential to improve ART adherence, but more evidence is needed. Medication diaries do not appear to have an effect on adherence. There is a need for well&#x2010;designed evaluations of interventions to improve paediatric adherence to ART.</p>
      </abstract>
      <kwd-group kwd-group-type="mesh">
        <kwd>Adolescent</kwd>
        <kwd>Child</kwd>
        <kwd>Child, Preschool</kwd>
        <kwd>Female</kwd>
        <kwd>Humans</kwd>
        <kwd>Infant</kwd>
        <kwd>Male</kwd>
        <kwd>HIV&#x2010;1</kwd>
        <kwd>Medication Adherence</kwd>
        <kwd>Anti&#x2010;HIV Agents</kwd>
        <kwd>Anti&#x2010;HIV Agents/administration &amp; dosage</kwd>
        <kwd>CD4 Lymphocyte Count</kwd>
        <kwd>HIV Infections</kwd>
        <kwd>HIV Infections/drug therapy</kwd>
        <kwd>HIV Infections/virology</kwd>
        <kwd>Randomized Controlled Trials as Topic</kwd>
        <kwd>Viral Load</kwd>
      </kwd-group>
    </article-meta>
    <notes notes-type="status-note">
      <p>New</p>
    </notes>
  </front>
</article>
</pmc-articleset>