<?xml version="1.0" ?>
<!DOCTYPE pmc-articleset PUBLIC "-//NLM//DTD ARTICLE SET 2.0//EN" "https://dtd.nlm.nih.gov/ncbi/pmc/articleset/nlm-articleset-2.0.dtd">
<pmc-articleset><article xmlns:xlink="http://www.w3.org/1999/xlink" xmlns:mml="http://www.w3.org/1998/Math/MathML" id="CD009091.pub2" article-type="systematic-review">
  <!--The publisher of this article does not allow downloading of the full text in XML form.-->
  <front>
    <journal-meta>
      <journal-id journal-id-type="nlm-ta">Cochrane Database Syst Rev</journal-id>
      <journal-id journal-id-type="iso-abbrev">Cochrane Database Syst Rev</journal-id>
      <journal-id journal-id-type="publisher-id">14651858</journal-id>
      <journal-id journal-id-type="doi">10.1002/14651858</journal-id>
      <journal-title-group>
        <journal-title>The Cochrane Database of Systematic Reviews</journal-title>
      </journal-title-group>
      <issn pub-type="epub">1469-493X</issn>
      <issn-l>1361-6137</issn-l>
      <publisher>
        <publisher-name>John Wiley &amp; Sons, Ltd</publisher-name>
        <publisher-loc>Chichester, UK</publisher-loc>
      </publisher>
    </journal-meta>
    <article-meta>
      <article-id pub-id-type="pmc">6513663</article-id>
      <article-id pub-id-type="doi">10.1002/14651858.CD009091.pub2</article-id>
      <article-id pub-id-type="publisher-id">CD009091</article-id>
      <article-id pub-id-type="other">CD009091.pub2</article-id>
      <article-categories>
        <subj-group subj-group-type="heading">
          <subject>Medicine General &amp; Introductory Medical Sciences</subject>
        </subj-group>
      </article-categories>
      <title-group>
        <article-title>Community mobilization for safe motherhood</article-title>
      </title-group>
      <contrib-group>
        <contrib id="d28e63" contrib-type="author" corresp="yes">
          <name>
            <surname>Gazi</surname>
            <given-names>Rukhsana</given-names>
          </name>
          <address>
            <email>Rukhsana@icddrb.org</email>
          </address>
          <xref ref-type="aff" rid="CD009091-aff-0001"/>
        </contrib>
        <contrib id="d28e68" contrib-type="author">
          <name>
            <surname>Hossain</surname>
            <given-names>Shahed</given-names>
          </name>
          <xref ref-type="aff" rid="CD009091-aff-0001"/>
        </contrib>
        <contrib id="d28e73" contrib-type="author">
          <name>
            <surname>Zaman</surname>
            <given-names>K</given-names>
          </name>
          <xref ref-type="aff" rid="CD009091-aff-0002"/>
        </contrib>
        <contrib id="d28e78" contrib-type="author">
          <name>
            <surname>Koehlmoos</surname>
            <given-names>Tracey Perez</given-names>
          </name>
          <xref ref-type="aff" rid="CD009091-aff-0003 CD009091-aff-0004"/>
        </contrib>
      </contrib-group>
      <aff id="CD009091-aff-0001">
        <institution>International Centre for Diarrhoeal Disease Research, Bangladesh (icddr,b)</institution>
        <institution content-type="dept">Centre for Equity and Health Systems</institution>
        <addr-line>68 Shaheed Tajuddin AhmedSarani, Mohakhali</addr-line>
        <city>Dhaka</city>
        <country>Bangladesh</country>
        <postal-code>1212</postal-code>
      </aff>
      <aff id="CD009091-aff-0002">
        <institution>International Centre for Diarrhoeal Disease Research, Bangladesh (icddr,b)</institution>
        <institution content-type="dept">Centre for Child and Adolescent Health</institution>
        <addr-line>68 Shaheed Tajuddin AhmedSarani, Mohakhali</addr-line>
        <city>Dhaka</city>
        <country>Bangladesh</country>
        <postal-code>1212</postal-code>
      </aff>
      <aff id="CD009091-aff-0003">
        <institution>George Mason University</institution>
        <institution content-type="dept">College of Health and Human Services</institution>
        <city>Washington DC</city>
        <country>USA</country>
        <postal-code/>
      </aff>
      <aff id="CD009091-aff-0004">
        <institution>International Centre for Diarrhoeal Disease Research, Bangladesh (ICDDR,B)</institution>
        <city>Dhaka</city>
        <country>Bangladesh</country>
        <postal-code/>
      </aff>
      <author-notes>
        <fn>
          <p>Editorial Group: Cochrane Effective Practice and Organisation of Care Group.</p>
        </fn>
      </author-notes>
      <pub-date pub-type="epub">
        <day>04</day>
        <month>9</month>
        <year>2018</year>
      </pub-date>
      <pub-date pub-type="collection">
        <month>9</month>
        <year>2018</year>
      </pub-date>
      <pub-date pub-type="update">
        <day>04</day>
        <month>09</month>
        <year>2018</year>
      </pub-date>
      <volume>2018</volume>
      <issue>9</issue>
      <elocation-id>CD009091</elocation-id>
      <history>
        <date date-type="previous-update" publication-format="electronic">
          <day>13</day>
          <month>04</month>
          <year>2011</year>
        </date>
      </history>
      <permissions>
        <copyright-statement>Copyright &#xA9; 2018 The Cochrane Collaboration. Published by John Wiley &amp; Sons, Ltd.</copyright-statement>
        <copyright-year>2018</copyright-year>
        <copyright-holder>The Cochrane Collaboration</copyright-holder>
      </permissions>
      <related-article related-article-type="updated-article" ext-link-type="doi" xlink:href="10.1002/14651858.CD009091" id="d28e156"/>
      <abstract>
        <title>Abstract</title>
        <p>This is a protocol for a Cochrane Review (Intervention). The objectives are as follows:</p>
        <p>To compare the effectiveness of community mobilization strategies linked to antenatal, intra partum and post natal care and existing routine antenatal, intra partum and post natal care (without community mobilization), imparted to mothers or community members, including their family members or healthcare providers in low&#x2010; and middle&#x2010;income country settings, on access to healthcare knowledge and practices regarding pregnancy care and safe delivery,&#xA0;participation of the community members, maternal mortality, maternal morbidity, neonatal mortality, equity and cost&#x2010;effectiveness.</p>
      </abstract>
    </article-meta>
    <notes notes-type="status-note">
      <p>Withdrawn from publication for reasons stated in the review</p>
    </notes>
  </front>
</article>
</pmc-articleset>