<?xml version="1.0" ?>
<!DOCTYPE pmc-articleset PUBLIC "-//NLM//DTD ARTICLE SET 2.0//EN" "https://dtd.nlm.nih.gov/ncbi/pmc/articleset/nlm-articleset-2.0.dtd">
<pmc-articleset><article xmlns:xlink="http://www.w3.org/1999/xlink" xmlns:mml="http://www.w3.org/1998/Math/MathML" id="CD003425.pub4" article-type="systematic-review">
  <!--The publisher of this article does not allow downloading of the full text in XML form.-->
  <front>
    <journal-meta>
      <journal-id journal-id-type="nlm-ta">Cochrane Database Syst Rev</journal-id>
      <journal-id journal-id-type="iso-abbrev">Cochrane Database Syst Rev</journal-id>
      <journal-id journal-id-type="publisher-id">14651858</journal-id>
      <journal-id journal-id-type="doi">10.1002/14651858</journal-id>
      <journal-title-group>
        <journal-title>The Cochrane Database of Systematic Reviews</journal-title>
      </journal-title-group>
      <issn pub-type="epub">1469-493X</issn>
      <issn-l>1361-6137</issn-l>
      <publisher>
        <publisher-name>John Wiley &amp; Sons, Ltd</publisher-name>
        <publisher-loc>Chichester, UK</publisher-loc>
      </publisher>
    </journal-meta>
    <article-meta>
      <article-id pub-id-type="pmid">29112240</article-id>
      <article-id pub-id-type="pmc">6486322</article-id>
      <article-id pub-id-type="doi">10.1002/14651858.CD003425.pub4</article-id>
      <article-id pub-id-type="publisher-id">CD003425</article-id>
      <article-id pub-id-type="other">CD003425.pub4</article-id>
      <article-categories>
        <subj-group subj-group-type="heading">
          <subject>Medicine General &amp; Introductory Medical Sciences</subject>
        </subj-group>
      </article-categories>
      <title-group>
        <article-title>Splenectomy versus conservative management for acute sequestration crises in people with sickle cell disease</article-title>
      </title-group>
      <contrib-group>
        <contrib id="d28e63" contrib-type="author" corresp="yes">
          <name>
            <surname>Owusu&#x2010;Ofori</surname>
            <given-names>Shirley</given-names>
          </name>
          <address>
            <email>sowusu_ofori@hotmail.com</email>
          </address>
          <xref ref-type="aff" rid="CD003425-aff-0001"/>
        </contrib>
        <contrib id="d28e68" contrib-type="author">
          <name>
            <surname>Remmington</surname>
            <given-names>Tracey</given-names>
          </name>
          <xref ref-type="aff" rid="CD003425-aff-0002"/>
        </contrib>
      </contrib-group>
      <aff id="CD003425-aff-0001">
        <institution>Komfo Anokye Teaching Hospital</institution>
        <institution content-type="dept">Transfusion Medicine Unit</institution>
        <addr-line>P.O.Box 1934</addr-line>
        <city>Kumasi</city>
        <country>Ghana</country>
        <postal-code/>
      </aff>
      <aff id="CD003425-aff-0002">
        <institution>University of Liverpool</institution>
        <institution content-type="dept">Department of Women's and Children's Health</institution>
        <addr-line>Alder Hey Children's NHS Foundation TrustEaton Road</addr-line>
        <city>Liverpool</city>
        <country>UK</country>
        <postal-code>L12 2AP</postal-code>
      </aff>
      <author-notes>
        <fn>
          <p>Editorial Group: Cochrane Cystic Fibrosis and Genetic Disorders Group.</p>
        </fn>
      </author-notes>
      <pub-date pub-type="epub">
        <day>07</day>
        <month>11</month>
        <year>2017</year>
      </pub-date>
      <pub-date pub-type="collection">
        <month>11</month>
        <year>2017</year>
      </pub-date>
      <pub-date pub-type="update">
        <day>07</day>
        <month>11</month>
        <year>2017</year>
      </pub-date>
      <volume>2017</volume>
      <issue>11</issue>
      <elocation-id>CD003425</elocation-id>
      <history>
        <date date-type="previous-update" publication-format="electronic">
          <day>07</day>
          <month>09</month>
          <year>2015</year>
        </date>
        <date date-type="cl-record-assessed-up-to-date">
          <day>12</day>
          <month>10</month>
          <year>2017</year>
        </date>
      </history>
      <permissions>
        <copyright-statement>Copyright &#xA9; 2017 The Cochrane Collaboration. Published by John Wiley &amp; Sons, Ltd.</copyright-statement>
        <copyright-year>2017</copyright-year>
        <copyright-holder>The Cochrane Collaboration</copyright-holder>
      </permissions>
      <related-article related-article-type="updated-article" ext-link-type="doi" xlink:href="10.1002/14651858.CD003425.pub3" id="d28e129"/>
      <abstract>
        <sec>
          <title>Background</title>
          <p>Acute splenic sequestration crises are a complication of sickle cell disease, with high mortality rates and frequent recurrence in survivors of first attacks. Splenectomy and blood transfusion, with their consequences, are the mainstay of long&#x2010;term management used in different parts of the world. This is a 2017 update of a Cochrane Review first published in 2002, and previously updated, most recently in 2015.</p>
        </sec>
        <sec>
          <title>Objectives</title>
          <p>To assess whether splenectomy (total or partial), to prevent acute splenic sequestration crises in people with sickle cell disease, improved survival and decreased morbidity in people with sickle cell disease, as compared with regular blood transfusions.</p>
        </sec>
        <sec>
          <title>Search methods</title>
          <p>We searched the Cochrane Cystic Fibrosis and Genetic Disorders Group Haemoglobinopathies Trials Register, which comprises of references identified from comprehensive electronic database searches and handsearching relevant journals and abstract books of conference proceedings. We also searched clinical trial registries. Additional trials were sought from the reference lists of the trials and reviews identified by the search strategy.</p>
          <p>Date of the most recent search: 14 August 2017.</p>
        </sec>
        <sec>
          <title>Selection criteria</title>
          <p>All randomized or quasi&#x2010;randomized controlled trials comparing splenectomy (total or partial) to prevent recurrence of acute splenic sequestration crises with no treatment or blood transfusions in people with sickle cell disease.</p>
        </sec>
        <sec>
          <title>Data collection and analysis</title>
          <p>No trials of splenectomy for acute splenic sequestration were found.</p>
        </sec>
        <sec>
          <title>Main results</title>
          <p>No trials of splenectomy for acute splenic sequestration were found.</p>
        </sec>
        <sec>
          <title>Authors' conclusions</title>
          <p>Splenectomy, if full, will prevent further sequestration and if partial, may reduce the recurrence of acute splenic sequestration crises. However, there is a lack of evidence from trials showing that splenectomy improves survival and decreases morbidity in people with sickle cell disease. There is a need for a well&#x2010;designed, adequately&#x2010;powered, randomized controlled trial to assess the benefits and risks of splenectomy compared to transfusion programmes, as a means of improving survival and decreasing mortality from acute splenic sequestration in people with sickle cell disease.</p>
          <p>There are no trials included in the review and we have not identified any relevant trials up to August 2017. We will continue to run searches to identify any potentially relevant trials; however, we do not plan to update other sections of the review until new trials are published.</p>
        </sec>
      </abstract>
      <abstract abstract-type="short">
        <title>Removing spleens from people with sickle cell disease after a splenic sequestration compared to blood transfusions to prevent further attacks</title>
        <p>
          <bold>Review question</bold>
        </p>
        <p>We reviewed the evidence to see whether removing all, of part of, the spleen to prevent acute splenic sequestration improved survival and decreased illness in people with sickle cell disease, as compared with regular blood transfusion. This is a 2017 update of a Cochrane Review first published in 2002, and previously updated, most recently in 2015.</p>
        <p>
          <bold>Background</bold>
        </p>
        <p>In some people with sickle cell disease, red blood cells become trapped and destroyed in the spleen. This damages the spleen, which may become enlarged leading to splenic sequestration crises. These crises consist of abdominal pain, rapid heart rate and other symptoms. Such an attack can be fatal without prompt treatment. All or part of the spleen (splenectomy) is often removed after a person has survived such a crisis to try and prevent another one. This surgery may leave the individual at a higher risk of infection. We looked for trials which compared surgery to blood transfusions.</p>
        <p>
          <bold>Search date</bold>
        </p>
        <p>The evidence is current to: 14 August 2017.</p>
        <p>
          <bold>Key results</bold>
        </p>
        <p>We found no trials to provide reliable evidence about the risks or benefits of splenectomy for people with sickle cell disease after splenic sequestration. There is a need for a trial to assess the benefits and risks of splenectomy compared to transfusion programmes.</p>
        <p>There are no trials included in the review and we have not identified any relevant trials up to August 2017. We will continue to run searches to identify any potentially relevant trials; however, we do not plan to update other sections of the review until new trials are published.</p>
      </abstract>
      <kwd-group kwd-group-type="mesh">
        <kwd>Humans</kwd>
        <kwd>Blood Transfusion</kwd>
        <kwd>Splenectomy</kwd>
        <kwd>Acute Disease</kwd>
        <kwd>Anemia, Sickle Cell</kwd>
        <kwd>Anemia, Sickle Cell/complications</kwd>
        <kwd>Splenic Diseases</kwd>
        <kwd>Splenic Diseases/surgery</kwd>
        <kwd>Splenic Diseases/therapy</kwd>
      </kwd-group>
    </article-meta>
    <notes notes-type="status-note">
      <p>New search for studies and content updated (no change to conclusions)</p>
    </notes>
  </front>
</article>
</pmc-articleset>