<?xml version="1.0" ?>
<!DOCTYPE pmc-articleset PUBLIC "-//NLM//DTD ARTICLE SET 2.0//EN" "https://dtd.nlm.nih.gov/ncbi/pmc/articleset/nlm-articleset-2.0.dtd">
<pmc-articleset><article xmlns:xlink="http://www.w3.org/1999/xlink" xmlns:mml="http://www.w3.org/1998/Math/MathML" id="CD008884.pub2" article-type="systematic-review">
  <!--The publisher of this article does not allow downloading of the full text in XML form.-->
  <front>
    <journal-meta>
      <journal-id journal-id-type="nlm-ta">Cochrane Database Syst Rev</journal-id>
      <journal-id journal-id-type="iso-abbrev">Cochrane Database Syst Rev</journal-id>
      <journal-id journal-id-type="publisher-id">14651858</journal-id>
      <journal-id journal-id-type="doi">10.1002/14651858</journal-id>
      <journal-title-group>
        <journal-title>The Cochrane Database of Systematic Reviews</journal-title>
      </journal-title-group>
      <issn pub-type="epub">1469-493X</issn>
      <issn-l>1361-6137</issn-l>
      <publisher>
        <publisher-name>John Wiley &amp; Sons, Ltd</publisher-name>
        <publisher-loc>Chichester, UK</publisher-loc>
      </publisher>
    </journal-meta>
    <article-meta>
      <article-id pub-id-type="pmid">26110757</article-id>
      <article-id pub-id-type="pmc">6457590</article-id>
      <article-id pub-id-type="doi">10.1002/14651858.CD008884.pub2</article-id>
      <article-id pub-id-type="publisher-id">CD008884</article-id>
      <article-id pub-id-type="other">CD008884.pub2</article-id>
      <article-categories>
        <subj-group subj-group-type="heading">
          <subject>Medicine General &amp; Introductory Medical Sciences</subject>
        </subj-group>
      </article-categories>
      <title-group>
        <article-title>The effects of high perioperative inspiratory oxygen fraction for adult surgical patients</article-title>
      </title-group>
      <contrib-group>
        <contrib id="d28e63" contrib-type="author" corresp="yes">
          <name>
            <surname>Wetterslev</surname>
            <given-names>J&#xF8;rn</given-names>
          </name>
          <address>
            <email>wetterslev@ctu.dk</email>
          </address>
          <xref ref-type="aff" rid="CD008884-aff-0001"/>
        </contrib>
        <contrib id="d28e68" contrib-type="author">
          <name>
            <surname>Meyhoff</surname>
            <given-names>Christian S</given-names>
          </name>
          <xref ref-type="aff" rid="CD008884-aff-0002"/>
        </contrib>
        <contrib id="d28e73" contrib-type="author">
          <name>
            <surname>J&#xF8;rgensen</surname>
            <given-names>Lars N</given-names>
          </name>
          <xref ref-type="aff" rid="CD008884-aff-0003"/>
        </contrib>
        <contrib id="d28e78" contrib-type="author">
          <name>
            <surname>Gluud</surname>
            <given-names>Christian</given-names>
          </name>
          <xref ref-type="aff" rid="CD008884-aff-0004"/>
        </contrib>
        <contrib id="d28e83" contrib-type="author">
          <name>
            <surname>Lindschou</surname>
            <given-names>Jane</given-names>
          </name>
          <xref ref-type="aff" rid="CD008884-aff-0001"/>
        </contrib>
        <contrib id="d28e88" contrib-type="author">
          <name>
            <surname>Rasmussen</surname>
            <given-names>Lars S</given-names>
          </name>
          <xref ref-type="aff" rid="CD008884-aff-0005"/>
        </contrib>
      </contrib-group>
      <aff id="CD008884-aff-0001">
        <institution>Department 7812, Rigshospitalet, Copenhagen University Hospital</institution>
        <institution content-type="dept">Copenhagen Trial Unit, Centre for Clinical Intervention Research</institution>
        <addr-line>Blegdamsvej 9</addr-line>
        <city>Copenhagen</city>
        <country>Denmark</country>
        <postal-code>DK&#x2010;2100</postal-code>
      </aff>
      <aff id="CD008884-aff-0002">
        <institution>Bispebjerg Hospital, University of Copenhagen</institution>
        <institution content-type="dept">Department of Anaesthesiology</institution>
        <city>Copenhagen NV</city>
        <country>Denmark</country>
        <postal-code/>
      </aff>
      <aff id="CD008884-aff-0003">
        <institution>Bispebjerg Hospital, University of Copenhagen</institution>
        <institution content-type="dept">Department of Surgery K</institution>
        <addr-line>Bispebjerg Bakke 23</addr-line>
        <city>Copenhagen</city>
        <country>Denmark</country>
        <postal-code>2400 NV</postal-code>
      </aff>
      <aff id="CD008884-aff-0004">
        <institution>Copenhagen Trial Unit, Centre for Clinical Intervention Research, Department 7812, Rigshospitalet, Copenhagen University Hospital</institution>
        <institution content-type="dept">The Cochrane Hepato&#x2010;Biliary Group</institution>
        <addr-line>Blegdamsvej 9</addr-line>
        <city>Copenhagen</city>
        <country>Denmark</country>
        <postal-code>DK&#x2010;2100</postal-code>
      </aff>
      <aff id="CD008884-aff-0005">
        <institution>Rigshospitalet, University of Copenhagen</institution>
        <institution content-type="dept">Department of Anaesthesia, Centre of Head and Orthopaedics</institution>
        <addr-line>Dpt. 4231Blegdamsvej 9</addr-line>
        <city>Copenhagen</city>
        <country>Denmark</country>
        <postal-code>DK&#x2010;2100 &#xD8;</postal-code>
      </aff>
      <author-notes>
        <fn>
          <p>Editorial Group: Cochrane Anaesthesia, Critical and Emergency Care Group.</p>
        </fn>
      </author-notes>
      <pub-date pub-type="epub">
        <day>25</day>
        <month>6</month>
        <year>2015</year>
      </pub-date>
      <pub-date pub-type="collection">
        <month>6</month>
        <year>2015</year>
      </pub-date>
      <pub-date pub-type="update">
        <day>14</day>
        <month>09</month>
        <year>2016</year>
      </pub-date>
      <volume>2015</volume>
      <issue>6</issue>
      <elocation-id>CD008884</elocation-id>
      <history>
        <date date-type="previous-update" publication-format="electronic">
          <day>08</day>
          <month>12</month>
          <year>2010</year>
        </date>
        <date date-type="cl-record-assessed-up-to-date">
          <day>21</day>
          <month>02</month>
          <year>2014</year>
        </date>
      </history>
      <permissions>
        <copyright-statement>Copyright &#xA9; 2016 The Cochrane Collaboration. Published by John Wiley &amp; Sons, Ltd.</copyright-statement>
        <copyright-year>2016</copyright-year>
        <copyright-holder>The Cochrane Collaboration</copyright-holder>
      </permissions>
      <related-article related-article-type="updated-article" ext-link-type="doi" xlink:href="10.1002/14651858.CD008884" id="d28e190"/>
      <abstract>
        <sec>
          <title>Background</title>
          <p>Available evidence on the effects of a high fraction of inspired oxygen (FIO<sub>2</sub>) of 60% to 90% compared with a routine fraction of inspired oxygen of 30% to 40%, during anaesthesia and surgery, on mortality and surgical site infection has been inconclusive. Previous trials and meta&#x2010;analyses have led to different conclusions on whether a high fraction of supplemental inspired oxygen during anaesthesia may decrease or increase mortality and surgical site infections in surgical patients.</p>
        </sec>
        <sec>
          <title>Objectives</title>
          <p>To assess the benefits and harms of an FIO<sub>2</sub> equal to or greater than 60% compared with a control FIO<sub>2</sub> at or below 40% in the perioperative setting in terms of mortality, surgical site infection, respiratory insufficiency, serious adverse events and length of stay during the index admission for adult surgical patients.</p>
          <p>We looked at various outcomes, conducted subgroup and sensitivity analyses, examined the role of bias and applied trial sequential analysis (TSA) to examine the level of evidence supporting or refuting a high FIO<sub>2</sub> during surgery, anaesthesia and recovery.</p>
        </sec>
        <sec>
          <title>Search methods</title>
          <p>We searched the Cochrane Central Register of Controlled Trials (CENTRAL), MEDLINE, EMBASE, BIOSIS, International Web of Science, the Latin American and Caribbean Health Science Information Database (LILACS), advanced Google and the Cumulative Index to Nursing and Allied Health Literature (CINAHL) up to February 2014. We checked the references of included trials and reviews for unidentified relevant trials and reran the searches in March 2015. We will consider two studies of interest when we update the review.</p>
        </sec>
        <sec>
          <title>Selection criteria</title>
          <p>We included randomized clinical trials that compared a high fraction of inspired oxygen with a routine fraction of inspired oxygen during anaesthesia, surgery and recovery in individuals 18 years of age or older.</p>
        </sec>
        <sec>
          <title>Data collection and analysis</title>
          <p>Two review authors extracted data independently. We conducted random&#x2010;effects and fixed&#x2010;effect meta&#x2010;analyses, and for dichotomous outcomes, we calculated risk ratios (RRs). We used published data and data obtained by contacting trial authors.</p>
          <p>To minimize the risk of systematic error, we assessed the risk of bias of the included trials. To reduce the risk of random errors caused by sparse data and repetitive updating of cumulative meta&#x2010;analyses, we applied trial sequential analyses. We used Grades of Recommendation, Assessment, Development and Evaluation (GRADE) to assess the quality of the evidence.</p>
        </sec>
        <sec>
          <title>Main results</title>
          <p>We included 28 randomized clinical trials (9330 participants); in the 21 trials reporting relevant outcomes for this review, 7597 participants were randomly assigned to a high fraction of inspired oxygen versus a routine fraction of inspired oxygen.</p>
          <p>In trials with an overall low risk of bias, a high fraction of inspired oxygen compared with a routine fraction of inspired oxygen was not associated with all&#x2010;cause mortality (random&#x2010;effects model: RR 1.12, 95% confidence interval (CI) 0.93 to 1.36; GRADE: low quality) within the longest follow&#x2010;up and within 30 days of follow&#x2010;up (Peto odds ratio (OR) 0.99, 95% CI 0.61 to 1.60; GRADE: low quality). In a trial sequential analysis, the required information size was not reached and the analysis could not refute a 20% increase in mortality. Similarly, when all trials were included, a high fraction of inspired oxygen was not associated with all&#x2010;cause mortality to the longest follow&#x2010;up (RR 1.07, 95% CI 0.87 to 1.33) or within 30 days of follow&#x2010;up (Peto OR 0.83, 95% CI 0.54 to 1.29), both of very low quality according to GRADE. Neither was a high fraction of inspired oxygen associated with the risk of surgical site infection in trials with low risk of bias (RR 0.86, 95% CI 0.63 to 1.17; GRADE: low quality) or in all trials (RR 0.87, 95% CI 0.71 to 1.07; GRADE: low quality). A high fraction of inspired oxygen was not associated with respiratory insufficiency (RR 1.25, 95% CI 0.79 to 1.99), serious adverse events (RR 0.96, 95% CI 0.65 to 1.43) or length of stay (mean difference &#x2010;0.06 days, 95% CI &#x2010;0.44 to 0.32 days).</p>
          <p>In subgroup analyses of nine trials using preoperative antibiotics, a high fraction of inspired oxygen was associated with a decrease in surgical site infections (RR 0.76, 95% CI 0.60 to 0.97; GRADE: very low quality); a similar effect was noted in the five trials adequately blinded for the outcome assessment (RR 0.79, 95% CI 0.66 to 0.96; GRADE: very low quality). We did not observe an effect of a high fraction of inspired oxygen on surgical site infections in any other subgroup analyses.</p>
        </sec>
        <sec>
          <title>Authors' conclusions</title>
          <p>As the risk of adverse events, including mortality, may be increased by a fraction of inspired oxygen of 60% or higher, and as robust evidence is lacking for a beneficial effect of a fraction of inspired oxygen of 60% or higher on surgical site infection, our overall results suggest that evidence is insufficient to support the routine use of a high fraction of inspired oxygen during anaesthesia and surgery. Given the risk of attrition and outcome reporting bias, as well as other weaknesses in the available evidence, further randomized clinical trials with low risk of bias in all bias domains, including a large sample size and long&#x2010;term follow&#x2010;up, are warranted.</p>
        </sec>
      </abstract>
      <abstract abstract-type="short">
        <title>The effects of giving adult patients a high inspiratory oxygen fraction around the time of surgery</title>
        <p>
          <bold>Review question</bold>
        </p>
        <p>The normal air that we breathe contains 21% oxygen. This systematic review assesses the beneficial and harmful effects of a percentage of inspired oxygen of 60% to 90% compared with a routine percentage of 30% to 40% given during anaesthesia, during surgery and in the immediate recovery period on the numbers of deaths and surgical site infections reported in adult surgical patients.</p>
        <p>
          <bold>Background</bold>
        </p>
        <p>Reduced lung and circulatory function during surgery can lead to reduced levels of oxygen (hypoxia). Also, oxygen levels are often low in wounds at the end of surgery. This may impair bacterial killing and wound healing. Trials and previous meta&#x2010;analyses have led to different conclusions as to whether a high percentage of inspired oxygen during anaesthesia may decrease or increase the risk of death or surgical site infections. This systematic review used improved Cochrane methodology for carrying out systematic reviews to reassess available evidence derived from randomized clinical trials.</p>
        <p>
          <bold>Study characteristics</bold>
        </p>
        <p>We identified 28 randomized clinical trials. Eight trials with 4918 participants reported on risk of death, and 15 trials with 7219 participants reported on surgical site infections within 14 to 30 days of surgery. Four trials reported serious adverse events, three trials respiratory insufficiency, nine trials length of stay during the associated hospital admission and one trial quality of life. All trials were conducted without direct industry funding.</p>
        <p>The number of participants in each trial ranged from 38 to 2012. The mean age of participants was 50 years (range 15 to 92 years) and 63% were women. Types of surgery included abdominal surgery (eight trials), caesarean section (four trials), breast surgery (one trial), orthopaedic surgery (two trials) and various other surgical procedures (four trials).</p>
        <p>
          <bold>Key results</bold>
        </p>
        <p>A high percentage of inspired oxygen was not statistically associated with increased risk of death, or with a decrease in surgical site infections, in all trials that measured these outcomes, in trials of highest quality and in those with longest follow&#x2010;up.</p>
        <p>An increased risk of adverse events could not be proved right or wrong for a high percentage of inspired oxygen during anaesthesia and surgery.</p>
        <p>
          <bold>Quality and quantity of the evidence</bold>
        </p>
        <p>Only five of the included trials had low risk of bias. The trials randomly assigned 9330 participants, of whom only 7537 participants provided data for this review. The number of participants required to detect or reject a 20% relative risk reduction in deaths was not reached; therefore the observed results were uncertain.</p>
      </abstract>
      <kwd-group kwd-group-type="mesh">
        <kwd>Adult</kwd>
        <kwd>Aged</kwd>
        <kwd>Humans</kwd>
        <kwd>Middle Aged</kwd>
        <kwd>Anesthesia</kwd>
        <kwd>Cause of Death</kwd>
        <kwd>Length of Stay</kwd>
        <kwd>Oxygen</kwd>
        <kwd>Oxygen/administration &amp; dosage</kwd>
        <kwd>Oxygen/adverse effects</kwd>
        <kwd>Oxygen Inhalation Therapy</kwd>
        <kwd>Oxygen Inhalation Therapy/adverse effects</kwd>
        <kwd>Oxygen Inhalation Therapy/methods</kwd>
        <kwd>Oxygen Inhalation Therapy/mortality</kwd>
        <kwd>Randomized Controlled Trials as Topic</kwd>
        <kwd>Respiratory Insufficiency</kwd>
        <kwd>Respiratory Insufficiency/etiology</kwd>
        <kwd>Selection Bias</kwd>
        <kwd>Surgical Procedures, Operative</kwd>
        <kwd>Surgical Procedures, Operative/mortality</kwd>
        <kwd>Surgical Wound Infection</kwd>
        <kwd>Surgical Wound Infection/etiology</kwd>
      </kwd-group>
    </article-meta>
    <notes notes-type="status-note">
      <p>Edited (no change to conclusions), comment added to review</p>
    </notes>
  </front>
</article>
</pmc-articleset>