<?xml version="1.0" ?>
<!DOCTYPE pmc-articleset PUBLIC "-//NLM//DTD ARTICLE SET 2.0//EN" "https://dtd.nlm.nih.gov/ncbi/pmc/articleset/nlm-articleset-2.0.dtd">
<pmc-articleset><article xmlns:xlink="http://www.w3.org/1999/xlink" xmlns:mml="http://www.w3.org/1998/Math/MathML" id="CD007759.pub4" article-type="systematic-review">
  <!--The publisher of this article does not allow downloading of the full text in XML form.-->
  <front>
    <journal-meta>
      <journal-id journal-id-type="nlm-ta">Cochrane Database Syst Rev</journal-id>
      <journal-id journal-id-type="iso-abbrev">Cochrane Database Syst Rev</journal-id>
      <journal-id journal-id-type="publisher-id">14651858</journal-id>
      <journal-id journal-id-type="doi">10.1002/14651858</journal-id>
      <journal-title-group>
        <journal-title>The Cochrane Database of Systematic Reviews</journal-title>
      </journal-title-group>
      <issn pub-type="epub">1469-493X</issn>
      <issn-l>1361-6137</issn-l>
      <publisher>
        <publisher-name>John Wiley &amp; Sons, Ltd</publisher-name>
        <publisher-loc>Chichester, UK</publisher-loc>
      </publisher>
    </journal-meta>
    <article-meta>
      <article-id pub-id-type="pmid">28753234</article-id>
      <article-id pub-id-type="pmc">6483272</article-id>
      <article-id pub-id-type="doi">10.1002/14651858.CD007759.pub4</article-id>
      <article-id pub-id-type="publisher-id">CD007759</article-id>
      <article-id pub-id-type="other">CD007759.pub4</article-id>
      <article-categories>
        <subj-group subj-group-type="heading">
          <subject>Medicine General &amp; Introductory Medical Sciences</subject>
        </subj-group>
      </article-categories>
      <title-group>
        <article-title>Manipulative interventions for reducing pulled elbow in young children</article-title>
      </title-group>
      <contrib-group>
        <contrib id="d28e63" contrib-type="author">
          <name>
            <surname>Krul</surname>
            <given-names>Marjolein</given-names>
          </name>
          <xref ref-type="aff" rid="CD007759-aff-0001"/>
        </contrib>
        <contrib id="d28e68" contrib-type="author" corresp="yes">
          <name>
            <surname>van der Wouden</surname>
            <given-names>Johannes C</given-names>
          </name>
          <address>
            <email>j.vanderwouden@vumc.nl</email>
          </address>
          <xref ref-type="aff" rid="CD007759-aff-0002"/>
        </contrib>
        <contrib id="d28e73" contrib-type="author">
          <name>
            <surname>Kruithof</surname>
            <given-names>Emma J</given-names>
          </name>
          <xref ref-type="aff" rid="CD007759-aff-0002"/>
        </contrib>
        <contrib id="d28e78" contrib-type="author">
          <name>
            <surname>van Suijlekom&#x2010;Smit</surname>
            <given-names>Lisette WA</given-names>
          </name>
          <xref ref-type="aff" rid="CD007759-aff-0003"/>
        </contrib>
        <contrib id="d28e83" contrib-type="author">
          <name>
            <surname>Koes</surname>
            <given-names>Bart W</given-names>
          </name>
          <xref ref-type="aff" rid="CD007759-aff-0001"/>
        </contrib>
      </contrib-group>
      <aff id="CD007759-aff-0001">
        <institution>Erasmus Medical Center</institution>
        <institution content-type="dept">Department of General Practice</institution>
        <addr-line>PO Box 2040</addr-line>
        <city>Rotterdam</city>
        <country>Netherlands</country>
        <postal-code>3000 CA</postal-code>
      </aff>
      <aff id="CD007759-aff-0002">
        <institution>VU University Medical Center</institution>
        <institution content-type="dept">Department of General Practice and Elderly Care Medicine, Amsterdam Public Health Research Institute</institution>
        <addr-line>PO Box 7057</addr-line>
        <city>Amsterdam</city>
        <country>Netherlands</country>
        <postal-code>1007 MB</postal-code>
      </aff>
      <aff id="CD007759-aff-0003">
        <institution>Erasmus Medical Center &#x2010; Sophia Children's Hospital</institution>
        <institution content-type="dept">Department of Paediatrics, Paediatric Rheumatology</institution>
        <addr-line>PO Box 2060</addr-line>
        <city>Rotterdam</city>
        <country>Netherlands</country>
        <postal-code>3000 CB</postal-code>
      </aff>
      <author-notes>
        <fn>
          <p>Editorial Group: Cochrane Bone, Joint and Muscle Trauma Group.</p>
        </fn>
      </author-notes>
      <pub-date pub-type="epub">
        <day>28</day>
        <month>7</month>
        <year>2017</year>
      </pub-date>
      <pub-date pub-type="collection">
        <month>7</month>
        <year>2017</year>
      </pub-date>
      <pub-date pub-type="update">
        <day>27</day>
        <month>07</month>
        <year>2017</year>
      </pub-date>
      <volume>2017</volume>
      <issue>7</issue>
      <elocation-id>CD007759</elocation-id>
      <history>
        <date date-type="previous-update" publication-format="electronic">
          <day>18</day>
          <month>01</month>
          <year>2012</year>
        </date>
      </history>
      <permissions>
        <copyright-statement>Copyright &#xA9; 2017 The Cochrane Collaboration. Published by John Wiley &amp; Sons, Ltd.</copyright-statement>
        <copyright-year>2017</copyright-year>
        <copyright-holder>The Cochrane Collaboration</copyright-holder>
      </permissions>
      <related-article related-article-type="updated-article" ext-link-type="doi" xlink:href="10.1002/14651858.CD007759.pub3" id="d28e157"/>
      <abstract>
        <sec>
          <title>Background</title>
          <p>Pulled elbow (nursemaid's elbow) is a common injury in young children. It often results from a sudden pull on the arm, usually by an adult or taller person, which pulls the radius through the annular ligament, resulting in subluxation (partial dislocation) of the radial head. It can also be caused by a fall or twist. The child experiences sudden acute pain and loss of function in the affected arm. Pulled elbow is usually treated by manual reduction of the subluxed radial head. Various manoeuvres can be applied; most commonly, supination of the forearm, often combined with flexion, and (hyper&#x2010;)pronation. It is unclear which is most successful. This is an update of a Cochrane review first published in 2009 and last updated in 2011.</p>
        </sec>
        <sec>
          <title>Objectives</title>
          <p>To compare the effects (benefits and harms) of the different methods used to manipulate pulled elbow in young children.</p>
        </sec>
        <sec>
          <title>Search methods</title>
          <p>We searched the Cochrane Bone, Joint and Muscle Trauma Group Specialised Register, the Cochrane Central Register of Controlled Trials, MEDLINE, Embase, CINAHL, LILACS, PEDro, clinical trial registers and reference lists of articles. Date of last search: September 2016.</p>
        </sec>
        <sec>
          <title>Selection criteria</title>
          <p>Randomised or quasi&#x2010;randomised controlled clinical trials evaluating manipulative interventions for pulled elbow were included. Our primary outcome was failure at the first attempt, necessitating further treatment.</p>
        </sec>
        <sec>
          <title>Data collection and analysis</title>
          <p>Two review authors independently evaluated trials for inclusion, assessed risk of bias, and extracted data. We pooled data using a fixed&#x2010;effect model.</p>
        </sec>
        <sec>
          <title>Main results</title>
          <p>Overall, nine trials with 906 children (all younger than seven years old and 58% of whom were female) were included, of which five trials were newly identified in this update. Eight trials were performed in emergency departments or ambulatory care centres, and one was performed in a tertiary paediatric orthopaedic unit. Four trials were conducted in the USA, three in Turkey, one in Iran, and one in Spain. Five trials were at high risk of selection bias because allocation was not concealed and all trials were at high risk of detection bias due to the lack of assessor blinding. Eight trials compared hyperpronation with supination&#x2010;flexion. We found low&#x2010;quality evidence that hyperpronation resulted in less failure at first attempt than supination&#x2010;flexion (9.2% versus 26.4%, risk ratio (RR) 0.35; 95% confidence interval (CI) 0.25 to 0.50; 811 participants, 8 studies). Based on an illustrative risk of 268 failures at first attempt per 1000 children treated using supination&#x2010;flexion, this amounted to 174 fewer failures per 1000 children treated using hyperpronation (95% CI 134 to 201 fewer). Based on risk differences data, we also estimated a number needed to treat of 6 (95% CI 5 to 8); this means that six children would need to be treated with the hyperpronation method rather than the supination&#x2010;flexion method to avoid one additional failure at the first attempt.</p>
          <p>The very low&#x2010;quality evidence (from four studies) for pain during or after manipulation means that it is uncertain whether there is or is not a difference between pronation and supination&#x2010;flexion. There was very low&#x2010;quality evidence from six studies that repeat pronation may be more effective than repeat supination&#x2010;flexion for the second attempt after initial failure. The remaining outcomes were either not reported (adverse effects, recurrence) or unsuitable for pooling (ultimate failure). Ultimate failure, reported for the overall population only because of the differences in the study protocols with respect to what to do after the first attempt failed, ranged from no ultimate failures in two studies to six failures (4.1% of 148 episodes) in one study.</p>
          <p>One trial compared supination&#x2010;extension versus supination&#x2010;flexion. It provided very low&#x2010;quality evidence (downgraded three levels for very serious risk of bias and serious imprecision) of no clear difference in failure at first attempt between the two methods.</p>
        </sec>
        <sec>
          <title>Authors' conclusions</title>
          <p>There was low&#x2010;quality evidence from eight small trials that the pronation method may be more effective at first attempt than the supination method for manipulating pulled elbow in young children. For other outcomes, no conclusions could be drawn either because of very low&#x2010;quality evidence or the outcomes not being reported. We suggest that a high&#x2010;quality randomised clinical trial comparing hyperpronation and supination&#x2010;flexion is required to provide definitive evidence. We recommend that this is preceded by a survey among clinicians to establish the extent of clinical equipoise and to optimise the study design and recruitment.</p>
        </sec>
      </abstract>
      <abstract abstract-type="short">
        <title>Different methods of manipulation for reducing pulled elbow in young children</title>
        <p>
          <bold>What is pulled elbow?</bold>
        </p>
        <p>Pulled elbow is a dislocation of the elbow joint in a young child which is often caused by an adult, or taller person, suddenly pulling or tugging on the child's arm when it is straight, or when a child pulls away from an adult impulsively.&#xA0;It can also be caused by a fall or twist. The child immediately complains of pain and cannot use his or her arm. <bold>How is it treated?</bold> Treatment usually consists of manipulating the arm to get the bones of the elbow back into their correct position. It is usually treated by manual intervention. There are two typical manoeuvres, supination and pronation. In supination, the forearm is twisted or rotated outwards (palm of child&#x2019;s hand faces upwards), sometimes followed by bending of the elbow (flexion). While this is often used, it is not always successful. In pronation, the forearm is twisted or rotated inwards (palm of child&#x2019;s hand faces downwards). Both methods are generally safe, although bruising can occur and they can be painful.</p>
        <p>
          <bold>Results of the search</bold>
        </p>
        <p>We searched medical literature databases up to September 2016. We found nine small studies involving a total of 906 children, all of whom were younger than seven years old. Around six out of 10 children were girls. Eight studies were performed in emergency departments or ambulatory care centres. One study was performed in a specialist paediatric orthopaedic unit. Eight trials compared pronation versus supination. One compared two methods of supination.</p>
        <p>
          <bold>Key results</bold>
        </p>
        <p>The pronation method (with the hand downward) may be more successful in repositioning at first attempt for children with a pulled elbow. We estimated that if six children were treated with the pronation method rather than the supination method, this would avoid one more failure at the first attempt. The evidence was insufficient to draw any conclusions as to which, if either, of the two methods was more painful. Where there was a second attempt using the same method, pronation may be more successful as a second attempt. In a few cases, up to four in 100, none of a series of attempts were successful. None of the studies reported on side effects or how many children had another pulled elbow subsequently (recurrence).</p>
        <p>The study comparing two methods of supination provided very low&#x2010;quality evidence that failure after the first attempt was similar in both methods.</p>
        <p>
          <bold>Quality of the evidence</bold>
        </p>
        <p>All nine studies had methodological limitations that may affect the reliability of their findings and put them at high risk of bias. The quality of the evidence for failure at first attempt in the pronation versus supination comparison was low, meaning that we are uncertain about the results. The very low quality of the evidence for the other outcomes for both comparisons means we are very uncertain about the results.</p>
        <p>
          <bold>Conclusions</bold>
        </p>
        <p>Low&#x2010;quality evidence suggests that the pronation method is more successful than the supination method for reducing pulled elbow in young children. No conclusions can be drawn on other outcomes, including pain and side effects.</p>
      </abstract>
      <kwd-group kwd-group-type="mesh">
        <kwd>Child, Preschool</kwd>
        <kwd>Female</kwd>
        <kwd>Humans</kwd>
        <kwd>Infant</kwd>
        <kwd>Male</kwd>
        <kwd>Elbow Joint</kwd>
        <kwd>Elbow Joint/injuries</kwd>
        <kwd>Joint Dislocations</kwd>
        <kwd>Joint Dislocations/etiology</kwd>
        <kwd>Joint Dislocations/therapy</kwd>
        <kwd>Manipulation, Orthopedic</kwd>
        <kwd>Manipulation, Orthopedic/adverse effects</kwd>
        <kwd>Manipulation, Orthopedic/methods</kwd>
        <kwd>Manipulation, Orthopedic/statistics &amp; numerical data</kwd>
        <kwd>Pain Measurement</kwd>
        <kwd>Pronation</kwd>
        <kwd>Radius</kwd>
        <kwd>Radius/injuries</kwd>
        <kwd>Randomized Controlled Trials as Topic</kwd>
        <kwd>Sprains and Strains</kwd>
        <kwd>Sprains and Strains/etiology</kwd>
        <kwd>Sprains and Strains/therapy</kwd>
        <kwd>Supination</kwd>
        <kwd>Treatment Failure</kwd>
      </kwd-group>
    </article-meta>
    <notes notes-type="status-note">
      <p>New search for studies and content updated (conclusions changed)</p>
    </notes>
  </front>
</article>
</pmc-articleset>