<?xml version="1.0" ?>
<!DOCTYPE pmc-articleset PUBLIC "-//NLM//DTD ARTICLE SET 2.0//EN" "https://dtd.nlm.nih.gov/ncbi/pmc/articleset/nlm-articleset-2.0.dtd">
<pmc-articleset><article xmlns:xlink="http://www.w3.org/1999/xlink" xmlns:mml="http://www.w3.org/1998/Math/MathML" id="CD013203" article-type="systematic-review">
  <!--The publisher of this article does not allow downloading of the full text in XML form.-->
  <front>
    <journal-meta>
      <journal-id journal-id-type="nlm-ta">Cochrane Database Syst Rev</journal-id>
      <journal-id journal-id-type="iso-abbrev">Cochrane Database Syst Rev</journal-id>
      <journal-id journal-id-type="publisher-id">14651858</journal-id>
      <journal-id journal-id-type="doi">10.1002/14651858</journal-id>
      <journal-title-group>
        <journal-title>The Cochrane Database of Systematic Reviews</journal-title>
      </journal-title-group>
      <issn pub-type="epub">1469-493X</issn>
      <issn-l>1361-6137</issn-l>
      <publisher>
        <publisher-name>John Wiley &amp; Sons, Ltd</publisher-name>
        <publisher-loc>Chichester, UK</publisher-loc>
      </publisher>
    </journal-meta>
    <article-meta>
      <article-id pub-id-type="pmc">6517200</article-id>
      <article-id pub-id-type="doi">10.1002/14651858.CD013203</article-id>
      <article-id pub-id-type="publisher-id">CD013203</article-id>
      <article-id pub-id-type="other">CD013203</article-id>
      <article-categories>
        <subj-group subj-group-type="heading">
          <subject>Medicine General &amp; Introductory Medical Sciences</subject>
        </subj-group>
      </article-categories>
      <title-group>
        <article-title>Induction immunosuppression in adults undergoing liver transplantation: a network meta&#x2010;analysis</article-title>
      </title-group>
      <contrib-group>
        <contrib id="d28e63" contrib-type="author" corresp="yes">
          <name>
            <surname>Gurusamy</surname>
            <given-names>Kurinchi Selvan</given-names>
          </name>
          <address>
            <email>k.gurusamy@ucl.ac.uk</email>
          </address>
          <xref ref-type="aff" rid="CD013203-aff-0001"/>
        </contrib>
        <contrib id="d28e68" contrib-type="author">
          <name>
            <surname>Tsochatzis</surname>
            <given-names>Emmanuel</given-names>
          </name>
          <xref ref-type="aff" rid="CD013203-aff-0002"/>
        </contrib>
      </contrib-group>
      <aff id="CD013203-aff-0001">
        <institution>University College London</institution>
        <institution content-type="dept">Division of Surgery and Interventional Science</institution>
        <addr-line>9th Floor, Royal Free HospitalRowland Hill Street</addr-line>
        <city>London</city>
        <country>UK</country>
        <postal-code>NW3 2PF</postal-code>
      </aff>
      <aff id="CD013203-aff-0002">
        <institution>Royal Free Hospital and the UCL Institute of Liver and Digestive Health</institution>
        <institution content-type="dept">Sheila Sherlock Liver Centre</institution>
        <addr-line>Pond Street</addr-line>
        <city>London</city>
        <country>UK</country>
        <postal-code>NW3 2QG</postal-code>
      </aff>
      <author-notes>
        <fn>
          <p>Editorial Group: Cochrane Hepato&#x2010;Biliary Group.</p>
        </fn>
      </author-notes>
      <pub-date pub-type="epub">
        <day>26</day>
        <month>11</month>
        <year>2018</year>
      </pub-date>
      <pub-date pub-type="collection">
        <month>11</month>
        <year>2018</year>
      </pub-date>
      <pub-date pub-type="update">
        <day>22</day>
        <month>11</month>
        <year>2018</year>
      </pub-date>
      <volume>2018</volume>
      <issue>11</issue>
      <elocation-id>CD013203</elocation-id>
      <history/>
      <permissions>
        <copyright-statement>Copyright &#xA9; 2018 The Cochrane Collaboration. Published by John Wiley &amp; Sons, Ltd.</copyright-statement>
        <copyright-year>2018</copyright-year>
        <copyright-holder>The Cochrane Collaboration</copyright-holder>
      </permissions>
      <abstract>
        <title>Abstract</title>
        <p>This is a protocol for a Cochrane Review (Intervention). The objectives are as follows:</p>
        <p>To assess the comparative benefits and harms of different induction immunosuppressive regimens in adults undergoing liver transplantation.</p>
      </abstract>
    </article-meta>
    <notes notes-type="status-note">
      <p>New</p>
    </notes>
  </front>
</article>
</pmc-articleset>