<?xml version="1.0" ?>
<!DOCTYPE pmc-articleset PUBLIC "-//NLM//DTD ARTICLE SET 2.0//EN" "https://dtd.nlm.nih.gov/ncbi/pmc/articleset/nlm-articleset-2.0.dtd">
<pmc-articleset><article xmlns:xlink="http://www.w3.org/1999/xlink" xmlns:mml="http://www.w3.org/1998/Math/MathML" id="CD009490.pub2" article-type="systematic-review">
  <!--The publisher of this article does not allow downloading of the full text in XML form.-->
  <front>
    <journal-meta>
      <journal-id journal-id-type="nlm-ta">Cochrane Database Syst Rev</journal-id>
      <journal-id journal-id-type="iso-abbrev">Cochrane Database Syst Rev</journal-id>
      <journal-id journal-id-type="publisher-id">14651858</journal-id>
      <journal-id journal-id-type="doi">10.1002/14651858</journal-id>
      <journal-title-group>
        <journal-title>The Cochrane Database of Systematic Reviews</journal-title>
      </journal-title-group>
      <issn pub-type="epub">1469-493X</issn>
      <issn-l>1361-6137</issn-l>
      <publisher>
        <publisher-name>John Wiley &amp; Sons, Ltd</publisher-name>
        <publisher-loc>Chichester, UK</publisher-loc>
      </publisher>
    </journal-meta>
    <article-meta>
      <article-id pub-id-type="pmid">30307602</article-id>
      <article-id pub-id-type="pmc">6517160</article-id>
      <article-id pub-id-type="doi">10.1002/14651858.CD009490.pub2</article-id>
      <article-id pub-id-type="publisher-id">CD009490</article-id>
      <article-id pub-id-type="other">CD009490.pub2</article-id>
      <article-categories>
        <subj-group subj-group-type="heading">
          <subject>Medicine General &amp; Introductory Medical Sciences</subject>
        </subj-group>
      </article-categories>
      <title-group>
        <article-title>Support surfaces for treating pressure ulcers</article-title>
      </title-group>
      <contrib-group>
        <contrib id="d28e63" contrib-type="author" corresp="yes">
          <name>
            <surname>McInnes</surname>
            <given-names>Elizabeth</given-names>
          </name>
          <address>
            <email>liz.mcinnes@acu.edu.au</email>
            <email>lizmcinnes@bigpond.com</email>
          </address>
          <xref ref-type="aff" rid="CD009490-aff-0001"/>
        </contrib>
        <contrib id="d28e68" contrib-type="author">
          <name>
            <surname>Jammali&#x2010;Blasi</surname>
            <given-names>Asmara</given-names>
          </name>
          <xref ref-type="aff" rid="CD009490-aff-0001"/>
        </contrib>
        <contrib id="d28e73" contrib-type="author">
          <name>
            <surname>Bell&#x2010;Syer</surname>
            <given-names>Sally EM</given-names>
          </name>
          <xref ref-type="aff" rid="CD009490-aff-0002"/>
        </contrib>
        <contrib id="d28e78" contrib-type="author">
          <name>
            <surname>Leung</surname>
            <given-names>Vannessa</given-names>
          </name>
          <xref ref-type="aff" rid="CD009490-aff-0003 CD009490-aff-0004 CD009490-aff-0005"/>
        </contrib>
      </contrib-group>
      <aff id="CD009490-aff-0001">
        <institution>School of Nursing, Midwifery and Paramedicine, Australian Catholic University</institution>
        <institution content-type="dept">Nursing Research Institute, St Vincent's Health Australia (Sydney) and Australian Catholic University (ACU)</institution>
        <addr-line>Executive Suite, Level 5 DeLacy BuildingSt Vincent's Hospital, 390 Victoria Road</addr-line>
        <city>Darlinghurst</city>
        <country>Australia</country>
        <postal-code>2010</postal-code>
      </aff>
      <aff id="CD009490-aff-0002">
        <institution>Cochrane</institution>
        <institution content-type="dept">Cochrane Editorial Unit</institution>
        <addr-line>St Albans House57&#x2010;59 Haymarket</addr-line>
        <city>London</city>
        <country>UK</country>
        <postal-code>SW1Y 4QX</postal-code>
      </aff>
      <aff id="CD009490-aff-0003">
        <institution>Sydney Eye Hospital</institution>
        <addr-line>Kensington</addr-line>
        <city>Sydney</city>
        <country>Australia</country>
        <postal-code>2052</postal-code>
      </aff>
      <aff id="CD009490-aff-0004">
        <institution>The University of Sydney</institution>
        <addr-line>Reserve Road</addr-line>
        <city>Sydney</city>
        <country>Australia</country>
        <postal-code>2065</postal-code>
      </aff>
      <aff id="CD009490-aff-0005">
        <institution>The University of New South Wales</institution>
        <addr-line>Reserve Road</addr-line>
        <city>Sydney</city>
        <country>Australia</country>
        <postal-code>2065</postal-code>
      </aff>
      <author-notes>
        <fn>
          <p>Editorial Group: Cochrane Wounds Group.</p>
        </fn>
      </author-notes>
      <pub-date pub-type="epub">
        <day>11</day>
        <month>10</month>
        <year>2018</year>
      </pub-date>
      <pub-date pub-type="collection">
        <month>10</month>
        <year>2018</year>
      </pub-date>
      <pub-date pub-type="update">
        <day>10</day>
        <month>10</month>
        <year>2018</year>
      </pub-date>
      <volume>2018</volume>
      <issue>10</issue>
      <elocation-id>CD009490</elocation-id>
      <history>
        <date date-type="previous-update" publication-format="electronic">
          <day>07</day>
          <month>12</month>
          <year>2011</year>
        </date>
      </history>
      <permissions>
        <copyright-statement>Copyright &#xA9; 2018 The Cochrane Collaboration. Published by John Wiley &amp; Sons, Ltd.</copyright-statement>
        <copyright-year>2018</copyright-year>
        <copyright-holder>The Cochrane Collaboration</copyright-holder>
      </permissions>
      <related-article related-article-type="updated-article" ext-link-type="doi" xlink:href="10.1002/14651858.CD009490" id="d28e184"/>
      <abstract>
        <sec>
          <title>Background</title>
          <p>Pressure ulcers are treated by reducing pressure on the areas of damaged skin. Special support surfaces (including beds, mattresses and cushions) designed to redistribute pressure, are widely used as treatments. The relative effects of different support surfaces are unclear. This is an update of an existing review.</p>
        </sec>
        <sec>
          <title>Objectives</title>
          <p>To assess the effects of pressure&#x2010;relieving support surfaces in the treatment of pressure ulcers.</p>
        </sec>
        <sec>
          <title>Search methods</title>
          <p>In September 2017 we searched the Cochrane Wounds Specialised Register; the Cochrane Central Register of Controlled Trials (CENTRAL); Ovid MEDLINE (including In&#x2010;Process &amp; Other Non&#x2010;Indexed Citations); Ovid Embase and EBSCO CINAHL Plus. We also searched clinical trials registries for ongoing and unpublished studies, and scanned reference lists of relevant included studies as well as reviews, meta&#x2010;analyses and health technology reports to identify additional studies. There were no restrictions with respect to language, date of publication or study setting.</p>
        </sec>
        <sec>
          <title>Selection criteria</title>
          <p>We included published or unpublished randomised controlled trials (RCTs), that assessed the effects of support surfaces for treating pressure ulcers, in any participant group or setting.</p>
        </sec>
        <sec>
          <title>Data collection and analysis</title>
          <p>Data extraction, assessment of 'Risk of bias' and GRADE assessments were performed independently by two review authors. Trials with similar participants, comparisons and outcomes were considered for meta&#x2010;analysis. Where meta&#x2010;analysis was inappropriate, we reported the results of the trials narratively. Where possible, we planned to report data as either risk ratio or mean difference as appropriate.</p>
        </sec>
        <sec>
          <title>Main results</title>
          <p>For this update we identified one new trial of support surfaces for pressure ulcer treatment, bringing the total to 19 trials involving 3241 participants. Most trials were small, with sample sizes ranging from 20 to 1971, and were generally at high or unclear risk of bias.</p>
          <p>
            <bold>Primary outcome: healing of existing pressure ulcers</bold>
          </p>
          <p>
            <italic>Low&#x2010;tech constant pressure support surfaces</italic>
          </p>
          <p>It is uncertain whether profiling beds increase the proportion of pressure ulcer which heal compared with standard hospital beds as the evidence is of very low certainty: (RR 3.96, 95% CI 1.28 to 12.24), downgraded for serious risk of bias, serious imprecision and indirectness (1 study; 70 participants).</p>
          <p>There is currently no clear difference in ulcer healing between water&#x2010;filled support surfaces and foam replacement mattresses: (RR 0.93, 95% CI 0.63 to 1.37); low&#x2010;certainty evidence downgraded for serious risk of bias and serious imprecision (1 study; 120 participants).</p>
          <p>Further analysis could not be performed for polyester overlays versus gel overlays (1 study; 72 participants), non&#x2010;powered mattresses versus low&#x2010;air&#x2010;loss mattresses (1 study; 20 participants) or standard hospital mattresses with sheepskin overlays versus standard hospital mattresses (1 study; 36 participants).</p>
          <p>
            <italic>High&#x2010;tech pressure support surfaces</italic>
          </p>
          <p>It is currently unclear whether high&#x2010;tech pressure support surfaces (such as low&#x2010;air&#x2010;loss beds, air suspension beds, and alternating pressure surfaces) improve the healing of pressure ulcers (14 studies; 2923 participants) or which intervention may be more effective. The certainty of the evidence is generally low, downgraded mostly for risk of bias, indirectness and imprecision.</p>
          <p>
            <bold>Secondary outcomes</bold>
          </p>
          <p>No analyses were undertaken with respect to secondary outcomes including participant comfort and surface reliability and acceptability as reporting of these within the included trials was very limited.</p>
          <p>Overall, the evidence is of low to very low certainty and was primarily downgraded due to risk of bias and imprecision with some indirectness.</p>
        </sec>
        <sec>
          <title>Authors' conclusions</title>
          <p>Based on the current evidence, it is unclear whether any particular type of low&#x2010; or high&#x2010;tech support surface is more effective at healing pressure ulcers than standard support surfaces.</p>
        </sec>
      </abstract>
      <abstract abstract-type="short">
        <title>Support surfaces for treating pressure ulcers</title>
        <p>
          <bold>What is the aim of this review?</bold>
        </p>
        <p>The aim of this review was to find out whether different support surfaces such as specially&#x2010;designed beds, mattresses or cushions can help to treat pressure ulcers. Researchers from Cochrane collected and analysed all relevant studies (randomised controlled trials) to answer this question, and found 19 relevant studies.</p>
        <p>
          <bold>Key messages</bold>
        </p>
        <p>We cannot be certain which support surfaces are most effective for pressure ulcer treatment as the studies comparing them did not involve enough people and were not well designed.</p>
        <p>
          <bold>What was studied in the review?</bold>
        </p>
        <p>Pressure ulcers (also called pressure sores, decubitus ulcers and bed sores) are wounds to the skin and underlying tissue caused by pressure or rubbing. They typically form at points on the body which are bony or which bear weight or pressure, such as the hips, buttocks, heels and elbows. People who have mobility problems or who lie in bed for long periods are at risk of developing pressure ulcers. A range of treatments, including wound dressings and support surfaces like special mattresses and cushions, are used to treat pressure ulcers.</p>
        <p>Support surfaces for pressure ulcer treatment can include specially&#x2010;designed beds, mattresses, mattress overlays and cushions that are used to protect vulnerable parts of the body and distribute the surface pressure more evenly. Low&#x2010;tech support surfaces include mattresses filled with foam, fluid, beads or air; and alternative foam mattresses and overlays. High&#x2010;tech support surfaces include mattresses and overlays that are electrically powered to alternate the pressure within the surface, beds that are powered to have air mechanically circulated within them and low&#x2010;air&#x2010;loss beds that contain warm air moving within pockets inside the bed. Other support surfaces include sheepskins, cushions and operating table overlays.</p>
        <p>We wanted to find out which support surfaces were most effective in helping pressure ulcers to heal. We also wanted to compare different support surfaces in terms of cost, reliability, durability, and the benefits or harms for patients using them.</p>
        <p>
          <bold>What are the main results of the review?</bold>
        </p>
        <p>In September 2017, we searched for trials looking at support surfaces for treating pressure ulcers and which reported their effects on wound healing. We found 19 trials involving 3241 participants, all adults, the majority of whom were older people and bed&#x2010;bound in hospitals or nursing homes. In studies where participants' sex was reported, the majority were women. Not all studies reported their funding sources, but two of those who did were funded by device manufacturers.</p>
        <p>Five studies involving 318 participants compared low&#x2010;tech constant low&#x2010;pressure (CLP) support surfaces such as foam mattresses. We cannot be certain how these different support surfaces affect pressure ulcer healing as the evidence is mainly of low certainty. Fourteen studies involving 2923 participants compared different high&#x2010;tech support surfaces such as air&#x2010;fluidised beds. Again, we cannot be certain how these different support surfaces affect ulcer healing rates as the certainty of the evidence is mainly low.</p>
        <p>We are not able to draw firm conclusions about the effects of different support surfaces for treating pressure ulcers because the overall quality of the evidence is low to very low. Many of the studies included only small numbers of people, did not provide adequate information on their results, or were not well designed. Further, better conducted trials are necessary to determine which support surfaces are most effective in treating pressure ulcers.</p>
        <p>
          <bold>How up to date is this review?</bold>
        </p>
        <p>We searched for studies that had been published up to September 2017.</p>
      </abstract>
      <kwd-group kwd-group-type="mesh">
        <kwd>Humans</kwd>
        <kwd>Bedding and Linens</kwd>
        <kwd>Bedding and Linens/standards</kwd>
        <kwd>Beds</kwd>
        <kwd>Beds/standards</kwd>
        <kwd>Equipment Design</kwd>
        <kwd>Pressure Ulcer</kwd>
        <kwd>Pressure Ulcer/therapy</kwd>
        <kwd>Randomized Controlled Trials as Topic</kwd>
        <kwd>Surface Properties</kwd>
        <kwd>Wound Healing</kwd>
      </kwd-group>
    </article-meta>
    <notes notes-type="status-note">
      <p>New search for studies and content updated (no change to conclusions)</p>
    </notes>
  </front>
</article>
</pmc-articleset>