<?xml version="1.0" ?>
<!DOCTYPE pmc-articleset PUBLIC "-//NLM//DTD ARTICLE SET 2.0//EN" "https://dtd.nlm.nih.gov/ncbi/pmc/articleset/nlm-articleset-2.0.dtd">
<pmc-articleset><article xmlns:xlink="http://www.w3.org/1999/xlink" xmlns:mml="http://www.w3.org/1998/Math/MathML" id="CD012907" article-type="systematic-review">
  <!--The publisher of this article does not allow downloading of the full text in XML form.-->
  <front>
    <journal-meta>
      <journal-id journal-id-type="nlm-ta">Cochrane Database Syst Rev</journal-id>
      <journal-id journal-id-type="iso-abbrev">Cochrane Database Syst Rev</journal-id>
      <journal-id journal-id-type="publisher-id">14651858</journal-id>
      <journal-id journal-id-type="doi">10.1002/14651858</journal-id>
      <journal-title-group>
        <journal-title>The Cochrane Database of Systematic Reviews</journal-title>
      </journal-title-group>
      <issn pub-type="epub">1469-493X</issn>
      <issn-l>1361-6137</issn-l>
      <publisher>
        <publisher-name>John Wiley &amp; Sons, Ltd</publisher-name>
        <publisher-loc>Chichester, UK</publisher-loc>
      </publisher>
    </journal-meta>
    <article-meta>
      <article-id pub-id-type="pmc">6491065</article-id>
      <article-id pub-id-type="doi">10.1002/14651858.CD012907</article-id>
      <article-id pub-id-type="publisher-id">CD012907</article-id>
      <article-id pub-id-type="other">CD012907</article-id>
      <article-categories>
        <subj-group subj-group-type="heading">
          <subject>Medicine General &amp; Introductory Medical Sciences</subject>
        </subj-group>
      </article-categories>
      <title-group>
        <article-title>Tracking health commodity inventory and notifying stock levels via mobile devices</article-title>
      </title-group>
      <contrib-group>
        <contrib id="d28e63" contrib-type="author" corresp="yes">
          <name>
            <surname>Agarwal</surname>
            <given-names>Smisha</given-names>
          </name>
          <address>
            <email>smishaa@gmail.com</email>
          </address>
          <xref ref-type="aff" rid="CD012907-aff-0001"/>
        </contrib>
        <contrib id="d28e68" contrib-type="author">
          <name>
            <surname>Tamrat</surname>
            <given-names>Tigest</given-names>
          </name>
          <xref ref-type="aff" rid="CD012907-aff-0002"/>
        </contrib>
        <contrib id="d28e73" contrib-type="author">
          <name>
            <surname>F&#xF8;nhus</surname>
            <given-names>Marita S</given-names>
          </name>
          <xref ref-type="aff" rid="CD012907-aff-0003"/>
        </contrib>
        <contrib id="d28e78" contrib-type="author">
          <name>
            <surname>Henschke</surname>
            <given-names>Nicholas</given-names>
          </name>
          <xref ref-type="aff" rid="CD012907-aff-0004"/>
        </contrib>
        <contrib id="d28e83" contrib-type="author">
          <name>
            <surname>Bergman</surname>
            <given-names>Hanna</given-names>
          </name>
          <xref ref-type="aff" rid="CD012907-aff-0004"/>
        </contrib>
        <contrib id="d28e88" contrib-type="author">
          <name>
            <surname>Mehl</surname>
            <given-names>Garrett L</given-names>
          </name>
          <xref ref-type="aff" rid="CD012907-aff-0002"/>
        </contrib>
        <contrib id="d28e93" contrib-type="author">
          <name>
            <surname>Glenton</surname>
            <given-names>Claire</given-names>
          </name>
          <xref ref-type="aff" rid="CD012907-aff-0003"/>
        </contrib>
        <contrib id="d28e98" contrib-type="author">
          <name>
            <surname>Lewin</surname>
            <given-names>Simon</given-names>
          </name>
          <xref ref-type="aff" rid="CD012907-aff-0003 CD012907-aff-0005"/>
        </contrib>
      </contrib-group>
      <aff id="CD012907-aff-0001">
        <institution>World Health Organization</institution>
        <institution content-type="dept">Department of Reproductive Health and Research</institution>
        <city>Chapel Hill</city>
        <country>USA</country>
        <postal-code/>
      </aff>
      <aff id="CD012907-aff-0002">
        <institution>World Health Organization</institution>
        <institution content-type="dept">Department of Reproductive Health and Research</institution>
        <addr-line>20 Avenue Appia</addr-line>
        <city>Geneva</city>
        <country>Switzerland</country>
        <postal-code>CH&#x2010;1211</postal-code>
      </aff>
      <aff id="CD012907-aff-0003">
        <institution>Norwegian Institute of Public Health</institution>
        <addr-line>PO Box 4404, Nydalen</addr-line>
        <city>Oslo</city>
        <country>Norway</country>
        <postal-code>N&#x2010;0403</postal-code>
      </aff>
      <aff id="CD012907-aff-0004">
        <institution>Cochrane</institution>
        <institution content-type="dept">Cochrane Response</institution>
        <city>London</city>
        <country>UK</country>
        <postal-code/>
      </aff>
      <aff id="CD012907-aff-0005">
        <institution>South African Medical Research Council</institution>
        <institution content-type="dept">Health Systems Research Unit</institution>
        <addr-line>PO Box 19070</addr-line>
        <city>Tygerberg</city>
        <country>South Africa</country>
        <postal-code>7505</postal-code>
      </aff>
      <author-notes>
        <fn>
          <p>Editorial Group: Cochrane Effective Practice and Organisation of Care Group.</p>
        </fn>
      </author-notes>
      <pub-date pub-type="epub">
        <day>03</day>
        <month>1</month>
        <year>2018</year>
      </pub-date>
      <pub-date pub-type="collection">
        <month>1</month>
        <year>2018</year>
      </pub-date>
      <pub-date pub-type="update">
        <day>20</day>
        <month>12</month>
        <year>2017</year>
      </pub-date>
      <volume>2018</volume>
      <issue>1</issue>
      <elocation-id>CD012907</elocation-id>
      <history/>
      <permissions>
        <copyright-statement>Copyright &#xA9; 2018 The Cochrane Collaboration. Published by John Wiley &amp; Sons, Ltd.</copyright-statement>
        <copyright-year>2018</copyright-year>
        <copyright-holder>The Cochrane Collaboration</copyright-holder>
      </permissions>
      <abstract>
        <p>This is a protocol for a Cochrane Review (Intervention). The objectives are as follows:</p>
        <sec>
          <title>Primary</title>
          <p>
            <list list-type="bullet">
              <list-item>
                <p>To assess the effects of strategies for notifying stock levels and digital tracking of healthcare&#x2010;related commodities and inventory via mobile devices.</p>
              </list-item>
            </list>
          </p>
        </sec>
        <sec>
          <title>Secondary</title>
          <p>
            <list list-type="bullet">
              <list-item>
                <p>To describe what mobile strategies are currently being used to improve reporting and digital tracking of health commodities;</p>
              </list-item>
              <list-item>
                <p>to identify factors influencing the implementation of mobile interventions targeted at reducing stock&#x2010;outs of health commodities.</p>
              </list-item>
            </list>
          </p>
        </sec>
      </abstract>
    </article-meta>
    <notes notes-type="status-note">
      <p>New</p>
    </notes>
  </front>
</article>
</pmc-articleset>