<?xml version="1.0" ?>
<!DOCTYPE pmc-articleset PUBLIC "-//NLM//DTD ARTICLE SET 2.0//EN" "https://dtd.nlm.nih.gov/ncbi/pmc/articleset/nlm-articleset-2.0.dtd">
<pmc-articleset><article xmlns:xlink="http://www.w3.org/1999/xlink" xmlns:mml="http://www.w3.org/1998/Math/MathML" id="CD002802.pub2" article-type="systematic-review">
  <!--The publisher of this article does not allow downloading of the full text in XML form.-->
  <front>
    <journal-meta>
      <journal-id journal-id-type="nlm-ta">Cochrane Database Syst Rev</journal-id>
      <journal-id journal-id-type="iso-abbrev">Cochrane Database Syst Rev</journal-id>
      <journal-id journal-id-type="publisher-id">14651858</journal-id>
      <journal-id journal-id-type="doi">10.1002/14651858</journal-id>
      <journal-title-group>
        <journal-title>The Cochrane Database of Systematic Reviews</journal-title>
      </journal-title-group>
      <issn pub-type="epub">1469-493X</issn>
      <issn-l>1361-6137</issn-l>
      <publisher>
        <publisher-name>John Wiley &amp; Sons, Ltd</publisher-name>
        <publisher-loc>Chichester, UK</publisher-loc>
      </publisher>
    </journal-meta>
    <article-meta>
      <article-id pub-id-type="pmid">14973993</article-id>
      <article-id pub-id-type="pmc">6993947</article-id>
      <article-id pub-id-type="doi">10.1002/14651858.CD002802.pub2</article-id>
      <article-id pub-id-type="publisher-id">CD002802.pub2</article-id>
      <article-id pub-id-type="other">CD002802</article-id>
      <article-categories>
        <subj-group>
          <subject>Gynaecology</subject>
          <subject>Urology</subject>
          <subject>Urinary incontinence (including enuresis)</subject>
        </subj-group>
      </article-categories>
      <title-group>
        <article-title>Timed voiding for the management of urinary incontinence in adults</article-title>
      </title-group>
      <contrib-group>
        <contrib id="d20e178" contrib-type="author" corresp="yes">
          <name>
            <surname>Ostaszkiewicz</surname>
            <given-names>Joan</given-names>
          </name>
          <address>
            <email>joan.ostaszkiewicz@deakin.edu.au</email>
          </address>
          <xref ref-type="aff" rid="CD002802-aff-0001"/>
        </contrib>
        <contrib id="d20e182" contrib-type="author">
          <name>
            <surname>Johnston</surname>
            <given-names>Linda</given-names>
          </name>
          <xref ref-type="aff" rid="CD002802-aff-0002"/>
        </contrib>
        <contrib id="d20e186" contrib-type="author">
          <name>
            <surname>Roe</surname>
            <given-names>Brenda</given-names>
          </name>
          <xref ref-type="aff" rid="CD002802-aff-0003"/>
        </contrib>
        <contrib id="d20e196" contrib-type="editor">
          <collab collab-type="editors">Cochrane Incontinence Group</collab>
        </contrib>
      </contrib-group>
      <aff id="CD002802-aff-0001">
        <institution>Deakin University</institution>
        <institution content-type="dept">Deakin &#x2010; Southern Health Nursing Research Centre</institution>
        <addr-line>221 Burwood Hwy</addr-line>
        <addr-line>Burwood 3125</addr-line>
        <city>Victoria</city>
        <country>Australia</country>
      </aff>
      <aff id="CD002802-aff-0002">
        <institution>School of Nursing, The University of Melbourne</institution>
        <institution content-type="dept">The Victorian Centre for Nursing Practice Research</institution>
        <addr-line>Level 1</addr-line>
        <addr-line>723 Swanston Street</addr-line>
        <city>Carlton</city>
        <state>Victoria</state>
        <country>Australia</country>
        <postal-code>3053</postal-code>
      </aff>
      <aff id="CD002802-aff-0003">
        <institution>Faculty of Health</institution>
        <institution content-type="dept">Evidence based Practice Research Centre (EPRC)</institution>
        <addr-line>Edge Hill University, University Hospital Aintree</addr-line>
        <addr-line>Longmoor lane, Aintree</addr-line>
        <city>Liverpool</city>
        <country>UK</country>
        <postal-code>L9 7LN</postal-code>
      </aff>
      <pub-date pub-type="epub">
        <day>26</day>
        <month>1</month>
        <year>2004</year>
      </pub-date>
      <pub-date pub-type="collection">
        <month>1</month>
        <year>2004</year>
      </pub-date>
      <pub-date pub-type="update">
        <day>6</day>
        <month>9</month>
        <year>2009</year>
      </pub-date>
      <volume>2004</volume>
      <issue>1</issue>
      <elocation-id>CD002802</elocation-id>
      <permissions>
        <copyright-statement>Copyright &#xA9; 2010 The Cochrane Collaboration. Published by John Wiley &amp; Sons, Ltd.</copyright-statement>
      </permissions>
      <related-article related-article-type="updated-article" ext-link-type="doi" xlink:href="10.1002/14651858.CD002802" id="d20e38"/>
      <abstract>
        <title>Abstract</title>
        <sec id="CD002802-abs1-0001">
          <title>Background</title>
          <p>Timed voiding is a fixed time interval toileting assistance program that has been promoted for the management of people with urinary incontinence who cannot participate in independent toileting. For this reason, it is commonly assumed to represent current practice in residential aged care settings.</p>
        </sec>
        <sec id="CD002802-abs1-0002">
          <title>Objectives</title>
          <p>To assess the effects of timed voiding for the management of urinary incontinence in adults who cannot participate in independent toileting.</p>
        </sec>
        <sec id="CD002802-abs1-0003">
          <title>Search methods</title>
          <p>We searched the Cochrane Incontinence Group Specialised Register (searched 2 April 2009), MEDLINE (January 1966 to November 2003), EMBASE (January 1980 to Week 18 2002), CINAHL (January 1982 to February 2001), PsycINFO (January 1972 to August 2002), Biological Abstracts (January 1980 to December 2000), Current Contents (January 1993 to December 2001) and the reference lists of relevant articles. We also contacted experts in the field, searched relevant websites and hand searched journals and conference proceedings.</p>
        </sec>
        <sec id="CD002802-abs1-0004">
          <title>Selection criteria</title>
          <p>We selected all randomised and quasi&#x2010;randomised trials that addressed timed voiding in an adult population and that had an alteration in continence status as a primary outcome. We included those trials that had assessed timed voiding delivered either alone or in combination with another intervention and compared it with either usual care, or no timed voiding, or another intervention.</p>
        </sec>
        <sec id="CD002802-abs1-0005">
          <title>Data collection and analysis</title>
          <p>Data extraction and quality assessment were undertaken by at least two people working independently of each other. Any differences were resolved by discussion until agreement was reached. The relative risk for dichotomous data were calculated with 95% confidence intervals. Where data were insufficient to support a quantitative analysis, a narrative overview was undertaken.</p>
        </sec>
        <sec id="CD002802-abs1-0006">
          <title>Main results</title>
          <p>Two trials with a total of 298 participants met the inclusion criteria. Both compared timed voiding plus additional intervention with usual care. In one of these timed voiding was combined with continence products, placement of a bedside commode for each participant, education to staff on transfer techniques, feedback and encouragement to staff, praise to participants for "successful responses" and administration of oxybutynin in small doses. The mean percentage who were incontinent when checked daily was 20% in the intervention group compared with 80% in the control group. No further between group analysis was possible from the data reported. The other trial combined timed voiding with a medical assessment and individualised medical management that was based on clinical data. Reduction in the number of participants with daytime and night&#x2010;time incontinence was greater in the intervention group but this difference was statistically significant only for night&#x2010;time wetting. There was no difference in the volume of urine lost as determined by pad weighing.</p>
          <p>The methodological quality of these trials was not high based on the quality appraisal criteria of the Cochrane Incontinence Group. In particular, there was a lack of clarity regarding levels of blinding. It was not possible to combine data from trials. In both trials, the fixed schedule of toileting was combined with other interventions. The extent to which the results reflect the contribution of timed voiding is unknown because the trials' design did not allow assessment of the effects of the fixed schedule of toileting separately from other components of the interventions.</p>
        </sec>
        <sec id="CD002802-abs1-0007">
          <title>Authors' conclusions</title>
          <p>The data were too few and of insufficient quality to provide empirical support for or against the intervention of timed voiding.</p>
        </sec>
      </abstract>
      <abstract abstract-type="short">
        <title>Plain language summary</title>
        <p>
          <bold>Timed voiding for the management of urinary incontinence in adults</bold>
        </p>
        <p>This review examined the use of a fixed interval of voiding for the management of urinary incontinence in adults. This approach to urinary incontinence is thought to be common in aged care homes for people who require assistance from other people for toileting and continence care. The reviewers found two trials that had evaluated timed voiding. They included 298 elderly women who were living in aged care homes and had reduced cognition and impaired mobility. Reductions in the number of incontinence episodes were reported in each trial. The reviewers found insufficient data for these findings to be combined. Hence, at this point in time, there is not enough evidence on the effects of timed voiding for the management of urinary incontinence.</p>
      </abstract>
    </article-meta>
    <notes notes-type="status-note">
      <p>Edited (no change to conclusions)</p>
    </notes>
  </front>
</article>
</pmc-articleset>