<?xml version="1.0" ?>
<!DOCTYPE pmc-articleset PUBLIC "-//NLM//DTD ARTICLE SET 2.0//EN" "https://dtd.nlm.nih.gov/ncbi/pmc/articleset/nlm-articleset-2.0.dtd">
<pmc-articleset><article xmlns:xlink="http://www.w3.org/1999/xlink" xmlns:mml="http://www.w3.org/1998/Math/MathML" id="CD003968.pub5" article-type="systematic-review">
  <!--The publisher of this article does not allow downloading of the full text in XML form.-->
  <front>
    <journal-meta>
      <journal-id journal-id-type="nlm-ta">Cochrane Database Syst Rev</journal-id>
      <journal-id journal-id-type="iso-abbrev">Cochrane Database Syst Rev</journal-id>
      <journal-id journal-id-type="publisher-id">14651858</journal-id>
      <journal-id journal-id-type="doi">10.1002/14651858</journal-id>
      <journal-title-group>
        <journal-title>The Cochrane Database of Systematic Reviews</journal-title>
      </journal-title-group>
      <issn pub-type="epub">1469-493X</issn>
      <issn-l>1361-6137</issn-l>
      <publisher>
        <publisher-name>John Wiley &amp; Sons, Ltd</publisher-name>
        <publisher-loc>Chichester, UK</publisher-loc>
      </publisher>
    </journal-meta>
    <article-meta>
      <article-id pub-id-type="pmid">30270423</article-id>
      <article-id pub-id-type="pmc">6257251</article-id>
      <article-id pub-id-type="doi">10.1002/14651858.CD003968.pub5</article-id>
      <article-id pub-id-type="publisher-id">CD003968.pub5</article-id>
      <article-id pub-id-type="other">CD003968</article-id>
      <article-categories>
        <subj-group>
          <subject>2019 3. Chronic pain</subject>
          <subject>Chronic non&#x2010;cancer pain</subject>
          <subject>Child health</subject>
          <subject>Pain &amp; anaesthesia</subject>
        </subj-group>
      </article-categories>
      <title-group>
        <article-title>Psychological therapies for the management of chronic and recurrent pain in children and
adolescents</article-title>
      </title-group>
      <contrib-group>
        <contrib id="d20e206" contrib-type="author" corresp="yes">
          <name>
            <surname>Fisher</surname>
            <given-names>Emma</given-names>
          </name>
          <address>
            <email>e.a.fisher@bath.ac.uk</email>
          </address>
          <xref ref-type="aff" rid="CD003968-aff-0001"/>
        </contrib>
        <contrib id="d20e210" contrib-type="author">
          <name>
            <surname>Law</surname>
            <given-names>Emily</given-names>
          </name>
          <xref ref-type="aff" rid="CD003968-aff-0002"/>
        </contrib>
        <contrib id="d20e214" contrib-type="author">
          <name>
            <surname>Dudeney</surname>
            <given-names>Joanne</given-names>
          </name>
          <xref ref-type="aff" rid="CD003968-aff-0003"/>
        </contrib>
        <contrib id="d20e218" contrib-type="author">
          <name>
            <surname>Palermo</surname>
            <given-names>Tonya M</given-names>
          </name>
          <xref ref-type="aff" rid="CD003968-aff-0002"/>
        </contrib>
        <contrib id="d20e222" contrib-type="author">
          <name>
            <surname>Stewart</surname>
            <given-names>Gavin</given-names>
          </name>
          <xref ref-type="aff" rid="CD003968-aff-0004"/>
        </contrib>
        <contrib id="d20e226" contrib-type="author">
          <name>
            <surname>Eccleston</surname>
            <given-names>Christopher</given-names>
          </name>
          <xref ref-type="aff" rid="CD003968-aff-0005"/>
        </contrib>
        <contrib id="d20e236" contrib-type="editor">
          <collab collab-type="editors">Cochrane Pain, Palliative and Supportive Care Group</collab>
        </contrib>
      </contrib-group>
      <aff id="CD003968-aff-0001">
        <institution>Pain Research Unit, Churchill Hospital</institution>
        <institution content-type="dept">Cochrane Pain, Palliative and Supportive Care Group</institution>
        <city>Oxford</city>
        <country>UK</country>
      </aff>
      <aff id="CD003968-aff-0002">
        <institution>University of Washington</institution>
        <institution content-type="dept">Anesthesiology and Pain Medicine</institution>
        <city>Seattle</city>
        <state>Washington</state>
        <country>USA</country>
      </aff>
      <aff id="CD003968-aff-0003">
        <institution>Seattle Children's Research Institute</institution>
        <institution content-type="dept">Center for Child Health, Behavior, and Development</institution>
        <addr-line>2001 8th Avenue, Suite 400</addr-line>
        <city>Seattle</city>
        <state>Washington</state>
        <country>USA</country>
      </aff>
      <aff id="CD003968-aff-0004">
        <institution>University of Newcastle</institution>
        <city>Newcastle</city>
        <country>UK</country>
      </aff>
      <aff id="CD003968-aff-0005">
        <institution>University of Bath</institution>
        <institution content-type="dept">Centre for Pain Research</institution>
        <addr-line>Claverton Down</addr-line>
        <city>Bath</city>
        <country>UK</country>
      </aff>
      <pub-date pub-type="epub">
        <day>1</day>
        <month>9</month>
        <year>2018</year>
      </pub-date>
      <pub-date pub-type="collection">
        <month>9</month>
        <year>2018</year>
      </pub-date>
      <pub-date pub-type="update">
        <day>30</day>
        <month>9</month>
        <year>2019</year>
      </pub-date>
      <volume>2018</volume>
      <issue>9</issue>
      <elocation-id>CD003968</elocation-id>
      <permissions>
        <copyright-statement>Copyright &#xA9; 2019 The Cochrane Collaboration. Published by
John Wiley &amp; Sons, Ltd.</copyright-statement>
      </permissions>
      <related-article related-article-type="updated-article" ext-link-type="doi" xlink:href="10.1002/14651858.CD003968.pub4" id="d20e39"/>
      <abstract>
        <title>Abstract</title>
        <sec id="CD003968-abs1-0001">
          <title>Background</title>
          <p>This is an update of the original Cochrane review first published in Issue 1, 2003,
and previously updated in 2009, 2012 and 2014. Chronic pain, defined as pain that
recurs or persists for more than three months, is common in childhood. Chronic pain
can affect nearly every aspect of daily life and is associated with disability,
anxiety, and depressive symptoms.</p>
        </sec>
        <sec id="CD003968-abs1-0002">
          <title>Objectives</title>
          <p>The aim of this review was to update the published evidence on the efficacy of
psychological treatments for chronic and recurrent pain in children and
adolescents.</p>
          <p>The primary objective of this updated review was to determine any effect of
psychological therapy on the clinical outcomes of pain intensity and disability for
chronic and recurrent pain in children and adolescents compared with active treatment,
waiting&#x2010;list, or treatment&#x2010;as&#x2010;usual care.</p>
          <p>The secondary objective was to examine the impact of psychological therapies on
children's depressive symptoms and anxiety symptoms, and determine adverse events.</p>
        </sec>
        <sec id="CD003968-abs1-0003">
          <title>Search methods</title>
          <p>Searches were undertaken of CENTRAL, MEDLINE, MEDLINE in Process, Embase, and
PsycINFO databases. We searched for further RCTs in the references of all identified
studies, meta&#x2010;analyses, and reviews, and trial registry databases. The most recent
search was conducted in May 2018.</p>
        </sec>
        <sec id="CD003968-abs1-0004">
          <title>Selection criteria</title>
          <p>RCTs with at least 10 participants in each arm post&#x2010;treatment comparing psychological
therapies with active treatment, treatment&#x2010;as&#x2010;usual, or waiting&#x2010;list control for
children or adolescents with recurrent or chronic pain were eligible for inclusion. We
excluded trials conducted remotely via the Internet.</p>
        </sec>
        <sec id="CD003968-abs1-0005">
          <title>Data collection and analysis</title>
          <p>We analysed included studies and we assessed quality of outcomes. We combined all
treatments into one class named 'psychological treatments'. We separated the trials by
the number of participants that were included in each arm; trials with &gt; 20
participants per arm versus trials with &lt; 20 participants per arm. We split pain
conditions into headache and mixed chronic pain conditions. We assessed the impact of
both conditions on four outcomes: pain, disability, depression, and anxiety. We
extracted data at two time points; post&#x2010;treatment (immediately or the earliest data
available following end of treatment) and at follow&#x2010;up (between three and 12 months
post&#x2010;treatment).</p>
        </sec>
        <sec id="CD003968-abs1-0006">
          <title>Main results</title>
          <p>We identified 10 new studies (an additional 869 participants) in the updated search.
The review thus included a total of 47 studies, with 2884 children and adolescents
completing treatment (mean age 12.65 years, SD 2.21 years). Twenty&#x2010;three studies
addressed treatments for headache (including migraine); 10 for abdominal pain; two
studies treated participants with either a primary diagnosis of abdominal pain or
irritable bowel syndrome, two studies treated adolescents with fibromyalgia, two
studies included adolescents with temporomandibular disorders, three were for the
treatment of pain associated with sickle cell disease, and two studies treated
adolescents with inflammatory bowel disease. Finally, three studies included
adolescents with mixed pain conditions. Overall, we judged the included studies to be
at unclear or high risk of bias.</p>
          <p>
            <bold>Children with headache pain</bold>
          </p>
          <p>We found that psychological therapies reduced pain frequency post&#x2010;treatment for
children and adolescents with headaches (risk ratio (RR) 2.35, 95% confidence interval
(CI) 1.67 to 3.30, P &lt; 0.01, number needed to treat for an additional beneficial
outcome (NNTB) = 2.86), but these effects were not maintained at follow&#x2010;up. We did not
find a beneficial effect of psychological therapies on reducing disability in young
people post&#x2010;treatment (SMD &#x2010;0.26, 95% CI &#x2010;0.56 to 0.03), but we did find a beneficial
effect in a small number of studies at follow&#x2010;up (SMD &#x2010;0.34, 95% CI &#x2010;0.54 to &#x2010;0.15).
We found no beneficial effect of psychological interventions on depression or anxiety
symptoms.</p>
          <p>
            <bold>Children with mixed pain conditions</bold>
          </p>
          <p>We found that psychological therapies reduced pain intensity post&#x2010;treatment for
children and adolescents with mixed pain conditions (SMD &#x2010;0.43, 95% CI &#x2010;0.67 to &#x2010;0.19,
P &lt; 0.01), but these effects were not maintained at follow&#x2010;up. We did find
beneficial effects of psychological therapies on reducing disability for young people
with mixed pain conditions post&#x2010;treatment (SMD &#x2010;0.34, 95% CI &#x2010;0.54 to &#x2010;0.15) and at
follow&#x2010;up (SMD &#x2010;0.27, 95% CI &#x2010;0.49 to &#x2010;0.06). We found no beneficial effect of
psychological interventions on depression symptoms. In contrast, we found a beneficial
effect on anxiety at post&#x2010;treatment in children with mixed pain conditions (SMD &#x2010;0.16,
95% CI &#x2010;0.29 to &#x2010;0.03), but this was not maintained at follow&#x2010;up.</p>
          <p>Across all pain conditions, we found that adverse events were reported in seven
trials, of which two studies reported adverse events that were study&#x2010;related.</p>
          <p>
            <bold>Quality of evidence</bold>
          </p>
          <p>We found the quality of evidence for all outcomes to be low or very low, mostly
downgraded for unexplained heterogeneity, limitations in study design, imprecise and
sparse data, or suspicion of publication bias. This means our confidence in the effect
estimate is limited: the true effect may be substantially different from the estimate
of the effect, or we have very little confidence in the effect estimate; or the true
effect is likely to be substantially different from the estimate of effect.</p>
        </sec>
        <sec id="CD003968-abs1-0007">
          <title>Authors' conclusions</title>
          <p>Psychological treatments delivered predominantly face&#x2010;to&#x2010;face might be effective for
reducing pain outcomes for children and adolescents with headache or other chronic
pain conditions post&#x2010;treatment. However, there were no effects at follow&#x2010;up.
Psychological therapies were also beneficial for reducing disability in children with
mixed chronic pain conditions at post&#x2010;treatment and follow&#x2010;up, and for children with
headache at follow&#x2010;up. We found no beneficial effect of therapies for improving
depression or anxiety. The conclusions of this update replicate and add to those of a
previous version of the review which found that psychological therapies were effective
in reducing pain frequency/intensity for children with headache and mixed chronic pain
conditions post&#x2010;treatment.</p>
        </sec>
      </abstract>
      <abstract abstract-type="short">
        <title>Plain language summary</title>
        <p>
          <bold>Psychological therapies for the management of chronic and recurrent pain in children
and adolescents</bold>
        </p>
        <p>
          <bold>Bottom line</bold>
        </p>
        <p>Psychological therapies reduce pain frequency immediately following treatment for
children and adolescents with chronic headache and reduce pain intensity for children
and adolescents with mixed chronic pain conditions. Psychological therapies also reduce
disability for children and adolescents with mixed chronic pain conditions immediately
following treatment and up to 12 months later, and for children with headache conditions
up to 12 months later.</p>
        <p>
          <bold>Background</bold>
        </p>
        <p>Chronic pain or pain that lasts for longer than three months is common in young people.
Psychological therapies (e.g. relaxation, hypnosis, coping skills training, biofeedback,
and cognitive behavioural therapy) may help people manage pain and its disabling
consequences. Therapies can be delivered face&#x2010;to&#x2010;face by a therapist, via the Internet,
by telephone call, or by computer programme. This review focused on treatments that are
delivered face&#x2010;to&#x2010;face by a therapist, which includes therapies delivered by telephone
or via a book with exercise instructions. For children and adolescents, there is
evidence that relaxation by itself and cognitive behavioural therapy (treatment that
helps people test and revise their thoughts and actions) are effective in reducing the
intensity of pain in chronic headache, recurrent abdominal pain, fibromyalgia, and
sickle cell disease immediately after treatment.</p>
        <p>
          <bold>Study Characteristics</bold>
        </p>
        <p>This review included 47 studies with 2884 participants. The average age of the children
and adolescents was 12.6 years. Most studies included young people with headache (23
studies) or stomach pain (10 studies), The remaining studies investigated children with
irritable bowel syndrome, fibromyalgia, temporomandibular disorders, sickle cell
disease, inflammatory bowel disease, or included samples with various chronic pain
conditions.</p>
        <p>
          <bold>Key results</bold>
        </p>
        <p>Psychological therapies reduced pain frequency immediately following treatment for
children and adolescents with chronic headache, and pain intensity and anxiety for
children and adolescents with other chronic pain conditions. Psychological therapies
also reduced disability for children and adolescents with non&#x2010;headache chronic pain
conditions immediately following treatment and for children with headache and mixed
chronic pain conditions up to 12 months later. We did not find any benefit of
psychological treatments on reducing anxiety for children with headache or for
depression in children with headache or mixed chronic pain conditions.</p>
        <p>
          <bold>Quality of evidence</bold>
        </p>
        <p>We judged all outcomes to be low or very low&#x2010;quality, meaning our confidence in the
effect estimate is limited: the true effect may be substantially different from the
estimate of the effect or we have very little confidence in the effect estimate; or the
true effect is likely to be substantially different from the estimate of effect.</p>
      </abstract>
    </article-meta>
    <notes notes-type="status-note">
      <p>Edited (no change to conclusions)</p>
    </notes>
  </front>
</article>
</pmc-articleset>