<?xml version="1.0" ?>
<!DOCTYPE pmc-articleset PUBLIC "-//NLM//DTD ARTICLE SET 2.0//EN" "https://dtd.nlm.nih.gov/ncbi/pmc/articleset/nlm-articleset-2.0.dtd">
<pmc-articleset><article xmlns:xlink="http://www.w3.org/1999/xlink" xmlns:mml="http://www.w3.org/1998/Math/MathML" id="CD009835" article-type="systematic-review">
  <!--The publisher of this article does not allow downloading of the full text in XML form.-->
  <front>
    <journal-meta>
      <journal-id journal-id-type="nlm-ta">Cochrane Database Syst Rev</journal-id>
      <journal-id journal-id-type="iso-abbrev">Cochrane Database Syst Rev</journal-id>
      <journal-id journal-id-type="publisher-id">14651858</journal-id>
      <journal-id journal-id-type="doi">10.1002/14651858</journal-id>
      <journal-title-group>
        <journal-title>The Cochrane Database of Systematic Reviews</journal-title>
      </journal-title-group>
      <issn pub-type="epub">1469-493X</issn>
      <issn-l>1361-6137</issn-l>
      <publisher>
        <publisher-name>John Wiley &amp; Sons, Ltd</publisher-name>
        <publisher-loc>Chichester, UK</publisher-loc>
      </publisher>
    </journal-meta>
    <article-meta>
      <article-id pub-id-type="pmc">6483689</article-id>
      <article-id pub-id-type="doi">10.1002/14651858.CD009835</article-id>
      <article-id pub-id-type="publisher-id">CD009835</article-id>
      <article-id pub-id-type="other">CD009835</article-id>
      <article-categories>
        <subj-group subj-group-type="heading">
          <subject>Medicine General &amp; Introductory Medical Sciences</subject>
        </subj-group>
      </article-categories>
      <title-group>
        <article-title>Extended discussion of information for informed consent for participation in clinical trials</article-title>
      </title-group>
      <contrib-group>
        <contrib id="d28e63" contrib-type="author" corresp="yes">
          <name>
            <surname>Hon</surname>
            <given-names>Yoon Khee</given-names>
          </name>
          <address>
            <email>ykhon@crc.gov.my</email>
            <email>johnhon2001@yahoo.co.uk</email>
          </address>
          <xref ref-type="aff" rid="CD009835-aff-0001"/>
        </contrib>
        <contrib id="d28e68" contrib-type="author">
          <name>
            <surname>Narayanan</surname>
            <given-names>Punithavathi</given-names>
          </name>
          <xref ref-type="aff" rid="CD009835-aff-0002"/>
        </contrib>
        <contrib id="d28e73" contrib-type="author">
          <name>
            <surname>Goh</surname>
            <given-names>Pik Pin</given-names>
          </name>
          <xref ref-type="aff" rid="CD009835-aff-0003"/>
        </contrib>
      </contrib-group>
      <aff id="CD009835-aff-0001">
        <institution>Clinical Research Centre, Hospital Kuala Lumpur</institution>
        <institution content-type="dept">Clinical Epidemiology Unit</institution>
        <addr-line>Level 3, Dermatology Block, Hospital Kuala LumpurJalan Pahang</addr-line>
        <city>Kuala Lumpur</city>
        <country>Malaysia</country>
        <postal-code>50586</postal-code>
      </aff>
      <aff id="CD009835-aff-0002">
        <institution>Penang Hospital</institution>
        <institution content-type="dept">Clinical Research Centre</institution>
        <addr-line>Residency Road</addr-line>
        <city>George Town</city>
        <country>Malaysia</country>
        <postal-code>10990</postal-code>
      </aff>
      <aff id="CD009835-aff-0003">
        <institution>Clinical Research Centre, Malaysia</institution>
        <addr-line>Level 3 Dermatology Block, Kuala Lumpur HospitalJalan Pahang</addr-line>
        <city>Kuala Lumpur</city>
        <country>Malaysia</country>
        <postal-code>50586</postal-code>
      </aff>
      <author-notes>
        <fn>
          <p>Editorial Group: Cochrane Consumers and Communication Group.</p>
        </fn>
      </author-notes>
      <pub-date pub-type="epub">
        <day>16</day>
        <month>5</month>
        <year>2012</year>
      </pub-date>
      <pub-date pub-type="collection">
        <month>5</month>
        <year>2012</year>
      </pub-date>
      <pub-date pub-type="update">
        <day>14</day>
        <month>08</month>
        <year>2017</year>
      </pub-date>
      <volume>2012</volume>
      <issue>5</issue>
      <elocation-id>CD009835</elocation-id>
      <history/>
      <permissions>
        <copyright-statement>Copyright &#xA9; 2017 The Cochrane Collaboration. Published by John Wiley &amp; Sons, Ltd.</copyright-statement>
        <copyright-year>2017</copyright-year>
        <copyright-holder>The Cochrane Collaboration</copyright-holder>
      </permissions>
      <abstract>
        <title>Abstract</title>
        <p>This is a protocol for a Cochrane Review (Intervention). The objectives are as follows:</p>
        <p>To assess the effects of 'extended discussion' compared with conventional methods of informed consent for participation in clinical trials for understanding, willingness to participate and anxiety.</p>
      </abstract>
    </article-meta>
    <notes notes-type="status-note">
      <p>Edited (no change to conclusions)</p>
    </notes>
  </front>
</article>
</pmc-articleset>