<?xml version="1.0" ?>
<!DOCTYPE pmc-articleset PUBLIC "-//NLM//DTD ARTICLE SET 2.0//EN" "https://dtd.nlm.nih.gov/ncbi/pmc/articleset/nlm-articleset-2.0.dtd">
<pmc-articleset><article xmlns:xlink="http://www.w3.org/1999/xlink" xmlns:mml="http://www.w3.org/1998/Math/MathML" id="CD012151.pub2" article-type="systematic-review">
  <!--The publisher of this article does not allow downloading of the full text in XML form.-->
  <front>
    <journal-meta>
      <journal-id journal-id-type="nlm-ta">Cochrane Database Syst Rev</journal-id>
      <journal-id journal-id-type="iso-abbrev">Cochrane Database Syst Rev</journal-id>
      <journal-id journal-id-type="publisher-id">14651858</journal-id>
      <journal-id journal-id-type="doi">10.1002/14651858</journal-id>
      <journal-title-group>
        <journal-title>The Cochrane Database of Systematic Reviews</journal-title>
      </journal-title-group>
      <issn pub-type="epub">1469-493X</issn>
      <issn-l>1361-6137</issn-l>
      <publisher>
        <publisher-name>John Wiley &amp; Sons, Ltd</publisher-name>
        <publisher-loc>Chichester, UK</publisher-loc>
      </publisher>
    </journal-meta>
    <article-meta>
      <article-id pub-id-type="pmid">27749986</article-id>
      <article-id pub-id-type="pmc">6461156</article-id>
      <article-id pub-id-type="doi">10.1002/14651858.CD012151.pub2</article-id>
      <article-id pub-id-type="publisher-id">CD012151</article-id>
      <article-id pub-id-type="other">CD012151.pub2</article-id>
      <article-categories>
        <subj-group subj-group-type="heading">
          <subject>Medicine General &amp; Introductory Medical Sciences</subject>
        </subj-group>
      </article-categories>
      <title-group>
        <article-title>Insulin secretagogues for prevention or delay of type 2 diabetes mellitus and its associated complications in persons at increased risk for the development of type 2 diabetes mellitus</article-title>
      </title-group>
      <contrib-group>
        <contrib id="d28e63" contrib-type="author" corresp="yes">
          <name>
            <surname>Hemmingsen</surname>
            <given-names>Bianca</given-names>
          </name>
          <address>
            <email>biancahemmingsen@hotmail.com</email>
          </address>
          <xref ref-type="aff" rid="CD012151-aff-0001"/>
        </contrib>
        <contrib id="d28e68" contrib-type="author">
          <name>
            <surname>Sonne</surname>
            <given-names>David Peick</given-names>
          </name>
          <xref ref-type="aff" rid="CD012151-aff-0002"/>
        </contrib>
        <contrib id="d28e73" contrib-type="author">
          <name>
            <surname>Metzendorf</surname>
            <given-names>Maria&#x2010;Inti</given-names>
          </name>
          <xref ref-type="aff" rid="CD012151-aff-0003"/>
        </contrib>
        <contrib id="d28e78" contrib-type="author">
          <name>
            <surname>Richter</surname>
            <given-names>Bernd</given-names>
          </name>
          <xref ref-type="aff" rid="CD012151-aff-0003"/>
        </contrib>
      </contrib-group>
      <aff id="CD012151-aff-0001">
        <institution>Herlev University Hospital</institution>
        <institution content-type="dept">Department of Internal Medicine</institution>
        <addr-line>Herlev Ringvej 75</addr-line>
        <city>Herlev</city>
        <country>Denmark</country>
        <postal-code>DK&#x2010;2730</postal-code>
      </aff>
      <aff id="CD012151-aff-0002">
        <institution>Gentofte Hospital, University of Copenhagen</institution>
        <institution content-type="dept">Center for Diabetes Research, Department of Medicine</institution>
        <addr-line>Kildegaardsvej 28</addr-line>
        <city>Hellerup</city>
        <country>Denmark</country>
        <postal-code>DK&#x2010;2900</postal-code>
      </aff>
      <aff id="CD012151-aff-0003">
        <institution>Institute of General Practice, Medical Faculty of the Heinrich&#x2010;Heine&#x2010;University D&#xFC;sseldorf</institution>
        <institution content-type="dept">Cochrane Metabolic and Endocrine Disorders Group</institution>
        <addr-line>Moorenstr. 5</addr-line>
        <city>D&#xFC;sseldorf</city>
        <country>Germany</country>
        <postal-code>40225</postal-code>
      </aff>
      <author-notes>
        <fn>
          <p>Editorial Group: Cochrane Metabolic and Endocrine Disorders Group.</p>
        </fn>
      </author-notes>
      <pub-date pub-type="epub">
        <day>17</day>
        <month>10</month>
        <year>2016</year>
      </pub-date>
      <pub-date pub-type="collection">
        <month>10</month>
        <year>2016</year>
      </pub-date>
      <pub-date pub-type="update">
        <day>17</day>
        <month>10</month>
        <year>2016</year>
      </pub-date>
      <volume>2016</volume>
      <issue>10</issue>
      <elocation-id>CD012151</elocation-id>
      <history>
        <date date-type="previous-update" publication-format="electronic">
          <day>14</day>
          <month>04</month>
          <year>2016</year>
        </date>
        <date date-type="cl-record-assessed-up-to-date">
          <day>04</day>
          <month>04</month>
          <year>2016</year>
        </date>
      </history>
      <permissions>
        <copyright-statement>Copyright &#xA9; 2016 The Cochrane Collaboration. Published by John Wiley &amp; Sons, Ltd.</copyright-statement>
        <copyright-year>2016</copyright-year>
        <copyright-holder>The Cochrane Collaboration</copyright-holder>
      </permissions>
      <related-article related-article-type="updated-article" ext-link-type="doi" xlink:href="10.1002/14651858.CD012151" id="d28e153"/>
      <abstract>
        <sec>
          <title>Background</title>
          <p>The projected rise in the incidence of type 2 diabetes mellitus (T2DM) could develop into a substantial health problem worldwide. Whether insulin secretagogues (sulphonylureas and meglitinide analogues) are able to prevent or delay T2DM and its associated complications in people at risk for the development of T2DM is unknown.</p>
        </sec>
        <sec>
          <title>Objectives</title>
          <p>To assess the effects of insulin secretagogues on the prevention or delay of T2DM and its associated complications in people with impaired glucose tolerance, impaired fasting blood glucose, moderately elevated glycosylated haemoglobin A1c (HbA1c) or any combination of these.</p>
        </sec>
        <sec>
          <title>Search methods</title>
          <p>We searched the Cochrane Central Register of Controlled Trials, MEDLINE, PubMed, Embase, ClinicalTrials.gov, the World Health Organization International Clinical Trials Registry Platform, and the reference lists of systematic reviews, articles and health technology assessment reports. We asked investigators of the included trials for information about additional trials. The date of the last search of all databases was April 2016.</p>
        </sec>
        <sec>
          <title>Selection criteria</title>
          <p>We included randomised controlled trials (RCTs) with a duration of 12 weeks or more comparing insulin secretagogues with any pharmacological glucose&#x2010;lowering intervention, behaviour&#x2010;changing intervention, placebo or no intervention in people with impaired fasting glucose, impaired glucose tolerance, moderately elevated HbA1c or combinations of these.</p>
        </sec>
        <sec>
          <title>Data collection and analysis</title>
          <p>Two review authors read all abstracts and full&#x2010;text articles/records, assessed quality and extracted outcome data independently. One review author extracted data which were checked by a second review author. We resolved discrepancies by consensus or the involvement of a third review author. For meta&#x2010;analyses we used a random&#x2010;effects model with investigation of risk ratios (RRs) for dichotomous outcomes and mean differences (MDs) for continuous outcomes, using 95% confidence intervals (CIs) for effect estimates. We carried out trial sequential analyses (TSAs) for all outcomes that could be meta&#x2010;analysed. We assessed the overall quality of the evidence by using the GRADE instrument.</p>
        </sec>
        <sec>
          <title>Main results</title>
          <p>We included six RCTs with 10,018 participants; 4791 participants with data on allocation to intervention groups were randomised to a second&#x2010; or third&#x2010;generation sulphonylurea or a meglitinide analogue as monotherapy and 29 participants were randomised to a second&#x2010;generation sulphonylurea plus metformin. Three trials investigated a second&#x2010;generation sulphonylurea, two trials investigated a third&#x2010;generation sulphonylurea and one trial a meglitinide analogue. A total of 4873 participants with data on allocation to control groups were randomised to a comparator group; 4820 participants were randomised to placebo, 23 to diet and exercise, and 30 participants to metformin monotherapy. One RCT of nateglinide contributed 95% of all participants. The duration of the intervention varied from six months to five years. We judged none of the included trials as at low risk of bias for all 'Risk of bias' domains.</p>
          <p>All&#x2010;cause and cardiovascular mortality following sulphonylurea (glimepiride) treatment were rarely observed (very low&#x2010;quality evidence). The RR for incidence of T2DM comparing glimepiride monotherapy with placebo was 0.75; 95% CI 0.54 to 1.04; P = 0.08; 2 trials; 307 participants; very low&#x2010;quality evidence. One of the trials reporting on the incidence of T2DM did not define the diagnostic criteria used. The other trial diagnosed T2DM as two consecutive fasting blood glucose values &#x2265; 6.1 mmol/L. TSA showed that only 4.5% of the diversity&#x2010;adjusted required information size was accrued so far. No trial reported data on serious adverse events, non&#x2010;fatal myocardial infarction (MI), non&#x2010;fatal stroke, congestive heart failure (HF), health&#x2010;related quality of life or socioeconomic effects.</p>
          <p>One trial with a follow&#x2010;up of five years compared a meglitinide analogue (nateglinide) with placebo. A total of 310/4645 (6.7%) participants allocated to nateglinide died compared with 312/4661 (6.7%) participants allocated to placebo (hazard ratio (HR) 1.00; 95% CI 0.85 to 1.17; P = 0.98; moderate&#x2010;quality evidence). The two main criteria for diagnosing T2DM were a fasting plasma glucose level &#x2265; 7.0 mmol/L or a 2&#x2010;hour post challenge glucose &#x2265; 11.1 mmol/L. T2DM developed in 1674/4645 (36.0%) participants in the nateglinide group and in 1580/4661 (33.9%) in the placebo group (HR 1.07; 95% CI 1.00 to 1.15; P = 0.05; moderate&#x2010;quality evidence). One or more serious adverse event was reported in 2066/4602 (44.9%) participants allocated to nateglinide compared with 2089/4599 (45.6%) participants allocated to placebo. A total of 126/4645 (2.7%) participants allocated to nateglinide died because of cardiovascular disease compared with 118/4661 (2.5%) participants allocated to placebo (HR 1.07; 95% CI 0.83 to 1.38; P = 0.60; moderate&#x2010;quality evidence). Comparing participants receiving nateglinide with those receiving placebo for the outcomes MI, non&#x2010;fatal stroke and HF gave the following event rates: MI 116/4645 (2.5%) versus 122/4661 (2.6%), stroke 100/4645 (2.2%) versus 110/4661 (2.4%) and numbers hospitalised for HF 85/4645 (1.8%) versus 100/4661 (2.1%) &#x2010; (HR 0.85; 95% CI 0.64 to 1.14; P = 0.27). The quality of the evidence was moderate for all these outcomes. Health&#x2010;related quality of life or socioeconomic effects were not reported.</p>
        </sec>
        <sec>
          <title>Authors' conclusions</title>
          <p>There is insufficient evidence to demonstrate whether insulin secretagogues compared mainly with placebo reduce the risk of developing T2DM and its associated complications in people at increased risk for the development of T2DM. Most trials did not investigate patient&#x2010;important outcomes.</p>
        </sec>
      </abstract>
      <abstract abstract-type="short">
        <title>Can the glucose&#x2010;lowering drugs insulin secretagogues prevent or delay type 2 diabetes mellitus and its associated complications in persons at increased risk of this disease?</title>
        <p>
          <bold>Review question</bold>
        </p>
        <p>Can the group of glucose&#x2010;lowering drugs called insulin secretagogues prevent or delay the development of type 2 diabetes mellitus and its associated complications in people at risk for the development of type 2 diabetes mellitus?</p>
        <p>
          <bold>Background</bold>
        </p>
        <p>Insulin secretagogues are widely used to treat people with type 2 diabetes mellitus. The insulin secretagogues can be divided into two main classes of glucose&#x2010;lowering drugs, namely sulphonylureas (e.g. glibenclamide/glyburide, glipizide and gliclazide) and meglitinide analogues (nateglinide and repaglinide). Insulin secretagogues lower blood glucose by stimulating the secretion of insulin in the body, thereby increasing insulin levels in the blood. People with moderately elevated glucose levels are often said to be at an increased risk for developing type 2 diabetes (often called 'prediabetes'). Therefore, people with moderately elevated glucose levels are frequently recommended to increase exercise and lower calorie intake (behaviour changing or 'lifestyle' interventions) in order to prevent the development of type 2 diabetes. It is currently not known whether insulin secretagogues should be prescribed for people with raised blood glucose levels who do not meet the diagnostic criteria for having type 2 diabetes mellitus. We wanted to find out whether insulin secretagogues could prevent or delay the development of type 2 diabetes mellitus in people with moderately elevated glucose levels. Furthermore, we wanted to analyse the effects of insulin secretagogues on patient&#x2010;important outcomes such as complications of diabetes (for example kidney and eye disease, heart attacks, strokes), death from any cause, health&#x2010;related quality of life and side effects of the medications.</p>
        <p>
          <bold>Study characteristics</bold>
        </p>
        <p>We searched the medical literature and registers of ongoing trials for randomised controlled trials of at least 12 weeks' duration comparing insulin secretagogues with another glucose&#x2010;lowering drug, placebo or no intervention. Randomised controlled trials are clinical studies in which people are randomly allocated to one of two or more groups so that the effects of different interventions can be compared directly. Participants included in the studies had to have glucose levels higher than considered normal, but below the glucose levels that are used to diagnose type 2 diabetes mellitus. We combined the findings of several studies to answer our review question. We found six randomised controlled trials. A total of 10,018 participants were included. The duration of the interventions varied from six months to five years.</p>
        <p>This evidence is up to date as of April 2016.</p>
        <p>
          <bold>Key results</bold>
        </p>
        <p>Few participants died following treatment with sulphonylureas. Sulphonylureas (most of the evidence was available for glimepiride) did not reduce the risk of developing type 2 diabetes mellitus compared with placebo. No study with sulphonylureas reported on serious side effects, non&#x2010;fatal heart attacks, non&#x2010;fatal stroke, heart failure, health&#x2010;related quality of life or socioeconomic effects.</p>
        <p>Only one study reported data on a meglitinide analogue (nateglinide). This large study contributed 95% of all participants of our review. We could not establish firm evidence on the outcomes death from any cause, risk of developing type 2 diabetes mellitus or serious side effects. This study did not report on health&#x2010;related quality of life or socioeconomic effects.</p>
        <p>Future studies should investigate patient&#x2010;important outcomes and, especially, the side effects of the medications, because we do not know for sure whether 'prediabetes' is just a condition arbitrarily defined by a laboratory measurement or is in fact a real risk factor for type 2 diabetes mellitus, which might be treatable.</p>
        <p>
          <bold>Quality of the evidence</bold>
        </p>
        <p>All included trials had deficiencies in the way they were conducted or how key items were reported. For the individual comparisons the number of participants was small, resulting in a high risk of random errors (play of chance).</p>
      </abstract>
      <kwd-group kwd-group-type="mesh">
        <kwd>Adult</kwd>
        <kwd>Humans</kwd>
        <kwd>Middle Aged</kwd>
        <kwd>Benzamides</kwd>
        <kwd>Benzamides/therapeutic use</kwd>
        <kwd>Blood Glucose</kwd>
        <kwd>Blood Glucose/analysis</kwd>
        <kwd>Cardiovascular Diseases</kwd>
        <kwd>Cardiovascular Diseases/mortality</kwd>
        <kwd>Cyclohexanes</kwd>
        <kwd>Cyclohexanes/adverse effects</kwd>
        <kwd>Cyclohexanes/therapeutic use</kwd>
        <kwd>Diabetes Mellitus, Type 2</kwd>
        <kwd>Diabetes Mellitus, Type 2/blood</kwd>
        <kwd>Diabetes Mellitus, Type 2/mortality</kwd>
        <kwd>Diabetes Mellitus, Type 2/prevention &amp; control</kwd>
        <kwd>Fasting</kwd>
        <kwd>Fasting/blood</kwd>
        <kwd>Hypoglycemic Agents</kwd>
        <kwd>Hypoglycemic Agents/adverse effects</kwd>
        <kwd>Hypoglycemic Agents/therapeutic use</kwd>
        <kwd>Insulin</kwd>
        <kwd>Insulin/secretion</kwd>
        <kwd>Metformin</kwd>
        <kwd>Metformin/therapeutic use</kwd>
        <kwd>Phenylalanine</kwd>
        <kwd>Phenylalanine/adverse effects</kwd>
        <kwd>Phenylalanine/analogs &amp; derivatives</kwd>
        <kwd>Phenylalanine/therapeutic use</kwd>
        <kwd>Randomized Controlled Trials as Topic</kwd>
        <kwd>Sulfonylurea Compounds</kwd>
        <kwd>Sulfonylurea Compounds/adverse effects</kwd>
        <kwd>Sulfonylurea Compounds/therapeutic use</kwd>
      </kwd-group>
    </article-meta>
    <notes notes-type="status-note">
      <p>New</p>
    </notes>
  </front>
</article>
</pmc-articleset>