<?xml version="1.0" ?>
<!DOCTYPE pmc-articleset PUBLIC "-//NLM//DTD ARTICLE SET 2.0//EN" "https://dtd.nlm.nih.gov/ncbi/pmc/articleset/nlm-articleset-2.0.dtd">
<pmc-articleset><article xmlns:xlink="http://www.w3.org/1999/xlink" xmlns:mml="http://www.w3.org/1998/Math/MathML" id="CD003214.pub3" article-type="systematic-review">
  <!--The publisher of this article does not allow downloading of the full text in XML form.-->
  <front>
    <journal-meta>
      <journal-id journal-id-type="nlm-ta">Cochrane Database Syst Rev</journal-id>
      <journal-id journal-id-type="iso-abbrev">Cochrane Database Syst Rev</journal-id>
      <journal-id journal-id-type="publisher-id">14651858</journal-id>
      <journal-id journal-id-type="doi">10.1002/14651858</journal-id>
      <journal-title-group>
        <journal-title>The Cochrane Database of Systematic Reviews</journal-title>
      </journal-title-group>
      <issn pub-type="epub">1469-493X</issn>
      <issn-l>1361-6137</issn-l>
      <publisher>
        <publisher-name>John Wiley &amp; Sons, Ltd</publisher-name>
        <publisher-loc>Chichester, UK</publisher-loc>
      </publisher>
    </journal-meta>
    <article-meta>
      <article-id pub-id-type="pmid">27960245</article-id>
      <article-id pub-id-type="pmc">6463958</article-id>
      <article-id pub-id-type="doi">10.1002/14651858.CD003214.pub3</article-id>
      <article-id pub-id-type="publisher-id">CD003214.pub3</article-id>
      <article-id pub-id-type="other">CD003214</article-id>
      <article-categories>
        <subj-group>
          <subject>Respiratory Disorders</subject>
          <subject>Child health</subject>
          <subject>Neonatal care</subject>
        </subj-group>
      </article-categories>
      <title-group>
        <article-title>Bronchodilators for the prevention and treatment of chronic lung disease in preterm infants</article-title>
      </title-group>
      <contrib-group>
        <contrib id="d20e175" contrib-type="author" corresp="yes">
          <name>
            <surname>Ng</surname>
            <given-names>Geraldine</given-names>
          </name>
          <address>
            <email>DrGYTNg@aol.com</email>
          </address>
          <xref ref-type="aff" rid="CD003214-aff-0001"/>
        </contrib>
        <contrib id="d20e179" contrib-type="author">
          <name>
            <surname>da Silva</surname>
            <given-names>Orlando</given-names>
          </name>
          <xref ref-type="aff" rid="CD003214-aff-0002"/>
        </contrib>
        <contrib id="d20e183" contrib-type="author">
          <name>
            <surname>Ohlsson</surname>
            <given-names>Arne</given-names>
          </name>
          <xref ref-type="aff" rid="CD003214-aff-0003"/>
        </contrib>
        <contrib id="d20e193" contrib-type="editor">
          <collab collab-type="editors">Cochrane Neonatal Group</collab>
        </contrib>
      </contrib-group>
      <aff id="CD003214-aff-0001">
        <institution>Imperial College Healthcare NHS Trust, Hammersmith Hospital</institution>
        <institution content-type="dept">Department of Neonatology</institution>
        <addr-line>5th Floor, Hammersmith House</addr-line>
        <addr-line>Du Cane Road</addr-line>
        <city>London</city>
        <country>UK</country>
        <postal-code>W12 0HS</postal-code>
      </aff>
      <aff id="CD003214-aff-0002">
        <institution>University of Western Ontario</institution>
        <institution content-type="dept">Pediatrics</institution>
        <addr-line>268 Grosvenor Street</addr-line>
        <city>London</city>
        <state>ON</state>
        <country>Canada</country>
        <postal-code>N6A 4V2</postal-code>
      </aff>
      <aff id="CD003214-aff-0003">
        <institution>University of Toronto</institution>
        <institution content-type="dept">Departments of Paediatrics, Obstetrics and Gynaecology and Institute of Health Policy, Management and Evaluation</institution>
        <city>Toronto</city>
        <country>Canada</country>
      </aff>
      <pub-date pub-type="epub">
        <day>13</day>
        <month>12</month>
        <year>2016</year>
      </pub-date>
      <pub-date pub-type="collection">
        <month>12</month>
        <year>2016</year>
      </pub-date>
      <pub-date pub-type="update">
        <day>28</day>
        <month>1</month>
        <year>2020</year>
      </pub-date>
      <volume>2016</volume>
      <issue>12</issue>
      <elocation-id>CD003214</elocation-id>
      <permissions>
        <copyright-statement>Copyright &#xA9; 2020 The Cochrane Collaboration. Published by John Wiley &amp; Sons, Ltd.</copyright-statement>
      </permissions>
      <related-article related-article-type="updated-article" ext-link-type="doi" xlink:href="10.1002/14651858.CD003214.pub2" id="d20e38"/>
      <abstract>
        <title>Abstract</title>
        <sec id="CD003214-abs1-0001">
          <title>Background</title>
          <p>Chronic lung disease (CLD) occurs frequently in preterm infants. Bronchodilators have the potential effect of dilating small airways with muscle hypertrophy. Increased compliance and tidal volume and decreased pulmonary resistance have been documented with the use of bronchodilators in infants with CLD. Therefore, bronchodilators might have a role in the prevention and treatment of CLD.</p>
        </sec>
        <sec id="CD003214-abs1-0002">
          <title>Objectives</title>
          <p>To determine the effect of bronchodilators given as prophylaxis or as treatment for CLD on mortality and other complications of preterm birth in infants at risk for or identified as having CLD.</p>
        </sec>
        <sec id="CD003214-abs1-0003">
          <title>Search methods</title>
          <p>On 2016 March 7, we used the standard strategy of the Cochrane Neonatal Review Group to search the Cochrane Central Register of Controlled Trials (CENTRAL; 2016, Issue 2), MEDLINE (from 1966), Embase (from 1980) and the Cumulative Index to Nursing and Allied Health Literature (CINAHL; from 1982). We searched clinical trials databases, conference proceedings and the reference lists of retrieved articles for randomised controlled trials and quasi&#x2010;randomised trials. We applied no language restrictions.</p>
        </sec>
        <sec id="CD003214-abs1-0004">
          <title>Selection criteria</title>
          <p>Randomised and quasi&#x2010;randomised controlled trials involving preterm infants were eligible for inclusion. Initiation of bronchodilator therapy for prevention of CLD had to occur within two weeks of birth. Treatment of patients with CLD had to be initiated before discharge from the neonatal unit. The intervention had to include administration of a bronchodilator by nebulisation, by metered dose inhaler (with or without a spacer device) or by intravenous or oral administration versus placebo or no intervention. Eligible studies had to include at least one of the following predefined clinical outcomes: mortality, CLD, number of days on oxygen, number of days on ventilator, patent ductus arteriosus (PDA), pulmonary interstitial emphysema (PIE), pneumothorax, intraventricular haemorrhage (IVH) of any grade, necrotising enterocolitis (NEC), sepsis and adverse effects of bronchodilators.</p>
        </sec>
        <sec id="CD003214-abs1-0005">
          <title>Data collection and analysis</title>
          <p>We used the standard method described in the <italic>Cochrane Handbook for Systematic Reviews of Interventions</italic> (<uri>Higgins 2011</uri>). Two review authors extracted and assessed all data provided by each study. We reported risk ratio (RR), risk difference (RD) and number needed to treat for an additional beneficial outcome (NNTB) with 95% confidence interval (CI) for dichotomous outcomes and mean difference (MD) for continuous data. We assessed the quality of the evidence by using the GRADE approach.</p>
        </sec>
        <sec id="CD003214-abs1-0006">
          <title>Main results</title>
          <p>For this update, we identified one new randomised controlled trial investigating effects of bronchodilators in preterm infants. This study, which enrolled 73 infants but reported on 52 infants, examined prevention of CLD with the use of aminophylline. According to GRADE, the quality of the evidence was very low. One previously included study enrolled 173 infants to look at prevention of CLD with the use of salbutamol. According to GRADE, the quality of the evidence was moderate. We found no eligible trial that studied the use of bronchodilator therapy for treatment of individuals with CLD. Prophylaxis with salbutamol led to no statistically significant differences in mortality (RR 1.08, 95% CI 0.50 to 2.31; RD 0.01, 95% CI &#x2010;0.09 to 0.11) nor in CLD (RR 1.03, 95% CI 0.78 to 1.37; RD 0.02, 95% CI &#x2010;0.13 to 0.17). Results showed no statistically significant differences in other complications associated with CLD nor in preterm birth. Investigators in this study did not comment on side effects due to salbutamol. Prophylaxis with aminophylline led to a significant reduction in CLD at 28 days of life (RR 0.18, 95% CI 0.04 to 0.74; RD &#x2010;0.35, 95% CI &#x2010;0.56 to &#x2010;0.13; NNTB 3, 95% CI 2 to 8) and no significant difference in mortality (RR 3.0, 95% CI 0.33 to 26.99; RD 0.08, 95% CI &#x2010;0.07 to 0.22), along with a significantly shorter dependency on supplementary oxygen in the aminophylline group compared with the no treatment group (MD &#x2010;17.75 days, 95% CI &#x2010;27.56 to &#x2010;7.94). Tests for heterogeneity were not applicable for any of the analyses, as each meta&#x2010;analysis included only one study.</p>
        </sec>
        <sec id="CD003214-abs1-0007">
          <title>Authors' conclusions</title>
          <p>Data are insufficient for reliable assessment of the use of salbutamol for prevention of CLD. One trial of poor quality reported a reduction in the incidence of CLD and shorter duration of supplementary oxygen with prophylactic aminophylline, but these results must be interpreted with caution. Additional clinical trials are necessary to assess the role of bronchodilator agents in prophylaxis or treatment of CLD. Researchers studying the effects of bronchodilators in preterm infants should include relevant clinical outcomes in addition to pulmonary mechanical outcomes. We identified no trials that studied the use of bronchodilator therapy for treatment of CLD.</p>
        </sec>
      </abstract>
      <abstract abstract-type="short">
        <title>Plain language summary</title>
        <p>
          <bold>Bronchodilators for the prevention and treatment of chronic lung disease in preterm infants</bold>
        </p>
        <p><bold>Review question:</bold> What are the effects of bronchodilators on mortality and other complications of preterm birth in infants at risk for or having chronic lung disease (CLD)?</p>
        <p><bold>Background:</bold> Chronic lung disease is common in babies born before 34 weeks' gestation. Bronchodilators are drugs that cause widening of the air passages in the lungs. They have been used for chronic lung disease because of their potential effect of dilating small airways in babies born preterm. Bronchodilators can be inhaled, taken by mouth (a puffer) or injection or received through a nebuliser with a pressurised aerosol.</p>
        <p><bold>Study characteristics:</bold> We included randomised and quasi&#x2010;randomised trials. We included in the analyses two studies that reported on 225 infants.</p>
        <p><bold>Study funding resources:</bold> We did not identify funding by industry for any trials.</p>
        <p><bold>Key results:</bold> This review of trials found too little evidence to show positive or negative effects of bronchodilators for prevention of chronic lung disease. More research is needed. We found no trials that studied the use of bronchodilator therapy for treatment of CLD.</p>
        <p><bold>Quality of evidence:</bold> The quality of the evidence was moderate for one included trial and low for the other.</p>
      </abstract>
    </article-meta>
    <notes id="CD003214-note-0001">
      <p>Deceased</p>
    </notes>
    <notes notes-type="status-note">
      <p>Edited (no change to conclusions)</p>
    </notes>
  </front>
</article>
</pmc-articleset>