<?xml version="1.0" ?>
<!DOCTYPE pmc-articleset PUBLIC "-//NLM//DTD ARTICLE SET 2.0//EN" "https://dtd.nlm.nih.gov/ncbi/pmc/articleset/nlm-articleset-2.0.dtd">
<pmc-articleset><article xmlns:xlink="http://www.w3.org/1999/xlink" xmlns:mml="http://www.w3.org/1998/Math/MathML" id="CD012535.pub2" article-type="systematic-review">
  <!--The publisher of this article does not allow downloading of the full text in XML form.-->
  <front>
    <journal-meta>
      <journal-id journal-id-type="nlm-ta">Cochrane Database Syst Rev</journal-id>
      <journal-id journal-id-type="iso-abbrev">Cochrane Database Syst Rev</journal-id>
      <journal-id journal-id-type="publisher-id">14651858</journal-id>
      <journal-id journal-id-type="doi">10.1002/14651858</journal-id>
      <journal-title-group>
        <journal-title>The Cochrane Database of Systematic Reviews</journal-title>
      </journal-title-group>
      <issn pub-type="epub">1469-493X</issn>
      <issn-l>1361-6137</issn-l>
      <publisher>
        <publisher-name>John Wiley &amp; Sons, Ltd</publisher-name>
        <publisher-loc>Chichester, UK</publisher-loc>
      </publisher>
    </journal-meta>
    <article-meta>
      <article-id pub-id-type="pmid">28779487</article-id>
      <article-id pub-id-type="pmc">6424378</article-id>
      <article-id pub-id-type="doi">10.1002/14651858.CD012535.pub2</article-id>
      <article-id pub-id-type="publisher-id">CD012535.pub2</article-id>
      <article-id pub-id-type="other">CD012535</article-id>
      <article-categories>
        <subj-group>
          <subject>2019 3. Chronic pain</subject>
          <subject>Chronic non&#x2010;cancer pain</subject>
          <subject>Child health</subject>
          <subject>Pain &amp; anaesthesia</subject>
        </subj-group>
      </article-categories>
      <title-group>
        <article-title>Antidepressants for chronic non&#x2010;cancer pain in children and adolescents</article-title>
      </title-group>
      <contrib-group>
        <contrib id="d20e205" contrib-type="author" corresp="yes">
          <name>
            <surname>Cooper</surname>
            <given-names>Tess E</given-names>
          </name>
          <address>
            <email>tess.cooper@sydney.edu.au</email>
          </address>
          <xref ref-type="aff" rid="CD012535-aff-0001"/>
        </contrib>
        <contrib id="d20e209" contrib-type="author">
          <name>
            <surname>Heathcote</surname>
            <given-names>Lauren C</given-names>
          </name>
          <xref ref-type="aff" rid="CD012535-aff-0002"/>
        </contrib>
        <contrib id="d20e213" contrib-type="author">
          <name>
            <surname>Clinch</surname>
            <given-names>Jacqui</given-names>
          </name>
          <xref ref-type="aff" rid="CD012535-aff-0003"/>
          <xref ref-type="aff" rid="CD012535-aff-0004"/>
        </contrib>
        <contrib id="d20e217" contrib-type="author">
          <name>
            <surname>Gold</surname>
            <given-names>Jeffrey I.</given-names>
          </name>
          <xref ref-type="aff" rid="CD012535-aff-0005"/>
        </contrib>
        <contrib id="d20e221" contrib-type="author">
          <name>
            <surname>Howard</surname>
            <given-names>Richard</given-names>
          </name>
          <xref ref-type="aff" rid="CD012535-aff-0006"/>
        </contrib>
        <contrib id="d20e225" contrib-type="author">
          <name>
            <surname>Lord</surname>
            <given-names>Susan M</given-names>
          </name>
          <xref ref-type="aff" rid="CD012535-aff-0007"/>
        </contrib>
        <contrib id="d20e229" contrib-type="author">
          <name>
            <surname>Schechter</surname>
            <given-names>Neil</given-names>
          </name>
          <xref ref-type="aff" rid="CD012535-aff-0008"/>
        </contrib>
        <contrib id="d20e233" contrib-type="author">
          <name>
            <surname>Wood</surname>
            <given-names>Chantal</given-names>
          </name>
          <xref ref-type="aff" rid="CD012535-aff-0009"/>
        </contrib>
        <contrib id="d20e237" contrib-type="author">
          <name>
            <surname>Wiffen</surname>
            <given-names>Philip J</given-names>
          </name>
          <xref ref-type="aff" rid="CD012535-aff-0010"/>
        </contrib>
        <contrib id="d20e247" contrib-type="editor">
          <collab collab-type="editors">Cochrane Pain, Palliative and Supportive Care Group</collab>
        </contrib>
      </contrib-group>
      <aff id="CD012535-aff-0001">
        <institution>The Children's Hospital at Westmead</institution>
        <institution content-type="dept">Cochrane Kidney and Transplant, Centre for Kidney Research</institution>
        <city>Westmead</city>
        <state>NSW</state>
        <country>Australia</country>
        <postal-code>2145</postal-code>
      </aff>
      <aff id="CD012535-aff-0002">
        <institution>Stanford University</institution>
        <institution content-type="dept">Department of Anesthesiology, Perioperative and Pain Medicine</institution>
        <addr-line>1070 Arastradero Road, Suite 300</addr-line>
        <city>Palo Alto</city>
        <state>California</state>
        <country>USA</country>
        <postal-code>94304</postal-code>
      </aff>
      <aff id="CD012535-aff-0003">
        <institution>Bristol Royal Hospital for Children</institution>
        <institution content-type="dept">Paediatric Rheumatology</institution>
        <city>Bristol</city>
        <country>UK</country>
      </aff>
      <aff id="CD012535-aff-0004">
        <institution>Bath Centre for Pain Services</institution>
        <institution content-type="dept">Child/Adolescent Pain</institution>
        <city>Bath</city>
        <country>UK</country>
      </aff>
      <aff id="CD012535-aff-0005">
        <institution>Keck School of Medicine, University of Southern California / Children&#x2019;s Hospital Los Angeles</institution>
        <institution content-type="dept">Anesthesiology, Pediatrics, and Psychiatry &amp; Behavioral Sciences</institution>
        <addr-line>4650 Sunset Blvd. MS#12</addr-line>
        <city>Los Angeles</city>
        <state>California</state>
        <country>USA</country>
        <postal-code>90027</postal-code>
      </aff>
      <aff id="CD012535-aff-0006">
        <institution>Great Ormond Street Hospital</institution>
        <institution content-type="dept">Anaesthesia and Pain Management</institution>
        <addr-line>Great Ormond Street</addr-line>
        <city>London</city>
        <country>UK</country>
        <postal-code>WC1N 3JH</postal-code>
      </aff>
      <aff id="CD012535-aff-0007">
        <institution>John Hunter Children&#x2019;s Hospital</institution>
        <institution content-type="dept">Children&#x2019;s Complex Pain Service</institution>
        <city>Newcastle</city>
        <state>New South Wales (NSW)</state>
        <country>Australia</country>
      </aff>
      <aff id="CD012535-aff-0008">
        <institution>Boston Children&#x2019;s Hospital</institution>
        <institution content-type="dept">Anesthesiology, Perioperative and Pain Medicine</institution>
        <addr-line>300 Longwood Avenue</addr-line>
        <city>Boston</city>
        <country>USA</country>
      </aff>
      <aff id="CD012535-aff-0009">
        <institution>University Hospital Dupuytren</institution>
        <institution content-type="dept">Rheumatology</institution>
        <city>Limoges</city>
        <country>France</country>
      </aff>
      <aff id="CD012535-aff-0010">
        <city>Thame</city>
        <country>UK</country>
      </aff>
      <pub-date pub-type="epub">
        <day>5</day>
        <month>8</month>
        <year>2017</year>
      </pub-date>
      <pub-date pub-type="collection">
        <month>8</month>
        <year>2017</year>
      </pub-date>
      <pub-date pub-type="update">
        <day>9</day>
        <month>10</month>
        <year>2019</year>
      </pub-date>
      <volume>2017</volume>
      <issue>8</issue>
      <elocation-id>CD012535</elocation-id>
      <permissions>
        <copyright-statement>Copyright &#xA9; 2019 The Cochrane Collaboration. Published by John Wiley &amp; Sons, Ltd.</copyright-statement>
      </permissions>
      <related-article related-article-type="updated-article" ext-link-type="doi" xlink:href="10.1002/14651858.CD012535" id="d20e38"/>
      <abstract>
        <title>Abstract</title>
        <sec id="CD012535-abs1-0001">
          <title>Background</title>
          <p>Pain is a common feature of childhood and adolescence around the world, and for many young people, that pain is chronic. The World Health Organization guidelines for pharmacological treatments for children's persisting pain acknowledge that pain in children is a major public health concern of high significance in most parts of the world. While in the past pain was largely dismissed and was frequently left untreated, views on children's pain have changed over time and relief of pain is now seen as important.</p>
          <p>We designed a suite of seven reviews on chronic non&#x2010;cancer pain and cancer pain (looking at antidepressants, antiepileptic drugs, non&#x2010;steroidal anti&#x2010;inflammatory drugs, opioids, and paracetamol) in order to review the evidence for children's pain utilising pharmacological interventions.</p>
          <p>As the leading cause of morbidity in the world today, chronic disease (and its associated pain) is a major health concern. Chronic pain (that is pain lasting three months or longer) can arise in the paediatric population in a variety of pathophysiological classifications (nociceptive, neuropathic, or idiopathic) from genetic conditions, nerve damage pain, chronic musculoskeletal pain, and chronic abdominal pain, as well as for other unknown reasons.</p>
          <p>Antidepressants have been used in adults for pain relief and pain management since the 1970s. The clinical impression from extended use over many years is that antidepressants are useful for some neuropathic pain symptoms, and that effects on pain relief are divorced and different from effects on depression; for example, the effects of tricyclic antidepressants on pain may occur at different, and often lower, doses than those on depression. Amitriptyline is one of the most commonly used drugs for treating neuropathic pain in the UK.</p>
        </sec>
        <sec id="CD012535-abs1-0002">
          <title>Objectives</title>
          <p>To assess the analgesic efficacy and adverse events of antidepressants used to treat chronic non&#x2010;cancer pain in children and adolescents aged between birth and 17 years, in any setting.</p>
        </sec>
        <sec id="CD012535-abs1-0003">
          <title>Search methods</title>
          <p>We searched the Cochrane Central Register of Controlled Trials (CENTRAL) via the Cochrane Register of Studies Online, MEDLINE via Ovid, and Embase via Ovid from inception to 6 September 2016. We also searched the reference lists of retrieved studies and reviews, and searched online clinical trial registries.</p>
        </sec>
        <sec id="CD012535-abs1-0004">
          <title>Selection criteria</title>
          <p>Randomised controlled trials, with or without blinding, of any dose and any route, treating chronic non&#x2010;cancer pain in children and adolescents, comparing any antidepressant with placebo or an active comparator.</p>
        </sec>
        <sec id="CD012535-abs1-0005">
          <title>Data collection and analysis</title>
          <p>Two review authors independently assessed studies for eligibility. We planned to use dichotomous data to calculate risk ratio and number needed to treat for one additional event, using standard methods. We assessed the evidence using GRADE and created three 'Summary of findings' tables.</p>
        </sec>
        <sec id="CD012535-abs1-0006">
          <title>Main results</title>
          <p>We included four studies with a total of 272 participants (6 to 18 years of age) who had either chronic neuropathic pain, complex regional pain syndrome type 1, irritable bowel syndrome, functional abdominal pain, or functional dyspepsia. All of the studies were small. One study investigated amitriptyline versus gabapentin (34 participants), two studies investigated amitriptyline versus placebo (123 participants), and one study investigated citalopram versus placebo (115 participants). Due to a lack of available data we were unable to complete any quantitative analysis.</p>
          <p>Risk of bias for the four included studies varied, due to issues with randomisation and allocation concealment (low to unclear risk); blinding of participants, personnel, and outcome assessors (low to unclear risk); reporting of results (low to unclear risk); and size of the study populations (high risk). We judged the remaining domains, attrition and other potential sources of bias, as low risk of bias.</p>
          <p>
            <bold>Primary outcomes</bold>
          </p>
          <p>No studies reported our primary outcomes of participant&#x2010;reported pain relief of 30% or greater or 50% or greater, or Patient Global Impression of Change.</p>
          <p>
            <bold>Secondary outcomes</bold>
          </p>
          <p>All studies measured adverse events, with very few reported (11 out of 272 participants). All but one adverse event occurred in the active treatment groups (amitriptyline, citalopram, and gabapentin). Adverse events in all studies, across active treatment and comparator groups, were considered to be a mild reaction, such as nausea, dizziness, drowsiness, tiredness, and abdominal discomfort (very low<italic>&#x2010;</italic>quality evidence).</p>
          <p>There were also very few withdrawals due to adverse events, again all but one from the active treatment groups (very low<italic>&#x2010;</italic>quality evidence).</p>
          <p>No serious adverse events were reported across any of the studies (very low<italic>&#x2010;</italic>quality evidence).</p>
          <p>There were few or no data for our remaining secondary outcomes.</p>
          <p>
            <bold>Quality of evidence</bold>
          </p>
          <p>For the outcomes with available data, we downgraded the quality of the evidence by three levels to very low&#x2010;quality due to too few data and the fact that the number of events was too small to be meaningful.</p>
        </sec>
        <sec id="CD012535-abs1-0007">
          <title>Authors' conclusions</title>
          <p>We identified only a small number of studies with small numbers of participants and insufficient data for analysis.</p>
          <p>As we could undertake no meta&#x2010;analysis, we are unable to comment about efficacy or harm from the use of antidepressants to treat chronic non&#x2010;cancer pain in children and adolescents. Similarly, we could not comment on our remaining secondary outcomes: Carer Global Impression of Change; requirement for rescue analgesia; sleep duration and quality; acceptability of treatment; physical functioning; and quality of life.</p>
          <p>We know from adult randomised controlled trials that some antidepressants, such as amitriptyline, can provide some pain relief in certain chronic non&#x2010;cancer pain conditions.</p>
        </sec>
      </abstract>
      <abstract abstract-type="short">
        <title>Plain language summary</title>
        <p>
          <bold>Antidepressants for chronic non&#x2010;cancer pain in children and adolescents</bold>
        </p>
        <p>
          <bold>Bottom line</bold>
        </p>
        <p>We are uncertain as to whether antidepressants provide pain relief for chronic non&#x2010;cancer pain in children and adolescents. We do not have evidence to suggest that one type of antidepressant is more effective than another.</p>
        <p>
          <bold>Background</bold>
        </p>
        <p>Children can experience chronic or recurrent pain related to genetic conditions, nerve damage, muscle or bone pain, stomach pain, as well as for unknown reasons. Chronic pain is pain that lasts three months or longer and is commonly accompanied by changes in lifestyle and functional abilities, as well as by signs and symptoms of depression and anxiety.</p>
        <p>Antidepressants have been used for pain relief and pain management since the 1970s and are considered by clinicians to be useful for symptoms of nerve, menstrual, muscular, joint, and stomach pain. Examples of antidepressants that have been used to treat neuropathic pain include amitriptyline, milnacipran, and citalopram.</p>
        <p>
          <bold>Study characteristics</bold>
        </p>
        <p>In September 2016 we searched for clinical trials in which antidepressants were used to treat chronic nerve, menstrual, muscular, joint, or stomach pain. We found four trials with a total of 272 participants (aged 6 to 18 years old) who had nerve pain, general painful inflammation, stomach pain, or irritable bowel syndrome, for more than 3 months.</p>
        <p>
          <bold>Key results</bold>
        </p>
        <p>No studies reported on pain relief of 30% or greater, or 50% or greater. Side effects were uncommon, and occurred only as mild reactions such as nausea, dizziness, drowsiness, tiredness, and abdominal discomfort (4 due to amitriptyline, 5 due to citalopram, 1 due to gabapentin, and 1 due to placebo). These 11 participants withdrew from the study due to these mild side effects. There were no serious side effects.</p>
        <p>
          <bold>Quality of the evidence</bold>
        </p>
        <p>We rated the quality of the evidence from studies using four levels: very low, low, moderate, or high. Very low&#x2010;quality evidence means that we are very uncertain about the results. High&#x2010;quality evidence means that we are very confident in the results.</p>
        <p>The available evidence in this review was of very low&#x2010;quality due to a lack of data and small study sizes<italic>.</italic></p>
      </abstract>
    </article-meta>
    <notes notes-type="status-note">
      <p>Stable (no update expected for reasons given in 'What's new')</p>
    </notes>
  </front>
</article>
</pmc-articleset>