<?xml version="1.0" ?>
<!DOCTYPE pmc-articleset PUBLIC "-//NLM//DTD ARTICLE SET 2.0//EN" "https://dtd.nlm.nih.gov/ncbi/pmc/articleset/nlm-articleset-2.0.dtd">
<pmc-articleset><article xmlns:xlink="http://www.w3.org/1999/xlink" xmlns:mml="http://www.w3.org/1998/Math/MathML" id="CD003078.pub2" article-type="systematic-review">
  <!--The publisher of this article does not allow downloading of the full text in XML form.-->
  <front>
    <journal-meta>
      <journal-id journal-id-type="nlm-ta">Cochrane Database Syst Rev</journal-id>
      <journal-id journal-id-type="iso-abbrev">Cochrane Database Syst Rev</journal-id>
      <journal-id journal-id-type="publisher-id">14651858</journal-id>
      <journal-id journal-id-type="doi">10.1002/14651858</journal-id>
      <journal-title-group>
        <journal-title>The Cochrane Database of Systematic Reviews</journal-title>
      </journal-title-group>
      <issn pub-type="epub">1469-493X</issn>
      <issn-l>1361-6137</issn-l>
      <publisher>
        <publisher-name>John Wiley &amp; Sons, Ltd</publisher-name>
        <publisher-loc>Chichester, UK</publisher-loc>
      </publisher>
    </journal-meta>
    <article-meta>
      <article-id pub-id-type="pmid">25117423</article-id>
      <article-id pub-id-type="pmc">6457793</article-id>
      <article-id pub-id-type="doi">10.1002/14651858.CD003078.pub2</article-id>
      <article-id pub-id-type="publisher-id">CD003078</article-id>
      <article-id pub-id-type="other">CD003078.pub2</article-id>
      <article-categories>
        <subj-group subj-group-type="heading">
          <subject>Medicine General &amp; Introductory Medical Sciences</subject>
        </subj-group>
      </article-categories>
      <title-group>
        <article-title>Double bag or Y&#x2010;set versus standard transfer systems for continuous ambulatory peritoneal dialysis in end&#x2010;stage kidney disease</article-title>
      </title-group>
      <contrib-group>
        <contrib id="d28e63" contrib-type="author" corresp="yes">
          <name>
            <surname>Daly</surname>
            <given-names>Conal</given-names>
          </name>
          <address>
            <email>Conal.Daly@ggc.scot.nhs.uk</email>
          </address>
          <xref ref-type="aff" rid="CD003078-aff-0001"/>
        </contrib>
        <contrib id="d28e68" contrib-type="author">
          <name>
            <surname>Cody</surname>
            <given-names>June D</given-names>
          </name>
          <xref ref-type="aff" rid="CD003078-aff-0002"/>
        </contrib>
        <contrib id="d28e73" contrib-type="author">
          <name>
            <surname>Khan</surname>
            <given-names>Izhar</given-names>
          </name>
          <xref ref-type="aff" rid="CD003078-aff-0003"/>
        </contrib>
        <contrib id="d28e78" contrib-type="author">
          <name>
            <surname>Rabindranath</surname>
            <given-names>Kannaiyan S</given-names>
          </name>
          <xref ref-type="aff" rid="CD003078-aff-0004"/>
        </contrib>
        <contrib id="d28e83" contrib-type="author">
          <name>
            <surname>Vale</surname>
            <given-names>Luke</given-names>
          </name>
          <xref ref-type="aff" rid="CD003078-aff-0005"/>
        </contrib>
        <contrib id="d28e88" contrib-type="author">
          <name>
            <surname>Wallace</surname>
            <given-names>Sheila A</given-names>
          </name>
          <xref ref-type="aff" rid="CD003078-aff-0006"/>
        </contrib>
      </contrib-group>
      <aff id="CD003078-aff-0001">
        <institution>Western Infirmary Glasgow</institution>
        <institution content-type="dept">Renal Unit</institution>
        <addr-line>Dumbarton Rd</addr-line>
        <city>Glasgow</city>
        <country>UK</country>
        <postal-code>G11 6NT</postal-code>
      </aff>
      <aff id="CD003078-aff-0002">
        <institution>University of Aberdeen</institution>
        <institution content-type="dept">Cochrane Incontinence Review Group</institution>
        <addr-line>2nd Floor, Health Sciences BuildingHealth Sciences Building</addr-line>
        <city>Foresterhill</city>
        <country>UK</country>
        <postal-code>AB25 2ZD</postal-code>
      </aff>
      <aff id="CD003078-aff-0003">
        <institution>University of Aberdeen</institution>
        <institution content-type="dept">Department of Medicine and Therapeutics</institution>
        <city>Aberdeen</city>
        <country>UK</country>
        <postal-code>AB25 2ZD</postal-code>
      </aff>
      <aff id="CD003078-aff-0004">
        <institution>Waikato District Hospital</institution>
        <institution content-type="dept">Renal Unit</institution>
        <addr-line>Pembroke Street</addr-line>
        <city>Hamilton</city>
        <country>New Zealand</country>
        <postal-code>3240</postal-code>
      </aff>
      <aff id="CD003078-aff-0005">
        <institution>Newcastle University</institution>
        <institution content-type="dept">Institute of Health &amp; Society</institution>
        <addr-line>Baddiley&#x2010;Clarke Building, Richardson Road</addr-line>
        <city>Newcastle upon Tyne</city>
        <country>UK</country>
        <postal-code>NE2 4AX</postal-code>
      </aff>
      <aff id="CD003078-aff-0006">
        <institution>University of Aberdeen</institution>
        <institution content-type="dept">Academic Urology Unit</institution>
        <addr-line>2nd Floor, Health Sciences BuildingForesterhill</addr-line>
        <city>Aberdeen</city>
        <country>UK</country>
        <postal-code>AB25 2ZD</postal-code>
      </aff>
      <author-notes>
        <fn>
          <p>Editorial Group: Cochrane Kidney and Transplant Group.</p>
        </fn>
      </author-notes>
      <pub-date pub-type="epub">
        <day>13</day>
        <month>8</month>
        <year>2014</year>
      </pub-date>
      <pub-date pub-type="collection">
        <month>8</month>
        <year>2014</year>
      </pub-date>
      <pub-date pub-type="update">
        <day>26</day>
        <month>09</month>
        <year>2016</year>
      </pub-date>
      <volume>2014</volume>
      <issue>8</issue>
      <elocation-id>CD003078</elocation-id>
      <history>
        <date date-type="previous-update" publication-format="electronic">
          <day>23</day>
          <month>04</month>
          <year>2001</year>
        </date>
        <date date-type="cl-record-assessed-up-to-date">
          <day>22</day>
          <month>10</month>
          <year>2013</year>
        </date>
      </history>
      <permissions>
        <copyright-statement>Copyright &#xA9; 2016 The Cochrane Collaboration. Published by John Wiley &amp; Sons, Ltd.</copyright-statement>
        <copyright-year>2016</copyright-year>
        <copyright-holder>The Cochrane Collaboration</copyright-holder>
      </permissions>
      <related-article related-article-type="updated-article" ext-link-type="doi" xlink:href="10.1002/14651858.CD003078" id="d28e216"/>
      <abstract>
        <sec>
          <title>Background</title>
          <p>Peritonitis is the most frequent serious complication of continuous ambulatory peritoneal dialysis (CAPD). It has a major influence on the number of patients switching from CAPD to haemodialysis and has probably restricted the wider acceptance and uptake of CAPD as an alternative mode of dialysis.</p>
          <p>This is an update of a review first published in 2000.</p>
        </sec>
        <sec>
          <title>Objectives</title>
          <p>This systematic review sought to determine if modifications of the transfer set (Y&#x2010;set or double bag systems) used in CAPD exchanges are associated with a reduction in peritonitis and an improvement in other relevant outcomes.</p>
        </sec>
        <sec>
          <title>Search methods</title>
          <p>We searched the Cochrane Renal Group's Specialised Register through contact with the Trials Search Co&#x2010;ordinator. Studies contained in the Specialised Register are identified through search strategies specifically designed for CENTRAL, MEDLINE and EMBASE. Date of last search: 22 October 2013.</p>
        </sec>
        <sec>
          <title>Selection criteria</title>
          <p>Randomised controlled trials (RCTs) or quasi&#x2010;RCTs comparing double bag, Y&#x2010;set and standard peritoneal dialysis (PD) exchange systems in patients with end&#x2010;stage kidney disease.</p>
        </sec>
        <sec>
          <title>Data collection and analysis</title>
          <p>Data were abstracted by a single investigator onto a standard form and analysed by Review Manager. Analysis was by a random effects model and results were expressed as risk ratio (RR) or mean difference (MD) with 95% confidence intervals (CI).</p>
        </sec>
        <sec>
          <title>Main results</title>
          <p>Twelve eligible trials with a total of 991 randomised patients were identified. Despite the large total number of patients, few trials covered the same interventions, small numbers of patients were enrolled in each trial and the methodological quality was suboptimal. Y&#x2010;set and twin&#x2010;bag systems were superior to conventional spike systems (7 trials, 485 patients, RR 0.64, 95% CI 0.53 to 0.77) in preventing peritonitis in PD.</p>
        </sec>
        <sec>
          <title>Authors' conclusions</title>
          <p>Disconnect systems should be the preferred exchange systems in CAPD.</p>
        </sec>
      </abstract>
      <abstract abstract-type="short">
        <title>Y&#x2010;set and double bag systems offer the most protection against peritonitis during continuous ambulatory peritoneal dialysis (CAPD)</title>
        <p>People with advanced kidney disease may be treated with CAPD where a catheter is permanently inserted into the peritoneum (lining around abdominal contents) through the abdominal wall and sterile fluid is drained in and out a few times each day. The most common serious complication is infection of the peritoneum &#x2010; peritonitis. This may be caused by bacteria accidentally being transferred from the catheter. This review of trials compared three types of connecting systems (used to connect the bags and the catheter) and found the Y&#x2010;set and double bag exchange systems are the most effective in preventing peritonitis.</p>
      </abstract>
      <kwd-group kwd-group-type="mesh">
        <kwd>Humans</kwd>
        <kwd>Equipment Design</kwd>
        <kwd>Kidney Failure, Chronic</kwd>
        <kwd>Kidney Failure, Chronic/therapy</kwd>
        <kwd>Peritoneal Dialysis, Continuous Ambulatory</kwd>
        <kwd>Peritoneal Dialysis, Continuous Ambulatory/adverse effects</kwd>
        <kwd>Peritoneal Dialysis, Continuous Ambulatory/instrumentation</kwd>
        <kwd>Peritoneal Dialysis, Continuous Ambulatory/methods</kwd>
        <kwd>Peritonitis</kwd>
        <kwd>Peritonitis/etiology</kwd>
        <kwd>Peritonitis/prevention &amp; control</kwd>
        <kwd>Randomized Controlled Trials as Topic</kwd>
      </kwd-group>
    </article-meta>
    <notes notes-type="status-note">
      <p>Stable (no update expected for reasons given in 'What's new')</p>
    </notes>
  </front>
</article>
</pmc-articleset>