<?xml version="1.0" ?>
<!DOCTYPE pmc-articleset PUBLIC "-//NLM//DTD ARTICLE SET 2.0//EN" "https://dtd.nlm.nih.gov/ncbi/pmc/articleset/nlm-articleset-2.0.dtd">
<pmc-articleset><article xmlns:xlink="http://www.w3.org/1999/xlink" xmlns:mml="http://www.w3.org/1998/Math/MathML" id="CD011669.pub2" article-type="systematic-review">
  <!--The publisher of this article does not allow downloading of the full text in XML form.-->
  <front>
    <journal-meta>
      <journal-id journal-id-type="nlm-ta">Cochrane Database Syst Rev</journal-id>
      <journal-id journal-id-type="iso-abbrev">Cochrane Database Syst Rev</journal-id>
      <journal-id journal-id-type="publisher-id">14651858</journal-id>
      <journal-id journal-id-type="doi">10.1002/14651858</journal-id>
      <journal-title-group>
        <journal-title>The Cochrane Database of Systematic Reviews</journal-title>
      </journal-title-group>
      <issn pub-type="epub">1469-493X</issn>
      <issn-l>1361-6137</issn-l>
      <publisher>
        <publisher-name>John Wiley &amp; Sons, Ltd</publisher-name>
        <publisher-loc>Chichester, UK</publisher-loc>
      </publisher>
    </journal-meta>
    <article-meta>
      <article-id pub-id-type="pmid">28530786</article-id>
      <article-id pub-id-type="pmc">6481499</article-id>
      <article-id pub-id-type="doi">10.1002/14651858.CD011669.pub2</article-id>
      <article-id pub-id-type="publisher-id">CD011669.pub2</article-id>
      <article-id pub-id-type="other">CD011669</article-id>
      <article-categories>
        <subj-group>
          <subject>2019 3. Chronic pain</subject>
          <subject>Chronic non&#x2010;cancer pain</subject>
          <subject>Pain &amp; anaesthesia</subject>
        </subj-group>
      </article-categories>
      <title-group>
        <article-title>Morphine for chronic neuropathic pain in adults</article-title>
      </title-group>
      <contrib-group>
        <contrib id="d20e201" contrib-type="author">
          <name>
            <surname>Cooper</surname>
            <given-names>Tess E</given-names>
          </name>
          <xref ref-type="aff" rid="CD011669-aff-0001"/>
        </contrib>
        <contrib id="d20e205" contrib-type="author">
          <name>
            <surname>Chen</surname>
            <given-names>Junqiao</given-names>
          </name>
          <xref ref-type="aff" rid="CD011669-aff-0002"/>
        </contrib>
        <contrib id="d20e209" contrib-type="author" corresp="yes">
          <name>
            <surname>Wiffen</surname>
            <given-names>Philip J</given-names>
          </name>
          <address>
            <email>pwiffen@oxfordsrs.org.uk</email>
          </address>
          <xref ref-type="aff" rid="CD011669-aff-0003"/>
        </contrib>
        <contrib id="d20e213" contrib-type="author">
          <name>
            <surname>Derry</surname>
            <given-names>Sheena</given-names>
          </name>
          <xref ref-type="aff" rid="CD011669-aff-0004"/>
        </contrib>
        <contrib id="d20e217" contrib-type="author">
          <name>
            <surname>Carr</surname>
            <given-names>Daniel B</given-names>
          </name>
          <xref ref-type="aff" rid="CD011669-aff-0005"/>
        </contrib>
        <contrib id="d20e221" contrib-type="author">
          <name>
            <surname>Aldington</surname>
            <given-names>Dominic</given-names>
          </name>
          <xref ref-type="aff" rid="CD011669-aff-0006"/>
        </contrib>
        <contrib id="d20e225" contrib-type="author">
          <name>
            <surname>Cole</surname>
            <given-names>Peter</given-names>
          </name>
          <xref ref-type="aff" rid="CD011669-aff-0007"/>
        </contrib>
        <contrib id="d20e229" contrib-type="author">
          <name>
            <surname>Moore</surname>
            <given-names>R Andrew</given-names>
          </name>
          <xref ref-type="aff" rid="CD011669-aff-0008"/>
        </contrib>
        <contrib id="d20e239" contrib-type="editor">
          <collab collab-type="editors">Cochrane Pain, Palliative and Supportive Care Group</collab>
        </contrib>
      </contrib-group>
      <aff id="CD011669-aff-0001">
        <institution>The Children's Hospital at Westmead</institution>
        <institution content-type="dept">Cochrane Kidney and Transplant, Centre for Kidney Research</institution>
        <city>Westmead</city>
        <state>NSW</state>
        <country>Australia</country>
        <postal-code>2145</postal-code>
      </aff>
      <aff id="CD011669-aff-0002">
        <institution>Evolent Health</institution>
        <addr-line>800 N Glebe Road</addr-line>
        <addr-line>Suite 500</addr-line>
        <city>Arlington</city>
        <state>Virginia</state>
        <country>USA</country>
        <postal-code>22203</postal-code>
      </aff>
      <aff id="CD011669-aff-0003">
        <city>Thame</city>
        <country>UK</country>
      </aff>
      <aff id="CD011669-aff-0004">
        <city>Oxford</city>
        <state>Oxfordshire</state>
        <country>UK</country>
      </aff>
      <aff id="CD011669-aff-0005">
        <institution>Tufts University School of Medicine</institution>
        <institution content-type="dept">Pain Research, Education and Policy (PREP) Program, Department of Public Health and Community Medicine</institution>
        <city>Boston</city>
        <state>Massachusetts</state>
        <country>USA</country>
      </aff>
      <aff id="CD011669-aff-0006">
        <institution>Royal Hampshire County Hospital</institution>
        <city>Winchester</city>
        <country>UK</country>
        <postal-code>SO22 5DG</postal-code>
      </aff>
      <aff id="CD011669-aff-0007">
        <institution>Churchill Hospital, Oxford University Hospitals NHS Trust</institution>
        <institution content-type="dept">Oxford Pain Relief Unit</institution>
        <addr-line>Old Road Headington</addr-line>
        <city>Oxford</city>
        <country>UK</country>
        <postal-code>OX3 7LE</postal-code>
      </aff>
      <aff id="CD011669-aff-0008">
        <city>Plymouth</city>
        <country>UK</country>
      </aff>
      <pub-date pub-type="epub">
        <day>22</day>
        <month>5</month>
        <year>2017</year>
      </pub-date>
      <pub-date pub-type="collection">
        <month>5</month>
        <year>2017</year>
      </pub-date>
      <pub-date pub-type="update">
        <day>28</day>
        <month>5</month>
        <year>2019</year>
      </pub-date>
      <volume>2017</volume>
      <issue>5</issue>
      <elocation-id>CD011669</elocation-id>
      <permissions>
        <copyright-statement>Copyright &#xA9; 2019 The Cochrane Collaboration. Published by John Wiley &amp; Sons, Ltd.</copyright-statement>
      </permissions>
      <related-article related-article-type="updated-article" ext-link-type="doi" xlink:href="10.1002/14651858.CD011669" id="d20e38"/>
      <abstract>
        <title>Abstract</title>
        <sec id="CD011669-abs1-0001">
          <title>Background</title>
          <p>Neuropathic pain, which is caused by a lesion or disease affecting the somatosensory system, may be central or peripheral in origin. Neuropathic pain often includes symptoms such as burning or shooting sensations, abnormal sensitivity to normally painless stimuli, or an increased sensitivity to normally painful stimuli. Neuropathic pain is a common symptom in many diseases of the nervous system. Opioid drugs, including morphine, are commonly used to treat neuropathic pain. Most reviews have examined all opioids together. This review sought evidence specifically for morphine; other opioids are considered in separate reviews.</p>
        </sec>
        <sec id="CD011669-abs1-0002">
          <title>Objectives</title>
          <p>To assess the analgesic efficacy and adverse events of morphine for chronic neuropathic pain in adults.</p>
        </sec>
        <sec id="CD011669-abs1-0003">
          <title>Search methods</title>
          <p>We searched the Cochrane Central Register of Controlled Trials (CENTRAL), MEDLINE, and Embase for randomised controlled trials from inception to February 2017. We also searched the reference lists of retrieved studies and reviews, and online clinical trial registries.</p>
        </sec>
        <sec id="CD011669-abs1-0004">
          <title>Selection criteria</title>
          <p>We included randomised, double&#x2010;blind trials of two weeks' duration or longer, comparing morphine (any route of administration) with placebo or another active treatment for neuropathic pain, with participant&#x2010;reported pain assessment.</p>
        </sec>
        <sec id="CD011669-abs1-0005">
          <title>Data collection and analysis</title>
          <p>Two review authors independently extracted data and assessed trial quality and potential bias. Primary outcomes were participants with substantial pain relief (at least 50% pain relief over baseline or very much improved on Patient Global Impression of Change scale (PGIC)), or moderate pain relief (at least 30% pain relief over baseline or much or very much improved on PGIC). Where pooled analysis was possible, we used dichotomous data to calculate risk ratio (RR) and number needed to treat for an additional beneficial outcome (NNT) or harmful outcome (NNH). We assessed the quality of the evidence using GRADE and created 'Summary of findings' tables.</p>
        </sec>
        <sec id="CD011669-abs1-0006">
          <title>Main results</title>
          <p>We identified five randomised, double&#x2010;blind, cross&#x2010;over studies with treatment periods of four to seven weeks, involving 236 participants in suitably characterised neuropathic pain; 152 (64%) participants completed all treatment periods. Oral morphine was titrated to maximum daily doses of 90 mg to 180 mg or the maximum tolerated dose, and then maintained for the remainder of the study. Participants had experienced moderate or severe neuropathic pain for at least three months. Included studies involved people with painful diabetic neuropathy, chemotherapy&#x2010;induced peripheral neuropathy, postherpetic neuralgia criteria, phantom limb or postamputation pain, and lumbar radiculopathy. Exclusions were typically people with other significant comorbidity or pain from other causes.</p>
          <p>Overall, we judged the studies to be at low risk of bias, but there were concerns over small study size and the imputation method used for participants who withdrew from the studies, both of which could lead to overestimation of treatment benefits and underestimation of harm.</p>
          <p>There was insufficient or no evidence for the primary outcomes of interest for efficacy or harm. Four studies reported an approximation of moderate pain improvement (any pain&#x2010;related outcome indicating some improvement) comparing morphine with placebo in different types of neuropathic pain. We pooled these data in an exploratory analysis. Moderate improvement was experienced by 63% (87/138) of participants with morphine and 36% (45/125) with placebo; the risk difference (RD) was 0.27 (95% confidence interval (CI) 0.16 to 0.38, fixed&#x2010;effects analysis) and the NNT 3.7 (2.6 to 6.5). We assessed the quality of the evidence as very low because of the small number of events; available information did not provide a reliable indication of the likely effect, and the likelihood that the effect will be substantially different was very high. A similar exploratory analysis for substantial pain relief on three studies (177 participants) showed no difference between morphine and placebo.</p>
          <p>All&#x2010;cause withdrawals in four studies occurred in 16% (24/152) of participants with morphine and 12% (16/137) with placebo. The RD was 0.04 (&#x2010;0.04 to 0.12, random&#x2010;effects analysis). Adverse events were inconsistently reported, more common with morphine than with placebo, and typical of opioids. There were two serious adverse events, one with morphine, and one with a combination of morphine and nortriptyline. No deaths were reported. These outcomes were assessed as very low quality because of the limited number of participants and events.</p>
        </sec>
        <sec id="CD011669-abs1-0007">
          <title>Authors' conclusions</title>
          <p>There was insufficient evidence to support or refute the suggestion that morphine has any efficacy in any neuropathic pain condition.</p>
        </sec>
      </abstract>
      <abstract abstract-type="short">
        <title>Plain language summary</title>
        <p>
          <bold>Morphine for neuropathic pain in adults</bold>
        </p>
        <p>
          <bold>Bottom line</bold>
        </p>
        <p>There is very low quality evidence that morphine taken by mouth has any important effect on pain in people with moderate or severe neuropathic pain.</p>
        <p>
          <bold>Background</bold>
        </p>
        <p>Neuropathic pain comes from damaged nerves. It is different from pain messages that are carried along healthy nerves from damaged tissue (a fall or cut, or arthritic knee). Neuropathic pain is often treated by different medicines (drugs) to those used for pain from damaged tissue, which we often think of as painkillers. Medicines that are sometimes used to treat depression or epilepsy can be effective in some people with neuropathic pain. Opioid painkillers are sometimes used to treat neuropathic pain.</p>
        <p>Opioid painkillers are drugs like morphine. Morphine is derived from plants or synthesised by chemists. Morphine is widely available for use as a painkiller, usually given by mouth.</p>
        <p>Our definition of a good result was someone with a high level of pain relief and able to keep taking the medicine without side effects making them want to stop.</p>
        <p>
          <bold>Study characteristics</bold>
        </p>
        <p>In February 2017, we searched for clinical trials in which morphine was used to treat neuropathic pain in adults. Five studies satisfied the inclusion criteria, randomising 236 participants to treatment with morphine, placebo, or other drugs. Studies lasted four to seven weeks. Few studies reported beneficial outcomes that would be regarded as clinically relevant.</p>
        <p>
          <bold>Key results</bold>
        </p>
        <p>Four small studies reported that pain was reduced by between a quarter and a third in some people. This level of pain reduction was experienced by 6 in 10 participants with morphine and 4 in 10 with placebo. Between 1 and 2 in 10 participants withdrew from treatment with both morphine and placebo, but the reasons were not given. Side effects were poorly reported, but were more common with morphine than with placebo, and included drowsiness, dizziness, constipation, feeling sick, dry mouth, and decreased appetite.</p>
        <p>
          <bold>Quality of the evidence</bold>
        </p>
        <p>The evidence was of very low quality. This means that the research did not provide a reliable indication of the likely effect, and the likelihood that the effect will be substantially different is very high. Small studies like those in this review tend to overestimate results of treatment compared to the effects found in larger, better designed studies. There were other problems that might lead to over&#x2010;optimistic results. The very low quality evidence and the lack of any important benefit mean that we need new, longer&#x2010;lasting, large trials before we will know if morphine is useful for the treatment of neuropathic pain.</p>
      </abstract>
    </article-meta>
    <notes notes-type="status-note">
      <p>Stable (no update expected for reasons given in 'What's new')</p>
    </notes>
  </front>
</article>
</pmc-articleset>