<?xml version="1.0" ?>
<!DOCTYPE pmc-articleset PUBLIC "-//NLM//DTD ARTICLE SET 2.0//EN" "https://dtd.nlm.nih.gov/ncbi/pmc/articleset/nlm-articleset-2.0.dtd">
<pmc-articleset><article xmlns:xlink="http://www.w3.org/1999/xlink" xmlns:mml="http://www.w3.org/1998/Math/MathML" id="CD007908.pub2" article-type="systematic-review">
  <!--The publisher of this article does not allow downloading of the full text in XML form.-->
  <front>
    <journal-meta>
      <journal-id journal-id-type="nlm-ta">Cochrane Database Syst Rev</journal-id>
      <journal-id journal-id-type="iso-abbrev">Cochrane Database Syst Rev</journal-id>
      <journal-id journal-id-type="publisher-id">14651858</journal-id>
      <journal-id journal-id-type="doi">10.1002/14651858</journal-id>
      <journal-title-group>
        <journal-title>The Cochrane Database of Systematic Reviews</journal-title>
      </journal-title-group>
      <issn pub-type="epub">1469-493X</issn>
      <issn-l>1361-6137</issn-l>
      <publisher>
        <publisher-name>John Wiley &amp; Sons, Ltd</publisher-name>
        <publisher-loc>Chichester, UK</publisher-loc>
      </publisher>
    </journal-meta>
    <article-meta>
      <article-id pub-id-type="pmid">22513954</article-id>
      <article-id pub-id-type="pmc">6465046</article-id>
      <article-id pub-id-type="doi">10.1002/14651858.CD007908.pub2</article-id>
      <article-id pub-id-type="publisher-id">CD007908</article-id>
      <article-id pub-id-type="other">CD007908.pub2</article-id>
      <article-categories>
        <subj-group subj-group-type="heading">
          <subject>Medicine General &amp; Introductory Medical Sciences</subject>
        </subj-group>
      </article-categories>
      <title-group>
        <article-title>Interventions for treating acute elbow dislocations in adults</article-title>
      </title-group>
      <contrib-group>
        <contrib id="d28e63" contrib-type="author" corresp="yes">
          <name>
            <surname>Taylor</surname>
            <given-names>Fraser</given-names>
          </name>
          <address>
            <email>fj_taylor@hotmail.com</email>
          </address>
          <xref ref-type="aff" rid="CD007908-aff-0001"/>
        </contrib>
        <contrib id="d28e68" contrib-type="author">
          <name>
            <surname>Sims</surname>
            <given-names>Martyn</given-names>
          </name>
          <xref ref-type="aff" rid="CD007908-aff-0001"/>
        </contrib>
        <contrib id="d28e73" contrib-type="author">
          <name>
            <surname>Theis</surname>
            <given-names>Jean&#x2010;Claude</given-names>
          </name>
          <xref ref-type="aff" rid="CD007908-aff-0002"/>
        </contrib>
        <contrib id="d28e78" contrib-type="author">
          <name>
            <surname>Herbison</surname>
            <given-names>G Peter</given-names>
          </name>
          <xref ref-type="aff" rid="CD007908-aff-0003"/>
        </contrib>
      </contrib-group>
      <aff id="CD007908-aff-0001">
        <institution>Dunedin Hospital</institution>
        <institution content-type="dept">Department of Orthopaedics</institution>
        <addr-line>Private Bag 1921</addr-line>
        <city>Dunedin</city>
        <country>New Zealand</country>
        <postal-code/>
      </aff>
      <aff id="CD007908-aff-0002">
        <institution>Dunedin School of Medicine</institution>
        <institution content-type="dept">Department of Medical and Surgical Sciences</institution>
        <addr-line>University of OtagoPO Box 913</addr-line>
        <city>Dunedin</city>
        <country>New Zealand</country>
        <postal-code/>
      </aff>
      <aff id="CD007908-aff-0003">
        <institution>Dunedin School of Medicine, University of Otago</institution>
        <institution content-type="dept">Department of Preventive &amp; Social Medicine</institution>
        <addr-line>PO Box 913</addr-line>
        <city>Dunedin</city>
        <country>New Zealand</country>
        <postal-code>9054</postal-code>
      </aff>
      <author-notes>
        <fn>
          <p>Editorial Group: Cochrane Bone, Joint and Muscle Trauma Group.</p>
        </fn>
      </author-notes>
      <pub-date pub-type="epub">
        <day>18</day>
        <month>4</month>
        <year>2012</year>
      </pub-date>
      <pub-date pub-type="collection">
        <month>4</month>
        <year>2012</year>
      </pub-date>
      <pub-date pub-type="update">
        <day>05</day>
        <month>03</month>
        <year>2012</year>
      </pub-date>
      <volume>2012</volume>
      <issue>4</issue>
      <elocation-id>CD007908</elocation-id>
      <history>
        <date date-type="previous-update" publication-format="electronic">
          <day>08</day>
          <month>07</month>
          <year>2009</year>
        </date>
        <date date-type="cl-record-assessed-up-to-date">
          <day>01</day>
          <month>07</month>
          <year>2011</year>
        </date>
      </history>
      <permissions>
        <copyright-statement>Copyright &#xA9; 2012 The Cochrane Collaboration. Published by John Wiley &amp; Sons, Ltd.</copyright-statement>
        <copyright-year>2012</copyright-year>
        <copyright-holder>The Cochrane Collaboration</copyright-holder>
      </permissions>
      <related-article related-article-type="updated-article" ext-link-type="doi" xlink:href="10.1002/14651858.CD007908" id="d28e153"/>
      <abstract>
        <sec>
          <title>Background</title>
          <p>Dislocation of the elbow joint is a relatively uncommon injury.</p>
        </sec>
        <sec>
          <title>Objectives</title>
          <p>To assess the effects of various forms of treatment for acute simple elbow dislocations in adults.</p>
        </sec>
        <sec>
          <title>Search methods</title>
          <p>We searched the Cochrane Bone, Joint and Muscle Trauma Group Specialised Register (April 2011), the Cochrane Central Register of Controlled Trials (<italic>The Cochrane Library</italic>, 2011 Issue 1), MEDLINE (1948 to March Week 5 2011), EMBASE (1980 to 2011 Week 14), PEDro (April 2011), CINAHL (April 2011), various trial registers, various conference proceedings and bibliographies of relevant articles.</p>
        </sec>
        <sec>
          <title>Selection criteria</title>
          <p>Randomised or quasi&#x2010;randomised controlled trials of conservative and surgical treatment of dislocations of the elbow in adults. Excluded were trials involving dislocations with associated fractures, except for avulsion fractures.</p>
        </sec>
        <sec>
          <title>Data collection and analysis</title>
          <p>Data extraction and assessment of risk of bias were independently performed by two review authors. There was no pooling of data.</p>
        </sec>
        <sec>
          <title>Main results</title>
          <p>Two small randomised controlled trials, involving a total of 80 participants with simple elbow dislocations, were included. Both trials were methodologically flawed and potentially biased.</p>
          <p>One trial, involving 50 participants, compared early mobilisation at three days post reduction versus cast immobilisation. At one year follow&#x2010;up, the recovery of range of motion appeared better in the early mobilisation group (e.g. participants with incomplete recovery of extension: 1/24 versus 5/26; risk ratio 0.22, 95% confidence interval 0.03 to 1.72). However, the results were not statistically significant. There were no reports of instability or recurrence. One person in each group had residual pain at one year.</p>
          <p>The other trial, involving 30 participants, compared surgical repair of the torn ligaments versus conservative treatment (cast immobilisation for two weeks). At final follow&#x2010;up (mean 27.5 months), there were no statistically significant differences between the two groups in the numbers of patients who considered their injured elbow to be inferior to their non&#x2010;injured elbow (10/14 versus 7/14; RR 1.43, 95% CI 0.77 to 2.66) or in other patient complaints about their elbow such as weakness, pain or weather&#x2010;related discomfort. There were no reports of instability or recurrence. There were no statistically significant differences between the two groups in range of motion of the elbow (extension, flexion, pronation, and supination) or grip strength at follow&#x2010;up. No participants had neurological disturbances of the hand but two surgical group participants had recurrent dislocation of the ulnar nerve (no other details provided). One person in each group had radiologically detected myositis ossificans (bone formation within muscles following injury).</p>
        </sec>
        <sec>
          <title>Authors' conclusions</title>
          <p>There is insufficient evidence from randomised controlled trials to determine which method of treatment is the most appropriate for simple dislocations of the elbow in adults. Although weak and inconclusive, the available evidence from a trial comparing surgery versus conservative treatment does not suggest that the surgical repair of elbow ligaments for simple elbow dislocation improves long&#x2010;term function. Future research should focus on questions relating to non&#x2010;surgical treatment, such as the duration of immobilisation.</p>
        </sec>
      </abstract>
      <abstract abstract-type="short">
        <title>Interventions for treating acute elbow dislocations in adults</title>
        <p>Elbow dislocation is where the joint surfaces of the elbow become completely separated from each other. It is a relatively uncommon injury. After the bones of the elbow joint are put back into place, under sedation and/or anaesthesia, the arm is usually immobilised in a cast for a week or more. Removal of the cast is often followed by physical therapy aimed at restoring elbow mobility. Surgery is usually reserved for the more severe dislocations, which are generally associated with a fracture (broken bone).</p>
        <p>This review includes two trials, involving a total of 80 adults with simple elbow dislocations that had been put back into place (reduced). Both trials were at risk of bias, which means that their results may not be reliable.</p>
        <p>One trial compared early mobilisation of the elbow with immobilisation for three weeks in a plaster cast. This trial found no firm evidence of differences between the two interventions in the recovery of elbow range of motion or pain at one year. None of the trial participants had an unstable elbow or had suffered another dislocation.</p>
        <p>The other trial compared surgical repair of the torn ligaments versus conservative treatment (cast immobilisation for two weeks). It found no significant difference between the two groups in the numbers of patients who considered their injured elbow to be inferior to their non&#x2010;injured elbow or in other patient complaints about their elbow such as weakness, pain or weather&#x2010;related discomfort. There were also no differences between the groups in the range of motion of the elbow or grip strength at follow&#x2010;up of around two years. There were two people with surgery&#x2010;related complications. None of the trial participants had an unstable elbow or had suffered another dislocation.</p>
        <p>Overall, the review concluded that there was not enough evidence from randomised controlled trials to show which methods of treatment are better for these injuries.</p>
      </abstract>
      <kwd-group kwd-group-type="mesh">
        <kwd>Adult</kwd>
        <kwd>Humans</kwd>
        <kwd>Early Ambulation</kwd>
        <kwd>Acute Disease</kwd>
        <kwd>Casts, Surgical</kwd>
        <kwd>Elbow Joint</kwd>
        <kwd>Elbow Joint/injuries</kwd>
        <kwd>Elbow Joint/surgery</kwd>
        <kwd>Immobilization</kwd>
        <kwd>Immobilization/methods</kwd>
        <kwd>Joint Dislocations</kwd>
        <kwd>Joint Dislocations/surgery</kwd>
        <kwd>Joint Dislocations/therapy</kwd>
        <kwd>Ligaments, Articular</kwd>
        <kwd>Ligaments, Articular/injuries</kwd>
        <kwd>Ligaments, Articular/surgery</kwd>
        <kwd>Manipulation, Orthopedic</kwd>
        <kwd>Manipulation, Orthopedic/methods</kwd>
        <kwd>Range of Motion, Articular</kwd>
        <kwd>Treatment Outcome</kwd>
      </kwd-group>
    </article-meta>
    <notes notes-type="status-note">
      <p>New</p>
    </notes>
  </front>
</article>
</pmc-articleset>