<?xml version="1.0" ?>
<!DOCTYPE pmc-articleset PUBLIC "-//NLM//DTD ARTICLE SET 2.0//EN" "https://dtd.nlm.nih.gov/ncbi/pmc/articleset/nlm-articleset-2.0.dtd">
<pmc-articleset><article xmlns:xlink="http://www.w3.org/1999/xlink" xmlns:mml="http://www.w3.org/1998/Math/MathML" id="CD010783.pub2" article-type="systematic-review">
  <!--The publisher of this article does not allow downloading of the full text in XML form.-->
  <front>
    <journal-meta>
      <journal-id journal-id-type="nlm-ta">Cochrane Database Syst Rev</journal-id>
      <journal-id journal-id-type="iso-abbrev">Cochrane Database Syst Rev</journal-id>
      <journal-id journal-id-type="publisher-id">14651858</journal-id>
      <journal-id journal-id-type="doi">10.1002/14651858</journal-id>
      <journal-title-group>
        <journal-title>The Cochrane Database of Systematic Reviews</journal-title>
      </journal-title-group>
      <issn pub-type="epub">1469-493X</issn>
      <issn-l>1361-6137</issn-l>
      <publisher>
        <publisher-name>John Wiley &amp; Sons, Ltd</publisher-name>
        <publisher-loc>Chichester, UK</publisher-loc>
      </publisher>
    </journal-meta>
    <article-meta>
      <article-id pub-id-type="pmid">25740785</article-id>
      <article-id pub-id-type="pmc">6464748</article-id>
      <article-id pub-id-type="doi">10.1002/14651858.CD010783.pub2</article-id>
      <article-id pub-id-type="publisher-id">CD010783</article-id>
      <article-id pub-id-type="other">CD010783.pub2</article-id>
      <article-categories>
        <subj-group subj-group-type="heading">
          <subject>Medicine General &amp; Introductory Medical Sciences</subject>
        </subj-group>
      </article-categories>
      <title-group>
        <article-title>Mini&#x2010;Mental State Examination (MMSE) for the detection of Alzheimer's disease and other dementias in people with mild cognitive impairment (MCI)</article-title>
      </title-group>
      <contrib-group>
        <contrib id="d28e63" contrib-type="author" corresp="yes">
          <name>
            <surname>Arevalo&#x2010;Rodriguez</surname>
            <given-names>Ingrid</given-names>
          </name>
          <address>
            <email>inarev7@yahoo.com</email>
            <email>iarevalo@fucsalud.edu.co</email>
          </address>
          <xref ref-type="aff" rid="CD010783-aff-0001"/>
        </contrib>
        <contrib id="d28e68" contrib-type="author">
          <name>
            <surname>Smailagic</surname>
            <given-names>Nadja</given-names>
          </name>
          <xref ref-type="aff" rid="CD010783-aff-0002"/>
        </contrib>
        <contrib id="d28e73" contrib-type="author">
          <name>
            <surname>Roqu&#xE9; i Figuls</surname>
            <given-names>Marta</given-names>
          </name>
          <xref ref-type="aff" rid="CD010783-aff-0003"/>
        </contrib>
        <contrib id="d28e78" contrib-type="author">
          <name>
            <surname>Ciapponi</surname>
            <given-names>Agust&#xED;n</given-names>
          </name>
          <xref ref-type="aff" rid="CD010783-aff-0004"/>
        </contrib>
        <contrib id="d28e83" contrib-type="author">
          <name>
            <surname>Sanchez&#x2010;Perez</surname>
            <given-names>Erick</given-names>
          </name>
          <xref ref-type="aff" rid="CD010783-aff-0005"/>
        </contrib>
        <contrib id="d28e88" contrib-type="author">
          <name>
            <surname>Giannakou</surname>
            <given-names>Antri</given-names>
          </name>
          <xref ref-type="aff" rid="CD010783-aff-0006"/>
        </contrib>
        <contrib id="d28e93" contrib-type="author">
          <name>
            <surname>Pedraza</surname>
            <given-names>Olga L</given-names>
          </name>
          <xref ref-type="aff" rid="CD010783-aff-0005"/>
        </contrib>
        <contrib id="d28e98" contrib-type="author">
          <name>
            <surname>Bonfill Cosp</surname>
            <given-names>Xavier</given-names>
          </name>
          <xref ref-type="aff" rid="CD010783-aff-0007"/>
        </contrib>
        <contrib id="d28e103" contrib-type="author">
          <name>
            <surname>Cullum</surname>
            <given-names>Sarah</given-names>
          </name>
          <xref ref-type="aff" rid="CD010783-aff-0006"/>
        </contrib>
      </contrib-group>
      <aff id="CD010783-aff-0001">
        <institution>Fundaci&#xF3;n Universitaria de Ciencias de la Salud &#x2010; Hospital San Jose/ Hospital Infantil de San Jose</institution>
        <institution content-type="dept">Division of Research</institution>
        <addr-line>Carrera 19 N&#xBA; 8a &#x2010; 32</addr-line>
        <city>Bogot&#xE1; D.C.</city>
        <country>Colombia</country>
        <postal-code>11001</postal-code>
      </aff>
      <aff id="CD010783-aff-0002">
        <institution>University of Cambridge</institution>
        <institution content-type="dept">Institute of Public Health</institution>
        <addr-line>Forvie SiteRobinson Way</addr-line>
        <city>Cambridge</city>
        <country>UK</country>
        <postal-code>CB2 0SR</postal-code>
      </aff>
      <aff id="CD010783-aff-0003">
        <institution>CIBER Epidemiolog&#xED;a y Salud P&#xFA;blica (CIBERESP)</institution>
        <institution content-type="dept">Iberoamerican Cochrane Centre, Biomedical Research Institute Sant Pau (IIB Sant Pau)</institution>
        <addr-line>Sant Antoni Maria Claret 171Edifici Casa de Convalesc&#xE8;ncia</addr-line>
        <city>Barcelona</city>
        <country>Spain</country>
        <postal-code>08041</postal-code>
      </aff>
      <aff id="CD010783-aff-0004">
        <institution>Institute for Clinical Effectiveness and Health Policy</institution>
        <institution content-type="dept">Argentine Cochrane Centre IECS &#x2010; Southern American Branch of the Iberoamerican Cochrane Centre</institution>
        <addr-line>Dr. Emilio Ravignani 2024</addr-line>
        <city>Buenos Aires</city>
        <country>Argentina</country>
        <postal-code>C1414CPV</postal-code>
      </aff>
      <aff id="CD010783-aff-0005">
        <institution>Hospital Infantil Universitario de San Jos&#xE9;&#x2010;FUCS</institution>
        <institution content-type="dept">Neurosciences</institution>
        <addr-line>Cra 52 67A&#x2010;51</addr-line>
        <city>Bogot&#xE1;</city>
        <country>Colombia</country>
        <postal-code>11001000</postal-code>
      </aff>
      <aff id="CD010783-aff-0006">
        <institution>University of Bristol</institution>
        <institution content-type="dept">School of Social and Community Medicine</institution>
        <addr-line>39 Whatley Road</addr-line>
        <city>Bristol</city>
        <country>UK</country>
        <postal-code>BS82PS</postal-code>
      </aff>
      <aff id="CD010783-aff-0007">
        <institution>CIBER Epidemiolog&#xED;a y Salud P&#xFA;blica (CIBERESP) &#x2010; Universitat Aut&#xF2;noma de Barcelona</institution>
        <institution content-type="dept">Iberoamerican Cochrane Centre &#x2010; Biomedical Research Institute Sant Pau (IIB Sant Pau)</institution>
        <addr-line>Sant Antoni Maria Claret, 167Pavilion 18 (D&#x2010;13)</addr-line>
        <city>Barcelona</city>
        <country>Spain</country>
        <postal-code>08025</postal-code>
      </aff>
      <author-notes>
        <fn>
          <p>Editorial Group: Cochrane Dementia and Cognitive Improvement Group.</p>
        </fn>
      </author-notes>
      <pub-date pub-type="epub">
        <day>05</day>
        <month>3</month>
        <year>2015</year>
      </pub-date>
      <pub-date pub-type="collection">
        <month>3</month>
        <year>2015</year>
      </pub-date>
      <pub-date pub-type="update">
        <day>02</day>
        <month>03</month>
        <year>2015</year>
      </pub-date>
      <volume>2015</volume>
      <issue>3</issue>
      <elocation-id>CD010783</elocation-id>
      <history>
        <date date-type="previous-update" publication-format="electronic">
          <day>15</day>
          <month>10</month>
          <year>2013</year>
        </date>
        <date date-type="cl-record-assessed-up-to-date">
          <day>20</day>
          <month>05</month>
          <year>2014</year>
        </date>
      </history>
      <permissions>
        <copyright-statement>Copyright &#xA9; 2015 The Cochrane Collaboration. Published by John Wiley &amp; Sons, Ltd.</copyright-statement>
        <copyright-year>2015</copyright-year>
        <copyright-holder>The Cochrane Collaboration</copyright-holder>
      </permissions>
      <related-article related-article-type="updated-article" ext-link-type="doi" xlink:href="10.1002/14651858.CD010783" id="d28e251"/>
      <abstract>
        <sec>
          <title>Background</title>
          <p>Dementia is a progressive global cognitive impairment syndrome. In 2010, more than 35 million people worldwide were estimated to be living with dementia. Some people with mild cognitive impairment (MCI) will progress to dementia but others remain stable or recover full function. There is great interest in finding good predictors of dementia in people with MCI. The Mini&#x2010;Mental State Examination (MMSE) is the best&#x2010;known and the most often used short screening tool for providing an overall measure of cognitive impairment in clinical, research and community settings.</p>
        </sec>
        <sec>
          <title>Objectives</title>
          <p>To determine the diagnostic accuracy of the MMSE at various thresholds for detecting individuals with baseline MCI who would clinically convert to dementia in general, Alzheimer&#x2019;s disease dementia or other forms of dementia at follow&#x2010;up.</p>
        </sec>
        <sec>
          <title>Search methods</title>
          <p>We searched ALOIS (Cochrane Dementia and Cognitive Improvement Specialized Register of diagnostic and intervention studies (inception to May 2014); MEDLINE (OvidSP) (1946 to May 2014); EMBASE (OvidSP) (1980 to May 2014); BIOSIS (Web of Science) (inception to May 2014); Web of Science Core Collection, including the Conference Proceedings Citation Index (ISI Web of Science) (inception to May 2014); PsycINFO (OvidSP) (inception to May 2014), and LILACS (BIREME) (1982 to May 2014). We also searched specialized sources of diagnostic test accuracy studies and reviews, most recently in May 2014: MEDION (Universities of Maastricht and Leuven, www.mediondatabase.nl), DARE (Database of Abstracts of Reviews of Effects, via the Cochrane Library), HTA Database (Health Technology Assessment Database, via the Cochrane Library), and ARIF (University of Birmingham, UK, www.arif.bham.ac.uk). No language or date restrictions were applied to the electronic searches and methodological filters were not used as a method to restrict the search overall so as to maximize sensitivity. We also checked reference lists of relevant studies and reviews, tracked citations in Scopus and Science Citation Index, used searches of known relevant studies in PubMed to track related articles, and contacted research groups conducting work on MMSE for dementia diagnosis to try to locate possibly relevant but unpublished data.</p>
        </sec>
        <sec>
          <title>Selection criteria</title>
          <p>We considered longitudinal studies in which results of the MMSE administered to MCI participants at baseline were obtained and the reference standard was obtained by follow&#x2010;up over time. We included participants recruited and clinically classified as individuals with MCI under Petersen and revised Petersen criteria, Matthews criteria, or a Clinical Dementia Rating = 0.5. We used acceptable and commonly used reference standards for dementia in general, Alzheimer&#x2019;s dementia, Lewy body dementia, vascular dementia and frontotemporal dementia.</p>
        </sec>
        <sec>
          <title>Data collection and analysis</title>
          <p>We screened all titles generated by the electronic database searches. Two review authors independently assessed the abstracts of all potentially relevant studies. We assessed the identified full papers for eligibility and extracted data to create two by two tables for dementia in general and other dementias. Two authors independently performed quality assessment using the QUADAS&#x2010;2 tool. Due to high heterogeneity and scarcity of data, we derived estimates of sensitivity at fixed values of specificity from the model we fitted to produce the summary receiver operating characteristic curve.</p>
        </sec>
        <sec>
          <title>Main results</title>
          <p>In this review, we included 11 heterogeneous studies with a total number of 1569 MCI patients followed for conversion to dementia. Four studies assessed the role of baseline scores of the MMSE in conversion from MCI to all&#x2010;cause dementia and eight studies assessed this test in conversion from MCI to Alzheimer&#xB4;s disease dementia. Only one study provided information about the MMSE and conversion from MCI to vascular dementia. For conversion from MCI to dementia in general, the accuracy of baseline MMSE scores ranged from sensitivities of 23% to 76% and specificities from 40% to 94%. In relationship to conversion from MCI to Alzheimer&#x2019;s disease dementia, the accuracy of baseline MMSE scores ranged from sensitivities of 27% to 89% and specificities from 32% to 90%. Only one study provided information about conversion from MCI to vascular dementia, presenting a sensitivity of 36% and a specificity of 80% with an incidence of vascular dementia of 6.2%. Although we had planned to explore possible sources of heterogeneity, this was not undertaken due to the scarcity of studies included in our analysis.</p>
        </sec>
        <sec>
          <title>Authors' conclusions</title>
          <p>Our review did not find evidence supporting a substantial role of MMSE as a stand&#x2010;alone single&#x2010;administration test in the identification of MCI patients who could develop dementia. Clinicians could prefer to request additional and extensive tests to be sure about the management of these patients. An important aspect to assess in future updates is if conversion to dementia from MCI stages could be predicted better by MMSE changes over time instead of single measurements. It is also important to assess if a set of tests, rather than an isolated one, may be more successful in predicting conversion from MCI to dementia.</p>
        </sec>
      </abstract>
      <abstract abstract-type="short">
        <title>Baseline scores of Mini&#x2010;Mental State examination (MMSE) for early prediction of developing dementia in people with mild cognitive impairments (MCI)</title>
        <p>Patients with MCI should be evaluated and monitored due to their increased risk of progression to dementia. At present there are no agreements about what the best approach is to register the progression to dementia. Several cognitive function tests have been proposed for this task because most of them are easy to administer, take no longer than 10 minutes to complete, involve major executive functions, and yield an objective score. Our review assessed the current evidence related to one of those brief tests, the Mini&#x2010;Mental State Examination (MMSE), in the prediction of decline to dementia in people with cognitive impairments. After an extensive search and analysis of available information, we did not find evidence supporting a substantial role of MMSE as a stand&#x2010;alone single&#x2010;administration test in the identification of patients who will convert to dementia in the future.</p>
      </abstract>
      <kwd-group kwd-group-type="mesh">
        <kwd>Humans</kwd>
        <kwd>Mental Status Schedule</kwd>
        <kwd>Alzheimer Disease</kwd>
        <kwd>Alzheimer Disease/diagnosis</kwd>
        <kwd>Cognitive Dysfunction</kwd>
        <kwd>Cognitive Dysfunction/complications</kwd>
        <kwd>Dementia</kwd>
        <kwd>Dementia/diagnosis</kwd>
        <kwd>Dementia, Vascular</kwd>
        <kwd>Dementia, Vascular/diagnosis</kwd>
        <kwd>Disease Progression</kwd>
        <kwd>Frontotemporal Dementia</kwd>
        <kwd>Frontotemporal Dementia/diagnosis</kwd>
        <kwd>Lewy Body Disease</kwd>
        <kwd>Lewy Body Disease/diagnosis</kwd>
        <kwd>Neuropsychological Tests</kwd>
        <kwd>Sensitivity and Specificity</kwd>
      </kwd-group>
    </article-meta>
    <notes notes-type="status-note">
      <p>New</p>
    </notes>
  </front>
</article>
</pmc-articleset>