<?xml version="1.0" ?>
<!DOCTYPE pmc-articleset PUBLIC "-//NLM//DTD ARTICLE SET 2.0//EN" "https://dtd.nlm.nih.gov/ncbi/pmc/articleset/nlm-articleset-2.0.dtd">
<pmc-articleset><article xmlns:xlink="http://www.w3.org/1999/xlink" xmlns:mml="http://www.w3.org/1998/Math/MathML" id="CD012969" article-type="systematic-review">
  <!--The publisher of this article does not allow downloading of the full text in XML form.-->
  <front>
    <journal-meta>
      <journal-id journal-id-type="nlm-ta">Cochrane Database Syst Rev</journal-id>
      <journal-id journal-id-type="iso-abbrev">Cochrane Database Syst Rev</journal-id>
      <journal-id journal-id-type="publisher-id">14651858</journal-id>
      <journal-id journal-id-type="doi">10.1002/14651858</journal-id>
      <journal-title-group>
        <journal-title>The Cochrane Database of Systematic Reviews</journal-title>
      </journal-title-group>
      <issn pub-type="epub">1469-493X</issn>
      <issn-l>1361-6137</issn-l>
      <publisher>
        <publisher-name>John Wiley &amp; Sons, Ltd</publisher-name>
        <publisher-loc>Chichester, UK</publisher-loc>
      </publisher>
    </journal-meta>
    <article-meta>
      <article-id pub-id-type="pmc">6491098</article-id>
      <article-id pub-id-type="doi">10.1002/14651858.CD012969</article-id>
      <article-id pub-id-type="publisher-id">CD012969</article-id>
      <article-id pub-id-type="other">CD012969</article-id>
      <article-categories>
        <subj-group subj-group-type="heading">
          <subject>Medicine General &amp; Introductory Medical Sciences</subject>
        </subj-group>
      </article-categories>
      <title-group>
        <article-title>Treatment of dental and orthodontic complications in thalassaemia</article-title>
      </title-group>
      <contrib-group>
        <contrib id="d28e63" contrib-type="author" corresp="yes">
          <name>
            <surname>Mulimani</surname>
            <given-names>Priti</given-names>
          </name>
          <address>
            <email>mulimanipriti@gmail.com</email>
          </address>
          <xref ref-type="aff" rid="CD012969-aff-0001"/>
        </contrib>
        <contrib id="d28e68" contrib-type="author">
          <name>
            <surname>Abas</surname>
            <given-names>Adinegara BL</given-names>
          </name>
          <xref ref-type="aff" rid="CD012969-aff-0002"/>
        </contrib>
        <contrib id="d28e73" contrib-type="author">
          <name>
            <surname>Karanth</surname>
            <given-names>Laxminarayan</given-names>
          </name>
          <xref ref-type="aff" rid="CD012969-aff-0003"/>
        </contrib>
        <contrib id="d28e78" contrib-type="author">
          <name>
            <surname>Colombatti</surname>
            <given-names>Raffaella</given-names>
          </name>
          <xref ref-type="aff" rid="CD012969-aff-0004"/>
        </contrib>
        <contrib id="d28e83" contrib-type="author">
          <name>
            <surname>Kulkarni</surname>
            <given-names>Palna</given-names>
          </name>
          <xref ref-type="aff" rid="CD012969-aff-0005"/>
        </contrib>
      </contrib-group>
      <aff id="CD012969-aff-0001">
        <institution>Melaka&#x2010;Manipal Medical College</institution>
        <institution content-type="dept">Department of Orthodontics</institution>
        <addr-line>Jalan Batu Hampar, Bukit Baru</addr-line>
        <city>Melaka</city>
        <country>Malaysia</country>
        <postal-code>75150</postal-code>
      </aff>
      <aff id="CD012969-aff-0002">
        <institution>Melaka&#x2010;Manipal Medical College</institution>
        <institution content-type="dept">Department of Community Medicine</institution>
        <addr-line>Jalan Batu HamparBukit Baru</addr-line>
        <city>Melaka</city>
        <country>Malaysia</country>
        <postal-code>75150</postal-code>
      </aff>
      <aff id="CD012969-aff-0003">
        <institution>Melaka Manipal Medical College</institution>
        <institution content-type="dept">Department of Obstetrics and Gynecology</institution>
        <addr-line>Bukit Baru, Jalan BatuHampar</addr-line>
        <city>Melaka</city>
        <country>Malaysia</country>
        <postal-code>75150</postal-code>
      </aff>
      <aff id="CD012969-aff-0004">
        <institution>Azienda Ospedaliera&#x2010;University of Padova</institution>
        <institution content-type="dept">Clinic of Pediatric Hematology&#x2010;Oncology, Department of Child and Maternal Health</institution>
        <city>Padova</city>
        <country>Italy</country>
        <postal-code/>
      </aff>
      <aff id="CD012969-aff-0005">
        <institution>Al Qassimi Hospital</institution>
        <institution content-type="dept">Department of Maxillofacial Surgery</institution>
        <city>Sharjah</city>
        <country>United Arab Emirates</country>
        <postal-code/>
      </aff>
      <author-notes>
        <fn>
          <p>Editorial Group: Cochrane Cystic Fibrosis and Genetic Disorders Group.</p>
        </fn>
      </author-notes>
      <pub-date pub-type="epub">
        <day>26</day>
        <month>2</month>
        <year>2018</year>
      </pub-date>
      <pub-date pub-type="collection">
        <month>2</month>
        <year>2018</year>
      </pub-date>
      <pub-date pub-type="update">
        <day>22</day>
        <month>02</month>
        <year>2018</year>
      </pub-date>
      <volume>2018</volume>
      <issue>2</issue>
      <elocation-id>CD012969</elocation-id>
      <history>
        <date date-type="cl-record-assessed-up-to-date">
          <day>19</day>
          <month>02</month>
          <year>2018</year>
        </date>
      </history>
      <permissions>
        <copyright-statement>Copyright &#xA9; 2018 The Cochrane Collaboration. Published by John Wiley &amp; Sons, Ltd.</copyright-statement>
        <copyright-year>2018</copyright-year>
        <copyright-holder>The Cochrane Collaboration</copyright-holder>
      </permissions>
      <abstract>
        <title>Abstract</title>
        <p>This is a protocol for a Cochrane Review (Intervention). The objectives are as follows:</p>
        <p>The main objective of this review is to assess different methods to treat dental and orthodontic complications in people with thalassaemia.</p>
        <p>The term 'dental complications' is used to represent all oral infections, diseases and conditions affecting the teeth, jaws, orofacial region and associated structures, such as dental caries, periodontal disease, odontogenic infections, osteomyelitis, cellulitis etc. Under 'orthodontic complications' we will include craniofacial deformities, jaw abnormalities, malocclusion or any other condition necessitating orthodontic and its adjunctive treatment procedures including orthognathic surgery.</p>
      </abstract>
    </article-meta>
    <notes notes-type="status-note">
      <p>New</p>
    </notes>
  </front>
</article>
</pmc-articleset>