<?xml version="1.0" ?>
<!DOCTYPE pmc-articleset PUBLIC "-//NLM//DTD ARTICLE SET 2.0//EN" "https://dtd.nlm.nih.gov/ncbi/pmc/articleset/nlm-articleset-2.0.dtd">
<pmc-articleset><article xmlns:xlink="http://www.w3.org/1999/xlink" xmlns:mml="http://www.w3.org/1998/Math/MathML" id="CD013094" article-type="systematic-review">
  <!--The publisher of this article does not allow downloading of the full text in XML form.-->
  <front>
    <journal-meta>
      <journal-id journal-id-type="nlm-ta">Cochrane Database Syst Rev</journal-id>
      <journal-id journal-id-type="iso-abbrev">Cochrane Database Syst Rev</journal-id>
      <journal-id journal-id-type="publisher-id">14651858</journal-id>
      <journal-id journal-id-type="doi">10.1002/14651858</journal-id>
      <journal-title-group>
        <journal-title>The Cochrane Database of Systematic Reviews</journal-title>
      </journal-title-group>
      <issn pub-type="epub">1469-493X</issn>
      <issn-l>1361-6137</issn-l>
      <publisher>
        <publisher-name>John Wiley &amp; Sons, Ltd</publisher-name>
        <publisher-loc>Chichester, UK</publisher-loc>
      </publisher>
    </journal-meta>
    <article-meta>
      <article-id pub-id-type="pmc">6513460</article-id>
      <article-id pub-id-type="doi">10.1002/14651858.CD013094</article-id>
      <article-id pub-id-type="publisher-id">CD013094</article-id>
      <article-id pub-id-type="other">CD013094</article-id>
      <article-categories>
        <subj-group subj-group-type="heading">
          <subject>Medicine General &amp; Introductory Medical Sciences</subject>
        </subj-group>
      </article-categories>
      <title-group>
        <article-title>Sound therapy (using amplification devices and/or sound generators) for tinnitus in adults</article-title>
      </title-group>
      <contrib-group>
        <contrib id="d28e63" contrib-type="author" corresp="yes">
          <name>
            <surname>Sereda</surname>
            <given-names>Magdalena</given-names>
          </name>
          <address>
            <email>Magdalena.Sereda@nottingham.ac.uk</email>
          </address>
          <xref ref-type="aff" rid="CD013094-aff-0001"/>
        </contrib>
        <contrib id="d28e68" contrib-type="author">
          <name>
            <surname>Xia</surname>
            <given-names>Jun</given-names>
          </name>
          <xref ref-type="aff" rid="CD013094-aff-0002"/>
        </contrib>
        <contrib id="d28e73" contrib-type="author">
          <name>
            <surname>El Refaie</surname>
            <given-names>Amr</given-names>
          </name>
          <xref ref-type="aff" rid="CD013094-aff-0003"/>
        </contrib>
        <contrib id="d28e78" contrib-type="author">
          <name>
            <surname>Hall</surname>
            <given-names>Deborah A</given-names>
          </name>
          <xref ref-type="aff" rid="CD013094-aff-0001"/>
        </contrib>
        <contrib id="d28e83" contrib-type="author">
          <name>
            <surname>Hoare</surname>
            <given-names>Derek J</given-names>
          </name>
          <xref ref-type="aff" rid="CD013094-aff-0001"/>
        </contrib>
      </contrib-group>
      <aff id="CD013094-aff-0001">
        <institution>Division of Clinical Neuroscience, School of Medicine, University of Nottingham</institution>
        <institution content-type="dept">NIHR Nottingham Biomedical Research Centre</institution>
        <addr-line>Ropewalk House, 113 The Ropewalk</addr-line>
        <city>Nottingham</city>
        <country>UK</country>
        <postal-code>NG1 5DU</postal-code>
      </aff>
      <aff id="CD013094-aff-0002">
        <institution>Institute of Mental Health, University of Nottingham</institution>
        <institution content-type="dept">Cochrane Schizophrenia Group</institution>
        <addr-line>Triumph Road</addr-line>
        <city>Nottingham</city>
        <country>UK</country>
        <postal-code>NG7 2TU</postal-code>
      </aff>
      <aff id="CD013094-aff-0003">
        <institution>University College Cork</institution>
        <institution content-type="dept">Department of Speech and Hearing Sciences</institution>
        <city>Cork</city>
        <country>Ireland</country>
        <postal-code/>
      </aff>
      <author-notes>
        <fn>
          <p>Editorial Group: Cochrane ENT Group.</p>
        </fn>
      </author-notes>
      <pub-date pub-type="epub">
        <day>09</day>
        <month>8</month>
        <year>2018</year>
      </pub-date>
      <pub-date pub-type="collection">
        <month>8</month>
        <year>2018</year>
      </pub-date>
      <pub-date pub-type="update">
        <day>09</day>
        <month>08</month>
        <year>2018</year>
      </pub-date>
      <volume>2018</volume>
      <issue>8</issue>
      <elocation-id>CD013094</elocation-id>
      <history/>
      <permissions>
        <copyright-statement>Copyright &#xA9; 2018 The Cochrane Collaboration. Published by John Wiley &amp; Sons, Ltd.</copyright-statement>
        <copyright-year>2018</copyright-year>
        <copyright-holder>The Cochrane Collaboration</copyright-holder>
      </permissions>
      <abstract>
        <title>Abstract</title>
        <p>This is a protocol for a Cochrane Review (Intervention). The objectives are as follows:</p>
        <p>To assess the effects of sound therapy (using amplification devices and/or sound generators) for tinnitus in adults.</p>
      </abstract>
    </article-meta>
    <notes notes-type="status-note">
      <p>New</p>
    </notes>
  </front>
</article>
</pmc-articleset>