<?xml version="1.0" ?>
<!DOCTYPE pmc-articleset PUBLIC "-//NLM//DTD ARTICLE SET 2.0//EN" "https://dtd.nlm.nih.gov/ncbi/pmc/articleset/nlm-articleset-2.0.dtd">
<pmc-articleset><article xmlns:xlink="http://www.w3.org/1999/xlink" xmlns:mml="http://www.w3.org/1998/Math/MathML" id="CD006356" article-type="systematic-review">
  <!--The publisher of this article does not allow downloading of the full text in XML form.-->
  <front>
    <journal-meta>
      <journal-id journal-id-type="nlm-ta">Cochrane Database Syst Rev</journal-id>
      <journal-id journal-id-type="iso-abbrev">Cochrane Database Syst Rev</journal-id>
      <journal-id journal-id-type="publisher-id">14651858</journal-id>
      <journal-id journal-id-type="doi">10.1002/14651858</journal-id>
      <journal-title-group>
        <journal-title>The Cochrane Database of Systematic Reviews</journal-title>
      </journal-title-group>
      <issn pub-type="epub">1469-493X</issn>
      <issn-l>1361-6137</issn-l>
      <publisher>
        <publisher-name>John Wiley &amp; Sons, Ltd</publisher-name>
        <publisher-loc>Chichester, UK</publisher-loc>
      </publisher>
    </journal-meta>
    <article-meta>
      <article-id pub-id-type="pmid">17253590</article-id>
      <article-id pub-id-type="pmc">6465045</article-id>
      <article-id pub-id-type="doi">10.1002/14651858.CD006356</article-id>
      <article-id pub-id-type="publisher-id">CD006356</article-id>
      <article-id pub-id-type="other">CD006356</article-id>
      <article-categories>
        <subj-group subj-group-type="heading">
          <subject>Medicine General &amp; Introductory Medical Sciences</subject>
        </subj-group>
      </article-categories>
      <title-group>
        <article-title>Effects of glucocorticoids on radiological progression in rheumatoid arthritis</article-title>
      </title-group>
      <contrib-group>
        <contrib id="d28e63" contrib-type="author" corresp="yes">
          <name>
            <surname>Kirwan</surname>
            <given-names>John R</given-names>
          </name>
          <address>
            <email>john.kirwan@bristol.ac.uk</email>
          </address>
          <xref ref-type="aff" rid="CD006356-aff-0001"/>
        </contrib>
        <contrib id="d28e68" contrib-type="author">
          <name>
            <surname>Bijlsma</surname>
            <given-names>Johannes WJ</given-names>
          </name>
          <xref ref-type="aff" rid="CD006356-aff-0002"/>
        </contrib>
        <contrib id="d28e73" contrib-type="author">
          <name>
            <surname>Boers</surname>
            <given-names>Maarten</given-names>
          </name>
          <xref ref-type="aff" rid="CD006356-aff-0003"/>
        </contrib>
        <contrib id="d28e78" contrib-type="author">
          <name>
            <surname>Shea</surname>
            <given-names>Beverley</given-names>
          </name>
          <xref ref-type="aff" rid="CD006356-aff-0004"/>
        </contrib>
      </contrib-group>
      <aff id="CD006356-aff-0001">
        <institution>University of Bristol, Bristol Royal Infirmary</institution>
        <institution content-type="dept">Rheumatology Unit</institution>
        <addr-line>The CourtyardMarlborough Street</addr-line>
        <city>Bristol</city>
        <country>UK</country>
        <postal-code>BS2 8 HW</postal-code>
      </aff>
      <aff id="CD006356-aff-0002">
        <institution>University Medical Center Utrecht</institution>
        <institution content-type="dept">Rheumatology &amp; Clinical Immunology</institution>
        <addr-line>Box 85 5003508 GA</addr-line>
        <city>Utrecht</city>
        <country>Netherlands</country>
        <postal-code>3508 GA</postal-code>
      </aff>
      <aff id="CD006356-aff-0003">
        <institution>Free University Hosptial</institution>
        <institution content-type="dept">Department of Clinical Epidemiology</institution>
        <addr-line>VE&#x2010;9 oostPO Box 7057</addr-line>
        <city>1007 MB Amsterdam</city>
        <country>Netherlands</country>
        <postal-code/>
      </aff>
      <aff id="CD006356-aff-0004">
        <institution>University of Ottawa</institution>
        <institution content-type="dept">Institute of Population Health</institution>
        <addr-line>1 Stewart St.Room 312</addr-line>
        <city>Ottawa</city>
        <country>Canada</country>
        <postal-code>K1N 6N5</postal-code>
      </aff>
      <author-notes>
        <fn>
          <p>Editorial Group: Cochrane Musculoskeletal Group.</p>
        </fn>
      </author-notes>
      <pub-date pub-type="epub">
        <day>24</day>
        <month>1</month>
        <year>2007</year>
      </pub-date>
      <pub-date pub-type="collection">
        <month>1</month>
        <year>2007</year>
      </pub-date>
      <pub-date pub-type="update">
        <day>16</day>
        <month>09</month>
        <year>2008</year>
      </pub-date>
      <volume>2007</volume>
      <issue>1</issue>
      <elocation-id>CD006356</elocation-id>
      <history>
        <date date-type="cl-record-assessed-up-to-date">
          <day>13</day>
          <month>11</month>
          <year>2006</year>
        </date>
      </history>
      <permissions>
        <copyright-statement>Copyright &#xA9; 2009 The Cochrane Collaboration. Published by John Wiley &amp; Sons, Ltd.</copyright-statement>
        <copyright-year>2009</copyright-year>
        <copyright-holder>The Cochrane Collaboration</copyright-holder>
      </permissions>
      <abstract>
        <sec>
          <title>Background</title>
          <p>Glucocorticoid use in rheumatoid arthritis (RA) is widespread. Two Cochrane Reviews have been published examining the short term clinical benefit of low dose glucocorticoids compared to non&#x2010;steroidal anti&#x2010;inflammatory drugs and demonstrate good short term and medium term clinical benefits. The possibility that glucocorticoids may have a fundamental 'disease modifying' effect in RA, which would be seen by a reduction in the rate of radiological progression, has been raised by several authors.</p>
        </sec>
        <sec>
          <title>Objectives</title>
          <p>To perform a systematic review of studies evaluating glucocorticoid efficacy in inhibiting the progression of radiological damage in rheumatoid arthritis.</p>
        </sec>
        <sec>
          <title>Search methods</title>
          <p>A search of MEDLINE (from 1966 to 22 February 2005) and the Cochrane Central Register of Controlled Trials was undertaken, using the terms 'corticosteroids' and 'rheumatoid arthritis' expanded according to the Cochrane Collaboration recommendations. Identified abstracts were reviewed and appropriate reports obtained in full. Additional reports were identified from the reference lists and from expert knowledge.</p>
        </sec>
        <sec>
          <title>Selection criteria</title>
          <p>Randomized controlled or cross&#x2010;over trials in adults with a diagnosis of rheumatoid arthritis in which prednisone or a similar glucocorticoid preparation was compared to either placebo controls or active controls (i.e. comparative studies) and where there was evaluation of radiographs of hands, or hands and feet, or feet by any standardised technique. Eligible studies had at least one treatment arm with glucocorticoids and one without glucocorticoids.</p>
        </sec>
        <sec>
          <title>Data collection and analysis</title>
          <p>Standardised data extraction obtained the mean and standard deviation (SD) of change in erosion scores over 1 year or 2 years. (Where SD for change was not given a conservative estimate was taken from baseline data.) At least two authors selected the studies and extracted the data. Radiographic erosion scores were expressed as a percentage of the maximum possible score for the method used. The results were pooled after weighting in a random effects model to provide a standardised mean difference (SMD).</p>
        </sec>
        <sec>
          <title>Main results</title>
          <p>The initial search produced 217 citations, and 15 were added from experts, abstracts and review of reference lists. Authors of 4 trials being prepared for publication (and subsequently published) kindly shared their data. After application of eligibility criteria 15 studies and 1,414 patients were included. The majority of trials studied early RA (disease duration up to 2 years), and the mean cumulative dose of glucocorticoid was 2,300 mg prednisone equivalent (range 270 mg &#x2010; 5,800 mg) over the first year. Glucocorticoids were mostly added to other disease modifying anti&#x2010;rheumatoid drug (DMARD) treatment. The standardised mean difference in progression was 0.40 in favour of glucocorticoids (95% CI 0.27, 0.54). In studies lasting 2 years (806 patients included), the standardised mean difference in progression in favour of glucocorticoids at 1 year was 0.45 (0.24, 0.66) and at 2 years was 0.42 (0.30, 0.55). All studies except one showed a numerical treatment effect in favour of glucocorticoids. The beneficial effects of glucocorticoids were generally achieved when used in conjunction with other DMARD treatment.</p>
        </sec>
        <sec>
          <title>Authors' conclusions</title>
          <p>Even in the most conservative estimate, the evidence that glucocorticoids given in addition to standard therapy can substantially reduce the rate of erosion progression in rheumatoid arthritis is convincing. There remains concern about potential long&#x2010;term adverse reactions to glucocorticoid therapy, such as increased cardiovascular risk, and this issue requires further research.</p>
        </sec>
      </abstract>
      <abstract abstract-type="short">
        <title>Glucocorticoids for rheumatoid arthritis</title>
        <p>This summary of a Cochrane review presents what we know from research about the effect of low dose glucocorticoid pills, such as prednisone, on the progress of rheumatoid arthritis. The review shows that:</p>
        <p>
          <bold>In people with rheumatoid arthritis, low dose glucocorticoid pills:</bold>
        </p>
        <p>&#x2010; reduce the progression of the disease on x&#x2010;rays over 1 to 2 years.</p>
        <p>This result is based on high quality evidence.</p>
        <p>This benefit occurred in people already taking a disease&#x2010;modifying anti&#x2010;rheumatoid drug (DMARD) and therefore this benefit is over and above any benefits from the DMARDs. These results were true in people that had rheumatoid arthritis for less than 2 years. It seems likely that glucocorticoids would have the same effect in people who have had rheumatoid for 3 to 4 years, but it is not known whether this is true in people who have had it for longer.</p>
        <p>The long term effects of glucocorticoids are not known.</p>
        <p><bold>What is rheumatoid arthritis and why use glucocorticoids?</bold> Rheumatoid arthritis is a disease in which the body's immune system attacks its own healthy tissues. The attack happens mostly in the joints (especially in the hands and feet) and causes redness, pain, swelling and heat in the joint (inflammation). Glucocorticoids are also known as glucocorticosteroids, or sometimes just 'steroids', although there are many other types of steroids. They are taken as pills for up to 7 months and have already been shown to improve the symptoms of rheumatoid arthritis. There is however still some concern about the long term harms, such as heart problems, when taking glucocorticoids.</p>
        <p>Rheumatoid arthritis also breaks down and erodes away the cartilage and bones in the affected joints. This erosion cannot be seen and is measured by x&#x2010;rays. More erosion on an x&#x2010;ray usually means that the disease is progressing or worsening. There is some debate about whether glucocorticoids can slow the erosion and the progression of the disease.</p>
        <p><bold>What are the effects of glucocorticoids on the progress of rheumatoid arthritis?</bold> The studies looked at people who had rheumatoid for up to 2 years. Low doses of glucocorticoid pills were taken and usually with a disease&#x2010;modifying anti&#x2010;rheumatoid drug (DMARD).</p>
        <p>Glucocorticoids reduce progression of the disease on x&#x2010;rays over 1 to 2 years. This result is based on high quality evidence.</p>
        <p>Harms were not reviewed. We often do not have precise information about side effects and complications. This is particularly true for rare but serious side effects and long term side effects. Low doses of glucocorticoids may not lead to side effects, but possible side effects may include osteoporosis or heart problems.</p>
      </abstract>
      <kwd-group kwd-group-type="mesh">
        <kwd>Adult</kwd>
        <kwd>Humans</kwd>
        <kwd>Antirheumatic Agents</kwd>
        <kwd>Antirheumatic Agents/therapeutic use</kwd>
        <kwd>Arthritis, Rheumatoid</kwd>
        <kwd>Arthritis, Rheumatoid/diagnostic imaging</kwd>
        <kwd>Arthritis, Rheumatoid/drug therapy</kwd>
        <kwd>Disease Progression</kwd>
        <kwd>Glucocorticoids</kwd>
        <kwd>Glucocorticoids/therapeutic use</kwd>
        <kwd>Radiography</kwd>
        <kwd>Randomized Controlled Trials as Topic</kwd>
      </kwd-group>
    </article-meta>
    <notes notes-type="status-note">
      <p>Edited (no change to conclusions)</p>
    </notes>
  </front>
</article>
</pmc-articleset>