<?xml version="1.0" ?>
<!DOCTYPE pmc-articleset PUBLIC "-//NLM//DTD ARTICLE SET 2.0//EN" "https://dtd.nlm.nih.gov/ncbi/pmc/articleset/nlm-articleset-2.0.dtd">
<pmc-articleset><article xmlns:xlink="http://www.w3.org/1999/xlink" xmlns:mml="http://www.w3.org/1998/Math/MathML" id="CD007380.pub4" article-type="systematic-review">
  <!--The publisher of this article does not allow downloading of the full text in XML form.-->
  <front>
    <journal-meta>
      <journal-id journal-id-type="nlm-ta">Cochrane Database Syst Rev</journal-id>
      <journal-id journal-id-type="iso-abbrev">Cochrane Database Syst Rev</journal-id>
      <journal-id journal-id-type="publisher-id">14651858</journal-id>
      <journal-id journal-id-type="doi">10.1002/14651858</journal-id>
      <journal-title-group>
        <journal-title>The Cochrane Database of Systematic Reviews</journal-title>
      </journal-title-group>
      <issn pub-type="epub">1469-493X</issn>
      <issn-l>1361-6137</issn-l>
      <publisher>
        <publisher-name>John Wiley &amp; Sons, Ltd</publisher-name>
        <publisher-loc>Chichester, UK</publisher-loc>
      </publisher>
    </journal-meta>
    <article-meta>
      <article-id pub-id-type="pmid">27670244</article-id>
      <article-id pub-id-type="pmc">6457633</article-id>
      <article-id pub-id-type="doi">10.1002/14651858.CD007380.pub4</article-id>
      <article-id pub-id-type="publisher-id">CD007380</article-id>
      <article-id pub-id-type="other">CD007380.pub4</article-id>
      <article-categories>
        <subj-group subj-group-type="heading">
          <subject>Medicine General &amp; Introductory Medical Sciences</subject>
        </subj-group>
      </article-categories>
      <title-group>
        <article-title>Psychostimulant drugs for cocaine dependence</article-title>
      </title-group>
      <contrib-group>
        <contrib id="d28e63" contrib-type="author" corresp="yes">
          <name>
            <surname>Castells</surname>
            <given-names>Xavier</given-names>
          </name>
          <address>
            <email>xavier.castells@udg.edu</email>
          </address>
          <xref ref-type="aff" rid="CD007380-aff-0001"/>
        </contrib>
        <contrib id="d28e68" contrib-type="author">
          <name>
            <surname>Cunill</surname>
            <given-names>Ruth</given-names>
          </name>
          <xref ref-type="aff" rid="CD007380-aff-0002"/>
        </contrib>
        <contrib id="d28e73" contrib-type="author">
          <name>
            <surname>P&#xE9;rez&#x2010;Ma&#xF1;&#xE1;</surname>
            <given-names>Clara</given-names>
          </name>
          <xref ref-type="aff" rid="CD007380-aff-0003"/>
        </contrib>
        <contrib id="d28e78" contrib-type="author">
          <name>
            <surname>Vidal</surname>
            <given-names>Xavier</given-names>
          </name>
          <xref ref-type="aff" rid="CD007380-aff-0004"/>
        </contrib>
        <contrib id="d28e83" contrib-type="author">
          <name>
            <surname>Capell&#xE0;</surname>
            <given-names>Dolors</given-names>
          </name>
          <xref ref-type="aff" rid="CD007380-aff-0005"/>
        </contrib>
      </contrib-group>
      <aff id="CD007380-aff-0001">
        <institution>Universitat de Girona</institution>
        <institution content-type="dept">Unit of Clinical Pharmacology, TransLab Research Group, Department of Medical Sciences</institution>
        <addr-line>Emili Grahit, 77</addr-line>
        <city>Girona</city>
        <country>Spain</country>
        <postal-code>17071</postal-code>
      </aff>
      <aff id="CD007380-aff-0002">
        <institution>Parc Sanitari Sant Joan de D&#xE9;u</institution>
        <institution content-type="dept">Parc Sanitari Sant Joan de D&#xE9;u&#x2010;Numancia</institution>
        <city>Barcelona</city>
        <country>Spain</country>
        <postal-code>08735</postal-code>
      </aff>
      <aff id="CD007380-aff-0003">
        <institution>Universitat Aut&#xF2;noma de Barcelona</institution>
        <institution content-type="dept">Integrative Pharmacology and Systems Neuroscience Research Group, Hospital del Mar Research Institute&#x2010;IMIM, Parc de Salut Mar, and Department of Pharmacology, Therapeutics and Toxicology</institution>
        <addr-line>Doctor Aiguader 88</addr-line>
        <city>Barcelona</city>
        <country>Spain</country>
        <postal-code>08003</postal-code>
      </aff>
      <aff id="CD007380-aff-0004">
        <institution>Hospital Universitari Vall d'Hebron, Universitat Aut&#xF2;noma de Barcelona</institution>
        <institution content-type="dept">Department of Clinical Pharmacology</institution>
        <addr-line>Passeig Vall d'Hebron 119&#x2010;129</addr-line>
        <city>Barcelona</city>
        <country>Spain</country>
        <postal-code>08035</postal-code>
      </aff>
      <aff id="CD007380-aff-0005">
        <institution>Faculty of Medicine, Universitat de Girona</institution>
        <institution content-type="dept">Unit of Clinical Pharmacology, TransLab Research Group, Department of Medical Sciences</institution>
        <city>Girona</city>
        <country>Spain</country>
        <postal-code/>
      </aff>
      <author-notes>
        <fn>
          <p>Editorial Group: Cochrane Drugs and Alcohol Group.</p>
        </fn>
      </author-notes>
      <pub-date pub-type="epub">
        <day>27</day>
        <month>9</month>
        <year>2016</year>
      </pub-date>
      <pub-date pub-type="collection">
        <month>9</month>
        <year>2016</year>
      </pub-date>
      <pub-date pub-type="update">
        <day>26</day>
        <month>09</month>
        <year>2016</year>
      </pub-date>
      <volume>2016</volume>
      <issue>9</issue>
      <elocation-id>CD007380</elocation-id>
      <history>
        <date date-type="previous-update" publication-format="electronic">
          <day>17</day>
          <month>02</month>
          <year>2010</year>
        </date>
        <date date-type="cl-record-assessed-up-to-date">
          <day>25</day>
          <month>07</month>
          <year>2008</year>
        </date>
      </history>
      <permissions>
        <copyright-statement>Copyright &#xA9; 2016 The Cochrane Collaboration. Published by John Wiley &amp; Sons, Ltd.</copyright-statement>
        <copyright-year>2016</copyright-year>
        <copyright-holder>The Cochrane Collaboration</copyright-holder>
      </permissions>
      <related-article related-article-type="updated-article" ext-link-type="doi" xlink:href="10.1002/14651858.CD007380.pub3" id="d28e188"/>
      <abstract>
        <sec>
          <title>Background</title>
          <p>Cocaine dependence is a severe disorder for which no medication has been approved. Like opioids for heroin dependence, replacement therapy with psychostimulants could be an effective therapy for treatment.</p>
        </sec>
        <sec>
          <title>Objectives</title>
          <p>To assess the effects of psychostimulants for cocaine abuse and dependence. Specific outcomes include sustained cocaine abstinence and retention in treatment. We also studied the influence of type of drug and comorbid disorders on psychostimulant efficacy.</p>
        </sec>
        <sec>
          <title>Search methods</title>
          <p>This is an update of the review previously published in 2010. For this updated review, we searched the Cochrane Drugs and Alcohol Group Trials Register, CENTRAL, MEDLINE, Embase and PsycINFO up to 15 February 2016. We handsearched references of obtained articles and consulted experts in the field.</p>
        </sec>
        <sec>
          <title>Selection criteria</title>
          <p>We included randomised parallel group controlled clinical trials comparing the efficacy of a psychostimulant drug versus placebo.</p>
        </sec>
        <sec>
          <title>Data collection and analysis</title>
          <p>We used standard methodological procedures expected by Cochrane.</p>
        </sec>
        <sec>
          <title>Main results</title>
          <p>We included 26 studies involving 2366 participants. The included studies assessed nine drugs: bupropion, dexamphetamine, lisdexamfetamine, methylphenidate, modafinil, mazindol, methamphetamine, mixed amphetamine salts and selegiline.&#xA0;We did not consider any study to be at low risk of bias for all domains included in the Cochrane 'Risk of bias' tool. Attrition bias was the most frequently suspected potential source of bias of the included studies. We found very low quality evidence that psychostimulants improved sustained cocaine abstinence (risk ratio (RR) 1.36, 95% confidence interval (CI) 1.05 to 1.77, P = 0.02), but they did not reduce cocaine use (standardised mean difference (SMD) 0.16, 95% CI &#x2212;0.02 to 0.33) among participants who continued to use it. Furthermore, we found moderate quality evidence that psychostimulants did not improve retention in treatment (RR 1.00, 95% CI 0.93 to 1.06). The proportion of adverse event&#x2010;induced dropouts and cardiovascular adverse event&#x2010;induced dropouts was similar for psychostimulants and placebo (RD 0.00, 95% CI &#x2212;0.01 to 0.01; RD 0.00, 95% CI &#x2212;0.02 to 0.01, respectively). When we included the type of drug as a moderating variable, the proportion of patients achieving sustained cocaine abstinence was higher with bupropion and dexamphetamine than with placebo. Psychostimulants also appeared to increase the proportion of patients achieving sustained cocaine and heroin abstinence amongst methadone&#x2010;maintained, dual heroin&#x2010;cocaine addicts. Retention to treatment was low, though, so our results may be compromised by attrition bias. We found no evidence of publication bias.</p>
        </sec>
        <sec>
          <title>Authors' conclusions</title>
          <p>This review found mixed results. Psychostimulants improved cocaine abstinence compared to placebo in some analyses but did not improve treatment retention. Since treatment dropout was high, we cannot rule out the possibility that these results were influenced by attrition bias. Existing evidence does not clearly demonstrate the efficacy of any pharmacological treatment for cocaine dependence, but substitution treatment with psychostimulants appears promising and deserves further investigation.</p>
        </sec>
      </abstract>
      <abstract abstract-type="short">
        <title>Efficacy of psychostimulant drugs for cocaine dependence</title>
        <p>
          <bold>Review question</bold>
        </p>
        <p>We investigated whether psychostimulant substitution was safe and effective for treating patients with cocaine dependence.</p>
        <p>
          <bold>Background</bold>
        </p>
        <p>Cocaine dependence is a frequent disorder for which no medication has been approved for treatment. Substitution therapy involves the replacement of the abused drug, which is often illegal and used several times a day, by a legal, orally administered and longer&#x2010;acting one. A substitute drug has to have similar effects as the abused one, but with a lower addictive potential, enabling drug abstinence and patient adherence to medical and psychological assistance. This strategy can increase the abstinence rate in patients with heroin and tobacco dependence. In this review, we investigated whether psychostimulant substitution with medications that have psychostimulant effect was effective for treating patients with cocaine dependence.</p>
        <p><bold>Search date</bold>: the evidence is current to 15 February 2016.</p>
        <p>
          <bold>Studies and participants' characteristics</bold>
        </p>
        <p>We reviewed the evidence about the effect of psychostimulants on cocaine abstinence, safety and retention to treatment in patients with cocaine dependence. We found 26 studies that had enrolled 2366 participants and investigated the effects of psychostimulants against placebo for cocaine abuse or dependence. Most participants were men (75%) in their middle age (mean age 39.6 years). About half (47.6%) were African American, and 39.3% were white. The most common way they used cocaine was smoking. All but two studies took place in the USA, and they studied the effects of nine medications with a psychostimulant effect: bupropion, dexamphetamine, lisdexamfetamine, methylphenidate, modafinil, mazindol, methamphetamine, mixed amphetamine salts and selegiline.&#xA0;All clinical trials provided psychotherapy. Study length ranged from 6 to 24 weeks.</p>
        <p>
          <bold>Key results</bold>
        </p>
        <p>Investigators assessed cocaine abstinence (determined by urinalysis) in participants receiving the study intervention versus those receiving placebo. Though some analyses found that cocaine abstinence was higher with psychostimulants than with placebo, we are uncertain whether psychostimulants decrease cocaine use among participants who continue to use it or if they increase the number of people who stay clean, as the quality of the evidence was very low.</p>
        <p>We also investigated the effect of the interventions studied on treatment retention. This outcome is important because withdrawing treatment and scheduled visits can suggest relapse to cocaine use. Psychostimulants probably make little or no difference when compared with placebo (moderate quality of evidence)</p>
        <p>Psychostimulants appear well tolerated and are not associated with serious adverse events. Furthermore, psychostimulants show more favourable outcomes for some groups of patients, such as methadone&#x2010;maintained, dual heroin&#x2010;cocaine addicts, for whom there were positive results on both cocaine and heroin use.</p>
        <p>
          <bold>Quality of the evidence</bold>
        </p>
        <p>We did not consider any study to be free from risk of bias. We judged the quality of evidence to be very low for the outcomes of cocaine use and sustained abstinence but moderate for retention in treatment.</p>
        <p>University researchers performed all studies with public funding, although eight of them also had additional private funding.</p>
        <p>
          <bold>Conclusions</bold>
        </p>
        <p>The efficacy of psychostimulants for cocaine dependence is not entirely clear, but these treatments appear promising and deserve further investigation.</p>
      </abstract>
      <kwd-group kwd-group-type="mesh">
        <kwd>Humans</kwd>
        <kwd>Central Nervous System Stimulants</kwd>
        <kwd>Central Nervous System Stimulants/therapeutic use</kwd>
        <kwd>Cocaine&#x2010;Related Disorders</kwd>
        <kwd>Cocaine&#x2010;Related Disorders/drug therapy</kwd>
        <kwd>Randomized Controlled Trials as Topic</kwd>
      </kwd-group>
    </article-meta>
    <notes notes-type="status-note">
      <p>New search for studies and content updated (no change to conclusions)</p>
    </notes>
  </front>
</article>
</pmc-articleset>