<?xml version="1.0" ?>
<!DOCTYPE pmc-articleset PUBLIC "-//NLM//DTD ARTICLE SET 2.0//EN" "https://dtd.nlm.nih.gov/ncbi/pmc/articleset/nlm-articleset-2.0.dtd">
<pmc-articleset><article xmlns:xlink="http://www.w3.org/1999/xlink" xmlns:mml="http://www.w3.org/1998/Math/MathML" id="CD010849.pub3" article-type="systematic-review">
  <!--The publisher of this article does not allow downloading of the full text in XML form.-->
  <front>
    <journal-meta>
      <journal-id journal-id-type="nlm-ta">Cochrane Database Syst Rev</journal-id>
      <journal-id journal-id-type="iso-abbrev">Cochrane Database Syst Rev</journal-id>
      <journal-id journal-id-type="publisher-id">14651858</journal-id>
      <journal-id journal-id-type="doi">10.1002/14651858</journal-id>
      <journal-title-group>
        <journal-title>The Cochrane Database of Systematic Reviews</journal-title>
      </journal-title-group>
      <issn pub-type="epub">1469-493X</issn>
      <issn-l>1361-6137</issn-l>
      <publisher>
        <publisher-name>John Wiley &amp; Sons, Ltd</publisher-name>
        <publisher-loc>Chichester, UK</publisher-loc>
      </publisher>
    </journal-meta>
    <article-meta>
      <article-id pub-id-type="pmid">29537064</article-id>
      <article-id pub-id-type="pmc">6494256</article-id>
      <article-id pub-id-type="doi">10.1002/14651858.CD010849.pub3</article-id>
      <article-id pub-id-type="publisher-id">CD010849</article-id>
      <article-id pub-id-type="other">CD010849.pub3</article-id>
      <article-categories>
        <subj-group subj-group-type="heading">
          <subject>Medicine General &amp; Introductory Medical Sciences</subject>
        </subj-group>
      </article-categories>
      <title-group>
        <article-title>Preconception risk assessment for thalassaemia, sickle cell disease, cystic fibrosis and Tay&#x2010;Sachs disease</article-title>
      </title-group>
      <contrib-group>
        <contrib id="d28e63" contrib-type="author">
          <name>
            <surname>Hussein</surname>
            <given-names>Norita</given-names>
          </name>
          <xref ref-type="aff" rid="CD010849-aff-0001"/>
        </contrib>
        <contrib id="d28e68" contrib-type="author">
          <name>
            <surname>Weng</surname>
            <given-names>Stephen F</given-names>
          </name>
          <xref ref-type="aff" rid="CD010849-aff-0002"/>
        </contrib>
        <contrib id="d28e73" contrib-type="author">
          <name>
            <surname>Kai</surname>
            <given-names>Joe</given-names>
          </name>
          <xref ref-type="aff" rid="CD010849-aff-0002"/>
        </contrib>
        <contrib id="d28e78" contrib-type="author">
          <name>
            <surname>Kleijnen</surname>
            <given-names>Jos</given-names>
          </name>
          <xref ref-type="aff" rid="CD010849-aff-0003 CD010849-aff-0004"/>
        </contrib>
        <contrib id="d28e83" contrib-type="author" corresp="yes">
          <name>
            <surname>Qureshi</surname>
            <given-names>Nadeem</given-names>
          </name>
          <address>
            <email>nadeem.qureshi@nottingham.ac.uk</email>
          </address>
          <xref ref-type="aff" rid="CD010849-aff-0002"/>
        </contrib>
      </contrib-group>
      <aff id="CD010849-aff-0001">
        <institution>Faculty of Medicine, University of Malaya</institution>
        <institution content-type="dept">Department of Primary Care Medicine</institution>
        <city>Kuala Lumpur</city>
        <country>Malaysia</country>
        <postal-code>50603</postal-code>
      </aff>
      <aff id="CD010849-aff-0002">
        <institution>University of Nottingham</institution>
        <institution content-type="dept">Division of Primary Care, School of Medicine</institution>
        <addr-line>1307 The TowerUniversity Park Campus</addr-line>
        <city>Nottingham</city>
        <country>UK</country>
        <postal-code>NG9 2RD</postal-code>
      </aff>
      <aff id="CD010849-aff-0003">
        <institution>Kleijnen Systematic Reviews Ltd</institution>
        <addr-line>Unit 6, Escrick Business ParkRiccall Road, Escrick</addr-line>
        <city>York</city>
        <country>UK</country>
        <postal-code>YO19 6FD</postal-code>
      </aff>
      <aff id="CD010849-aff-0004">
        <institution>School for Public Health and Primary Care (CAPHRI), Maastricht University</institution>
        <city>Maastricht</city>
        <country>Netherlands</country>
        <postal-code>6200 MD</postal-code>
      </aff>
      <author-notes>
        <fn>
          <p>Editorial Group: Cochrane Cystic Fibrosis and Genetic Disorders Group.</p>
        </fn>
      </author-notes>
      <pub-date pub-type="epub">
        <day>14</day>
        <month>3</month>
        <year>2018</year>
      </pub-date>
      <pub-date pub-type="collection">
        <month>3</month>
        <year>2018</year>
      </pub-date>
      <pub-date pub-type="update">
        <day>29</day>
        <month>01</month>
        <year>2018</year>
      </pub-date>
      <volume>2018</volume>
      <issue>3</issue>
      <elocation-id>CD010849</elocation-id>
      <history>
        <date date-type="previous-update" publication-format="electronic">
          <day>12</day>
          <month>08</month>
          <year>2015</year>
        </date>
        <date date-type="cl-record-assessed-up-to-date">
          <day>25</day>
          <month>01</month>
          <year>2018</year>
        </date>
      </history>
      <permissions>
        <copyright-statement>Copyright &#xA9; 2018 The Cochrane Collaboration. Published by John Wiley &amp; Sons, Ltd.</copyright-statement>
        <copyright-year>2018</copyright-year>
        <copyright-holder>The Cochrane Collaboration</copyright-holder>
      </permissions>
      <related-article related-article-type="updated-article" ext-link-type="doi" xlink:href="10.1002/14651858.CD010849.pub2" id="d28e168"/>
      <abstract>
        <sec>
          <title>Background</title>
          <p>Globally, about five per cent of children are born with congenital or genetic disorders. The most common autosomal recessive conditions are thalassaemia, sickle cell disease, cystic fibrosis and Tay&#x2010;Sachs disease, with higher carrier rates in specific patient populations. Identifying and counselling couples at genetic risk of the conditions before pregnancy enables them to make fully informed reproductive decisions, with some of these choices not being available if genetic counselling is only offered in an antenatal setting. This is an update of a previously published review.</p>
        </sec>
        <sec>
          <title>Objectives</title>
          <p>To assess the effectiveness of systematic preconception genetic risk assessment to improve reproductive outcomes in women and their partners who are identified as carriers of thalassaemia, sickle cell disease, cystic fibrosis and Tay&#x2010;Sachs disease in healthcare settings when compared to usual care.</p>
        </sec>
        <sec>
          <title>Search methods</title>
          <p>We searched the Cochrane Cystic Fibrosis and Genetic Disorders Group's Trials Registers. In addition, we searched for all relevant trials from 1970 (or the date at which the database was first available if after 1970) to date using electronic databases (MEDLINE, Embase, CINAHL, PsycINFO), clinical trial databases (National Institutes of Health, Clinical Trials Search portal of the World Health Organization, metaRegister of controlled clinical trials), and hand searching of key journals and conference abstract books from 1998 to date (<italic>European Journal of Human Genetics, Genetics in Medicine, Journal of Community Genetics</italic>). We also searched the reference lists of relevant articles, reviews and guidelines and also contacted subject experts in the field to request any unpublished or other published trials.</p>
          <p>Date of latest search of the registers: 20 June 2017.</p>
          <p>Date of latest search of all other sources: 16 November 2017.</p>
        </sec>
        <sec>
          <title>Selection criteria</title>
          <p>Any randomised or quasi&#x2010;randomised controlled trials (published or unpublished) comparing reproductive outcomes of systematic preconception genetic risk assessment for thalassaemia, sickle cell disease, cystic fibrosis and Tay&#x2010;Sachs disease when compared to usual care.</p>
        </sec>
        <sec>
          <title>Data collection and analysis</title>
          <p>We identified 25 papers, describing 16 unique trials which were potentially eligible for inclusion in the review. However, after assessment, no randomised controlled trials of preconception genetic risk assessment for thalassaemia, sickle cell disease, cystic fibrosis and Tay&#x2010;Sachs disease were found.</p>
        </sec>
        <sec>
          <title>Main results</title>
          <p>No randomised controlled trials of preconception genetic risk assessment for thalassaemia, sickle cell disease, cystic fibrosis and Tay&#x2010;Sachs disease were included. One ongoing trial has been identified which may potentially eligible for inclusion once completed.</p>
        </sec>
        <sec>
          <title>Authors' conclusions</title>
          <p>As no randomised controlled trials of preconception genetic risk assessment for thalassaemia, sickle cell disease, cystic fibrosis, or Tay&#x2010;Sachs disease were found for inclusion in this review, the research evidence for current policy recommendations is limited to non&#x2010;randomised studies.</p>
          <p>Information from well&#x2010;designed, adequately powered, randomised trials is desirable in order to make more robust recommendations for practice. However, such trials must also consider the legal, ethical, and cultural barriers to implementation of preconception genetic risk assessment.</p>
        </sec>
      </abstract>
      <abstract abstract-type="short">
        <title>Identifying carrier status for thalassaemia, sickle cell disease, cystic fibrosis, or Tay&#x2010;Sachs disease in non&#x2010;pregnant women and their partners</title>
        <p>
          <bold>Review question</bold>
        </p>
        <p>We looked for evidence to show whether identifying people who are carriers for thalassaemia, sickle cell disease, cystic fibrosis, or Tay&#x2010;Sachs disease, before pregnancy leads to improving reproductive choice and pregnancy outcomes.</p>
        <p>
          <bold>Background</bold>
        </p>
        <p>Across the world, about five per cent of children are born with genetic disorders. These disorders can be passed down from parent to child. There are tests to identify the genetic risk of the most common genetic disorders (thalassaemia, sickle cell disease, cystic fibrosis, or Tay&#x2010;Sachs disease) before pregnancy. In these disorders, called autosomal recessive conditions, the parents of affected children are 'carriers' of the condition, which means they do not usually have symptoms. All 'carrier' couples will have a 25 per cent chance of having an affected child. Risk assessment for these genetic disorders prior to pregnancy would benefit potential parents who may be carriers. This information would give the at&#x2010;risk couple the opportunity to make fully informed decisions about family planning. However, genetic risk assessment before pregnancy may potentially have a negative psychological impact. This is an updated version of the original review.</p>
        <p>
          <bold>Search date</bold>
        </p>
        <p>We last looked for evidence on 16 November 2017.</p>
        <p>
          <bold>Study characteristics</bold>
        </p>
        <p>We did not find any trials that we could include in this review, but there is an ongoing trial which we may be able to include once it has been completed.</p>
        <p>
          <bold>Key results</bold>
        </p>
        <p>Although no trials were identified in which people taking part would have equal chances of being in either group, there are several studies which are not so strictly designed which support current policy recommendations for genetic risk assessment prior to pregnancy in routine clinical practice. Any future trials need to consider legal, ethical and cultural barriers to implementation.</p>
      </abstract>
      <kwd-group kwd-group-type="mesh">
        <kwd>Female</kwd>
        <kwd>Humans</kwd>
        <kwd>Genetic Carrier Screening</kwd>
        <kwd>Preconception Care</kwd>
        <kwd>Anemia, Sickle Cell</kwd>
        <kwd>Anemia, Sickle Cell/genetics</kwd>
        <kwd>Cystic Fibrosis</kwd>
        <kwd>Cystic Fibrosis/genetics</kwd>
        <kwd>Risk Assessment</kwd>
        <kwd>Tay&#x2010;Sachs Disease</kwd>
        <kwd>Tay&#x2010;Sachs Disease/genetics</kwd>
        <kwd>Thalassemia</kwd>
        <kwd>Thalassemia/genetics</kwd>
      </kwd-group>
    </article-meta>
    <notes notes-type="status-note">
      <p>New search for studies and content updated (no change to conclusions)</p>
    </notes>
  </front>
</article>
</pmc-articleset>