<?xml version="1.0" ?>
<!DOCTYPE pmc-articleset PUBLIC "-//NLM//DTD ARTICLE SET 2.0//EN" "https://dtd.nlm.nih.gov/ncbi/pmc/articleset/nlm-articleset-2.0.dtd">
<pmc-articleset><article xmlns:xlink="http://www.w3.org/1999/xlink" xmlns:mml="http://www.w3.org/1998/Math/MathML" id="CD011782.pub2" article-type="systematic-review">
  <!--The publisher of this article does not allow downloading of the full text in XML form.-->
  <front>
    <journal-meta>
      <journal-id journal-id-type="nlm-ta">Cochrane Database Syst Rev</journal-id>
      <journal-id journal-id-type="iso-abbrev">Cochrane Database Syst Rev</journal-id>
      <journal-id journal-id-type="publisher-id">14651858</journal-id>
      <journal-id journal-id-type="doi">10.1002/14651858</journal-id>
      <journal-title-group>
        <journal-title>The Cochrane Database of Systematic Reviews</journal-title>
      </journal-title-group>
      <issn pub-type="epub">1469-493X</issn>
      <issn-l>1361-6137</issn-l>
      <publisher>
        <publisher-name>John Wiley &amp; Sons, Ltd</publisher-name>
        <publisher-loc>Chichester, UK</publisher-loc>
      </publisher>
    </journal-meta>
    <article-meta>
      <article-id pub-id-type="pmid">29199766</article-id>
      <article-id pub-id-type="pmc">6486040</article-id>
      <article-id pub-id-type="doi">10.1002/14651858.CD011782.pub2</article-id>
      <article-id pub-id-type="publisher-id">CD011782</article-id>
      <article-id pub-id-type="other">CD011782.pub2</article-id>
      <article-categories>
        <subj-group subj-group-type="heading">
          <subject>Medicine General &amp; Introductory Medical Sciences</subject>
        </subj-group>
      </article-categories>
      <title-group>
        <article-title>Pentasaccharides for the treatment of deep vein thrombosis</article-title>
      </title-group>
      <contrib-group>
        <contrib id="d28e63" contrib-type="author" corresp="yes">
          <name>
            <surname>Brandao</surname>
            <given-names>Gustavo MS</given-names>
          </name>
          <address>
            <email>gubrandao@terra.com.br</email>
            <email>danijunqueira@gmail.com</email>
          </address>
          <xref ref-type="aff" rid="CD011782-aff-0001"/>
        </contrib>
        <contrib id="d28e68" contrib-type="author">
          <name>
            <surname>Junqueira</surname>
            <given-names>Daniela R</given-names>
          </name>
          <xref ref-type="aff" rid="CD011782-aff-0002"/>
        </contrib>
        <contrib id="d28e73" contrib-type="author">
          <name>
            <surname>Rollo</surname>
            <given-names>Hamilton A</given-names>
          </name>
          <xref ref-type="aff" rid="CD011782-aff-0001"/>
        </contrib>
        <contrib id="d28e78" contrib-type="author">
          <name>
            <surname>Sobreira</surname>
            <given-names>Marcone L</given-names>
          </name>
          <xref ref-type="aff" rid="CD011782-aff-0001"/>
        </contrib>
      </contrib-group>
      <aff id="CD011782-aff-0001">
        <institution>Faculdade de Medicina de Botucatu</institution>
        <institution content-type="dept">Department of Surgery and Orthopedics</institution>
        <addr-line>Av. Professor Montenegro Distrito de Rubiao Junior s/n</addr-line>
        <city>Botucatu</city>
        <country>Brazil</country>
        <postal-code>18618&#x2010;970</postal-code>
      </aff>
      <aff id="CD011782-aff-0002">
        <institution>University of Alberta</institution>
        <institution content-type="dept">Faculty of Dentistry and Medicine</institution>
        <addr-line>8215 112 St NWSuite #1702, College Plaza</addr-line>
        <city>Edmonton</city>
        <country>Canada</country>
        <postal-code>T6G 2C8</postal-code>
      </aff>
      <author-notes>
        <fn>
          <p>Editorial Group: Cochrane Vascular Group.</p>
        </fn>
      </author-notes>
      <pub-date pub-type="epub">
        <day>02</day>
        <month>12</month>
        <year>2017</year>
      </pub-date>
      <pub-date pub-type="collection">
        <month>12</month>
        <year>2017</year>
      </pub-date>
      <volume>2017</volume>
      <issue>12</issue>
      <elocation-id>CD011782</elocation-id>
      <history>
        <date date-type="previous-update" publication-format="electronic">
          <day>02</day>
          <month>07</month>
          <year>2015</year>
        </date>
      </history>
      <permissions>
        <copyright-statement>Copyright &#xA9; 2017 The Cochrane Collaboration. Published by John Wiley &amp; Sons, Ltd.</copyright-statement>
        <copyright-year>2017</copyright-year>
        <copyright-holder>The Cochrane Collaboration</copyright-holder>
      </permissions>
      <related-article related-article-type="updated-article" ext-link-type="doi" xlink:href="10.1002/14651858.CD011782" id="d28e136"/>
      <abstract>
        <sec>
          <title>Background</title>
          <p>Standard treatment of deep vein thrombosis (DVT) is based on antithrombotic therapy, initially with parenteral administration of unfractionated heparin or low molecular weight heparins (LMWH) for five to seven days, then subsequent long&#x2010;term therapy with oral vitamin K antagonists (e.g. warfarin). Pentasaccharides are novel anticoagulants that may be favourable over standard therapy due to their predictable effect, no need for frequent monitoring or re&#x2010;dosing, and few known drug interactions. Heparin&#x2010;induced thrombocytopenia, a harmful effect of heparins, appears to be rare during treatment with pentasaccharides.</p>
        </sec>
        <sec>
          <title>Objectives</title>
          <p>To assess the efficacy and harms of pentasaccharides for the treatment of deep vein thrombosis.</p>
        </sec>
        <sec>
          <title>Search methods</title>
          <p>The Cochrane Vascular Information Specialist (CIS) searched the Specialised Register (22 March 2017) and the Cochrane Central Register of Controlled Trials (CENTRAL) (2017, Issue 2) (searched 22 March 2017). We searched clinical trials databases for details of ongoing or unpublished studies and the reference lists of relevant articles for additional citations.</p>
        </sec>
        <sec>
          <title>Selection criteria</title>
          <p>We included randomised controlled trials in which people 18 years of age or older with a DVT confirmed by standard imaging techniques were allocated to receive a pentasaccharide (fondaparinux, idraparinux, or idrabiotaparinux) for the treatment of DVT in comparison with standard therapy or other treatments.</p>
        </sec>
        <sec>
          <title>Data collection and analysis</title>
          <p>We extracted data characterising the included trials according to the methods, participants, interventions, and outcomes. We assessed risk of bias using Cochrane's 'Risk of bias' tool and employed the GRADE methodology to evaluate the quality of the evidence.</p>
          <p>The main primary outcome for efficacy was recurrent venous thromboembolism (VTE), and the main primary outcome for harm was major and clinically relevant bleeding. Since our outcomes were dichotomous, we calculated the risk ratio (RR) with a 95% confidence interval (CI). We combined the effects of different comparisons through a meta&#x2010;analysis using a fixed&#x2010;effect model.</p>
        </sec>
        <sec>
          <title>Main results</title>
          <p>We included five randomised controlled trials of 6981 participants comparing pentasaccharides with standard therapy or other pentasaccharides. The quality of the evidence varied depending on the outcome and was judged as of moderate to very low quality. We downgraded the quality of the evidence due to risk of bias or imprecision, or both.</p>
          <p>Two studies evaluated fondaparinux, at doses of 5.0 mg, 7.5 mg, and 10.0 mg, plus vitamin K antagonist in comparison with standard therapy. A meta&#x2010;analysis of these two studies showed no clear difference in the risk of recurrent VTE (RR 0.80, 95% CI 0.43 to 1.47; 2658 participants); moderate&#x2010;quality evidence. The frequencies of major bleeding were similar between interventions in the initial period of treatment (approximately five days) (RR 1.15, 95% CI 0.39 to 3.44; 2645 participants) and at three months' follow&#x2010;up (RR 1.05, 95% CI 0.64 to 1.71; 2645 participants). We judged the quality of the evidence as moderate.</p>
          <p>One study (757 participants) compared idrabiotaparinux (3.0 mg) with idraparinux (2.5 mg) and demonstrated no clear difference in the risk of recurrent VTE at six months' follow&#x2010;up (RR 0.72, 95% CI 0.31 to 1.69); low&#x2010;quality evidence. Major bleeding during the initial treatment period was not reported. Major bleeding at six&#x2010;month follow&#x2010;up was less frequent in participants receiving idrabiotaparinux versus participants treated with idraparinux (RR 0.21, 95% CI 0.06 to 0.71); low&#x2010;quality evidence.</p>
          <p>The effect of an initial treatment with LMWH followed by three months of idraparinux (10 mg) showed no clear difference from standard therapy for risk of recurrent VTE (RR 1.51, 95% CI 0.26 to 8.90; 263 participants); very low&#x2010;quality evidence; one study. Major bleeding during the initial treatment period was not reported. The frequency of major and other clinically relevant bleeding at three months' follow&#x2010;up ranged from 2% to 15% in participants receiving LMWH and increasing doses of idraparinux of 2.5 mg, 5 mg, 7.5 mg, or 10 mg. When dosage groups were combined, there was no clear difference in major plus other clinically relevant bleeding or in major bleeding alone between the idraparinux treatment group and the standard therapy group (RR 1.30, 95% CI 0.70 to 2.40; 659 participants; RR 3.76, 95% CI 0.50 to 28.19; 659 participants, respectively); very low&#x2010;quality evidence.</p>
          <p>One study (2904 participants) compared idraparinux (2.5 mg) to standard therapy. There was no clear difference in the risk of recurrent VTE at three months' follow&#x2010;up (RR 0.98, 95% CI 0.64 to 1.48); low&#x2010;quality evidence. Major bleeding during the initial treatment period was not reported. Major bleeding at three months of follow&#x2010;up appeared to be similar in the idraparinux group and the standard therapy group (RR 0.71, 95% CI 0.34 to 1.47); very low&#x2010;quality evidence.</p>
        </sec>
        <sec>
          <title>Authors' conclusions</title>
          <p>We found moderate&#x2010;quality evidence that the effects of fondaparinux at doses of 5.0 mg, 7.5 mg, and 10.0 mg plus vitamin K antagonist are similar in terms of recurrent VTE and risk of major bleeding compared with standard treatment for DVT.</p>
          <p>Low&#x2010;quality evidence suggests equal efficacy of idraparinux at 2.5 mg and the equimolar dose of 3.0 mg of idrabiotaparinux with regard to recurrent VTE, but a higher frequency of major bleeding was observed in participants treated with idraparinux.</p>
          <p>We judged evidence on the effectiveness of idraparinux compared with standard therapy, with or without initial treatment with LMWH, and on associated bleeding risk to be low to very low quality, therefore we have very limited confidence in the estimated effects.</p>
          <p>The observed similar effectiveness in terms of recurrent DVT and harmful effects in terms of bleeding risk with fondaparinux plus vitamin K antagonist compared to standard treatment for DVT suggest that it may be an alternative to conventional anticoagulants for the treatment of DVT in certain circumstances.</p>
        </sec>
      </abstract>
      <abstract abstract-type="short">
        <title>Pentasaccharides for the treatment of deep vein thrombosis</title>
        <p>
          <bold>Review question</bold>
        </p>
        <p>Are fondaparinux, idraparinux, and idrabiotaparinux, new anticoagulants (blood&#x2010;thinning medications) of the class of the pentasaccharides, a safe and effective alternative to conventional anticoagulants used to treat deep vein thrombosis?</p>
        <p>
          <bold>Background</bold>
        </p>
        <p>Deep vein thrombosis is a severe and life&#x2010;threatening disease caused by the formation of a blood clot in the deep veins, usually in the legs. The conventional treatment consists of injections of the anticoagulant heparins for five to seven days, followed by long&#x2010;term therapy with oral anticoagulants (vitamin K antagonists, e.g. warfarin). However, the high risk of bleeding and need for frequent laboratory control are important limitations to conventional therapy.</p>
        <p>The pentasaccharides fondaparinux, idraparinux, and idrabiotaparinux have a more predictable effect and a more convenient dosing regimen in comparison with the conventional treatment. Pentasaccharides also do not require laboratory control and have few known interactions with other medicines and foods. They may be more cost&#x2010;effective in many settings, and a harmful effect known as heparin&#x2010;induced thrombocytopenia (heparin injections causing an increase in the risk of clotting (thromboembolic) complications) appears to be rare during treatment with pentasaccharides. Possible limitations of pentasaccharides are that they may be harmful in people with severe renal insufficiency and the need for intravenous or subcutaneous injections to administer these medications.</p>
        <p>
          <bold>Study characteristics and key results</bold>
        </p>
        <p>After searching the literature for relevant studies, current until 22 March 2017, we included five studies with a total of 6981 participants. The included studies compared fondaparinux, idraparinux, and idrabiotaparinux versus conventional therapy or each another. Our main outcome to judge the effectiveness of the treatments was the occurrence of a recurrent venous thromboembolism (an episode of deep vein thrombosis or pulmonary embolism), and our main outcome to evaluate the harmful effects of the treatments was major and clinically relevant bleeding.</p>
        <p>Our review showed that the pentasaccharide fondaparinux (at doses of 5.0 mg, 7.5 mg, and 10.0 mg) plus vitamin K antagonist may show similar effectiveness and harmful effects compared to the conventional treatment for deep vein thrombosis. Idraparinux at the dose of 2.5 mg and idrabiotaparinux at the dose of 3.0 mg resulted in relatively high numbers of bleeding<bold>.</bold></p>
        <p>
          <bold>Quality of the evidence</bold>
        </p>
        <p>We judged our main results on the effectiveness and harms of fondaparinux plus vitamin K antagonist compared with conventional treatment as of moderate quality. This means that we are confident that these results may be correct, though additional studies could possibly change the estimates. Additonal evidence was largely imprecise and deemed of low to very low quality depending on the outcome. We downgraded the quality of the evidence for risk of bias or imprecision, or both.</p>
      </abstract>
      <kwd-group kwd-group-type="mesh">
        <kwd>Humans</kwd>
        <kwd>Anticoagulants</kwd>
        <kwd>Anticoagulants/administration &amp; dosage</kwd>
        <kwd>Anticoagulants/adverse effects</kwd>
        <kwd>Anticoagulants/therapeutic use</kwd>
        <kwd>Biotin</kwd>
        <kwd>Biotin/administration &amp; dosage</kwd>
        <kwd>Biotin/adverse effects</kwd>
        <kwd>Biotin/analogs &amp; derivatives</kwd>
        <kwd>Biotin/therapeutic use</kwd>
        <kwd>Hemorrhage</kwd>
        <kwd>Hemorrhage/chemically induced</kwd>
        <kwd>Heparin, Low&#x2010;Molecular&#x2010;Weight</kwd>
        <kwd>Heparin, Low&#x2010;Molecular&#x2010;Weight/therapeutic use</kwd>
        <kwd>Oligosaccharides</kwd>
        <kwd>Oligosaccharides/administration &amp; dosage</kwd>
        <kwd>Oligosaccharides/adverse effects</kwd>
        <kwd>Oligosaccharides/therapeutic use</kwd>
        <kwd>Polysaccharides</kwd>
        <kwd>Polysaccharides/administration &amp; dosage</kwd>
        <kwd>Polysaccharides/adverse effects</kwd>
        <kwd>Polysaccharides/therapeutic use</kwd>
        <kwd>Randomized Controlled Trials as Topic</kwd>
        <kwd>Recurrence</kwd>
        <kwd>Time Factors</kwd>
        <kwd>Venous Thrombosis</kwd>
        <kwd>Venous Thrombosis/drug therapy</kwd>
      </kwd-group>
    </article-meta>
    <notes notes-type="status-note">
      <p>New</p>
    </notes>
  </front>
</article>
</pmc-articleset>