<?xml version="1.0" ?>
<!DOCTYPE pmc-articleset PUBLIC "-//NLM//DTD ARTICLE SET 2.0//EN" "https://dtd.nlm.nih.gov/ncbi/pmc/articleset/nlm-articleset-2.0.dtd">
<pmc-articleset><article xmlns:xlink="http://www.w3.org/1999/xlink" xmlns:mml="http://www.w3.org/1998/Math/MathML" id="CD001055.pub5" article-type="systematic-review">
  <!--The publisher of this article does not allow downloading of the full text in XML form.-->
  <front>
    <journal-meta>
      <journal-id journal-id-type="nlm-ta">Cochrane Database Syst Rev</journal-id>
      <journal-id journal-id-type="iso-abbrev">Cochrane Database Syst Rev</journal-id>
      <journal-id journal-id-type="publisher-id">14651858</journal-id>
      <journal-id journal-id-type="doi">10.1002/14651858</journal-id>
      <journal-title-group>
        <journal-title>The Cochrane Database of Systematic Reviews</journal-title>
      </journal-title-group>
      <issn pub-type="epub">1469-493X</issn>
      <issn-l>1361-6137</issn-l>
      <publisher>
        <publisher-name>John Wiley &amp; Sons, Ltd</publisher-name>
        <publisher-loc>Chichester, UK</publisher-loc>
      </publisher>
    </journal-meta>
    <article-meta>
      <article-id pub-id-type="pmid">28196405</article-id>
      <article-id pub-id-type="pmc">6472671</article-id>
      <article-id pub-id-type="doi">10.1002/14651858.CD001055.pub5</article-id>
      <article-id pub-id-type="publisher-id">CD001055</article-id>
      <article-id pub-id-type="other">CD001055.pub5</article-id>
      <article-categories>
        <subj-group subj-group-type="heading">
          <subject>Medicine General &amp; Introductory Medical Sciences</subject>
        </subj-group>
      </article-categories>
      <title-group>
        <article-title>Psychosocial interventions for supporting women to stop smoking in
pregnancy</article-title>
      </title-group>
      <contrib-group>
        <contrib id="d28e64" contrib-type="author" corresp="yes">
          <name>
            <surname>Chamberlain</surname>
            <given-names>Catherine</given-names>
          </name>
          <address>
            <email>catherine.chamberlain@bakeridi.edu.au</email>
            <email>catherine.chamberlain@unimelb.edu.au</email>
          </address>
          <xref ref-type="aff" rid="CD001055-aff-0001 CD001055-aff-0002 CD001055-aff-0003 CD001055-aff-0004"/>
        </contrib>
        <contrib id="d28e69" contrib-type="author">
          <name>
            <surname>O'Mara&#x2010;Eves</surname>
            <given-names>Alison</given-names>
          </name>
          <xref ref-type="aff" rid="CD001055-aff-0005"/>
        </contrib>
        <contrib id="d28e74" contrib-type="author">
          <name>
            <surname>Porter</surname>
            <given-names>Jessie</given-names>
          </name>
          <xref ref-type="aff" rid="CD001055-aff-0002"/>
        </contrib>
        <contrib id="d28e79" contrib-type="author">
          <name>
            <surname>Coleman</surname>
            <given-names>Tim</given-names>
          </name>
          <xref ref-type="aff" rid="CD001055-aff-0006"/>
        </contrib>
        <contrib id="d28e84" contrib-type="author">
          <name>
            <surname>Perlen</surname>
            <given-names>Susan M</given-names>
          </name>
          <xref ref-type="aff" rid="CD001055-aff-0004"/>
        </contrib>
        <contrib id="d28e89" contrib-type="author">
          <name>
            <surname>Thomas</surname>
            <given-names>James</given-names>
          </name>
          <xref ref-type="aff" rid="CD001055-aff-0005"/>
        </contrib>
        <contrib id="d28e94" contrib-type="author">
          <name>
            <surname>McKenzie</surname>
            <given-names>Joanne E</given-names>
          </name>
          <xref ref-type="aff" rid="CD001055-aff-0003"/>
        </contrib>
      </contrib-group>
      <aff id="CD001055-aff-0001">
        <institution>Baker IDI Heart &amp; Diabetes Institute</institution>
        <institution content-type="dept">Aboriginal Health Domain</institution>
        <addr-line>L4/99 Commercial RdPrahan</addr-line>
        <city>Melbourne</city>
        <country>Australia</country>
        <postal-code>3004</postal-code>
      </aff>
      <aff id="CD001055-aff-0002">
        <institution>University of Melbourne</institution>
        <institution content-type="dept">Melbourne School of Population and Global Health</institution>
        <city>Melbourne</city>
        <country>Australia</country>
        <postal-code/>
      </aff>
      <aff id="CD001055-aff-0003">
        <institution>Monash University</institution>
        <institution content-type="dept">School of Public Health &amp; Preventive Medicine</institution>
        <city>Melbourne</city>
        <country>Australia</country>
        <postal-code/>
      </aff>
      <aff id="CD001055-aff-0004">
        <institution>Murdoch Childrens Research Institute</institution>
        <institution content-type="dept">Healthy Mothers Healthy Families Research Group</institution>
        <city>Melbourne</city>
        <country>Australia</country>
        <postal-code>3052</postal-code>
      </aff>
      <aff id="CD001055-aff-0005">
        <institution>University College London</institution>
        <institution content-type="dept">EPPI&#x2010;Centre, Social Science Research Unit, UCL Institute of
Education</institution>
        <addr-line>18 Woburn Square</addr-line>
        <city>London</city>
        <country>UK</country>
        <postal-code>WC1H 0NR</postal-code>
      </aff>
      <aff id="CD001055-aff-0006">
        <institution>University of Nottingham</institution>
        <institution content-type="dept">Division of Primary Care</institution>
        <addr-line>D1411, Medical SchoolQueen's Medical Centre</addr-line>
        <city>Nottingham</city>
        <country>UK</country>
        <postal-code>NG7 2UH</postal-code>
      </aff>
      <author-notes>
        <fn>
          <p>Editorial Group: Cochrane Pregnancy and Childbirth Group.</p>
        </fn>
      </author-notes>
      <pub-date pub-type="epub">
        <day>14</day>
        <month>2</month>
        <year>2017</year>
      </pub-date>
      <pub-date pub-type="collection">
        <month>2</month>
        <year>2017</year>
      </pub-date>
      <pub-date pub-type="update">
        <day>09</day>
        <month>02</month>
        <year>2017</year>
      </pub-date>
      <volume>2017</volume>
      <issue>2</issue>
      <elocation-id>CD001055</elocation-id>
      <history>
        <date date-type="previous-update" publication-format="electronic">
          <day>23</day>
          <month>10</month>
          <year>2013</year>
        </date>
        <date date-type="cl-record-assessed-up-to-date">
          <day>13</day>
          <month>11</month>
          <year>2015</year>
        </date>
      </history>
      <permissions>
        <copyright-statement>Copyright &#xA9; 2017 The Cochrane Collaboration. Published by John Wiley
&amp; Sons, Ltd.</copyright-statement>
        <copyright-year>2017</copyright-year>
        <copyright-holder>The Cochrane Collaboration</copyright-holder>
      </permissions>
      <related-article related-article-type="updated-article" ext-link-type="doi" xlink:href="10.1002/14651858.CD001055.pub4" id="d28e212"/>
      <abstract>
        <sec>
          <title>Background</title>
          <p>Tobacco smoking remains one of the few preventable factors associated with complications
in pregnancy, and has serious long&#x2010;term implications for women and babies. Smoking
in pregnancy is decreasing in high&#x2010;income countries, but is strongly associated
with poverty and is increasing in low&#x2010; to middle&#x2010;income countries.</p>
        </sec>
        <sec>
          <title>Objectives</title>
          <p>To assess the effects of smoking cessation interventions during pregnancy on smoking
behaviour and perinatal health outcomes.</p>
        </sec>
        <sec>
          <title>Search methods</title>
          <p>In this sixth update, we searched the Cochrane Pregnancy and Childbirth Group's
Trials Register (13 November 2015), checked reference lists of retrieved studies and
contacted trial authors.</p>
        </sec>
        <sec>
          <title>Selection criteria</title>
          <p>Randomised controlled trials, cluster&#x2010;randomised trials, and
quasi&#x2010;randomised controlled trials of psychosocial smoking cessation interventions
during pregnancy.</p>
        </sec>
        <sec>
          <title>Data collection and analysis</title>
          <p>Two review authors independently assessed trials for inclusion and trial quality, and
extracted data. Direct comparisons were conducted in RevMan, with meta&#x2010;regression
conducted in STATA 14.</p>
        </sec>
        <sec>
          <title>Main results</title>
          <p>The overall quality of evidence was moderate to high, with reductions in confidence due
to imprecision and heterogeneity for some outcomes. One hundred and two trials with 120
intervention arms (studies) were included, with 88 trials (involving over 28,000 women)
providing data on smoking abstinence in late pregnancy. Interventions were categorised as
counselling, health education, feedback, incentives, social support, exercise and
dissemination.</p>
          <p>In separate comparisons, there is high&#x2010;quality evidence that counselling increased
smoking cessation in late pregnancy compared with usual care (30 studies; average risk
ratio (RR) 1.44, 95% confidence interval (CI) 1.19 to 1.73) and less intensive
interventions (18 studies; average RR 1.25, 95% CI 1.07 to 1.47). There was uncertainty
whether counselling increased the chance of smoking cessation when provided as one
component of a broader maternal health intervention or comparing one type of counselling
with another. In studies comparing counselling and usual care (largest comparison), it was
unclear whether interventions prevented smoking relapse among women who had stopped
smoking spontaneously in early pregnancy. However, a clear effect was seen in smoking
abstinence at zero to five months postpartum (11 studies; average RR 1.59, 95% CI 1.26 to
2.01) and 12 to 17 months (two studies, average RR 2.20, 95% CI 1.23 to 3.96), with a
borderline effect at six to 11 months (six studies; average RR 1.33, 95% CI 1.00 to 1.77).
In other comparisons, the effect was unclear for most secondary outcomes, but sample sizes
were small.</p>
          <p>Evidence suggests a borderline effect of health education compared with usual care (five
studies; average RR 1.59, 95% CI 0.99 to 2.55), but the quality was downgraded to moderate
as the effect was unclear when compared with less intensive interventions (four studies;
average RR 1.20, 95% CI 0.85 to 1.70), alternative interventions (one study; RR 1.88, 95%
CI 0.19 to 18.60), or when smoking cessation health education was provided as one
component of a broader maternal health intervention.</p>
          <p>There was evidence feedback increased smoking cessation when compared with usual care and
provided in conjunction with other strategies, such as counselling (average RR 4.39, 95%
CI 1.89 to 10.21), but the confidence in the quality of evidence was downgraded to
moderate as this was based on only two studies and the effect was uncertain when feedback
was compared to less intensive interventions (three studies; average RR 1.29, 95% CI 0.75
to 2.20).</p>
          <p>High&#x2010;quality evidence suggests incentive&#x2010;based interventions are effective
when compared with an alternative (non&#x2010;contingent incentive) intervention (four
studies; RR 2.36, 95% CI 1.36 to 4.09). However pooled effects were not calculable for
comparisons with usual care or less intensive interventions (substantial heterogeneity,
I<sup>2</sup> = 93%).</p>
          <p>High&#x2010;quality evidence suggests the effect is unclear in social support
interventions provided by peers (six studies; average RR 1.42, 95% CI 0.98 to 2.07), in a
single trial of support provided by partners, or when social support for smoking cessation
was provided as part of a broader intervention to improve maternal health.</p>
          <p>The effect was unclear in single interventions of exercise compared to usual care (RR
1.20, 95% CI 0.72 to 2.01) and dissemination of counselling (RR 1.63, 95% CI 0.62 to
4.32).</p>
          <p>Importantly, high&#x2010;quality evidence from pooled results demonstrated that women who
received psychosocial interventions had a 17% reduction in infants born with low
birthweight, a significantly higher mean birthweight (mean difference (MD) 55.60 g, 95% CI
29.82 to 81.38 g higher) and a 22% reduction in neonatal intensive care admissions.
However the difference in preterm births and stillbirths was unclear. There did not appear
to be adverse psychological effects from the interventions.</p>
          <p>The intensity of support women received in both the intervention and comparison groups
has increased over time, with higher&#x2010;intensity interventions more likely to have
higher&#x2010;intensity comparisons, potentially explaining why no clear differences were
seen with increasing intervention intensity in meta&#x2010;regression analyses. Among
meta&#x2010;regression analyses: studies classified as having 'unclear'
implementation and unequal baseline characteristics were less effective than other
studies. There was no clear difference between trials implemented by researchers (efficacy
studies), and those implemented by routine pregnancy staff (effectiveness studies),
however there was uncertainty in the effectiveness of counselling in four dissemination
trials where the focus on the intervention was at an organisational level. The pooled
effects were similar in interventions provided for women classified as having
predominantly low socio&#x2010;economic status, compared to other women. The effect was
significant in interventions among women from ethnic minority groups; however not among
indigenous women. There were similar effect sizes in trials with biochemically validated
smoking abstinence and those with self&#x2010;reported abstinence. It was unclear whether
incorporating use of self&#x2010;help manuals or telephone support increased the
effectiveness of interventions.</p>
        </sec>
        <sec>
          <title>Authors' conclusions</title>
          <p>Psychosocial interventions to support women to stop smoking in pregnancy can increase the
proportion of women who stop smoking in late pregnancy and the proportion of infants born
low birthweight. Counselling, feedback and incentives appear to be effective, however the
characteristics and context of the interventions should be carefully considered. The
effect of health education and social support is less clear. New trials have been
published during the preparation of this review and will be included in the next
update.</p>
        </sec>
      </abstract>
      <abstract abstract-type="short">
        <title>Psychosocial interventions for supporting women to stop smoking in pregnancy</title>
        <p>
          <bold>What is the issue?</bold>
        </p>
        <p>Tobacco smoking during pregnancy increases the risk of the mother having complications
during pregnancy and the baby being born low birthweight. Nicotine and other contents of
cigarettes can have harmful effects on the baby&#x2019;s growth and
development.</p>
        <p>
          <bold>Why is this important?</bold>
        </p>
        <p>The number of women smoking in pregnancy is decreasing in high&#x2010;income countries,
where it is associated with poverty, but is increasing in low&#x2010; to
middle&#x2010;income countries. Non&#x2010;pharmacological interventions that address
mental, emotional or social factors are known as psychosocial interventions. We set out to
identify the evidence on the effectiveness of the various psychosocial interventions to
support pregnant women to stop smoking.</p>
        <p>
          <bold>What evidence did we find?</bold>
        </p>
        <p>The review includes 102 randomised controlled trials with 120 intervention arms (studies)
and data from 88 randomised controlled trials (involving over 28,000 women). The main
intervention strategies were categorised as counselling (n = 54), health education (n =
12), feedback (n = 6), incentives (n = 13), social support (n = 7) and exercise (n =
1).</p>
        <p>Our review provided moderate&#x2010; to&#x2010;high quality evidence that psychosocial
interventions increased the proportion of women who had stopped smoking in late pregnancy
(by 35%) and mean infant birthweight (by 56 g), and reduced the number of babies born with
low birthweight (by 17%) and admitted to neonatal intensive care immediately after birth
(by 22%). The psychosocial interventions did not appear to have any adverse effects. For
some findings there were unexplained differences between studies and some studies were
small, reducing our confidence in their results. Nearly all studies were conducted in
high&#x2010;income countries.</p>
        <p>Counselling interventions had a clear effect on stopping smoking compared with providing
usual care (from 30 studies), and a smaller effect when compared with less intensive
interventions (18 studies). No clear effect was seen with counselling provided as one
component of a broader intervention to improve maternal health or comparing one type of
counselling with another. Interventions that provided feedback had a clear effect when
compared with usual care and when combined with other strategies such as counselling (two
studies), but not when compared with less intensive interventions (three studies).
Interventions based on financial incentives had a clear effect when compared with an
alternative like a non&#x2010;contingent incentive intervention (four studies).</p>
        <p>Health education was not clearly effective when compared with usual care (five studies),
or when it was one component of a broader maternal health intervention. Social support
interventions were not clearly effective when provided by peers (six studies) or in a
single trial of support provided by partners; or when social support for smoking cessation
was provided as part of a broader intervention to improve maternal health. In single
studies, exercise and dissemination of counselling did not have a clear effect compared to
usual care.</p>
        <p>The pooled effects were similar for interventions provided to women who were poor. A
clear effect was also seen with interventions among women from ethnic minority groups, but
not among indigenous women (four studies). Pooled results suggest that interventions in
pregnancy can also reduce smoking cessation after birth. The effects on preterm births (19
studies) and stillbirths (eight studies) were unclear.</p>
        <p>
          <bold>What does this mean?</bold>
        </p>
        <p>Counselling, feedback and financial incentives appear to reduce the number of women
smoking in late pregnancy, however the interventions and the context of the interventions
need to be carefully considered. The effect of health education and social support is less
clear. Most of the studies were carried out in high&#x2010;income countries making it
difficult to assess if the findings are applicable to other contexts. The intensity of
support women received in both the intervention and comparison groups has increased over
time. Many of the studies did not provide information on the number of individual women
who were eligible for inclusion or were approached to take part in studies, which would
have provided useful information about the general acceptability of the interventions and
selection bias in the studies. The timing of the final assessment of smoking status during
pregnancy also varied considerably among the studies. New trials have been published
during review preparation will be included in the next update.</p>
      </abstract>
      <kwd-group kwd-group-type="mesh">
        <kwd>Female</kwd>
        <kwd>Humans</kwd>
        <kwd>Infant, Newborn</kwd>
        <kwd>Pregnancy</kwd>
        <kwd>Counseling</kwd>
        <kwd>Health Education</kwd>
        <kwd>Infant, Low Birth Weight</kwd>
        <kwd>Motivation</kwd>
        <kwd>Obstetric Labor, Premature</kwd>
        <kwd>Patient Education as Topic</kwd>
        <kwd>Pregnancy Outcome</kwd>
        <kwd>Randomized Controlled Trials as Topic</kwd>
        <kwd>Smoking Cessation</kwd>
        <kwd>Smoking Cessation/methods</kwd>
        <kwd>Social Support</kwd>
      </kwd-group>
    </article-meta>
    <notes notes-type="status-note">
      <p>New search for studies and content updated (conclusions changed)</p>
    </notes>
  </front>
</article>
</pmc-articleset>