<?xml version="1.0" ?>
<!DOCTYPE pmc-articleset PUBLIC "-//NLM//DTD ARTICLE SET 2.0//EN" "https://dtd.nlm.nih.gov/ncbi/pmc/articleset/nlm-articleset-2.0.dtd">
<pmc-articleset><article xmlns:xlink="http://www.w3.org/1999/xlink" xmlns:mml="http://www.w3.org/1998/Math/MathML" id="CD001292.pub3" article-type="systematic-review">
  <!--The publisher of this article does not allow downloading of the full text in XML form.-->
  <front>
    <journal-meta>
      <journal-id journal-id-type="nlm-ta">Cochrane Database Syst Rev</journal-id>
      <journal-id journal-id-type="iso-abbrev">Cochrane Database Syst Rev</journal-id>
      <journal-id journal-id-type="publisher-id">14651858</journal-id>
      <journal-id journal-id-type="doi">10.1002/14651858</journal-id>
      <journal-title-group>
        <journal-title>The Cochrane Database of Systematic Reviews</journal-title>
      </journal-title-group>
      <issn pub-type="epub">1469-493X</issn>
      <issn-l>1361-6137</issn-l>
      <publisher>
        <publisher-name>John Wiley &amp; Sons, Ltd</publisher-name>
        <publisher-loc>Chichester, UK</publisher-loc>
      </publisher>
    </journal-meta>
    <article-meta>
      <article-id pub-id-type="pmid">28361496</article-id>
      <article-id pub-id-type="pmc">6464359</article-id>
      <article-id pub-id-type="doi">10.1002/14651858.CD001292.pub3</article-id>
      <article-id pub-id-type="publisher-id">CD001292</article-id>
      <article-id pub-id-type="other">CD001292.pub3</article-id>
      <article-categories>
        <subj-group subj-group-type="heading">
          <subject>Medicine General &amp; Introductory Medical Sciences</subject>
        </subj-group>
      </article-categories>
      <title-group>
        <article-title>Individual behavioural counselling for smoking cessation</article-title>
      </title-group>
      <contrib-group>
        <contrib id="d28e63" contrib-type="author" corresp="yes">
          <name>
            <surname>Lancaster</surname>
            <given-names>Tim</given-names>
          </name>
          <address>
            <email>tim.lancaster@kcl.ac.uk</email>
          </address>
          <xref ref-type="aff" rid="CD001292-aff-0001"/>
        </contrib>
        <contrib id="d28e68" contrib-type="author">
          <name>
            <surname>Stead</surname>
            <given-names>Lindsay F</given-names>
          </name>
          <xref ref-type="aff" rid="CD001292-aff-0002"/>
        </contrib>
      </contrib-group>
      <aff id="CD001292-aff-0001">
        <institution>King&#x2019;s College London</institution>
        <institution content-type="dept">GKT School of Medical Education</institution>
        <city>London</city>
        <country>UK</country>
        <postal-code/>
      </aff>
      <aff id="CD001292-aff-0002">
        <institution>University of Oxford</institution>
        <institution content-type="dept">Nuffield Department of Primary Care Health Sciences</institution>
        <addr-line>Radcliffe Observatory QuarterWoodstock Road</addr-line>
        <city>Oxford</city>
        <country>UK</country>
        <postal-code>OX2 6GG</postal-code>
      </aff>
      <author-notes>
        <fn>
          <p>Editorial Group: Cochrane Tobacco Addiction Group.</p>
        </fn>
      </author-notes>
      <pub-date pub-type="epub">
        <day>31</day>
        <month>3</month>
        <year>2017</year>
      </pub-date>
      <pub-date pub-type="collection">
        <month>3</month>
        <year>2017</year>
      </pub-date>
      <pub-date pub-type="update">
        <day>12</day>
        <month>03</month>
        <year>2018</year>
      </pub-date>
      <volume>2017</volume>
      <issue>3</issue>
      <elocation-id>CD001292</elocation-id>
      <history>
        <date date-type="previous-update" publication-format="electronic">
          <day>20</day>
          <month>04</month>
          <year>2005</year>
        </date>
        <date date-type="cl-record-assessed-up-to-date">
          <day>26</day>
          <month>05</month>
          <year>2016</year>
        </date>
      </history>
      <permissions>
        <copyright-statement>Copyright &#xA9; 2018 The Cochrane Collaboration. Published by John Wiley &amp; Sons, Ltd.</copyright-statement>
        <copyright-year>2018</copyright-year>
        <copyright-holder>The Cochrane Collaboration</copyright-holder>
      </permissions>
      <related-article related-article-type="updated-article" ext-link-type="doi" xlink:href="10.1002/14651858.CD001292.pub2" id="d28e127"/>
      <abstract>
        <sec>
          <title>Background</title>
          <p>Individual counselling from a smoking cessation specialist may help smokers to make a successful attempt to stop smoking.</p>
        </sec>
        <sec>
          <title>Objectives</title>
          <p>The review addresses the following hypotheses:</p>
          <p>1. Individual counselling is more effective than no treatment or brief advice in promoting smoking cessation. 2. Individual counselling is more effective than self&#x2010;help materials in promoting smoking cessation. 3. A more intensive counselling intervention is more effective than a less intensive intervention.</p>
        </sec>
        <sec>
          <title>Search methods</title>
          <p>We searched the Cochrane Tobacco Addiction Group Specialized Register for studies with counsel* in any field in May 2016.</p>
        </sec>
        <sec>
          <title>Selection criteria</title>
          <p>Randomized or quasi&#x2010;randomized trials with at least one treatment arm consisting of face&#x2010;to&#x2010;face individual counselling from a healthcare worker not involved in routine clinical care. The outcome was smoking cessation at follow&#x2010;up at least six months after the start of counselling.</p>
        </sec>
        <sec>
          <title>Data collection and analysis</title>
          <p>Both authors extracted data in duplicate. We recorded characteristics of the intervention and the target population, method of randomization and completeness of follow&#x2010;up. We used the most rigorous definition of abstinence in each trial, and biochemically&#x2010;validated rates where available. In analysis, we assumed that participants lost to follow&#x2010;up continued to smoke. We expressed effects as a risk ratio (RR) for cessation. Where possible, we performed meta&#x2010;analysis using a fixed&#x2010;effect (Mantel&#x2010;Haenszel) model. We assessed the quality of evidence within each study using the Cochrane 'Risk of bias' tool and the GRADE approach.</p>
        </sec>
        <sec>
          <title>Main results</title>
          <p>We identified 49 trials with around 19,000 participants. Thirty&#x2010;three trials compared individual counselling to a minimal behavioural intervention. There was high&#x2010;quality evidence that individual counselling was more effective than a minimal contact control (brief advice, usual care, or provision of self&#x2010;help materials) when pharmacotherapy was not offered to any participants (RR 1.57, 95% confidence interval (CI) 1.40 to 1.77; 27 studies, 11,100 participants; I<sup>2</sup> = 50%). There was moderate&#x2010;quality evidence (downgraded due to imprecision) of a benefit of counselling when all participants received pharmacotherapy (nicotine replacement therapy) (RR 1.24, 95% CI 1.01 to 1.51; 6 studies, 2662 participants; I<sup>2</sup> = 0%). There was moderate&#x2010;quality evidence (downgraded due to imprecision) for a small benefit of more intensive counselling compared to brief counselling (RR 1.29, 95% CI 1.09 to 1.53; 11 studies, 2920 participants; I<sup>2</sup> = 48%). None of the five other trials that compared different counselling models of similar intensity detected significant differences.</p>
        </sec>
        <sec>
          <title>Authors' conclusions</title>
          <p>There is high&#x2010;quality evidence that individually&#x2010;delivered smoking cessation counselling can assist smokers to quit. There is moderate&#x2010;quality evidence of a smaller relative benefit when counselling is used in addition to pharmacotherapy, and of more intensive counselling compared to a brief counselling intervention.</p>
        </sec>
      </abstract>
      <abstract abstract-type="short">
        <title>Does individually&#x2010;delivered counselling help people to stop smoking?</title>
        <p>
          <bold>Background</bold>
        </p>
        <p>Individual counselling is commonly used to help people who are trying to quit smoking. The review looked at trials of counselling by a trained therapist providing one or more face&#x2010;to&#x2010;face sessions, separate from medical care. The outcome was being a non smoker at least six months later.</p>
        <p>
          <bold>Study characteristics</bold>
        </p>
        <p>We searched for trials in May 2016 and identified 49 trials Inlcuding around 19,000 participants. All the trials involved one or more face&#x2010;to&#x2010;face counselling sessions lasting at least 10 minutes, but most were much longer. Many also included further telephone contact for additional support. Thirty&#x2010;three of the trials compared individual counselling to a control group that only had minimal support, which could be usual care, brief advice about stopping smoking, or written materials. Of these, 27 did not offer any medication such as nicotine replacement therapy (NRT), which also helps people stop. Six of the 33 provided NRT or other medication to everyone in the trial. Twelve studies compared more intensive to less intensive counselling, and five compared different types of counselling.</p>
        <p>
          <bold>Results and quality of evidence</bold>
        </p>
        <p>Combining the results of the studies showed that having individual counselling could increase the chance of quitting by between 40% and 80%, compared to minimal support. This means that if seven out of 100 smokers managed to quit for at least six months using the sort of brief support given to the control groups, then between 10 and 12 in 100 would be expected to be successful after having counselling. We judged the quality of this evidence to be high. If everyone also had NRT or other medication, and 11 in 100 could quit in the control group, between 11 and 16 in 100 would be expected to be successful with the addition of counselling. We assessed this evidence as being of moderate quality, because the size of benefit was less certain. Having more intensive counselling support, for example more sessions, probably helps more, but the additional benefit is likely to be small, and again was of moderate quality because the size of benefit was uncertain. The few studies that compared different types of counselling did not show any differences between them.</p>
      </abstract>
      <kwd-group kwd-group-type="mesh">
        <kwd>Humans</kwd>
        <kwd>Behavior Therapy</kwd>
        <kwd>Smoking Prevention</kwd>
        <kwd>Counseling</kwd>
        <kwd>Counseling/methods</kwd>
        <kwd>Psychotherapy, Group</kwd>
        <kwd>Randomized Controlled Trials as Topic</kwd>
        <kwd>Self&#x2010;Help Groups</kwd>
        <kwd>Smoking</kwd>
        <kwd>Smoking/drug therapy</kwd>
        <kwd>Smoking Cessation</kwd>
        <kwd>Smoking Cessation/methods</kwd>
        <kwd>Smoking Cessation/statistics &amp; numerical data</kwd>
        <kwd>Tobacco Use Cessation Products</kwd>
      </kwd-group>
    </article-meta>
    <notes notes-type="status-note">
      <p>Edited (no change to conclusions)</p>
    </notes>
  </front>
</article>
</pmc-articleset>