<?xml version="1.0" ?>
<!DOCTYPE pmc-articleset PUBLIC "-//NLM//DTD ARTICLE SET 2.0//EN" "https://dtd.nlm.nih.gov/ncbi/pmc/articleset/nlm-articleset-2.0.dtd">
<pmc-articleset><article xmlns:xlink="http://www.w3.org/1999/xlink" xmlns:mml="http://www.w3.org/1998/Math/MathML" id="CD011965.pub2" article-type="systematic-review">
  <!--The publisher of this article does not allow downloading of the full text in XML form.-->
  <front>
    <journal-meta>
      <journal-id journal-id-type="nlm-ta">Cochrane Database Syst Rev</journal-id>
      <journal-id journal-id-type="iso-abbrev">Cochrane Database Syst Rev</journal-id>
      <journal-id journal-id-type="publisher-id">14651858</journal-id>
      <journal-id journal-id-type="doi">10.1002/14651858</journal-id>
      <journal-title-group>
        <journal-title>The Cochrane Database of Systematic Reviews</journal-title>
      </journal-title-group>
      <issn pub-type="epub">1469-493X</issn>
      <issn-l>1361-6137</issn-l>
      <publisher>
        <publisher-name>John Wiley &amp; Sons, Ltd</publisher-name>
        <publisher-loc>Chichester, UK</publisher-loc>
      </publisher>
    </journal-meta>
    <article-meta>
      <article-id pub-id-type="pmid">28170093</article-id>
      <article-id pub-id-type="pmc">6464561</article-id>
      <article-id pub-id-type="doi">10.1002/14651858.CD011965.pub2</article-id>
      <article-id pub-id-type="publisher-id">CD011965</article-id>
      <article-id pub-id-type="other">CD011965.pub2</article-id>
      <article-categories>
        <subj-group subj-group-type="heading">
          <subject>Medicine General &amp; Introductory Medical Sciences</subject>
        </subj-group>
      </article-categories>
      <title-group>
        <article-title>Topical treatments for blepharokeratoconjunctivitis in children</article-title>
      </title-group>
      <contrib-group>
        <contrib id="d28e63" contrib-type="author">
          <name>
            <surname>O'Gallagher</surname>
            <given-names>Michael</given-names>
          </name>
          <xref ref-type="aff" rid="CD011965-aff-0001"/>
        </contrib>
        <contrib id="d28e68" contrib-type="author">
          <name>
            <surname>Bunce</surname>
            <given-names>Catey</given-names>
          </name>
          <xref ref-type="aff" rid="CD011965-aff-0002"/>
        </contrib>
        <contrib id="d28e73" contrib-type="author">
          <name>
            <surname>Hingorani</surname>
            <given-names>Melanie</given-names>
          </name>
          <xref ref-type="aff" rid="CD011965-aff-0001"/>
        </contrib>
        <contrib id="d28e78" contrib-type="author">
          <name>
            <surname>Larkin</surname>
            <given-names>Frank</given-names>
          </name>
          <xref ref-type="aff" rid="CD011965-aff-0003"/>
        </contrib>
        <contrib id="d28e83" contrib-type="author">
          <name>
            <surname>Tuft</surname>
            <given-names>Stephen</given-names>
          </name>
          <xref ref-type="aff" rid="CD011965-aff-0003"/>
        </contrib>
        <contrib id="d28e88" contrib-type="author" corresp="yes">
          <name>
            <surname>Dahlmann&#x2010;Noor</surname>
            <given-names>Annegret</given-names>
          </name>
          <address>
            <email>annegret.dahlmann-noor@moorfields.nhs.uk</email>
          </address>
          <xref ref-type="aff" rid="CD011965-aff-0004"/>
        </contrib>
      </contrib-group>
      <aff id="CD011965-aff-0001">
        <institution>Moorfields Eye Hospital NHS Foundation Trust</institution>
        <addr-line>162 City Road</addr-line>
        <city>London</city>
        <country>UK</country>
        <postal-code>EC1V 2PD</postal-code>
      </aff>
      <aff id="CD011965-aff-0002">
        <institution>Kings College London</institution>
        <institution content-type="dept">Department of Primary Care &amp; Public Health Sciences</institution>
        <addr-line>4th Floor, Addison HouseGuy's Campus</addr-line>
        <city>London</city>
        <country>UK</country>
        <postal-code>SE1 1UL</postal-code>
      </aff>
      <aff id="CD011965-aff-0003">
        <institution>Moorfields Eye Hospital NHS Foundation Trust</institution>
        <institution content-type="dept">Cornea and External Disease Department</institution>
        <addr-line>162 City Road</addr-line>
        <city>London</city>
        <country>UK</country>
        <postal-code>EC1V 2PD</postal-code>
      </aff>
      <aff id="CD011965-aff-0004">
        <institution>NIHR Biomedical Research Centre at Moorfields Eye Hospital NHS Foundation Trust and UCL Institute of Ophthalmology</institution>
        <addr-line>162 City Road</addr-line>
        <city>London</city>
        <country>UK</country>
        <postal-code>EC1V 2PD</postal-code>
      </aff>
      <author-notes>
        <fn>
          <p>Editorial Group: Cochrane Eyes and Vision Group.</p>
        </fn>
      </author-notes>
      <pub-date pub-type="epub">
        <day>07</day>
        <month>2</month>
        <year>2017</year>
      </pub-date>
      <pub-date pub-type="collection">
        <month>2</month>
        <year>2017</year>
      </pub-date>
      <pub-date pub-type="update">
        <day>07</day>
        <month>02</month>
        <year>2017</year>
      </pub-date>
      <volume>2017</volume>
      <issue>2</issue>
      <elocation-id>CD011965</elocation-id>
      <history>
        <date date-type="previous-update" publication-format="electronic">
          <day>23</day>
          <month>11</month>
          <year>2015</year>
        </date>
      </history>
      <permissions>
        <copyright-statement>Copyright &#xA9; 2017 The Cochrane Collaboration. Published by John Wiley &amp; Sons, Ltd.</copyright-statement>
        <copyright-year>2017</copyright-year>
        <copyright-holder>The Cochrane Collaboration</copyright-holder>
      </permissions>
      <related-article related-article-type="updated-article" ext-link-type="doi" xlink:href="10.1002/14651858.CD011965" id="d28e174"/>
      <abstract>
        <sec>
          <title>Background</title>
          <p>Blepharokeratoconjunctivitis (BKC) is a type of inflammation of the surface of the eye and eyelids that involves changes of the eyelids, dysfunction of the meibomian glands, and inflammation of the conjunctiva and cornea. Chronic inflammation of the cornea can lead to scarring, vascularisation and opacity. BKC in children can cause significant symptoms including irritation, watering, photophobia and loss of vision from corneal opacity, refractive error or amblyopia.</p>
          <p>Treatment of BKC is directed towards modification of meibomian gland disease and the bacterial flora of lid margin and conjunctiva, and control of ocular surface inflammation. Although both topical and systemic treatments are used to treat people with BKC, this Cochrane review focuses on topical treatments.</p>
        </sec>
        <sec>
          <title>Objectives</title>
          <p>To assess and compare data on the efficacy and safety of topical treatments (including antibiotics, steroids, immunosuppressants and lubricants), alone or in combination, for BKC in children from birth to 16 years.</p>
        </sec>
        <sec>
          <title>Search methods</title>
          <p>We searched CENTRAL (which contains the Cochrane Eyes and Vision Trials Register) (2016, Issue 6), Ovid MEDLINE, Ovid MEDLINE In&#x2010;Process and Other Non&#x2010;Indexed Citations, Ovid MEDLINE Daily, Ovid OLDMEDLINE ( January 1946 to 11 July 2016), Embase (January 1980 to 11 July 2016), the ISRCTN registry (<uri>www.isrctn.com/editAdvancedSearch</uri>), ClinicalTrials.gov (<uri>www.clinicaltrials.gov</uri>) and the World Health Organization (WHO) International Clinical Trials Registry Platform (ICTRP) (<uri>www.who.int/ictrp/search/en</uri>). We did not use any date or language restrictions in the electronic searches for trials. We last searched the electronic databases on 11 July 2016. We searched the reference lists of identified reports and the Science Citation Index to identify any additional reports of studies that met the inclusion criteria.</p>
        </sec>
        <sec>
          <title>Selection criteria</title>
          <p>We searched for randomised controlled trials that involved topical treatments in children up to 16 years of age with a clinical diagnosis of BKC. We planned to include studies that evaluated a single topical medication versus placebo, a combination of treatments versus placebo, and those that compared two or multiple active treatments. We planned to include studies in which participants received additional treatments, such as oral antibiotics, oral anti&#x2010;inflammatories, warm lid compresses and lid margin cleaning.</p>
        </sec>
        <sec>
          <title>Data collection and analysis</title>
          <p>Two review authors independently screened the results of the literature search (titles and abstracts) to identify studies that met the inclusion criteria of the review and applied standards as expected for Cochrane reviews. We graded the certainty of the evidence using GRADE.</p>
        </sec>
        <sec>
          <title>Main results</title>
          <p>We included one study from the USA that met the inclusion criteria. In the study, 137 children aged zero to six years old with blepharoconjunctivitis were randomised to treatment in one of four trial arms (loteprednol etabonate/tobramycin combination, loteprednol etabonate alone, tobramycin alone or placebo) for 15 days, with assessments on days 1, 3, 7 and 15. We judged the study to be at high risk of attrition bias and bias due to selective outcome reporting. The study did not report the number of children with improvement in symptoms nor with total or partial success as measured by changes in clinical symptoms.</p>
          <p>All children showed a reduction in blepharoconjunctivitis grade score, but there was no evidence of important differences between groups. Visual acuity was not fully reported but the authors stated that there was no change in visual acuity in any of the treatment groups. The study reported ocular and non ocular adverse events but was underpowered to detect differences between the groups. Ocular adverse events were as follows: loteprednol/tobramycin 1/34 (eye pain); loteprednol 4/35 (eye pain, conjunctivitis, eye discharge, eye inflammation); tobramycin 0/34; placebo (vehicle) 0/34. The evidence was limited for all these outcomes and we judged it to be very low certainty.</p>
          <p>There was no information on clinical signs (aside from grade score), disease progression or quality of life.</p>
        </sec>
        <sec>
          <title>Authors' conclusions</title>
          <p>There is no high&#x2010;quality evidence of the safety and efficacy of topical treatments for BKC, which resulted in uncertainty about the indications and effectiveness of topical treatment. Clinical trials are required to test efficacy and safety of current and any future treatments. Outcome measures need to be developed which can capture both objective clinical and patient&#x2010;reported aspects of the condition and treatments.</p>
        </sec>
      </abstract>
      <abstract abstract-type="short">
        <title>Topical treatment for blepharokeratoconjunctivitis (BKC) in children</title>
        <p><bold>What is the aim of this review?</bold> The aim of this Cochrane review was to find out if topical treatment (by eye drops or ointments) for BKC in children improves symptoms and is safe. Cochrane researchers collected and analysed all relevant studies to answer this question and included one study in this review.</p>
        <p><bold>Key messages</bold> There is no good evidence as to the benefits and harms of topical treatments for BKC in children.</p>
        <p><bold>What was studied in the review?</bold> When the surface of the eye and eyelids becomes inflamed this is known as blepharokeratoconjunctivitis or BKC. This can cause watery, itchy, red eyes that are painful in bright light. Occasionally it can lead to scarring at the front of the eye and result in loss of vision. It is a quite common reason for children attending for eye care. Antibiotics, steroids and lubricants have been considered as possible treatments for this condition and can be given as eye drops or ointments.</p>
        <p><bold>What are the main results of the review?</bold> Cochrane researchers found one study that looked at the effects of a combination of steroids and antibiotics in treatment of BKC in children. The study did not report the effects of this treatment clearly and was too small to provide a good assessment of safety.</p>
        <p><bold>How up&#x2010;to&#x2010;date is this review?</bold> The Cochrane researchers searched for studies that had been published up to 11 July 2016.</p>
      </abstract>
      <kwd-group kwd-group-type="mesh">
        <kwd>Child</kwd>
        <kwd>Child, Preschool</kwd>
        <kwd>Humans</kwd>
        <kwd>Infant</kwd>
        <kwd>Infant, Newborn</kwd>
        <kwd>Administration, Topical</kwd>
        <kwd>Anti&#x2010;Allergic Agents</kwd>
        <kwd>Anti&#x2010;Allergic Agents/administration &amp; dosage</kwd>
        <kwd>Anti&#x2010;Allergic Agents/adverse effects</kwd>
        <kwd>Anti&#x2010;Bacterial Agents</kwd>
        <kwd>Anti&#x2010;Bacterial Agents/administration &amp; dosage</kwd>
        <kwd>Anti&#x2010;Bacterial Agents/adverse effects</kwd>
        <kwd>Blepharitis</kwd>
        <kwd>Blepharitis/drug therapy</kwd>
        <kwd>Conjunctiva</kwd>
        <kwd>Conjunctiva/microbiology</kwd>
        <kwd>Eyelids</kwd>
        <kwd>Eyelids/microbiology</kwd>
        <kwd>Keratoconjunctivitis</kwd>
        <kwd>Keratoconjunctivitis/drug therapy</kwd>
        <kwd>Loteprednol Etabonate</kwd>
        <kwd>Loteprednol Etabonate/administration &amp; dosage</kwd>
        <kwd>Randomized Controlled Trials as Topic</kwd>
        <kwd>Tobramycin</kwd>
        <kwd>Tobramycin/administration &amp; dosage</kwd>
        <kwd>Tobramycin/adverse effects</kwd>
      </kwd-group>
    </article-meta>
    <notes notes-type="status-note">
      <p>New</p>
    </notes>
  </front>
</article>
</pmc-articleset>