<?xml version="1.0" ?>
<!DOCTYPE pmc-articleset PUBLIC "-//NLM//DTD ARTICLE SET 2.0//EN" "https://dtd.nlm.nih.gov/ncbi/pmc/articleset/nlm-articleset-2.0.dtd">
<pmc-articleset><article xmlns:xlink="http://www.w3.org/1999/xlink" xmlns:mml="http://www.w3.org/1998/Math/MathML" id="CD011676.pub2" article-type="systematic-review">
  <!--The publisher of this article does not allow downloading of the full text in XML form.-->
  <front>
    <journal-meta>
      <journal-id journal-id-type="nlm-ta">Cochrane Database Syst Rev</journal-id>
      <journal-id journal-id-type="iso-abbrev">Cochrane Database Syst Rev</journal-id>
      <journal-id journal-id-type="publisher-id">14651858</journal-id>
      <journal-id journal-id-type="doi">10.1002/14651858</journal-id>
      <journal-title-group>
        <journal-title>The Cochrane Database of Systematic Reviews</journal-title>
      </journal-title-group>
      <issn pub-type="epub">1469-493X</issn>
      <issn-l>1361-6137</issn-l>
      <publisher>
        <publisher-name>John Wiley &amp; Sons, Ltd</publisher-name>
        <publisher-loc>Chichester, UK</publisher-loc>
      </publisher>
    </journal-meta>
    <article-meta>
      <article-id pub-id-type="pmid">28570745</article-id>
      <article-id pub-id-type="pmc">6481890</article-id>
      <article-id pub-id-type="doi">10.1002/14651858.CD011676.pub2</article-id>
      <article-id pub-id-type="publisher-id">CD011676</article-id>
      <article-id pub-id-type="other">CD011676.pub2</article-id>
      <article-categories>
        <subj-group subj-group-type="heading">
          <subject>Medicine General &amp; Introductory Medical Sciences</subject>
        </subj-group>
      </article-categories>
      <title-group>
        <article-title>Nd:YAG laser vitreolysis versus pars plana vitrectomy for vitreous floaters</article-title>
      </title-group>
      <contrib-group>
        <contrib id="d28e63" contrib-type="author" corresp="yes">
          <name>
            <surname>Kokavec</surname>
            <given-names>Jan</given-names>
          </name>
          <address>
            <email>jkokavec@gmail.com</email>
          </address>
          <xref ref-type="aff" rid="CD011676-aff-0001"/>
        </contrib>
        <contrib id="d28e68" contrib-type="author">
          <name>
            <surname>Wu</surname>
            <given-names>Zhichao</given-names>
          </name>
          <xref ref-type="aff" rid="CD011676-aff-0002"/>
        </contrib>
        <contrib id="d28e73" contrib-type="author">
          <name>
            <surname>Sherwin</surname>
            <given-names>Justin C</given-names>
          </name>
          <xref ref-type="aff" rid="CD011676-aff-0003"/>
        </contrib>
        <contrib id="d28e78" contrib-type="author">
          <name>
            <surname>Ang</surname>
            <given-names>Alan JS</given-names>
          </name>
          <xref ref-type="aff" rid="CD011676-aff-0004"/>
        </contrib>
        <contrib id="d28e83" contrib-type="author">
          <name>
            <surname>Ang</surname>
            <given-names>Ghee Soon</given-names>
          </name>
          <xref ref-type="aff" rid="CD011676-aff-0003"/>
        </contrib>
      </contrib-group>
      <aff id="CD011676-aff-0001">
        <institution>Royal Adelaide Hospital</institution>
        <institution content-type="dept">South Australian Institute of Ophthalmology</institution>
        <addr-line>Level 8, East WingNorth Terrace</addr-line>
        <city>Adelaide</city>
        <country>Australia</country>
        <postal-code>5000</postal-code>
      </aff>
      <aff id="CD011676-aff-0002">
        <institution>Centre for Eye Research Australia</institution>
        <addr-line>Level 1, 32 Gisborne Street</addr-line>
        <city>East Melbourne</city>
        <country>Australia</country>
        <postal-code>3002</postal-code>
      </aff>
      <aff id="CD011676-aff-0003">
        <institution>The Royal Victorian Eye and Ear Hospital</institution>
        <city>Melbourne</city>
        <country>Australia</country>
        <postal-code/>
      </aff>
      <aff id="CD011676-aff-0004">
        <institution>International Specialist Eye Centre</institution>
        <city>Penang</city>
        <country>Malaysia</country>
        <postal-code/>
      </aff>
      <author-notes>
        <fn>
          <p>Editorial Group: Cochrane Eyes and Vision Group.</p>
        </fn>
      </author-notes>
      <pub-date pub-type="epub">
        <day>01</day>
        <month>6</month>
        <year>2017</year>
      </pub-date>
      <pub-date pub-type="collection">
        <month>6</month>
        <year>2017</year>
      </pub-date>
      <pub-date pub-type="update">
        <day>01</day>
        <month>06</month>
        <year>2017</year>
      </pub-date>
      <volume>2017</volume>
      <issue>6</issue>
      <elocation-id>CD011676</elocation-id>
      <history>
        <date date-type="previous-update" publication-format="electronic">
          <day>29</day>
          <month>04</month>
          <year>2015</year>
        </date>
        <date date-type="cl-record-assessed-up-to-date">
          <day>17</day>
          <month>01</month>
          <year>2017</year>
        </date>
      </history>
      <permissions>
        <copyright-statement>Copyright &#xA9; 2017 The Cochrane Collaboration. Published by John Wiley &amp; Sons, Ltd.</copyright-statement>
        <copyright-year>2017</copyright-year>
        <copyright-holder>The Cochrane Collaboration</copyright-holder>
      </permissions>
      <related-article related-article-type="updated-article" ext-link-type="doi" xlink:href="10.1002/14651858.CD011676" id="d28e164"/>
      <abstract>
        <sec>
          <title>Background</title>
          <p>The vitreous is the clear jelly of the eye and contains fine strands of proteins. Throughout life the composition of this vitreous changes, which causes the protein strands in it to bundle together and scatter light before it reaches the retina. Individuals perceive the shadows cast by these protein bundles as 'floaters'. Some people are so bothered by floaters that treatment is required to control their symptoms. Two major interventions for floaters include Nd:YAG laser vitreolysis and vitrectomy. Nd:YAG laser vitreolysis involves using laser energy to fragment the vitreous opacities via a non&#x2010;invasive approach. Vitrectomy involves the surgical replacement of the patient's vitreous (including the symptomatic vitreous floaters) with an inert and translucent balanced salt solution, through small openings in the pars plana.</p>
        </sec>
        <sec>
          <title>Objectives</title>
          <p>To compare the effectiveness and safety of Nd:YAG laser vitreolysis to pars plana vitrectomy for symptomatic vitreous floaters.</p>
        </sec>
        <sec>
          <title>Search methods</title>
          <p>We searched the Cochrane Central Register of Controlled Trials (CENTRAL) (which contains the Cochrane Eyes and Vision Trials Register) (2016, Issue 12), MEDLINE Ovid (1946 to 17 January 2017), Embase Ovid (1947 to 17 January 2017), LILACS (Latin American and Caribbean Health Sciences Literature Database) (1982 to 17 January 2017), the ISRCTN registry (<uri>www.isrctn.com/editAdvancedSearch</uri>); searched 17 January 2017, ClinicalTrials.gov (<uri>www.clinicaltrials.gov</uri>); searched 17 January 2017 and the World Health Organization (WHO) International Clinical Trials Registry Platform (ICTRP) (<uri>www.who.int/ictrp/search/en</uri>); searched 17 January 2017. We did not use any date or language restrictions in the electronic searches for trials. We also searched conference proceedings to identify additional studies.</p>
        </sec>
        <sec>
          <title>Selection criteria</title>
          <p>We included only randomised controlled trials (RCTs) that compared Nd:YAG laser vitreolysis to pars plana vitrectomy for treatment of symptomatic floaters.</p>
        </sec>
        <sec>
          <title>Data collection and analysis</title>
          <p>We planned to use methods recommended by Cochrane. The primary outcome we planned to measure was change in vision&#x2010;related quality of life from baseline to 12 months, as determined by a vision&#x2010;related quality of life questionnaire. The secondary outcomes we planned to measure were best corrected logMAR or Snellen visual acuity at 12 months for the treated eye(s) and costs. Adverse outcomes we planned to record were the occurrence of sight&#x2010;threatening complications by 12 months (asymptomatic retinal tears, symptomatic retinal tears, retinal detachment, cataract formation, and endophthalmitis).</p>
        </sec>
        <sec>
          <title>Main results</title>
          <p>No studies met the inclusion criteria of this review.</p>
        </sec>
        <sec>
          <title>Authors' conclusions</title>
          <p>There are currently no RCTs that compare Nd:YAG laser vitreolysis with pars plana vitrectomy for the treatment of symptomatic floaters. Properly designed RCTs are needed to evaluate the treatment outcomes from the interventions described. We recommend future studies randomise participants to either a Nd:YAG laser vitreolysis group or a vitrectomy group, with participants in each group assigned to either receive treatment or a sham intervention. Future studies should follow participants at six months and 12 months after the intervention. Also they should use best corrected visual acuity (BCVA) using an Early Treatment of Diabetic Retinopathy Study (ETDRS) chart read at 4 metres, vision&#x2010;related quality of life (VRQOL), and adverse outcomes as the outcome measures of the trial.</p>
        </sec>
      </abstract>
      <abstract abstract-type="short">
        <title>Laser or vitrectomy for vitreous floaters</title>
        <p><bold>What was the aim of this review?</bold> The aim of this Cochrane Review was to find out whether laser or vitrectomy is the most effective and safe treatment for vitreous floaters.</p>
        <p><bold>Key messages</bold> It is unclear whether or not laser or vitrectomy is better for the treatment of vitreous floaters.</p>
        <p>
          <bold>What was studied in this review?</bold>
        </p>
        <p>The eyeball is filled with a clear jelly&#x2010;like material called vitreous. Sometimes strands of protein clump together in the vitreous. This can give the appearance of small shapes floating in the eye. This is a natural part of ageing, it is harmless, and usually does not need treatment. Larger floaters may be distracting and may make activities, such as reading and driving, difficult.</p>
        <p>If floaters are causing vision problems, they can either be treated with laser or vitrectomy. Laser treatment is directed at the floater, which is then vaporised. Vitrectomy is a surgical treatment that involves complete removal of the vitreous.</p>
        <p><bold>What are the main results of the review?</bold> The Cochrane researchers did not find any studies that directly compared these two types of treatments.</p>
        <p><bold>How up to date is this review?</bold> The Cochrane researchers searched for studies published up to 17 January 2017.</p>
      </abstract>
    </article-meta>
    <notes notes-type="status-note">
      <p>New</p>
    </notes>
  </front>
</article>
</pmc-articleset>