<?xml version="1.0" ?>
<!DOCTYPE pmc-articleset PUBLIC "-//NLM//DTD ARTICLE SET 2.0//EN" "https://dtd.nlm.nih.gov/ncbi/pmc/articleset/nlm-articleset-2.0.dtd">
<pmc-articleset><article xmlns:xlink="http://www.w3.org/1999/xlink" xmlns:mml="http://www.w3.org/1998/Math/MathML" id="CD012556" article-type="systematic-review">
  <!--The publisher of this article does not allow downloading of the full text in XML form.-->
  <front>
    <journal-meta>
      <journal-id journal-id-type="nlm-ta">Cochrane Database Syst Rev</journal-id>
      <journal-id journal-id-type="iso-abbrev">Cochrane Database Syst Rev</journal-id>
      <journal-id journal-id-type="publisher-id">14651858</journal-id>
      <journal-id journal-id-type="doi">10.1002/14651858</journal-id>
      <journal-title-group>
        <journal-title>The Cochrane Database of Systematic Reviews</journal-title>
      </journal-title-group>
      <issn pub-type="epub">1469-493X</issn>
      <issn-l>1361-6137</issn-l>
      <publisher>
        <publisher-name>John Wiley &amp; Sons, Ltd</publisher-name>
        <publisher-loc>Chichester, UK</publisher-loc>
      </publisher>
    </journal-meta>
    <article-meta>
      <article-id pub-id-type="pmc">6464616</article-id>
      <article-id pub-id-type="doi">10.1002/14651858.CD012556</article-id>
      <article-id pub-id-type="publisher-id">CD012556</article-id>
      <article-id pub-id-type="other">CD012556</article-id>
      <article-categories>
        <subj-group subj-group-type="heading">
          <subject>Medicine General &amp; Introductory Medical Sciences</subject>
        </subj-group>
      </article-categories>
      <title-group>
        <article-title>Nivolumab for adult individuals with Hodgkin lymphoma (an exemplar rapid review using RobotReviewer)</article-title>
      </title-group>
      <contrib-group>
        <contrib id="d28e63" contrib-type="author" corresp="yes">
          <name>
            <surname>Skoetz</surname>
            <given-names>Nicole</given-names>
          </name>
          <address>
            <email>nicole.skoetz@uk-koeln.de</email>
          </address>
          <xref ref-type="aff" rid="CD012556-aff-0001"/>
        </contrib>
        <contrib id="d28e68" contrib-type="author">
          <name>
            <surname>Goldkuhle</surname>
            <given-names>Marius</given-names>
          </name>
          <xref ref-type="aff" rid="CD012556-aff-0001"/>
        </contrib>
        <contrib id="d28e73" contrib-type="author">
          <name>
            <surname>Gartlehner</surname>
            <given-names>Gerald</given-names>
          </name>
          <xref ref-type="aff" rid="CD012556-aff-0002"/>
        </contrib>
        <contrib id="d28e78" contrib-type="author">
          <name>
            <surname>Monsef</surname>
            <given-names>Ina</given-names>
          </name>
          <xref ref-type="aff" rid="CD012556-aff-0001"/>
        </contrib>
        <contrib id="d28e83" contrib-type="author">
          <name>
            <surname>Dahm</surname>
            <given-names>Philipp</given-names>
          </name>
          <xref ref-type="aff" rid="CD012556-aff-0003"/>
        </contrib>
        <contrib id="d28e88" contrib-type="author">
          <name>
            <surname>Glossmann</surname>
            <given-names>Jan&#x2010;Peter</given-names>
          </name>
          <xref ref-type="aff" rid="CD012556-aff-0004"/>
        </contrib>
        <contrib id="d28e93" contrib-type="author">
          <name>
            <surname>Engert</surname>
            <given-names>Andreas</given-names>
          </name>
          <xref ref-type="aff" rid="CD012556-aff-0005"/>
        </contrib>
        <contrib id="d28e98" contrib-type="author">
          <name>
            <surname>von Tresckow</surname>
            <given-names>Bastian</given-names>
          </name>
          <xref ref-type="aff" rid="CD012556-aff-0005"/>
        </contrib>
      </contrib-group>
      <aff id="CD012556-aff-0001">
        <institution>University Hospital of Cologne</institution>
        <institution content-type="dept">Cochrane Haematological Malignancies Group, Department I of Internal Medicine</institution>
        <addr-line>Kerpener Str. 62</addr-line>
        <city>Cologne</city>
        <country>Germany</country>
        <postal-code>50937</postal-code>
      </aff>
      <aff id="CD012556-aff-0002">
        <institution>Danube University Krems</institution>
        <institution content-type="dept">Cochrane Austria</institution>
        <addr-line>Dr.&#x2010;Karl&#x2010;Dorrek&#x2010;Strasse 30</addr-line>
        <city>Krems</city>
        <country>Austria</country>
        <postal-code>3500</postal-code>
      </aff>
      <aff id="CD012556-aff-0003">
        <institution>Minneapolis VA Health Care System</institution>
        <institution content-type="dept">Urology Section</institution>
        <addr-line>One Veterans DriveMail Code 112D</addr-line>
        <city>Minneapolis</city>
        <country>USA</country>
        <postal-code>55417</postal-code>
      </aff>
      <aff id="CD012556-aff-0004">
        <institution>University Hospital of Cologne</institution>
        <institution content-type="dept">Department I of Internal Medicine, Center of Integrated Oncology K&#xF6;ln Bonn</institution>
        <city>Cologne</city>
        <country>Germany</country>
        <postal-code/>
      </aff>
      <aff id="CD012556-aff-0005">
        <institution>University Hospital of Cologne</institution>
        <institution content-type="dept">Department I of Internal Medicine</institution>
        <addr-line>Kerpener Str. 62</addr-line>
        <city>Cologne</city>
        <country>Germany</country>
        <postal-code>50924</postal-code>
      </aff>
      <author-notes>
        <fn>
          <p>Editorial Group: Cochrane Haematological Malignancies Group.</p>
        </fn>
      </author-notes>
      <pub-date pub-type="epub">
        <day>17</day>
        <month>2</month>
        <year>2017</year>
      </pub-date>
      <pub-date pub-type="collection">
        <month>2</month>
        <year>2017</year>
      </pub-date>
      <pub-date pub-type="update">
        <day>14</day>
        <month>02</month>
        <year>2017</year>
      </pub-date>
      <volume>2017</volume>
      <issue>2</issue>
      <elocation-id>CD012556</elocation-id>
      <history/>
      <permissions>
        <copyright-statement>Copyright &#xA9; 2017 The Cochrane Collaboration. Published by John Wiley &amp; Sons, Ltd.</copyright-statement>
        <copyright-year>2017</copyright-year>
        <copyright-holder>The Cochrane Collaboration</copyright-holder>
      </permissions>
      <abstract>
        <title>Abstract</title>
        <p>This is a protocol for a Cochrane Review (Intervention). The objectives are as follows:</p>
        <p>To assess the benefits and harms of nivolumab in adult individuals with Hodgkin lymphoma (HL).</p>
      </abstract>
    </article-meta>
    <notes notes-type="status-note">
      <p>New</p>
    </notes>
  </front>
</article>
</pmc-articleset>