<?xml version="1.0" ?>
<!DOCTYPE pmc-articleset PUBLIC "-//NLM//DTD ARTICLE SET 2.0//EN" "https://dtd.nlm.nih.gov/ncbi/pmc/articleset/nlm-articleset-2.0.dtd">
<pmc-articleset><article xmlns:xlink="http://www.w3.org/1999/xlink" xmlns:mml="http://www.w3.org/1998/Math/MathML" id="CD011571.pub2" article-type="systematic-review">
  <!--The publisher of this article does not allow downloading of the full text in XML form.-->
  <front>
    <journal-meta>
      <journal-id journal-id-type="nlm-ta">Cochrane Database Syst Rev</journal-id>
      <journal-id journal-id-type="iso-abbrev">Cochrane Database Syst Rev</journal-id>
      <journal-id journal-id-type="publisher-id">14651858</journal-id>
      <journal-id journal-id-type="doi">10.1002/14651858</journal-id>
      <journal-title-group>
        <journal-title>The Cochrane Database of Systematic Reviews</journal-title>
      </journal-title-group>
      <issn pub-type="epub">1469-493X</issn>
      <issn-l>1361-6137</issn-l>
      <publisher>
        <publisher-name>John Wiley &amp; Sons, Ltd</publisher-name>
        <publisher-loc>Chichester, UK</publisher-loc>
      </publisher>
    </journal-meta>
    <article-meta>
      <article-id pub-id-type="pmid">30835819</article-id>
      <article-id pub-id-type="pmc">6400423</article-id>
      <article-id pub-id-type="doi">10.1002/14651858.CD011571.pub2</article-id>
      <article-id pub-id-type="publisher-id">CD011571</article-id>
      <article-id pub-id-type="other">CD011571.pub2</article-id>
      <article-categories>
        <subj-group subj-group-type="heading">
          <subject>Medicine General &amp; Introductory Medical Sciences</subject>
        </subj-group>
      </article-categories>
      <title-group>
        <article-title>Antistreptococcal interventions for guttate and chronic plaque psoriasis</article-title>
      </title-group>
      <contrib-group>
        <contrib id="d28e63" contrib-type="author" corresp="yes">
          <name>
            <surname>Dupire</surname>
            <given-names>Gwendy</given-names>
          </name>
          <address>
            <email>gwendy.dupire@gmail.com</email>
          </address>
          <xref ref-type="aff" rid="CD011571-aff-0001 CD011571-aff-0002"/>
        </contrib>
        <contrib id="d28e68" contrib-type="author">
          <name>
            <surname>Droitcourt</surname>
            <given-names>Catherine</given-names>
          </name>
          <xref ref-type="aff" rid="CD011571-aff-0003 CD011571-aff-0004"/>
        </contrib>
        <contrib id="d28e73" contrib-type="author">
          <name>
            <surname>Hughes</surname>
            <given-names>Carolyn</given-names>
          </name>
          <xref ref-type="aff" rid="CD011571-aff-0005"/>
        </contrib>
        <contrib id="d28e78" contrib-type="author">
          <name>
            <surname>Le Cleach</surname>
            <given-names>Laurence</given-names>
          </name>
          <xref ref-type="aff" rid="CD011571-aff-0006 CD011571-aff-0007"/>
        </contrib>
      </contrib-group>
      <aff id="CD011571-aff-0001">
        <institution>CHU Brugmann</institution>
        <institution content-type="dept">Department of Immuno&#x2010;Allergology</institution>
        <addr-line>Place A.Van Gehuchten 4</addr-line>
        <city>Brussels</city>
        <country>Belgium</country>
        <postal-code>1020</postal-code>
      </aff>
      <aff id="CD011571-aff-0002">
        <institution>H&#xF4;pital Universitaire Des Enfants Reine Fabiola</institution>
        <institution content-type="dept">Department of Dermatology</institution>
        <addr-line>Avenue Jean Joseph Crocq 15</addr-line>
        <city>Brussels</city>
        <country>Belgium</country>
        <postal-code>1020</postal-code>
      </aff>
      <aff id="CD011571-aff-0003">
        <institution>Universit&#xE9; de Rennes 1</institution>
        <institution content-type="dept">Department of Dermatology</institution>
        <addr-line>2 rue Henri le Guilloux</addr-line>
        <city>Rennes</city>
        <country>France</country>
        <postal-code>35000</postal-code>
      </aff>
      <aff id="CD011571-aff-0004">
        <institution>Universit&#xE9; de Rennes 1</institution>
        <institution content-type="dept">Clinical Investigation Center, CIC&#x2010;P 0203, INSERM, Pharmacoepidemiology Unit</institution>
        <city>Rennes</city>
        <country>France</country>
        <postal-code/>
      </aff>
      <aff id="CD011571-aff-0005">
        <institution>The University of Nottingham</institution>
        <institution content-type="dept">c/o Cochrane Skin Group</institution>
        <addr-line>A103, King's Meadow CampusLenton Lane</addr-line>
        <city>Nottingham</city>
        <country>UK</country>
        <postal-code>NG7 2NR</postal-code>
      </aff>
      <aff id="CD011571-aff-0006">
        <institution>H&#xF4;pital Henri Mondor</institution>
        <institution content-type="dept">Department of Dermatology</institution>
        <addr-line>51 avenue du G&#xE9;n&#xE9;ral de Lattre de Tassigny</addr-line>
        <city>Cr&#xE9;teil</city>
        <country>France</country>
        <postal-code>94010</postal-code>
      </aff>
      <aff id="CD011571-aff-0007">
        <institution>Universit&#xE9; Paris Est Cr&#xE9;teil (UPEC)</institution>
        <institution content-type="dept">Epidemiology in dermatology and evaluation of therapeutics (EpiDermE) &#x2010; EA 7379</institution>
        <city>Cr&#xE9;teil</city>
        <country>France</country>
        <postal-code/>
      </aff>
      <author-notes>
        <fn>
          <p>Editorial Group: Cochrane Skin Group.</p>
        </fn>
      </author-notes>
      <pub-date pub-type="epub">
        <day>05</day>
        <month>3</month>
        <year>2019</year>
      </pub-date>
      <pub-date pub-type="collection">
        <month>3</month>
        <year>2019</year>
      </pub-date>
      <pub-date pub-type="update">
        <day>04</day>
        <month>03</month>
        <year>2019</year>
      </pub-date>
      <volume>2019</volume>
      <issue>3</issue>
      <elocation-id>CD011571</elocation-id>
      <history>
        <date date-type="previous-update" publication-format="electronic">
          <day>04</day>
          <month>03</month>
          <year>2015</year>
        </date>
      </history>
      <permissions>
        <copyright-statement>Copyright &#xA9; 2019 The Cochrane Collaboration. Published by John Wiley &amp; Sons, Ltd.</copyright-statement>
        <copyright-year>2019</copyright-year>
        <copyright-holder>The Cochrane Collaboration</copyright-holder>
      </permissions>
      <related-article related-article-type="updated-article" ext-link-type="doi" xlink:href="10.1002/14651858.CD011571" id="d28e203"/>
      <abstract>
        <sec>
          <title>Background</title>
          <p>Psoriasis is a chronic skin disease that affects approximately two per cent of the general population. Plaque psoriasis is the most common form: it usually appears as raised, red patches of inflamed skin, covered with silvery white scales. The patches often occur in a symmetrical pattern. Guttate psoriasis is a particular form of psoriasis with widespread, small erythematosquamous lesions. <italic>Streptococcal</italic> infection is suspected to be a triggering factor for the onset of guttate psoriasis, and flare&#x2010;up of chronic plaque psoriasis. The previous Cochrane Review on this topic was published in 2000; it required an update because antistreptococcal treatment continues to be used to treat psoriasis, especially for the acute form of guttate psoriasis.</p>
        </sec>
        <sec>
          <title>Objectives</title>
          <p>To assess the effects of antistreptococcal interventions for guttate and chronic plaque psoriasis.</p>
        </sec>
        <sec>
          <title>Search methods</title>
          <p>We searched Cochrane Skin Specialised Register, Cochrane Register of Studies Online, CENTRAL, MEDLINE, Embase, LILACS, and five trials registers (January 2019). We checked the reference lists of included and excluded studies and searched conference proceedings from the American Academy of Dermatology, Society for Investigative Dermatology, and European Academy of Dermatology and Venereology.</p>
        </sec>
        <sec>
          <title>Selection criteria</title>
          <p>We considered randomised controlled trials (RCTs) assessing antistreptococcal interventions (tonsillectomy or systemic antibiotic treatment) in people with clinically diagnosed acute guttate and chronic plaque psoriasis compared with placebo, no intervention, or each other.</p>
        </sec>
        <sec>
          <title>Data collection and analysis</title>
          <p>We used standard methodological procedures expected by Cochrane. Primary outcome measures were: 1) time&#x2010;to&#x2010;resolution; achieving clear or almost clear skin (Physician Global Assessment (PGA) 0 or 1 or Psoriasis Area and Severity Index (PASI) 90 or 100); 2) proportion of participants with adverse effects and severe adverse effects. Secondary outcomes were: 1) proportion of participants achieving clear or almost clear skin; 2) proportion of participants achieving PASI 75 or PGA 1 to 2; 3) risk of having at least one relapse at long&#x2010;term follow&#x2010;up. Short&#x2010;term assessment was defined as within eight weeks of the start of treatment; long&#x2010;term was at least one year after the start of treatment.</p>
        </sec>
        <sec>
          <title>Main results</title>
          <p>We included five trials (162 randomised participants); three were conducted in a hospital dermatology department. One study declared funding by a pharmaceutical company. Participants' ages ranged from 12 to 77 years; only two participants were younger than 15 years. Mean PASI score at baseline varied from 5.7 (i.e. mild) to 23 (i.e. severe) in four studies. Twenty&#x2010;three of 162 participants had <italic>streptococcus&#x2010;</italic>positive throat swab culture. We did not perform a meta&#x2010;analysis due to heterogeneity of participants' characteristics and interventions.</p>
          <p>None of the trials measured our efficacy primary outcome, time&#x2010;to&#x2010;resolution, or the secondary outcome, risk of having at least one relapse at long&#x2010;term follow&#x2010;up.</p>
          <p>We rated the quality of the results as very low&#x2010;quality evidence, due to high risk of bias (absence of blinding of participants and caregivers, and high risk of outcome reporting bias) and imprecision (single study data with a low number of events). Hence, we are very uncertain about the results presented.</p>
          <p>
            <bold>Guttate psoriasis</bold>
          </p>
          <p>One three&#x2010;armed trial (N = 43) assessed penicillin (50,000 international units (IU)/kg/day in three doses) versus erythromycin (250 mg four times per day) versus no treatment (treatment for 14 days, with six&#x2010;week follow&#x2010;up from start of treatment). Adverse events and the proportion of participants achieving clear or almost clear skin were not measured.</p>
          <p>One trial (N = 20) assessed penicillin (1.6 MU (million units) intramuscularly once a day) versus no treatment (six weeks of treatment, with eight&#x2010;week follow&#x2010;up from start of treatment). At six&#x2010;week (short&#x2010;term) follow&#x2010;up, no adverse events were observed in either group, and there was no statistically significant difference between the two groups in the proportion of participants with clear or almost clear skin (risk ratio (RR) 2.00, 95% confidence interval (CI) 0.68 to 5.85).</p>
          <p>One trial (N = 20) assessed rifampicin (300 mg twice daily) versus placebo (14&#x2010;day treatment duration; six&#x2010;week follow&#x2010;up from start of treatment); none of the review outcomes were measured.</p>
          <p>These trials did not measure the proportion of participants achieving PASI 75 or PGA 1 to 2.</p>
          <p>
            <bold>Chronic plaque psoriasis</bold>
          </p>
          <p>One trial (N = 50) assessed long&#x2010;term azithromycin treatment (500 mg daily dose) versus vitamin C. Adverse events were reported in the azithromycin group (10 out of 30 had nausea and mild abdominal upset), but not in the vitamin C group. The proportion of participants who achieved clear or almost clear skin was not measured. In the azithromycin group, 18/30 versus 0/20 participants in the vitamin C group reached PASI 75 at the end of 48 weeks of treatment (RR 25.06, 95% CI 1.60 to 393.59).</p>
          <p>One trial (N = 29) assessed tonsillectomy versus no treatment, with 24&#x2010;month follow&#x2010;up after surgery. One participant in the tonsillectomy group had minor bleeding. At eight&#x2010;week follow&#x2010;up, 1/15 in the tonsillectomy group, and 0/14 in the no treatment group achieved PASI 90; and 3/15 participants in the tonsillectomy group, and 0/14 in the no treatment group achieved PASI 75 (RR 6.56, 95% CI 0.37 to 116.7).</p>
        </sec>
        <sec>
          <title>Authors' conclusions</title>
          <p>We found only five trials (N = 162), which assessed the effects of five comparisons (systemic antibiotic treatment (penicillin, azithromycin) or tonsillectomy). Two comparisons (erythromycin compared to no treatment, and rifampicin compared to placebo) did not measure any of the outcomes of interest. There was very low&#x2010;quality evidence for the outcomes that were measured, Therefore, we are uncertain of both the efficacy and safety of antistreptococcal interventions for guttate and chronic plaque psoriasis.</p>
          <p>The included trials were at unclear or high risk of bias and involved only a small number of unrepresentative participants, with limited measurement of our outcomes of interest. The studies did not allow investigation into the influence of <italic>Streptococcal</italic> infection, and a key intervention (amoxicillin) was not assessed.</p>
          <p>Further trials assessing the efficacy and tolerance of penicillin V or amoxicillin are needed in children and young adults with guttate psoriasis.</p>
        </sec>
      </abstract>
      <abstract abstract-type="short">
        <title>Does treating <italic>Streptococcal</italic> throat infection help improve psoriasis?</title>
        <p>
          <bold>Review question</bold>
        </p>
        <p>We wanted to find out how well treatments for infections caused by the <italic>Streptococcus</italic> bacteria worked, and how safe they were, when compared with no treatment, placebo (an identical but inactive treatment), or each other, in people with acute guttate or chronic plaque psoriasis.</p>
        <p>
          <bold>Background</bold>
        </p>
        <p>Chronic plaque psoriasis is a long&#x2010;term condition that causes patches of red, flaky skin, covered with scales (called plaques); it is the most frequent form of psoriasis, and is more common in adults.</p>
        <p>Guttate psoriasis is characterised by smaller lesions, and is more common in children and young people. Some studies have suggested that guttate psoriasis occurs in less than 30% of people with psoriasis.</p>
        <p>The cause of psoriasis is unknown, but <italic>Streptococcal</italic> infection may trigger guttate psoriasis or flare&#x2010;ups of chronic plaque psoriasis.</p>
        <p>Tonsillectomy may prevent or reduce the severity of throat infections, and limit the <italic>Streptococcus</italic> reservoir. Antibiotics work by destroying the bacteria that appear to trigger psoriasis.</p>
        <p>
          <bold>Study characteristics</bold>
        </p>
        <p>The evidence is current to January 2019.</p>
        <p>We included five studies (162 participants); three were conducted in hospital dermatology departments. Participants were 12 to 77 years old (100 males; 62 females). One study was funded by a pharmaceutical company. The severity of the condition ranged from mild to severe. <italic>Streptococcus</italic> bacteria were found in the throats of 14% of people.</p>
        <p>We classed outcomes measured within eight weeks of the start of treatment as short&#x2010;term, and those measured at least one year after the start of treatment as long&#x2010;term. The antibiotic trials in guttate psoriasis patients were all short&#x2010;term in duration; the antibiotic trial in chronic plaque psoriasis was 48 weeks long.</p>
        <p>Three studies included participants with guttate psoriasis, and assessed the short&#x2010;term effects of antibiotics: penicillin (20 participants), or erythromycin compared to no treatment (43 participants), and rifampicin compared to placebo (20 participants).</p>
        <p>Two studies included participants with chronic plaque psoriasis. One study assessed azithromycin (antibiotic) versus vitamin C at 48 weeks (50 participants); one assessed tonsillectomy versus no intervention at eight weeks and 24 months (29 participants).</p>
        <p>
          <bold>Key results</bold>
        </p>
        <p>These results are backed by very low&#x2010;quality evidence, so we are not certain of their accuracy. Each result is based on only one study.</p>
        <p>No studies measured our main outcome of interest, the time taken for the skin to be clear or almost clear of lesions, or the risk of relapsing at least once during long&#x2010;term follow&#x2010;up.</p>
        <p>No side effects were seen when penicillin was compared with no treatment in people with guttate psoriasis. Side effects were not measured for the comparisons of rifampicin versus placebo, or erythromycin versus no treatment.</p>
        <p>In participants with chronic plaque psoriasis, one trial assessed azithromycin versus vitamin C, and 10 participants in the azithromycin group complained of nausea or mild stomach upset. A trial of tonsillectomy versus no treatment reported one case of minor bleeding in the tonsillectomy group.</p>
        <p>Two studies in participants with chronic plaque psoriasis measured the number of participants achieving a 75% reduction on the Psoriasis Area and Severity Index (PASI 75). In one, 18/30 participants in the azithromycin group reached PASI 75 versus none in the vitamin C group. In the other, 3/15 in the tonsillectomy group reached PASI 75 versus none in the no treatment group. The guttate psoriasis trials did not assess this outcome.</p>
        <p>We are uncertain whether the number of participants with guttate psoriasis achieving clear or almost clear skin differs between those given penicillin and those receiving no treatment. Only one participant with chronic plaque psoriasis achieved almost clear skin in the tonsillectomy group compared to none in the no treatment group. The other three trials did not measure this outcome.</p>
        <p>
          <bold>Quality of the evidence</bold>
        </p>
        <p>Many of our main outcomes were not assessed. Those that were assessed were based on very low&#x2010;quality evidence, meaning we are not sure of their accuracy. The studies were very small, and had a high risk of bias because participants and trial assessors were aware of treatment allocation. More studies are needed to see if antibiotic treatment of <italic>Streptococcal</italic> infection shortens the duration of acute guttate psoriasis, stopping it from turning into a long&#x2010;term condition (chronic plaque psoriasis).</p>
      </abstract>
      <kwd-group kwd-group-type="mesh">
        <kwd>Adolescent</kwd>
        <kwd>Adult</kwd>
        <kwd>Aged</kwd>
        <kwd>Child</kwd>
        <kwd>Humans</kwd>
        <kwd>Middle Aged</kwd>
        <kwd>Anti&#x2010;Bacterial Agents</kwd>
        <kwd>Anti&#x2010;Bacterial Agents/therapeutic use</kwd>
        <kwd>Ascorbic Acid</kwd>
        <kwd>Ascorbic Acid/therapeutic use</kwd>
        <kwd>Azithromycin</kwd>
        <kwd>Azithromycin/therapeutic use</kwd>
        <kwd>Erythromycin</kwd>
        <kwd>Erythromycin/therapeutic use</kwd>
        <kwd>Penicillin V</kwd>
        <kwd>Penicillin V/therapeutic use</kwd>
        <kwd>Psoriasis</kwd>
        <kwd>Psoriasis/drug therapy</kwd>
        <kwd>Psoriasis/microbiology</kwd>
        <kwd>Psoriasis/pathology</kwd>
        <kwd>Randomized Controlled Trials as Topic</kwd>
        <kwd>Rifampin</kwd>
        <kwd>Rifampin/therapeutic use</kwd>
        <kwd>Streptococcal Infections</kwd>
        <kwd>Streptococcal Infections/drug therapy</kwd>
        <kwd>Tonsillectomy</kwd>
        <kwd>Vitamins</kwd>
        <kwd>Vitamins/therapeutic use</kwd>
      </kwd-group>
    </article-meta>
    <notes notes-type="status-note">
      <p>New</p>
    </notes>
  </front>
</article>
</pmc-articleset>