<?xml version="1.0" ?>
<!DOCTYPE pmc-articleset PUBLIC "-//NLM//DTD ARTICLE SET 2.0//EN" "https://dtd.nlm.nih.gov/ncbi/pmc/articleset/nlm-articleset-2.0.dtd">
<pmc-articleset><article xmlns:xlink="http://www.w3.org/1999/xlink" xmlns:mml="http://www.w3.org/1998/Math/MathML" id="CD012891" article-type="systematic-review">
  <!--The publisher of this article does not allow downloading of the full text in XML form.-->
  <front>
    <journal-meta>
      <journal-id journal-id-type="nlm-ta">Cochrane Database Syst Rev</journal-id>
      <journal-id journal-id-type="iso-abbrev">Cochrane Database Syst Rev</journal-id>
      <journal-id journal-id-type="publisher-id">14651858</journal-id>
      <journal-id journal-id-type="doi">10.1002/14651858</journal-id>
      <journal-title-group>
        <journal-title>The Cochrane Database of Systematic Reviews</journal-title>
      </journal-title-group>
      <issn pub-type="epub">1469-493X</issn>
      <issn-l>1361-6137</issn-l>
      <publisher>
        <publisher-name>John Wiley &amp; Sons, Ltd</publisher-name>
        <publisher-loc>Chichester, UK</publisher-loc>
      </publisher>
    </journal-meta>
    <article-meta>
      <article-id pub-id-type="pmc">6486056</article-id>
      <article-id pub-id-type="doi">10.1002/14651858.CD012891</article-id>
      <article-id pub-id-type="publisher-id">CD012891</article-id>
      <article-id pub-id-type="other">CD012891</article-id>
      <article-categories>
        <subj-group subj-group-type="heading">
          <subject>Medicine General &amp; Introductory Medical Sciences</subject>
        </subj-group>
      </article-categories>
      <title-group>
        <article-title>Interventions for fertility preservation in women with cancer undergoing chemotherapy</article-title>
      </title-group>
      <contrib-group>
        <contrib id="d28e63" contrib-type="author" corresp="yes">
          <name>
            <surname>Weterings</surname>
            <given-names>Maria AJ</given-names>
          </name>
          <address>
            <email>maartjeweterings@gmail.com</email>
          </address>
          <xref ref-type="aff" rid="CD012891-aff-0001"/>
        </contrib>
        <contrib id="d28e68" contrib-type="author">
          <name>
            <surname>Glanville</surname>
            <given-names>Elizabeth</given-names>
          </name>
          <xref ref-type="aff" rid="CD012891-aff-0002"/>
        </contrib>
        <contrib id="d28e73" contrib-type="author">
          <name>
            <surname>van Eekelen</surname>
            <given-names>Rik</given-names>
          </name>
          <xref ref-type="aff" rid="CD012891-aff-0003"/>
        </contrib>
        <contrib id="d28e78" contrib-type="author">
          <name>
            <surname>Den Hartog</surname>
            <given-names>Janneke Eva</given-names>
          </name>
          <xref ref-type="aff" rid="CD012891-aff-0004"/>
        </contrib>
        <contrib id="d28e83" contrib-type="author">
          <name>
            <surname>Farquhar</surname>
            <given-names>Cindy</given-names>
          </name>
          <xref ref-type="aff" rid="CD012891-aff-0005"/>
        </contrib>
      </contrib-group>
      <aff id="CD012891-aff-0001">
        <institution>Maastrict University Medical Center</institution>
        <addr-line>P. Debyelaan 25</addr-line>
        <city>Maastricht</city>
        <country>Netherlands</country>
        <postal-code>6229 HX</postal-code>
      </aff>
      <aff id="CD012891-aff-0002">
        <institution>Fertility Plus</institution>
        <city>Auckland</city>
        <country>New Zealand</country>
        <postal-code/>
      </aff>
      <aff id="CD012891-aff-0003">
        <institution>Academic Medical Center, Amsterdam</institution>
        <institution content-type="dept">Centre for Reproductive Medicine</institution>
        <addr-line>Meibergdreef 9</addr-line>
        <city>Amsterdam</city>
        <country>Netherlands</country>
        <postal-code>1105 AZ</postal-code>
      </aff>
      <aff id="CD012891-aff-0004">
        <institution>Maastricht University Medical Centre</institution>
        <institution content-type="dept">Department of Gynecology and Obstetrics</institution>
        <addr-line>P. Debyelaan 25</addr-line>
        <city>Maastricht</city>
        <country>Netherlands</country>
        <postal-code>6229 HX</postal-code>
      </aff>
      <aff id="CD012891-aff-0005">
        <institution>University of Auckland</institution>
        <institution content-type="dept">Department of Obstetrics and Gynaecology</institution>
        <addr-line>FMHS Park RoadGrafton</addr-line>
        <city>Auckland</city>
        <country>New Zealand</country>
        <postal-code>1003</postal-code>
      </aff>
      <author-notes>
        <fn>
          <p>Editorial Group: Cochrane Gynaecology and Fertility Group.</p>
        </fn>
      </author-notes>
      <pub-date pub-type="epub">
        <day>09</day>
        <month>12</month>
        <year>2017</year>
      </pub-date>
      <pub-date pub-type="collection">
        <month>12</month>
        <year>2017</year>
      </pub-date>
      <pub-date pub-type="update">
        <day>08</day>
        <month>12</month>
        <year>2017</year>
      </pub-date>
      <volume>2017</volume>
      <issue>12</issue>
      <elocation-id>CD012891</elocation-id>
      <history/>
      <permissions>
        <copyright-statement>Copyright &#xA9; 2017 The Cochrane Collaboration. Published by John Wiley &amp; Sons, Ltd.</copyright-statement>
        <copyright-year>2017</copyright-year>
        <copyright-holder>The Cochrane Collaboration</copyright-holder>
      </permissions>
      <abstract>
        <title>Abstract</title>
        <p>This is a protocol for a Cochrane Review (Intervention). The objectives are as follows:</p>
        <p>To determine the effectiveness and safety of fertility preservation strategies including controlled ovarian hyper stimulation with freezing oocytes/embryos or ovarian suppression with gonadotropin&#x2010;releasing hormone (GnRH) agonists in premenopausal women with cancer undergoing chemotherapy.</p>
      </abstract>
    </article-meta>
    <notes notes-type="status-note">
      <p>New</p>
    </notes>
  </front>
</article>
</pmc-articleset>