<?xml version="1.0" ?>
<!DOCTYPE pmc-articleset PUBLIC "-//NLM//DTD ARTICLE SET 2.0//EN" "https://dtd.nlm.nih.gov/ncbi/pmc/articleset/nlm-articleset-2.0.dtd">
<pmc-articleset><article xmlns:xlink="http://www.w3.org/1999/xlink" xmlns:mml="http://www.w3.org/1998/Math/MathML" id="CD012536.pub2" article-type="systematic-review">
  <!--The publisher of this article does not allow downloading of the full text in XML form.-->
  <front>
    <journal-meta>
      <journal-id journal-id-type="nlm-ta">Cochrane Database Syst Rev</journal-id>
      <journal-id journal-id-type="iso-abbrev">Cochrane Database Syst Rev</journal-id>
      <journal-id journal-id-type="publisher-id">14651858</journal-id>
      <journal-id journal-id-type="doi">10.1002/14651858</journal-id>
      <journal-title-group>
        <journal-title>The Cochrane Database of Systematic Reviews</journal-title>
      </journal-title-group>
      <issn pub-type="epub">1469-493X</issn>
      <issn-l>1361-6137</issn-l>
      <publisher>
        <publisher-name>John Wiley &amp; Sons, Ltd</publisher-name>
        <publisher-loc>Chichester, UK</publisher-loc>
      </publisher>
    </journal-meta>
    <article-meta>
      <article-id pub-id-type="pmid">28779491</article-id>
      <article-id pub-id-type="pmc">6424379</article-id>
      <article-id pub-id-type="doi">10.1002/14651858.CD012536.pub2</article-id>
      <article-id pub-id-type="publisher-id">CD012536.pub2</article-id>
      <article-id pub-id-type="other">CD012536</article-id>
      <article-categories>
        <subj-group>
          <subject>2019 3. Chronic pain</subject>
          <subject>Chronic non&#x2010;cancer pain</subject>
          <subject>Child health</subject>
          <subject>Pain &amp; anaesthesia</subject>
        </subj-group>
      </article-categories>
      <title-group>
        <article-title>Antiepileptic drugs for chronic non&#x2010;cancer pain in children and adolescents</article-title>
      </title-group>
      <contrib-group>
        <contrib id="d20e207" contrib-type="author" corresp="yes">
          <name>
            <surname>Cooper</surname>
            <given-names>Tess E</given-names>
          </name>
          <address>
            <email>tess.cooper@sydney.edu.au</email>
          </address>
          <xref ref-type="aff" rid="CD012536-aff-0001"/>
        </contrib>
        <contrib id="d20e211" contrib-type="author">
          <name>
            <surname>Wiffen</surname>
            <given-names>Philip J</given-names>
          </name>
          <xref ref-type="aff" rid="CD012536-aff-0002"/>
        </contrib>
        <contrib id="d20e215" contrib-type="author">
          <name>
            <surname>Heathcote</surname>
            <given-names>Lauren C</given-names>
          </name>
          <xref ref-type="aff" rid="CD012536-aff-0003"/>
        </contrib>
        <contrib id="d20e219" contrib-type="author">
          <name>
            <surname>Clinch</surname>
            <given-names>Jacqui</given-names>
          </name>
          <xref ref-type="aff" rid="CD012536-aff-0004"/>
          <xref ref-type="aff" rid="CD012536-aff-0005"/>
        </contrib>
        <contrib id="d20e223" contrib-type="author">
          <name>
            <surname>Howard</surname>
            <given-names>Richard</given-names>
          </name>
          <xref ref-type="aff" rid="CD012536-aff-0006"/>
        </contrib>
        <contrib id="d20e227" contrib-type="author">
          <name>
            <surname>Krane</surname>
            <given-names>Elliot</given-names>
          </name>
          <xref ref-type="aff" rid="CD012536-aff-0007"/>
        </contrib>
        <contrib id="d20e231" contrib-type="author">
          <name>
            <surname>Lord</surname>
            <given-names>Susan M</given-names>
          </name>
          <xref ref-type="aff" rid="CD012536-aff-0008"/>
        </contrib>
        <contrib id="d20e235" contrib-type="author">
          <name>
            <surname>Sethna</surname>
            <given-names>Navil</given-names>
          </name>
          <xref ref-type="aff" rid="CD012536-aff-0009"/>
          <xref ref-type="aff" rid="CD012536-aff-0010"/>
        </contrib>
        <contrib id="d20e239" contrib-type="author">
          <name>
            <surname>Schechter</surname>
            <given-names>Neil</given-names>
          </name>
          <xref ref-type="aff" rid="CD012536-aff-0009"/>
        </contrib>
        <contrib id="d20e243" contrib-type="author">
          <name>
            <surname>Wood</surname>
            <given-names>Chantal</given-names>
          </name>
          <xref ref-type="aff" rid="CD012536-aff-0011"/>
        </contrib>
        <contrib id="d20e254" contrib-type="editor">
          <collab collab-type="editors">Cochrane Pain, Palliative and Supportive Care Group</collab>
        </contrib>
      </contrib-group>
      <aff id="CD012536-aff-0001">
        <institution>The Children's Hospital at Westmead</institution>
        <institution content-type="dept">Cochrane Kidney and Transplant, Centre for Kidney Research</institution>
        <city>Westmead</city>
        <state>NSW</state>
        <country>Australia</country>
        <postal-code>2145</postal-code>
      </aff>
      <aff id="CD012536-aff-0002">
        <city>Thame</city>
        <country>UK</country>
      </aff>
      <aff id="CD012536-aff-0003">
        <institution>Stanford University</institution>
        <institution content-type="dept">Department of Anesthesiology, Perioperative and Pain Medicine</institution>
        <addr-line>1070 Arastradero Road, Suite 300</addr-line>
        <city>Palo Alto</city>
        <state>California</state>
        <country>USA</country>
        <postal-code>94304</postal-code>
      </aff>
      <aff id="CD012536-aff-0004">
        <institution>Bristol Royal Hospital for Children</institution>
        <institution content-type="dept">Paediatric Rheumatology</institution>
        <city>Bristol</city>
        <country>UK</country>
      </aff>
      <aff id="CD012536-aff-0005">
        <institution>Bath Centre for Pain Services</institution>
        <institution content-type="dept">Child/Adolescent Pain</institution>
        <city>Bath</city>
        <country>UK</country>
      </aff>
      <aff id="CD012536-aff-0006">
        <institution>Great Ormond Street Hospital</institution>
        <institution content-type="dept">Anaesthesia and Pain Management</institution>
        <addr-line>Great Ormond Street</addr-line>
        <city>London</city>
        <country>UK</country>
        <postal-code>WC1N 3JH</postal-code>
      </aff>
      <aff id="CD012536-aff-0007">
        <institution>Stanford University</institution>
        <institution content-type="dept">Anaesthesiology, Perioperative &amp; Pain Medicine, and Paediatrics</institution>
        <addr-line>300 Pasteur Drive</addr-line>
        <city>Stanford</city>
        <state>CA</state>
        <country>USA</country>
        <postal-code>94305</postal-code>
      </aff>
      <aff id="CD012536-aff-0008">
        <institution>John Hunter Children&#x2019;s Hospital</institution>
        <institution content-type="dept">Children&#x2019;s Complex Pain Service</institution>
        <city>Newcastle</city>
        <state>New South Wales (NSW)</state>
        <country>Australia</country>
      </aff>
      <aff id="CD012536-aff-0009">
        <institution>Boston Children&#x2019;s Hospital</institution>
        <institution content-type="dept">Anesthesiology, Perioperative and Pain Medicine</institution>
        <city>Boston</city>
        <state>Massachusetts</state>
        <country>USA</country>
      </aff>
      <aff id="CD012536-aff-0010">
        <institution>Boston Children&#x2019;s Hospital</institution>
        <institution content-type="dept">Mayo Family Pediatric Pain Rehabilitation Center</institution>
        <city>Boston</city>
        <state>Massachusetts</state>
        <country>USA</country>
      </aff>
      <aff id="CD012536-aff-0011">
        <institution>University Hospital Dupuytren</institution>
        <institution content-type="dept">Rheumatology</institution>
        <city>Limoges</city>
        <country>France</country>
      </aff>
      <pub-date pub-type="epub">
        <day>5</day>
        <month>8</month>
        <year>2017</year>
      </pub-date>
      <pub-date pub-type="collection">
        <month>8</month>
        <year>2017</year>
      </pub-date>
      <pub-date pub-type="update">
        <day>25</day>
        <month>2</month>
        <year>2020</year>
      </pub-date>
      <volume>2017</volume>
      <issue>8</issue>
      <elocation-id>CD012536</elocation-id>
      <permissions>
        <copyright-statement>Copyright &#xA9; 2020 The Cochrane Collaboration. Published by John Wiley &amp; Sons, Ltd.</copyright-statement>
      </permissions>
      <related-article related-article-type="updated-article" ext-link-type="doi" xlink:href="10.1002/14651858.CD012536" id="d20e38"/>
      <abstract>
        <title>Abstract</title>
        <sec id="CD012536-abs1-0001">
          <title>Background</title>
          <p>Pain is a common feature of childhood and adolescence around the world, and for many young people, that pain is chronic. The World Health Organization (WHO) guidelines for pharmacological treatments for children's persisting pain acknowledge that pain in children is a major public health concern of high significance in most parts of the world. While in the past, pain was largely dismissed and was frequently left untreated, views on children's pain have changed over time, and relief of pain is now seen as important.</p>
          <p>We designed a suite of seven reviews on chronic non&#x2010;cancer pain and cancer pain (looking at antidepressants, antiepileptic drugs, non&#x2010;steroidal anti&#x2010;inflammatory drugs, opioids, and paracetamol) in order to review the evidence for children's pain utilising pharmacological interventions in children and adolescents.</p>
          <p>As the leading cause of morbidity in the world today, chronic disease (and its associated pain) is a major health concern. Chronic pain (that is pain lasting three months or longer) can occur in the paediatric population in a variety of pathophysiological classifications (nociceptive, neuropathic, or idiopathic) relating to genetic conditions, nerve damage pain, chronic musculoskeletal pain, and chronic abdominal pain, and for other unknown reasons.</p>
          <p>Antiepileptic (anticonvulsant) drugs, which were originally developed to treat convulsions in people with epilepsy, have in recent years been used to provide pain relief in adults for many chronic painful conditions and are now recommended for the treatment of chronic pain in the WHO list of essential medicines. Known side effects of antiepileptic drugs range from sweating, headache, elevated temperature, nausea, and abdominal pain to more serious effects including mental or motor function impairment.</p>
        </sec>
        <sec id="CD012536-abs1-0002">
          <title>Objectives</title>
          <p>To assess the analgesic efficacy and adverse events of antiepileptic drugs used to treat chronic non&#x2010;cancer pain in children and adolescents aged between birth and 17 years, in any setting.</p>
        </sec>
        <sec id="CD012536-abs1-0003">
          <title>Search methods</title>
          <p>We searched the Cochrane Central Register of Controlled Trials (CENTRAL) via the Cochrane Register of Studies Online, MEDLINE via Ovid, and Embase via Ovid from inception to 6 September 2016. We also searched the reference lists of retrieved studies and reviews as well as online clinical trial registries.</p>
        </sec>
        <sec id="CD012536-abs1-0004">
          <title>Selection criteria</title>
          <p>Randomised controlled trials, with or without blinding, by any route, treating chronic non&#x2010;cancer pain in children and adolescents, comparing any antiepileptic drug with placebo or an active comparator.</p>
        </sec>
        <sec id="CD012536-abs1-0005">
          <title>Data collection and analysis</title>
          <p>Two review authors independently assessed studies for eligibility. We planned to use dichotomous data to calculate risk ratio and number needed to treat for one additional event, using standard methods if data were available. We assessed the evidence using GRADE and created two 'Summary of findings' tables.</p>
        </sec>
        <sec id="CD012536-abs1-0006">
          <title>Main results</title>
          <p>We included two studies with a total of 141 participants (aged 7 to 18 years) with chronic neuropathic pain, complex regional pain syndrome type 1 (CRPS&#x2010;I), or fibromyalgia. One study investigated pregabalin versus placebo in participants with fibromyalgia (107 participants), and the other study investigated gabapentin versus amitriptyline in participants with CRPS&#x2010;I or neuropathic pain (34 participants). We were unable to perform any quantitative analysis.</p>
          <p>Risk of bias for the two included studies varied, due to issues with randomisation (low to unclear risk), blinding of outcome assessors (low to unclear risk), reporting bias (low to unclear risk), the size of the study populations (high risk), and industry funding in the 'other' domain (low to unclear risk). We judged the remaining domains of sequence generation, blinding of participants and personnel, and attrition as low risk of bias.</p>
          <p>
            <bold>Primary outcomes</bold>
          </p>
          <p>One study (gabapentin 900 mg/day versus amitriptyline 10 mg/day, 34 participants, for 6 weeks) did not report our primary outcomes.</p>
          <p>The second study (pregabalin 75 to 450 mg/day versus placebo 75 to 450 mg/day, 107 participants, for 15 weeks) reported no significant change in pain scores for pain relief of 30% or greater between pregabalin 18/54 (33.3%), and placebo 16/51 (31.4%), P = 0.83 (very low&#x2010;quality evidence). This study also reported Patient Global Impression of Change, with the percentage of participants feeling "much or very much improved" with pregabalin 53.1%, and placebo 29.5% (very low&#x2010;quality evidence).</p>
          <p>
            <bold>Secondary outcomes</bold>
          </p>
          <p>In one small study, adverse events were uncommon: gabapentin 2 participants (2 adverse events); amitriptyline 1 participant (1 adverse event) (6&#x2010;week trial). The second study reported a higher number of adverse events: pregabalin 38 participants (167 adverse events); placebo 34 participants (132 adverse events) (15&#x2010;week trial) (very low&#x2010;quality evidence).</p>
          <p>Withdrawals due to adverse events were infrequent in both studies: pregabalin (4 participants), placebo (4 participants), gabapentin (2 participants), and amitriptyline (1 participant) (very low&#x2010;quality evidence).</p>
          <p>Serious adverse events were reported in both studies. One study reported only one serious adverse event (cholelithiasis and major depression resulting in hospitalisation in the pregabalin group) and the other study reported no serious adverse events (very low&#x2010;quality evidence).</p>
          <p>There were few or no data for our remaining secondary outcomes.</p>
          <p>
            <bold>Quality of evidence</bold>
          </p>
          <p>For the outcomes with available data, we downgraded the quality of the evidence by three levels to very low&#x2010;quality due to too few data and the fact that the number of events was too small to be meaningful.</p>
        </sec>
        <sec id="CD012536-abs1-0007">
          <title>Authors' conclusions</title>
          <p>This review identified only two small studies, with insufficient data for analysis.</p>
          <p>As we could undertake no meta&#x2010;analysis, we were unable to comment about efficacy or harm from the use of antiepileptic drugs to treat chronic non&#x2010;cancer pain in children and adolescents. Similarly, we could not comment on our remaining secondary outcomes: Carer Global Impression of Change; requirement for rescue analgesia; sleep duration and quality; acceptability of treatment; physical functioning; and quality of life.</p>
          <p>We know from adult randomised controlled trials that some antiepileptics, such as gabapentin and pregabalin, can be effective in certain chronic pain conditions.</p>
        </sec>
      </abstract>
      <abstract abstract-type="short">
        <title>Plain language summary</title>
        <p>
          <bold>Antiepileptic drugs for chronic non&#x2010;cancer pain in children and adolescents</bold>
        </p>
        <p>
          <bold>Bottom line</bold>
        </p>
        <p>We are uncertain as to whether antiepileptic drugs provide pain relief for chronic non&#x2010;cancer pain in children and adolescents. We do not have evidence to suggest that one type of antiepileptic drug is more effective than another.</p>
        <p>
          <bold>Background</bold>
        </p>
        <p>Children can experience chronic or recurrent pain related to genetic conditions, nerve damage, muscle or joint pain, stomach pain, or for other unknown reasons. Chronic pain is pain that lasts three months or more and is commonly accompanied by changes in lifestyle and functional abilities, as well as by signs and symptoms of depression and anxiety.</p>
        <p>Antiepileptic (anticonvulsant) drugs were originally developed to treat epilepsy, but some of these drugs have been shown to provide pain relief in some chronic painful conditions in adults.</p>
        <p>
          <bold>Study characteristics</bold>
        </p>
        <p>In September 2016 we searched for clinical trials in which antiepileptic drugs were used to treat chronic pain. We found two studies with a total of 141 participants (aged 7 to 18 years) with chronic neuropathic pain, complex regional pain syndrome type 1, or fibromyalgia, which they had for more than 3 months.</p>
        <p>
          <bold>Key results</bold>
        </p>
        <p>One study looked at pregabalin versus placebo for people with fibromyalgia, and found no significant change in pain scores. The other study evaluated gabapentin compared to amitriptyline, but did not report our specified pain outcomes.</p>
        <p>Side effects were uncommon, and only mild reactions (such as nausea, dizziness, drowsiness, tiredness, and abdominal discomfort): pregabalin 38 participants, gabapentin 2 participants, amitriptyline 1 participant, and placebo 34 participants. Only 11 participants withdrew due to these mild side effects (4 pregabalin, 2 gabapentin, 1 amitriptyline, 4 placebo).</p>
        <p>
          <bold>Quality of the evidence</bold>
        </p>
        <p>We rated the quality of the evidence from studies using four levels: very low, low, moderate, or high. Very low&#x2010;quality evidence means that we are very uncertain about the results. High&#x2010;quality evidence means that we are very confident in the results.</p>
        <p>The available evidence in this review was of very low&#x2010;quality due to a lack of data and small study sizes.</p>
      </abstract>
    </article-meta>
    <notes notes-type="status-note">
      <p>Stable (no update expected for reasons given in 'What's new')</p>
    </notes>
  </front>
</article>
</pmc-articleset>