<?xml version="1.0" ?>
<!DOCTYPE pmc-articleset PUBLIC "-//NLM//DTD ARTICLE SET 2.0//EN" "https://dtd.nlm.nih.gov/ncbi/pmc/articleset/nlm-articleset-2.0.dtd">
<pmc-articleset><article xmlns:xlink="http://www.w3.org/1999/xlink" xmlns:mml="http://www.w3.org/1998/Math/MathML" id="CD008983.pub3" article-type="systematic-review">
  <!--The publisher of this article does not allow downloading of the full text in XML form.-->
  <front>
    <journal-meta>
      <journal-id journal-id-type="nlm-ta">Cochrane Database Syst Rev</journal-id>
      <journal-id journal-id-type="iso-abbrev">Cochrane Database Syst Rev</journal-id>
      <journal-id journal-id-type="publisher-id">14651858</journal-id>
      <journal-id journal-id-type="doi">10.1002/14651858</journal-id>
      <journal-title-group>
        <journal-title>The Cochrane Database of Systematic Reviews</journal-title>
      </journal-title-group>
      <issn pub-type="epub">1469-493X</issn>
      <issn-l>1361-6137</issn-l>
      <publisher>
        <publisher-name>John Wiley &amp; Sons, Ltd</publisher-name>
        <publisher-loc>Chichester, UK</publisher-loc>
      </publisher>
    </journal-meta>
    <article-meta>
      <article-id pub-id-type="pmid">29388675</article-id>
      <article-id pub-id-type="pmc">6491273</article-id>
      <article-id pub-id-type="doi">10.1002/14651858.CD008983.pub3</article-id>
      <article-id pub-id-type="publisher-id">CD008983</article-id>
      <article-id pub-id-type="other">CD008983.pub3</article-id>
      <article-categories>
        <subj-group subj-group-type="heading">
          <subject>Medicine General &amp; Introductory Medical Sciences</subject>
        </subj-group>
      </article-categories>
      <title-group>
        <article-title>Influenza vaccines in immunosuppressed adults with cancer</article-title>
      </title-group>
      <contrib-group>
        <contrib id="d28e63" contrib-type="author" corresp="yes">
          <name>
            <surname>Bitterman</surname>
            <given-names>Roni</given-names>
          </name>
          <address>
            <email>ro_oren@rambam.health.gov.il</email>
          </address>
          <xref ref-type="aff" rid="CD008983-aff-0001"/>
        </contrib>
        <contrib id="d28e68" contrib-type="author">
          <name>
            <surname>Eliakim&#x2010;Raz</surname>
            <given-names>Noa</given-names>
          </name>
          <xref ref-type="aff" rid="CD008983-aff-0002"/>
        </contrib>
        <contrib id="d28e73" contrib-type="author">
          <name>
            <surname>Vinograd</surname>
            <given-names>Inbal</given-names>
          </name>
          <xref ref-type="aff" rid="CD008983-aff-0003"/>
        </contrib>
        <contrib id="d28e78" contrib-type="author">
          <name>
            <surname>Zalmanovici Trestioreanu</surname>
            <given-names>Anca</given-names>
          </name>
          <xref ref-type="aff" rid="CD008983-aff-0004"/>
        </contrib>
        <contrib id="d28e83" contrib-type="author">
          <name>
            <surname>Leibovici</surname>
            <given-names>Leonard</given-names>
          </name>
          <xref ref-type="aff" rid="CD008983-aff-0005"/>
        </contrib>
        <contrib id="d28e88" contrib-type="author">
          <name>
            <surname>Paul</surname>
            <given-names>Mical</given-names>
          </name>
          <xref ref-type="aff" rid="CD008983-aff-0001"/>
        </contrib>
      </contrib-group>
      <aff id="CD008983-aff-0001">
        <institution>Rambam Health Care Campus</institution>
        <institution content-type="dept">Division of Infectious Diseases</institution>
        <city>Haifa</city>
        <country>Israel</country>
        <postal-code/>
      </aff>
      <aff id="CD008983-aff-0002">
        <institution>Beilinson Hospital, Rabin Medical Center</institution>
        <institution content-type="dept">Department of Medicine E; and Sackler Faculty of Medicine, Tel&#x2010;Aviv University, Israel</institution>
        <addr-line>39 Jabotinski Street</addr-line>
        <city>Petah Tikva</city>
        <country>Israel</country>
        <postal-code>49100</postal-code>
      </aff>
      <aff id="CD008983-aff-0003">
        <institution>Schneider Children's Medical Centre of Israel</institution>
        <institution content-type="dept">Pharmacy</institution>
        <city>Petah&#x2010;Tikva</city>
        <country>Israel</country>
        <postal-code>49100</postal-code>
      </aff>
      <aff id="CD008983-aff-0004">
        <institution>Beilinson Hospital, Rabin Medical Center</institution>
        <institution content-type="dept">Department of Family Medicine</institution>
        <addr-line>39 Jabotinski Street</addr-line>
        <city>Petah Tikva</city>
        <country>Israel</country>
        <postal-code>49100</postal-code>
      </aff>
      <aff id="CD008983-aff-0005">
        <institution>Beilinson Hospital, Rabin Medical Center</institution>
        <institution content-type="dept">Department of Medicine E</institution>
        <addr-line>Kaplan Street</addr-line>
        <city>Petah Tikva</city>
        <country>Israel</country>
        <postal-code>49100</postal-code>
      </aff>
      <author-notes>
        <fn>
          <p>Editorial Group: Cochrane Gynaecological, Neuro&#x2010;oncology and Orphan Cancer Group.</p>
        </fn>
      </author-notes>
      <pub-date pub-type="epub">
        <day>01</day>
        <month>2</month>
        <year>2018</year>
      </pub-date>
      <pub-date pub-type="collection">
        <month>2</month>
        <year>2018</year>
      </pub-date>
      <pub-date pub-type="update">
        <day>06</day>
        <month>02</month>
        <year>2018</year>
      </pub-date>
      <volume>2018</volume>
      <issue>2</issue>
      <elocation-id>CD008983</elocation-id>
      <history>
        <date date-type="previous-update" publication-format="electronic">
          <day>29</day>
          <month>10</month>
          <year>2013</year>
        </date>
        <date date-type="cl-record-assessed-up-to-date">
          <day>24</day>
          <month>05</month>
          <year>2017</year>
        </date>
      </history>
      <permissions>
        <copyright-statement>Copyright &#xA9; 2018 The Cochrane Collaboration. Published by John Wiley &amp; Sons, Ltd.</copyright-statement>
        <copyright-year>2018</copyright-year>
        <copyright-holder>The Cochrane Collaboration</copyright-holder>
      </permissions>
      <related-article related-article-type="updated-article" ext-link-type="doi" xlink:href="10.1002/14651858.CD008983.pub2" id="d28e186"/>
      <abstract>
        <sec>
          <title>Background</title>
          <p>This is an update of the Cochrane review published in 2013, Issue 10.</p>
          <p>Immunosuppressed cancer patients are at increased risk of serious influenza&#x2010;related complications. Guidelines, therefore, recommend influenza vaccination for these patients. However, data on vaccine effectiveness in this population are lacking, and the value of vaccination in this population remains unclear.</p>
        </sec>
        <sec>
          <title>Objectives</title>
          <p>To assess the effectiveness of influenza vaccine in immunosuppressed adults with malignancies. The primary review outcome is all&#x2010;cause mortality, preferably at the end of the influenza season. Influenza&#x2010;like illness (ILI, a clinical definition), confirmed influenza, pneumonia, any hospitalisations, influenza&#x2010;related mortality and immunogenicity were defined as secondary outcomes.</p>
        </sec>
        <sec>
          <title>Search methods</title>
          <p>We searched the Cochrane Central Register of Controlled Trials (CENTRAL), MEDLINE, Embase and LILACS databases up to May 2017. We searched the following conference proceedings: ICAAC, ECCMID, IDSA (infectious disease conferences), ASH, ASBMT, EBMT (haematological), and ASCO (oncological) between the years 2006 to 2017. In addition, we scanned the references of all identified studies and pertinent reviews. We searched the websites of the manufacturers of influenza vaccine. Finally, we searched for ongoing or unpublished trials in clinical trial registry databases.</p>
        </sec>
        <sec>
          <title>Selection criteria</title>
          <p>Randomised controlled trials (RCTs), prospective and retrospective cohort studies and case&#x2010;control studies were considered, comparing inactivated influenza vaccines versus placebo, no vaccination or a different vaccine, in adults (16 years and over) with cancer. We considered solid malignancies treated with chemotherapy, haematological cancer patients treated or not treated with chemotherapy, cancer patients post&#x2010;autologous (up to six months after transplantation) or allogeneic (at any time) haematopoietic stem cell transplantation (HSCT).</p>
        </sec>
        <sec>
          <title>Data collection and analysis</title>
          <p>Two review authors independently assessed the risk of bias and extracted data from included studies adhering to Cochrane methodology. Meta&#x2010;analysis could not be performed because of different outcome and denominator definitions in the included studies.</p>
        </sec>
        <sec>
          <title>Main results</title>
          <p>We identified six studies with a total of 2275 participants: five studies comparing vaccination with no vaccination, and one comparing adjuvanted vaccine with non&#x2010;adjuvanted vaccine. Three studies were RCTs, one was a prospective observational cohort study and two were retrospective cohort studies.</p>
          <p>For the comparison of vaccination with no vaccination we included two RCTs and three observational studies, including 2202 participants. One study reported results in person&#x2010;years while the others reported results per person. The five studies were performed between 1993 and 2015 and included adults with haematological diseases (three studies), patients following bone marrow transplantation (BMT) (two studies) and solid malignancies (three studies).</p>
          <p>One RCT and two observational studies reported all&#x2010;cause mortality; the RCT showed similar mortality rates in both arms (odds ratio (OR) 1.25 (95% CI 0.43 to 3.62; 1 study, 78 participants, low&#x2010;certainty evidence)); and the observational studies demonstrated a significant association between vaccine receipt and lower risk of death, adjusted hazard ratio 0.88 (95% CI 0.78 to 1; 1 study, 1577 participants, very low&#x2010;certainty evidence) in one study and OR 0.42 (95% CI 0.24 to 0.75; 1 study, 806 participants, very low&#x2010;certainty evidence) in the other. One RCT reported a reduction in ILI with vaccination, while no difference was observed in one observational study. Confirmed influenza rates were lower with vaccination in one RCT and the three observational studies, the difference reaching statistical significance in one. Pneumonia was observed significantly less frequently with vaccination in one observational study, but no difference was detected in another or in the RCT. One RCT showed a reduction in hospitalisations following vaccination, while an observational study found no difference. No life&#x2010;threatening or persistent adverse effects from vaccination were reported. The strength of evidence was limited by the low number of included studies and by their low methodological quality and the certainty of the evidence for the mortality outcome according to GRADE was low to very low.</p>
          <p>For the comparison of adjuvanted vaccine with non&#x2010;adjuvanted vaccine, we identified one RCT, including 73 patients. No differences were found for the primary and all secondary outcomes assessed. Mortality risk ratio was 0.54 (95% CI 0.05 to 5.73; low&#x2010;certainty evidence) in the adjuvanted vaccine group. The quality of evidence was low due to the small sample size and the large confidence intervals for all outcomes.</p>
        </sec>
        <sec>
          <title>Authors' conclusions</title>
          <p>Observational data suggest lower mortality and infection&#x2010;related outcomes with influenza vaccination. The strength of evidence is limited by the small number of studies and low grade of evidence. It seems that the evidence, although weak, shows that the benefits overweigh the potential risks when vaccinating adults with cancer against influenza. However, additional placebo or no&#x2010;treatment controlled RCTs of influenza vaccination among adults with cancer is ethically questionable.There is no conclusive evidence regarding the use of adjuvanted versus non&#x2010;adjuvanted influenza vaccine in this population.</p>
        </sec>
      </abstract>
      <abstract abstract-type="short">
        <title>Influenza (flu) vaccination for preventing influenza in adults with cancer</title>
        <p><bold>Background</bold> Adults with cancer are prone to serious complications from influenza, more than healthy adults. The influenza vaccine protects against influenza and its complications. However, its effectiveness among people with cancer is unclear, as immune dysfunction that accompanies cancer as a result of chemotherapy might lower immune response to the vaccine. People with cancer, therefore, do not have clear information on the importance and effectiveness of the vaccine.</p>
        <p><bold>The aim of the review</bold> This review focused on the effectiveness of influenza vaccination in adults with cancer who have a suppressed immune system because of cancer or chemotherapy. We searched the literature up to May 2017.</p>
        <p><bold>What are the main findings?</bold> We identified six clinical studies (2275 participants) addressing this question, half of which were randomised controlled trials, where patients were randomly selected to get or not to get the vaccine. Two other studies showed that adults with cancer who were vaccinated were found to have lower rates of death, but these studies were not randomised. One small randomised study showed a similar mortality rate in vaccinated and non&#x2010;vaccinated patients. Pooling (combining) results from the different studies was not possible because of different methods or different ways the results were reported. There was a lower rate of influenza&#x2010;like illness (any febrile respiratory illness), pneumonia, confirmed influenza and hospitalisation for any reason, among vaccinated people in at least one study. No side effects to the vaccine were reported in these studies. The review also included a trial comparing the regular vaccine to a vaccine containing an adjuvant that is supposed to increase the immune response. This randomised trial was small and did not find differences in all clinical outcomes examined.</p>
        <p><bold>Quality of the evidence</bold> The strength of evidence is limited by the low number of studies and by their low methodological quality (high risk of bias).</p>
        <p><bold>What are the conclusions?</bold> It is unlikely that there will be any future large&#x2010;scale controlled trials to investigate this issue. The current evidence, although weak, suggests a benefit for influenza vaccination amongst adults with cancer and the vaccine was not found to be harmful. Influenza vaccines given to adults with cancer contain an inactivated virus that cannot cause influenza or other viral infection.</p>
      </abstract>
      <kwd-group kwd-group-type="mesh">
        <kwd>Adult</kwd>
        <kwd>Humans</kwd>
        <kwd>Adjuvants, Immunologic</kwd>
        <kwd>Adjuvants, Immunologic/administration &amp; dosage</kwd>
        <kwd>Bone Marrow Transplantation</kwd>
        <kwd>Bone Marrow Transplantation/mortality</kwd>
        <kwd>Case&#x2010;Control Studies</kwd>
        <kwd>Cause of Death</kwd>
        <kwd>Cohort Studies</kwd>
        <kwd>Hematologic Neoplasms</kwd>
        <kwd>Hematologic Neoplasms/immunology</kwd>
        <kwd>Hematologic Neoplasms/mortality</kwd>
        <kwd>Immunocompromised Host</kwd>
        <kwd>Immunocompromised Host/immunology</kwd>
        <kwd>Influenza Vaccines</kwd>
        <kwd>Influenza Vaccines/administration &amp; dosage</kwd>
        <kwd>Influenza Vaccines/immunology</kwd>
        <kwd>Influenza, Human</kwd>
        <kwd>Influenza, Human/epidemiology</kwd>
        <kwd>Influenza, Human/immunology</kwd>
        <kwd>Influenza, Human/prevention &amp; control</kwd>
        <kwd>Neoplasms</kwd>
        <kwd>Neoplasms/immunology</kwd>
        <kwd>Neoplasms/mortality</kwd>
        <kwd>Observational Studies as Topic</kwd>
        <kwd>Randomized Controlled Trials as Topic</kwd>
      </kwd-group>
    </article-meta>
    <notes notes-type="status-note">
      <p>Edited (no change to conclusions)</p>
    </notes>
  </front>
</article>
</pmc-articleset>