<?xml version="1.0" ?>
<!DOCTYPE pmc-articleset PUBLIC "-//NLM//DTD ARTICLE SET 2.0//EN" "https://dtd.nlm.nih.gov/ncbi/pmc/articleset/nlm-articleset-2.0.dtd">
<pmc-articleset><article xmlns:xlink="http://www.w3.org/1999/xlink" xmlns:mml="http://www.w3.org/1998/Math/MathML" id="CD007960.pub2" article-type="systematic-review">
  <!--The publisher of this article does not allow downloading of the full text in XML form.-->
  <front>
    <journal-meta>
      <journal-id journal-id-type="nlm-ta">Cochrane Database Syst Rev</journal-id>
      <journal-id journal-id-type="iso-abbrev">Cochrane Database Syst Rev</journal-id>
      <journal-id journal-id-type="publisher-id">14651858</journal-id>
      <journal-id journal-id-type="doi">10.1002/14651858</journal-id>
      <journal-title-group>
        <journal-title>The Cochrane Database of Systematic Reviews</journal-title>
      </journal-title-group>
      <issn pub-type="epub">1469-493X</issn>
      <issn-l>1361-6137</issn-l>
      <publisher>
        <publisher-name>John Wiley &amp; Sons, Ltd</publisher-name>
        <publisher-loc>Chichester, UK</publisher-loc>
      </publisher>
    </journal-meta>
    <article-meta>
      <article-id pub-id-type="pmid">21735419</article-id>
      <article-id pub-id-type="pmc">6599822</article-id>
      <article-id pub-id-type="doi">10.1002/14651858.CD007960.pub2</article-id>
      <article-id pub-id-type="publisher-id">CD007960</article-id>
      <article-id pub-id-type="other">CD007960.pub2</article-id>
      <article-categories>
        <subj-group subj-group-type="heading">
          <subject>Medicine General &amp; Introductory Medical Sciences</subject>
        </subj-group>
      </article-categories>
      <title-group>
        <article-title>Anticonvulsants for tinnitus</article-title>
      </title-group>
      <contrib-group>
        <contrib id="d28e63" contrib-type="author" corresp="yes">
          <name>
            <surname>Hoekstra</surname>
            <given-names>Carlijn EL</given-names>
          </name>
          <address>
            <email>C.E.L.Hoekstra@umcutrecht.nl</email>
          </address>
          <xref ref-type="aff" rid="CD007960-aff-0001"/>
        </contrib>
        <contrib id="d28e68" contrib-type="author">
          <name>
            <surname>Rynja</surname>
            <given-names>Sybren P</given-names>
          </name>
          <xref ref-type="aff" rid="CD007960-aff-0001"/>
        </contrib>
        <contrib id="d28e73" contrib-type="author">
          <name>
            <surname>van Zanten</surname>
            <given-names>Gijsbert A</given-names>
          </name>
          <xref ref-type="aff" rid="CD007960-aff-0001"/>
        </contrib>
        <contrib id="d28e78" contrib-type="author">
          <name>
            <surname>Rovers</surname>
            <given-names>Maroeska M</given-names>
          </name>
          <xref ref-type="aff" rid="CD007960-aff-0002"/>
        </contrib>
      </contrib-group>
      <aff id="CD007960-aff-0001">
        <institution>University Medical Center Utrecht</institution>
        <institution content-type="dept">Department of Otorhinolaryngology</institution>
        <addr-line>Heidelberglaan 100G05.127</addr-line>
        <city>Utrecht</city>
        <country>Netherlands</country>
        <postal-code>3584 CX</postal-code>
      </aff>
      <aff id="CD007960-aff-0002">
        <institution>Radboud University Nijmegen Medical Centre</institution>
        <institution content-type="dept">Department of Operating Rooms</institution>
        <addr-line>Hp 630, route 631PO Box 9101</addr-line>
        <city>Nijmegen</city>
        <country>Netherlands</country>
        <postal-code>6500 HB</postal-code>
      </aff>
      <author-notes>
        <fn>
          <p>Editorial Group: Cochrane ENT Group.</p>
        </fn>
      </author-notes>
      <pub-date pub-type="epub">
        <day>06</day>
        <month>7</month>
        <year>2011</year>
      </pub-date>
      <pub-date pub-type="collection">
        <month>7</month>
        <year>2011</year>
      </pub-date>
      <pub-date pub-type="update">
        <day>09</day>
        <month>06</month>
        <year>2011</year>
      </pub-date>
      <volume>2011</volume>
      <issue>7</issue>
      <elocation-id>CD007960</elocation-id>
      <history>
        <date date-type="previous-update" publication-format="electronic">
          <day>08</day>
          <month>07</month>
          <year>2009</year>
        </date>
      </history>
      <permissions>
        <copyright-statement>Copyright &#xA9; 2011 The Cochrane Collaboration. Published by John Wiley &amp; Sons, Ltd.</copyright-statement>
        <copyright-year>2011</copyright-year>
        <copyright-holder>The Cochrane Collaboration</copyright-holder>
      </permissions>
      <related-article related-article-type="updated-article" ext-link-type="doi" xlink:href="10.1002/14651858.CD007960" id="d28e142"/>
      <abstract>
        <sec>
          <title>Background</title>
          <p>Tinnitus is the perception of sound or noise in the absence of an external or internal acoustic stimulation. It is a common and potentially distressing symptom for which no adequate therapy exists.</p>
        </sec>
        <sec>
          <title>Objectives</title>
          <p>To assess the effectiveness of anticonvulsants in patients with chronic tinnitus.</p>
        </sec>
        <sec>
          <title>Search methods</title>
          <p>We searched the Cochrane Ear, Nose and Throat Disorders Group Specialised Register, CENTRAL (2010, Issue 2), MEDLINE, EMBASE, bibliographies and additional sources for published and unpublished trials. The date of the most recent search was 26 May 2010.</p>
        </sec>
        <sec>
          <title>Selection criteria</title>
          <p>We selected randomised controlled trials in patients with chronic tinnitus comparing orally administered anticonvulsants with placebo. The primary outcome was improvement in tinnitus measured with validated questionnaires. Secondary outcomes were improvement in tinnitus measured with self&#x2010;assessment scores, improvement in global well&#x2010;being or accompanying symptoms, and adverse drug effects.</p>
        </sec>
        <sec>
          <title>Data collection and analysis</title>
          <p>Three authors assessed risk of bias and extracted data independently.</p>
        </sec>
        <sec>
          <title>Main results</title>
          <p>Seven trials (453 patients) were included in this review. These studies investigated four different anticonvulsants: gabapentin, carbamazepine, lamotrigine and flunarizine. The risk of bias of most studies was 'high' or 'unclear'. Three studies included a validated questionnaire (primary outcome). None of them showed a significant positive effect of anticonvulsants. One study showed a significant negative effect of gabapentin compared to placebo with an increase in Tinnitus Questionnaire (TQ) score of 18.4 points (standardised mean difference (SMD) 0.82, 95% confidence interval (CI) 0.07 to 1.58). A second study showed a positive, non&#x2010;significant effect of gabapentin with a difference compared to placebo of 2.4 points on the Tinnitus Handicap Inventory (THI) (SMD &#x2010;0.11, 95% CI &#x2010;0.48 to 0.25). When the data from these two studies are pooled no effect of gabapentin is found (SMD 0.07, 95% CI &#x2010;0.26 to 0.40). A third study reported no differences on the THI after treatment with gabapentin compared to placebo (exact numbers could not be extracted from the article).</p>
          <p>A meta&#x2010;analysis of 'any positive effect' (yes versus no) based on a self&#x2010;assessment score (secondary outcome) showed a small favourable effect of anticonvulsants (RD 14%, 95% CI 6% to 22%). A meta&#x2010;analysis of 'near or total eradication of tinnitus annoyance' showed no effect of anticonvulsants (risk difference (RD) 4%, 95% CI &#x2010;2% to 11%). Side effects of the anticonvulsants used were experienced by 18% of patients.</p>
        </sec>
        <sec>
          <title>Authors' conclusions</title>
          <p>Current evidence regarding the effectiveness of anticonvulsants in patients with tinnitus has significant risk of bias. There is no evidence from studies performed so far to show that anticonvulsants have a large positive effect in the treatment of tinnitus but a small effect (of doubtful clinical significance) has been demonstrated<italic>.</italic></p>
        </sec>
      </abstract>
      <abstract abstract-type="short">
        <title>Anticonvulsants for tinnitus</title>
        <p>Tinnitus is the perception of sound or noise in the absence of external acoustic stimulation. It is a common and potentially distressing symptom for which no adequate therapy exists. The pathophysiology of tinnitus has been compared to phantom limb pain therefore anticonvulsant drugs have been proposed as a possible therapy.</p>
        <p>This review includes seven studies (six low&#x2010;quality and one high&#x2010;quality) of four different anticonvulsants (gabapentin, carbamazepine, flunarizine and lamotrigine). We found that anticonvulsants do not have a beneficial effect in the treatment of tinnitus. Side effects of the anticonvulsants used were experienced by 18% of patients.</p>
      </abstract>
      <kwd-group kwd-group-type="mesh">
        <kwd>Humans</kwd>
        <kwd>Administration, Oral</kwd>
        <kwd>Amines</kwd>
        <kwd>Amines/therapeutic use</kwd>
        <kwd>Anticonvulsants</kwd>
        <kwd>Anticonvulsants/therapeutic use</kwd>
        <kwd>Carbamazepine</kwd>
        <kwd>Carbamazepine/therapeutic use</kwd>
        <kwd>Chronic Disease</kwd>
        <kwd>Cyclohexanecarboxylic Acids</kwd>
        <kwd>Cyclohexanecarboxylic Acids/therapeutic use</kwd>
        <kwd>Flunarizine</kwd>
        <kwd>Flunarizine/therapeutic use</kwd>
        <kwd>Gabapentin</kwd>
        <kwd>Lamotrigine</kwd>
        <kwd>Randomized Controlled Trials as Topic</kwd>
        <kwd>Tinnitus</kwd>
        <kwd>Tinnitus/drug therapy</kwd>
        <kwd>Triazines</kwd>
        <kwd>Triazines/therapeutic use</kwd>
        <kwd>gamma&#x2010;Aminobutyric Acid</kwd>
        <kwd>gamma&#x2010;Aminobutyric Acid/therapeutic use</kwd>
      </kwd-group>
    </article-meta>
    <notes notes-type="status-note">
      <p>New</p>
    </notes>
  </front>
</article>
</pmc-articleset>