<?xml version="1.0" ?>
<!DOCTYPE pmc-articleset PUBLIC "-//NLM//DTD ARTICLE SET 2.0//EN" "https://dtd.nlm.nih.gov/ncbi/pmc/articleset/nlm-articleset-2.0.dtd">
<pmc-articleset><article xmlns:xlink="http://www.w3.org/1999/xlink" xmlns:mml="http://www.w3.org/1998/Math/MathML" id="CD011008.pub2" article-type="systematic-review">
  <!--The publisher of this article does not allow downloading of the full text in XML form.-->
  <front>
    <journal-meta>
      <journal-id journal-id-type="nlm-ta">Cochrane Database Syst Rev</journal-id>
      <journal-id journal-id-type="iso-abbrev">Cochrane Database Syst Rev</journal-id>
      <journal-id journal-id-type="publisher-id">14651858</journal-id>
      <journal-id journal-id-type="doi">10.1002/14651858</journal-id>
      <journal-title-group>
        <journal-title>The Cochrane Database of Systematic Reviews</journal-title>
      </journal-title-group>
      <issn pub-type="epub">1469-493X</issn>
      <issn-l>1361-6137</issn-l>
      <publisher>
        <publisher-name>John Wiley &amp; Sons, Ltd</publisher-name>
        <publisher-loc>Chichester, UK</publisher-loc>
      </publisher>
    </journal-meta>
    <article-meta>
      <article-id pub-id-type="pmid">27030166</article-id>
      <article-id pub-id-type="pmc">6485401</article-id>
      <article-id pub-id-type="doi">10.1002/14651858.CD011008.pub2</article-id>
      <article-id pub-id-type="publisher-id">CD011008</article-id>
      <article-id pub-id-type="other">CD011008.pub2</article-id>
      <article-categories>
        <subj-group subj-group-type="heading">
          <subject>Medicine General &amp; Introductory Medical Sciences</subject>
        </subj-group>
      </article-categories>
      <title-group>
        <article-title>Opioids for the palliation of refractory breathlessness in adults with advanced disease and terminal illness</article-title>
      </title-group>
      <contrib-group>
        <contrib id="d28e63" contrib-type="author" corresp="yes">
          <name>
            <surname>Barnes</surname>
            <given-names>Hayley</given-names>
          </name>
          <address>
            <email>hayleynbarnes@gmail.com</email>
          </address>
          <xref ref-type="aff" rid="CD011008-aff-0001"/>
        </contrib>
        <contrib id="d28e68" contrib-type="author">
          <name>
            <surname>McDonald</surname>
            <given-names>Julie</given-names>
          </name>
          <xref ref-type="aff" rid="CD011008-aff-0002 CD011008-aff-0003"/>
        </contrib>
        <contrib id="d28e73" contrib-type="author">
          <name>
            <surname>Smallwood</surname>
            <given-names>Natasha</given-names>
          </name>
          <xref ref-type="aff" rid="CD011008-aff-0004"/>
        </contrib>
        <contrib id="d28e78" contrib-type="author">
          <name>
            <surname>Manser</surname>
            <given-names>Ren&#xE9;e</given-names>
          </name>
          <xref ref-type="aff" rid="CD011008-aff-0005"/>
        </contrib>
      </contrib-group>
      <aff id="CD011008-aff-0001">
        <institution>Alfred Health</institution>
        <institution content-type="dept">Department of Allergy, Immunology and Respiratory Medicine</institution>
        <city>Melbourne</city>
        <country>Australia</country>
        <postal-code/>
      </aff>
      <aff id="CD011008-aff-0002">
        <institution>Princess Margaret Cancer Centre, University Health Network</institution>
        <institution content-type="dept">Department of Supportive Care</institution>
        <city>Toronto</city>
        <country>Canada</country>
        <postal-code/>
      </aff>
      <aff id="CD011008-aff-0003">
        <institution>Department of Medicine, University of Toronto</institution>
        <institution content-type="dept">Division of Medical Oncology</institution>
        <city>Toronto</city>
        <country>Canada</country>
        <postal-code/>
      </aff>
      <aff id="CD011008-aff-0004">
        <institution>Royal Melbourne Hospital</institution>
        <institution content-type="dept">Department of Respiratory Medicine</institution>
        <city>Melbourne</city>
        <country>Australia</country>
        <postal-code/>
      </aff>
      <aff id="CD011008-aff-0005">
        <institution>and Department of Respiratory Medicine, Royal Melbourne Hospital</institution>
        <institution content-type="dept">Department of Haematology and Medical Oncology, Peter MacCallum Cancer Institute, St Andrew's Place, East Melbourne 3002, Victoria</institution>
        <addr-line>305 Grattan Street</addr-line>
        <city>Melbourne</city>
        <country>Australia</country>
        <postal-code>3000</postal-code>
      </aff>
      <author-notes>
        <fn>
          <p>Editorial Group: Cochrane Pain, Palliative and Supportive Care Group.</p>
        </fn>
      </author-notes>
      <pub-date pub-type="epub">
        <day>31</day>
        <month>3</month>
        <year>2016</year>
      </pub-date>
      <pub-date pub-type="collection">
        <month>3</month>
        <year>2016</year>
      </pub-date>
      <pub-date pub-type="update">
        <day>02</day>
        <month>07</month>
        <year>2019</year>
      </pub-date>
      <volume>2016</volume>
      <issue>3</issue>
      <elocation-id>CD011008</elocation-id>
      <history>
        <date date-type="previous-update" publication-format="electronic">
          <day>03</day>
          <month>03</month>
          <year>2014</year>
        </date>
      </history>
      <permissions>
        <copyright-statement>Copyright &#xA9; 2019 The Cochrane Collaboration. Published by John Wiley &amp; Sons, Ltd.</copyright-statement>
        <copyright-year>2019</copyright-year>
        <copyright-holder>The Cochrane Collaboration</copyright-holder>
      </permissions>
      <related-article related-article-type="updated-article" ext-link-type="doi" xlink:href="10.1002/14651858.CD011008" id="d28e168"/>
      <abstract>
        <sec>
          <title>Background</title>
          <p>Breathlessness is a common and disabling symptom which affects many people with advanced cardiorespiratory disease and cancer. The most effective treatments are aimed at treating the underlying disease. However, this may not always be possible, and symptomatic treatment is often required in addition to maximal disease&#x2010;directed therapy. Opioids are increasingly being used to treat breathlessness, although their mechanism of action is still not completely known. A few good sized, high quality trials have been conducted in this area.</p>
        </sec>
        <sec>
          <title>Objectives</title>
          <p>To determine the effectiveness of opioid drugs in relieving the symptom of breathlessness in people with advanced disease due to malignancy, respiratory or cardiovascular disease, or receiving palliative care for any other disease.</p>
        </sec>
        <sec>
          <title>Search methods</title>
          <p>We performed searches on CENTRAL, MEDLINE, EMBASE, CINAHL, and Web of Science up to 19 October 2015. We handsearched review articles, clinical trial registries, and reference lists of retrieved articles.</p>
        </sec>
        <sec>
          <title>Selection criteria</title>
          <p>We included randomised double&#x2010;blind controlled trials that compared the use of any opioid drug against placebo or any other intervention for the relief of breathlessness. The intervention was any opioid, given by any route, in any dose.</p>
        </sec>
        <sec>
          <title>Data collection and analysis</title>
          <p>We imported studies identified by the search into a reference manager database. We retrieved the full&#x2010;text version of relevant studies, and two review authors independently extracted data. The primary outcome measure was breathlessness and secondary outcome measures included exercise tolerance, oxygen saturations, adverse events, and mortality. We analysed all studies together and also performed subgroup analyses, by route of administration, type of opioid administered, and cause of breathlessness. Where appropriate, we performed meta&#x2010;analysis. We assessed the evidence using the Grading of Recommendations Assessment, Development and Evaluation (GRADE) approach and created three 'Summary of findings' tables.</p>
        </sec>
        <sec>
          <title>Main results</title>
          <p>We included 26 studies with 526 participants. We assessed the studies as being at high or unclear risk of bias overall. We only included randomised controlled trials (RCTs), although the description of randomisation was incomplete in some included studies. We aimed to include double blind RCTs, but two studies were only single blinded. There was inconsistency in the reporting of outcome measures. We analysed the data using a fixed&#x2010;effect model, and for some outcomes heterogeneity was high. There was a risk of imprecise results due to the low numbers of participants in the included studies. For these reasons we downgraded the quality of the evidence from high to either low or very low.</p>
          <p>For the primary outcome of breathlessness, the standardised mean post&#x2010;treatment dyspnoea score was 0.32 points better in the opioid group compared to the placebo group (ranging from a 0.53 point reduction to a 0.10 point reduction) (12 RCTs, 338 participants, low quality evidence). The standardised mean change from baseline dyspnoea score was 0.11 points better in the opioids group compared to the placebo group (ranging from a 0.40 point reduction to a 0.19 increase) (six RCTs, 194 participants, very low quality evidence). A lower score indicates an improvement in breathlessness.</p>
          <p>The evidence for the six&#x2010;minute walk test (6MWT) was conflicting. The total distance in 6MWT was 28 metres (m) better in the opioids group compared to placebo (ranging from 113 m to 58 m) (one RCT, 11 participants, very low quality evidence). However, the change in baseline was 48 m worse in the opioids group (ranging from 36 m to 60 m) (two RCTs, 26 participants, very low quality evidence).</p>
          <p>The adverse effects reported included drowsiness, nausea and vomiting, and constipation. In those studies, participants were 4.73 times more likely to experience nausea and vomiting compared to placebo, three times more likely to experience constipation, and 2.86 times more likely to experience drowsiness (nine studies, 162 participants, very low quality evidence).</p>
          <p>Only four studies assessed quality of life, and none demonstrated any significant change.</p>
        </sec>
        <sec>
          <title>Authors' conclusions</title>
          <p>There is some low quality evidence that shows benefit for the use of oral or parenteral opioids to palliate breathlessness, although the number of included participants was small. We found no evidence to support the use of nebulised opioids. Further research with larger numbers of participants, using standardised protocols and with quality of life measures included, is needed.</p>
        </sec>
      </abstract>
      <abstract abstract-type="short">
        <title>Opioids for treating breathlessness at the end of life</title>
        <p>
          <bold>Background</bold>
        </p>
        <p>People with lung disease may experience breathlessness. Initial treatments should focus on the underlying causes of breathlessness. However, as the disease progresses, it may be better to focus on treating the symptoms. As well as standard care, opioids (e.g. morphine, given either by mouth, by nebuliser, or injected) may help relieve these symptoms. However, opioids also have side effects, such as drowsiness, constipation, nausea (feeling sick), and vomiting.</p>
        <p>
          <bold>Review question</bold>
        </p>
        <p>We wanted to know if opioid drugs reduced breathlessness in people with lung disease. We also looked at whether opioids improved their ability to exercise, and what side effects people had. We also wanted to know if opioid drugs improved their quality of life.</p>
        <p>
          <bold>Study characteristics</bold>
        </p>
        <p>We searched for studies up to 19 October 2015, and we included 26 studies with 526 people. These people had breathlessness from different types of lung disease. Some were given opioid drugs and some were given other drugs or a placebo, and studies compared the reporting of breathlessness to see if there was any difference. Some studies also looked at the amount of time people could exercise to see if there were any differences. Some people came from home, and some came from the hospital setting.</p>
        <p>
          <bold>Key findings</bold>
        </p>
        <p>There was some low quality evidence that showed a benefit of using oral or injectable opioid drugs for the treatment of the symptoms of breathlessness. There was no evidence for opioids by nebuliser. Some people experienced drowsiness, nausea, and vomiting. More research is needed using more people, and looking at effects on quality of life.</p>
        <p>
          <bold>Quality of the evidence</bold>
        </p>
        <p>We rated the quality of the evidence using one of the following grades: very low, low, moderate, or high. Very low quality evidence means we are uncertain about the results. High quality evidence means we are very certain about the results. For this Cochrane review, we found that the evidence was of low to very low quality. We included randomised controlled trials which were blinded, which means that participants and those people that assessed the results did not know whether the participants had received the opioid drug or a placebo. However, the trials were of small size, and some studies did not give enough information to allow us to assess whether they were of good quality.</p>
      </abstract>
      <kwd-group kwd-group-type="mesh">
        <kwd>Adult</kwd>
        <kwd>Humans</kwd>
        <kwd>Analgesics, Opioid</kwd>
        <kwd>Analgesics, Opioid/adverse effects</kwd>
        <kwd>Analgesics, Opioid/therapeutic use</kwd>
        <kwd>Dyspnea</kwd>
        <kwd>Dyspnea/drug therapy</kwd>
        <kwd>Exercise Tolerance</kwd>
        <kwd>Morphine</kwd>
        <kwd>Morphine/adverse effects</kwd>
        <kwd>Morphine/therapeutic use</kwd>
        <kwd>Palliative Care</kwd>
        <kwd>Palliative Care/methods</kwd>
        <kwd>Quality of Life</kwd>
        <kwd>Randomized Controlled Trials as Topic</kwd>
        <kwd>Terminal Care</kwd>
        <kwd>Terminal Care/methods</kwd>
        <kwd>Time Factors</kwd>
        <kwd>Walking</kwd>
      </kwd-group>
    </article-meta>
    <notes notes-type="status-note">
      <p>Stable (no update expected for reasons given in 'What's new')</p>
    </notes>
  </front>
</article>
</pmc-articleset>