<?xml version="1.0" ?>
<!DOCTYPE pmc-articleset PUBLIC "-//NLM//DTD ARTICLE SET 2.0//EN" "https://dtd.nlm.nih.gov/ncbi/pmc/articleset/nlm-articleset-2.0.dtd">
<pmc-articleset><article xmlns:xlink="http://www.w3.org/1999/xlink" xmlns:mml="http://www.w3.org/1998/Math/MathML" id="CD011897.pub2" article-type="systematic-review">
  <!--The publisher of this article does not allow downloading of the full text in XML form.-->
  <front>
    <journal-meta>
      <journal-id journal-id-type="nlm-ta">Cochrane Database Syst Rev</journal-id>
      <journal-id journal-id-type="iso-abbrev">Cochrane Database Syst Rev</journal-id>
      <journal-id journal-id-type="publisher-id">14651858</journal-id>
      <journal-id journal-id-type="doi">10.1002/14651858</journal-id>
      <journal-title-group>
        <journal-title>The Cochrane Database of Systematic Reviews</journal-title>
      </journal-title-group>
      <issn pub-type="epub">1469-493X</issn>
      <issn-l>1361-6137</issn-l>
      <publisher>
        <publisher-name>John Wiley &amp; Sons, Ltd</publisher-name>
        <publisher-loc>Chichester, UK</publisher-loc>
      </publisher>
    </journal-meta>
    <article-meta>
      <article-id pub-id-type="pmid">28631387</article-id>
      <article-id pub-id-type="pmc">6481854</article-id>
      <article-id pub-id-type="doi">10.1002/14651858.CD011897.pub2</article-id>
      <article-id pub-id-type="publisher-id">CD011897</article-id>
      <article-id pub-id-type="other">CD011897.pub2</article-id>
      <article-categories>
        <subj-group subj-group-type="heading">
          <subject>Medicine General &amp; Introductory Medical Sciences</subject>
        </subj-group>
      </article-categories>
      <title-group>
        <article-title>Umeclidinium bromide versus placebo for people with chronic obstructive pulmonary disease (COPD)</article-title>
      </title-group>
      <contrib-group>
        <contrib id="d28e63" contrib-type="author" corresp="yes">
          <name>
            <surname>Ni</surname>
            <given-names>Han</given-names>
          </name>
          <address>
            <email>hanni.dr@gmail.com</email>
          </address>
          <xref ref-type="aff" rid="CD011897-aff-0001"/>
        </contrib>
        <contrib id="d28e68" contrib-type="author">
          <name>
            <surname>Htet</surname>
            <given-names>Aung</given-names>
          </name>
          <xref ref-type="aff" rid="CD011897-aff-0002"/>
        </contrib>
        <contrib id="d28e73" contrib-type="author">
          <name>
            <surname>Moe</surname>
            <given-names>Soe</given-names>
          </name>
          <xref ref-type="aff" rid="CD011897-aff-0003"/>
        </contrib>
      </contrib-group>
      <aff id="CD011897-aff-0001">
        <institution>Faculty of Medicine, SEGi University</institution>
        <institution content-type="dept">Internal Medicine</institution>
        <addr-line>Hospital Sibu, Jalan Ulu Oya</addr-line>
        <city>Sibu</city>
        <country>Malaysia</country>
        <postal-code>96000</postal-code>
      </aff>
      <aff id="CD011897-aff-0002">
        <institution>No. 2 Defence Services General Hospital (1000 bedded)</institution>
        <institution content-type="dept">Department of Radiology</institution>
        <city>Nay Pyi Taw</city>
        <country>Myanmar</country>
        <postal-code/>
      </aff>
      <aff id="CD011897-aff-0003">
        <institution>Faculty of Medicine</institution>
        <institution content-type="dept">Department of Community Medicine</institution>
        <addr-line>Melaka&#x2010;Manipal Medical College (MMMC)Jalan Batu Hampar</addr-line>
        <city>Melaka</city>
        <country>Malaysia</country>
        <postal-code>75150</postal-code>
      </aff>
      <author-notes>
        <fn>
          <p>Editorial Group: Cochrane Airways Group.</p>
        </fn>
      </author-notes>
      <pub-date pub-type="epub">
        <day>20</day>
        <month>6</month>
        <year>2017</year>
      </pub-date>
      <pub-date pub-type="collection">
        <month>6</month>
        <year>2017</year>
      </pub-date>
      <volume>2017</volume>
      <issue>6</issue>
      <elocation-id>CD011897</elocation-id>
      <history>
        <date date-type="previous-update" publication-format="electronic">
          <day>28</day>
          <month>09</month>
          <year>2015</year>
        </date>
      </history>
      <permissions>
        <copyright-statement>Copyright &#xA9; 2017 The Cochrane Collaboration. Published by John Wiley &amp; Sons, Ltd.</copyright-statement>
        <copyright-year>2017</copyright-year>
        <copyright-holder>The Cochrane Collaboration</copyright-holder>
      </permissions>
      <related-article related-article-type="updated-article" ext-link-type="doi" xlink:href="10.1002/14651858.CD011897" id="d28e139"/>
      <abstract>
        <sec>
          <title>Background</title>
          <p>People with chronic obstructive pulmonary disease (COPD) have poor quality of life, reduced survival, and accelerated decline in lung function, especially associated with acute exacerbations, leading to high healthcare costs. Long&#x2010;acting bronchodilators are the mainstay of treatment for symptomatic improvement, and umeclidinium is one of the new long&#x2010;acting muscarinic antagonists approved for treatment of patients with stable COPD.</p>
        </sec>
        <sec>
          <title>Objectives</title>
          <p>To assess the efficacy and safety of umeclidinium bromide versus placebo for people with stable COPD.</p>
        </sec>
        <sec>
          <title>Search methods</title>
          <p>We searched the Cochrane Airways Group Specialised Register (CAGR), ClinicalTrials.gov, the World Health Organization (WHO) trials portal, and the GlaxoSmithKline (GSK) Clinical Study Register, using prespecified terms, as well as the reference lists of all identified studies. Searches are current to April 2017.</p>
        </sec>
        <sec>
          <title>Selection criteria</title>
          <p>We included randomised controlled trials (RCTs) of parallel design comparing umeclidinium bromide versus placebo in people with COPD, for at least 12 weeks.</p>
        </sec>
        <sec>
          <title>Data collection and analysis</title>
          <p>We used standard Cochrane methodological procedures. If we noted significant heterogeneity in the meta&#x2010;analyses, we subgrouped studies by umeclidinium dose.</p>
        </sec>
        <sec>
          <title>Main results</title>
          <p>We included four studies of 12 to 52 weeks' duration, involving 3798 participants with COPD. Mean age of participants ranged from 60.1 to 64.6 years; most were males with baseline mean smoking pack&#x2010;years of 39.2 to 52.3. They had moderate to severe COPD and baseline mean post&#x2010;bronchodilator forced expiratory volume in one second (FEV<sub>1</sub>) ranging from 44.5% to 55.1% of predicted normal. As all studies were systematically conducted according to prespecified protocols, we assessed risk of selection, performance, detection, attrition, and reporting biases as low.</p>
          <p>Compared with those given placebo, participants in the umeclidinium group had a lesser likelihood of developing moderate exacerbations requiring a short course of steroids, antibiotics, or both (odds ratio (OR) 0.61, 95% confidence interval (CI) 0.46 to 0.80; four studies, N = 1922; GRADE: high), but not specifically requiring hospitalisations due to severe exacerbations (OR 0.86, 95% CI 0.25 to 2.92; four studies, N = 1922, GRADE: low). The number needed to treat for an additional beneficial outcome (NNTB) to prevent an acute exacerbation requiring steroids, antibiotics, or both was 18 (95% CI 13 to 37). Quality of life was better in the umeclidinium group (mean difference (MD) &#x2010;4.79, 95% CI &#x2010;8.84 to &#x2010;0.75; three studies, N = 1119), and these participants had a significantly higher chance of achieving a minimal clinically important difference of at least four units in St George's Respiratory Questionnaire (SGRQ) total score compared with those in the placebo group (OR 1.45, 95% CI 1.16 to 1.82; three studies, N = 1397; GRADE: moderate). The NNTB to achieve one person with a clinically meaningful improvement was 11 (95% CI 7 to 29). The likelihood of all&#x2010;cause mortality, non&#x2010;fatal serious adverse events (OR 1.33; 95% CI 0.89 to 2.00; four studies, N = 1922, GRADE: moderate), and adverse events (OR 1.06, 95% CI 0.85 to 1.31; four studies, N = 1922; GRADE: moderate) did not differ between umeclidinium and placebo groups. The umeclidinium group demonstrated significantly greater improvement in change from baseline in trough FEV<sub>1</sub> compared with the placebo group (MD 0.14, 95% CI 0.12 to 0.17; four studies, N = 1381; GRADE: high). Symptomatic improvement was more likely in the umeclidinium group than in the placebo group, as determined by Transitional Dyspnoea Index (TDI) focal score (MD 0.76, 95% CI 0.43 to 1.09; three studies, N = 1193), and the chance of achieving a minimal clinically important difference of at least one unit improvement was significantly higher with umeclidinium than with placebo (OR 1.71, 95% CI 1.37 to 2.15; three studies, N = 1141; GRADE: high). The NNTB to attain one person with clinically important symptomatic improvement was 8 (95% CI 5 to 14). The likelihood of rescue medication usage (change from baseline in the number of puffs per day) was significantly less for the umeclidinium group than for the placebo group (MD &#x2010;0.45, 95% CI &#x2010;0.76 to &#x2010;0.14; four studies, N = 1531).</p>
        </sec>
        <sec>
          <title>Authors' conclusions</title>
          <p>Umeclidinium reduced acute exacerbations requiring steroids, antibiotics, or both, although no evidence suggests that it decreased the risk of hospital admission due to exacerbations. Moreover, umeclidinium demonstrated significant improvement in quality of life, lung function, and symptoms, along with lesser use of rescue medications. Studies reported no differences in adverse events, non&#x2010;fatal serious adverse events, or mortality between umeclidinium and placebo groups; however, larger studies would yield a more precise estimate for these outcomes.</p>
        </sec>
      </abstract>
      <abstract abstract-type="short">
        <title>Are inhalers containing umeclidinium bromide effective and safe for people with COPD?</title>
        <p>
          <bold>Review question</bold>
        </p>
        <p>We reviewed the effectiveness and safety of umeclidinium inhalers compared with placebo (dummy) inhalers in people with chronic obstructive pulmonary disease (COPD).</p>
        <p>
          <bold>Background</bold>
        </p>
        <p>People with COPD are often breathless and have poor quality of life. Symptoms may worsen during flare&#x2010;ups, increasing healthcare expenses and reducing life span. Medications that widen the airways (bronchodilators), which act for 12 to 24 hours, are the treatments generally given to improve symptoms. Umeclidinium is a new treatment of this sort. We wanted to discover whether umeclidinium was better or worse than placebo.</p>
        <p>
          <bold>Study characteristics</bold>
        </p>
        <p>We included four studies involving 3798 people with COPD. Most were men in their 60s who were moderate to heavy smokers. When they started treatment, they had moderate to severe symptoms of COPD. Studies ranged from three months to one year long. Studies were well designed and were funded by the drug manufacturer. Neither people in the study nor people doing the research knew which treatment participants were getting. People in the studies took either umeclidinium or placebo through an inhaler each morning.</p>
        <p>The conclusions of this review are current to April 2017.</p>
        <p>
          <bold>Key results</bold>
        </p>
        <p>We determined the number of people who had a moderate flare&#x2010;up. A moderate flare&#x2010;up is treated with short&#x2010;term oral steroids or antibiotics, or both. People who took umeclidinium were less likely than those given placebo to have a moderate flare&#x2010;up. Eighteen people with COPD would need to be treated with umeclidinium to prevent one of these flare&#x2010;ups.</p>
        <p>People taking umeclidinium probably had a better quality of life, and their lung function was better. People taking umeclidinium were less breathless and took fewer puffs of their reliever inhaler.</p>
        <p>Results showed little or no difference with umeclidinium in other outcomes, such as risk of dying during the study period, side effects, or the need to be admitted to hospital because of severe flare&#x2010;ups.</p>
        <p>
          <bold>Quality of the evidence</bold>
        </p>
        <p>We are confident that umeclidinium inhalers are more likely than dummy inhalers to reduce moderate flare&#x2010;ups and improve symptoms and lung function. However, we are less certain about effects of umeclidinium on quality of life, side effects, and serious side effects. We have limited confidence in terms of hospital admissions due to flare&#x2010;ups, but this was a rare event.</p>
        <p>
          <bold>Conclusions</bold>
        </p>
        <p>In people with COPD, umeclidinium inhalers improve symptoms, lung function, and quality of life compared with dummy inhalers. They also reduce the use of quick&#x2010;relief medications and decrease flare&#x2010;ups that need additional medication. However, no convincing evidence indicates that umeclidinium is better than dummy inhalers in terms of hospitalisations, side effects, serious side effects, or deaths.</p>
      </abstract>
      <kwd-group kwd-group-type="mesh">
        <kwd>Female</kwd>
        <kwd>Humans</kwd>
        <kwd>Male</kwd>
        <kwd>Middle Aged</kwd>
        <kwd>Anti&#x2010;Bacterial Agents</kwd>
        <kwd>Anti&#x2010;Bacterial Agents/therapeutic use</kwd>
        <kwd>Bromides</kwd>
        <kwd>Bromides/adverse effects</kwd>
        <kwd>Bromides/therapeutic use</kwd>
        <kwd>Disease Progression</kwd>
        <kwd>Forced Expiratory Volume</kwd>
        <kwd>Hospitalization</kwd>
        <kwd>Hospitalization/statistics &amp; numerical data</kwd>
        <kwd>Numbers Needed To Treat</kwd>
        <kwd>Placebos</kwd>
        <kwd>Placebos/therapeutic use</kwd>
        <kwd>Pulmonary Disease, Chronic Obstructive</kwd>
        <kwd>Pulmonary Disease, Chronic Obstructive/drug therapy</kwd>
        <kwd>Quality of Life</kwd>
        <kwd>Quinuclidines</kwd>
        <kwd>Quinuclidines/adverse effects</kwd>
        <kwd>Quinuclidines/therapeutic use</kwd>
        <kwd>Randomized Controlled Trials as Topic</kwd>
        <kwd>Smoking</kwd>
        <kwd>Smoking/epidemiology</kwd>
        <kwd>Steroids</kwd>
        <kwd>Steroids/therapeutic use</kwd>
      </kwd-group>
    </article-meta>
    <notes notes-type="status-note">
      <p>New</p>
    </notes>
  </front>
</article>
</pmc-articleset>