<?xml version="1.0" ?>
<!DOCTYPE pmc-articleset PUBLIC "-//NLM//DTD ARTICLE SET 2.0//EN" "https://dtd.nlm.nih.gov/ncbi/pmc/articleset/nlm-articleset-2.0.dtd">
<pmc-articleset><article xmlns:xlink="http://www.w3.org/1999/xlink" xmlns:mml="http://www.w3.org/1998/Math/MathML" id="CD012462.pub2" article-type="systematic-review">
  <!--The publisher of this article does not allow downloading of the full text in XML form.-->
  <front>
    <journal-meta>
      <journal-id journal-id-type="nlm-ta">Cochrane Database Syst Rev</journal-id>
      <journal-id journal-id-type="iso-abbrev">Cochrane Database Syst Rev</journal-id>
      <journal-id journal-id-type="publisher-id">14651858</journal-id>
      <journal-id journal-id-type="doi">10.1002/14651858</journal-id>
      <journal-title-group>
        <journal-title>The Cochrane Database of Systematic Reviews</journal-title>
      </journal-title-group>
      <issn pub-type="epub">1469-493X</issn>
      <issn-l>1361-6137</issn-l>
      <publisher>
        <publisher-name>John Wiley &amp; Sons, Ltd</publisher-name>
        <publisher-loc>Chichester, UK</publisher-loc>
      </publisher>
    </journal-meta>
    <article-meta>
      <article-id pub-id-type="pmid">28516472</article-id>
      <article-id pub-id-type="pmc">6481881</article-id>
      <article-id pub-id-type="doi">10.1002/14651858.CD012462.pub2</article-id>
      <article-id pub-id-type="publisher-id">CD012462</article-id>
      <article-id pub-id-type="other">CD012462.pub2</article-id>
      <article-categories>
        <subj-group subj-group-type="heading">
          <subject>Medicine General &amp; Introductory Medical Sciences</subject>
        </subj-group>
      </article-categories>
      <title-group>
        <article-title>Nasal decontamination for the prevention of surgical site infection in <italic>Staphylococcus aureus</italic> carriers</article-title>
      </title-group>
      <contrib-group>
        <contrib id="d28e66" contrib-type="author" corresp="yes">
          <name>
            <surname>Liu</surname>
            <given-names>Zhenmi</given-names>
          </name>
          <address>
            <email>zhenmi.liu@manchester.ac.uk</email>
            <email>liuzhenmi1983@Hotmail.com</email>
          </address>
          <xref ref-type="aff" rid="CD012462-aff-0001"/>
        </contrib>
        <contrib id="d28e71" contrib-type="author">
          <name>
            <surname>Norman</surname>
            <given-names>Gill</given-names>
          </name>
          <xref ref-type="aff" rid="CD012462-aff-0001"/>
        </contrib>
        <contrib id="d28e76" contrib-type="author">
          <name>
            <surname>Iheozor&#x2010;Ejiofor</surname>
            <given-names>Zipporah</given-names>
          </name>
          <xref ref-type="aff" rid="CD012462-aff-0002"/>
        </contrib>
        <contrib id="d28e81" contrib-type="author">
          <name>
            <surname>Wong</surname>
            <given-names>Jason KF</given-names>
          </name>
          <xref ref-type="aff" rid="CD012462-aff-0003"/>
        </contrib>
        <contrib id="d28e86" contrib-type="author">
          <name>
            <surname>Crosbie</surname>
            <given-names>Emma J</given-names>
          </name>
          <xref ref-type="aff" rid="CD012462-aff-0004 CD012462-aff-0005"/>
        </contrib>
        <contrib id="d28e91" contrib-type="author">
          <name>
            <surname>Wilson</surname>
            <given-names>Peter</given-names>
          </name>
          <xref ref-type="aff" rid="CD012462-aff-0006"/>
        </contrib>
      </contrib-group>
      <aff id="CD012462-aff-0001">
        <institution>University of Manchester, Manchester Academic Health Science Centre</institution>
        <institution content-type="dept">Division of Nursing, Midwifery &amp; Social Work, School of Health Sciences, Faculty of Biology, Medicine &amp; Health</institution>
        <addr-line>Jean McFarlane BuildingOxford Road</addr-line>
        <city>Manchester</city>
        <country>UK</country>
        <postal-code>M13 9PL</postal-code>
      </aff>
      <aff id="CD012462-aff-0002">
        <institution>The University of Manchester, Manchester Academic Health Science Centre</institution>
        <institution content-type="dept">Division of Nursing, Midwifery and Social Work, School of Health Sciences, Faculty of Biology, Medicine and Health</institution>
        <addr-line>Jean McFarlane BuildingOxford Road</addr-line>
        <city>Manchester</city>
        <country>UK</country>
        <postal-code>M13 9PL</postal-code>
      </aff>
      <aff id="CD012462-aff-0003">
        <institution>University Hospital South Manchester</institution>
        <institution content-type="dept">Plastic and Reconstructive Surgery</institution>
        <addr-line>Southmoor Road, Wythenshawe</addr-line>
        <city>Manchester</city>
        <country>UK</country>
        <postal-code>M23 9LT</postal-code>
      </aff>
      <aff id="CD012462-aff-0004">
        <institution>Faculty of Biology, Medicine &amp; Health, University of Manchester</institution>
        <institution content-type="dept">Division of Molecular and Clinical Cancer Sciences</institution>
        <addr-line>5th Floor &#x2010; ResearchSt Mary's Hospital</addr-line>
        <city>Manchester</city>
        <country>UK</country>
        <postal-code>M13 9WL</postal-code>
      </aff>
      <aff id="CD012462-aff-0005">
        <institution>St Mary's Hospital</institution>
        <institution content-type="dept">Department of Obstetrics and Gynaecology, Manchester Academic Health Sciences Centre</institution>
        <city>Manchester</city>
        <country>UK</country>
        <postal-code/>
      </aff>
      <aff id="CD012462-aff-0006">
        <institution>University College London Hospitals NHS Foundation Trust</institution>
        <institution content-type="dept">Clinical Microbiology and Virology</institution>
        <addr-line>60 Whitfield Street</addr-line>
        <city>London</city>
        <country>UK</country>
        <postal-code>W1T 4EU</postal-code>
      </aff>
      <author-notes>
        <fn>
          <p>Editorial Group: Cochrane Wounds Group.</p>
        </fn>
      </author-notes>
      <pub-date pub-type="epub">
        <day>17</day>
        <month>5</month>
        <year>2017</year>
      </pub-date>
      <pub-date pub-type="collection">
        <month>5</month>
        <year>2017</year>
      </pub-date>
      <pub-date pub-type="update">
        <day>31</day>
        <month>08</month>
        <year>2017</year>
      </pub-date>
      <volume>2017</volume>
      <issue>5</issue>
      <elocation-id>CD012462</elocation-id>
      <history>
        <date date-type="previous-update" publication-format="electronic">
          <day>06</day>
          <month>12</month>
          <year>2016</year>
        </date>
        <date date-type="cl-record-assessed-up-to-date">
          <day>26</day>
          <month>09</month>
          <year>2016</year>
        </date>
      </history>
      <permissions>
        <copyright-statement>Copyright &#xA9; 2017 The Cochrane Collaboration. Published by John Wiley &amp; Sons, Ltd.</copyright-statement>
        <copyright-year>2017</copyright-year>
        <copyright-holder>The Cochrane Collaboration</copyright-holder>
      </permissions>
      <related-article related-article-type="updated-article" ext-link-type="doi" xlink:href="10.1002/14651858.CD012462" id="d28e213"/>
      <abstract>
        <sec>
          <title>Background</title>
          <p>Surgical site infection rates in the month following surgery vary from 1% to 5%. Due to the large number of surgical procedures conducted annually, the costs of these surgical site infections (SSIs) can be considerable in financial and social terms. Nasal decontamination using antibiotics or antiseptics is performed to reduce the risk of SSIs by preventing organisms from the nasal cavity being transferred to the skin where a surgical incision will be made. <italic>Staphylococcus aureus</italic> (<italic>S aureus)</italic> colonises the nasal cavity and skin of carriers and can cause infection in open or unhealed surgical wounds. <italic>S aureus</italic> is the leading nosocomial (hospital&#x2010;acquired) pathogen in hospitals worldwide. The potential effectiveness of nasal decontamination of <italic>S aureus</italic> is thought to be dependent on both the antibiotic/antiseptic used and the dose of application; however, it is unclear whether nasal decontamination actually reduces postoperative wound infection in <italic>S aureus</italic> carriers.</p>
        </sec>
        <sec>
          <title>Objectives</title>
          <p>To assess the effects of nasal decontamination on preventing surgical site infections (SSIs) in people who are <italic>S aureus</italic> carriers undergoing surgery.</p>
        </sec>
        <sec>
          <title>Search methods</title>
          <p>In September 2016 we searched the Cochrane Wounds Specialised Register, the Cochrane Central Register of Controlled Trials (CENTRAL) (the Cochrane Library), Ovid MEDLINE, Ovid MEDLINE (In&#x2010;Process &amp; Other Non&#x2010;Indexed Citations), Ovid Embase, and EBSCO CINAHL Plus. We also searched three clinical trial registries and the references of included studies and relevant systematic reviews. There were no restrictions based on language, date of publication or study setting.</p>
        </sec>
        <sec>
          <title>Selection criteria</title>
          <p>Randomised controlled trials (RCTs) which enrolled <italic>S aureus</italic> carriers with any type of surgery and assessed the use of nasal decontamination with antiseptic/antibiotic properties were included in the review.</p>
        </sec>
        <sec>
          <title>Data collection and analysis</title>
          <p>Two review authors independently performed study selection, data extraction, risk of bias assessment and GRADE assessment.</p>
        </sec>
        <sec>
          <title>Main results</title>
          <p>We located two studies (291 participants) for inclusion in this review. The trials were clinically heterogeneous with differences in duration of follow&#x2010;up, and nasal decontamination regimens. One study compared mupirocin (2% contained in a base of polyethylene glycol 400 and polyethylene glycol 3350) with a placebo in elective cardiac surgery patients; and one study compared Anerdian (iodine 0.45% to 0.57% (W/V), chlorhexidine acetate 0.09% to 0.11% (W/V)) with no treatment also in cardiac surgery patients. The trials reported limited outcome data on SSI, adverse events and secondary outcomes (e.g. <italic>S aureus</italic> SSI, mortality).</p>
          <p>
            <bold>Mupirocin compared with placebo</bold>
          </p>
          <p>This study found no clear difference in SSI risk following use of mupirocin compared with placebo (1 trial, 257 participants); risk ratio (RR) 1.60, 95% confidence interval (CI) 0.79 to 3.25 based on 18/130 events in the mupirocin group and 11/127 in the control group; low&#x2010;certainty evidence (downgraded twice due to imprecision).</p>
          <p>
            <bold>Anerdian compared with no treatment</bold>
          </p>
          <p>It is uncertain whether there is a difference in SSI risk following treatment with Anerdian compared with no treatment (1 trial, 34 participants); RR 0.89, 95% CI 0.06 to 13.08 based on 1/18 events in the Anerdian group and 1/16 in the control group; very low certainty evidence (downgraded twice due to imprecision and once due to risk of bias).</p>
        </sec>
        <sec>
          <title>Authors' conclusions</title>
          <p>There is currently limited rigorous RCT evidence available regarding the clinical effectiveness of nasal decontamination in the prevention of SSI. This limitation is specific to the focused question our review addresses, looking at nasal decontamination as a single intervention in participants undergoing surgery who are known <italic>S aureus</italic> carriers. We were only able to identify two studies that met the inclusion criteria for this review and one of these was very small and poorly reported. The potential benefits and harms of using decontamination for the prevention of SSI in this group of people remain uncertain.</p>
        </sec>
      </abstract>
      <abstract abstract-type="short">
        <title>Nasal decontamination (cleaning the nose with anti&#x2010;bacterial products) for the prevention of surgical site infection in people carrying <italic>S aureus</italic></title>
        <p>
          <bold>Review question</bold>
        </p>
        <p>We reviewed the evidence about whether nasal decontamination (cleaning the nose with anti&#x2010;bacterial products) is effective and safe for preventing surgical site infection (SSI) in people carrying <italic>Staphylococcus aureus</italic> (<italic>S aureus</italic>) bacteria.</p>
        <p>
          <bold>Background</bold>
        </p>
        <p>If bacteria get into a wound site during surgery, this can result in a wound infection commonly called an SSI. SSIs are one of the most common forms of healthcare&#x2010;associated infections, with around 1 in 20 surgical patients developing an SSI in hospital. This proportion rises when people go home. SSIs can result in delayed wound healing, increased hospital stays, increased use of antibiotics, unnecessary pain and, in extreme cases, death, so their prevention is a key aim for health services. People who are carrying bacteria such as <italic>S aureus</italic> are especially vulnerable to wound infections. These bacteria can be carried in the nose, and then transferred to a surgical wound. People who are having surgery can have a nasal swab to test for bacteria, and their noses can be cleaned with anti&#x2010;bacterial products (antibiotics and antiseptics) before the operation. This can help reduce the growth of bacteria. We wanted to find out if this nasal decontamination is effective in reducing SSIs, and whether people had any adverse reactions to this treatment, such as skin irritation.</p>
        <p>
          <bold>Study characteristics</bold>
        </p>
        <p>In September 2016 we searched for randomised controlled trials (RCTs) involving nasal decontamination for preventing SSI. We included two studies with 291 participants, all adults undergoing cardiac surgery. The anti&#x2010;bacterial products used for cleaning the nose were mupirocin (antibiotic cream) and Anerdian (disinfectant solution).</p>
        <p>
          <bold>Key results</bold>
        </p>
        <p>It is unclear whether nasal decontamination makes a difference to the rate of SSI in people carrying <italic>S aureus</italic> bacteria<italic>. S aureus</italic> SSI was reported in only one trial and the results do not allow us to be certain about differences in infection rates. Some participants in the Anerdian study reported side effects such as itching around the nose, but these were not serious. Mortality was low where reported (one death was directly related to <italic>S aureus</italic> infection).</p>
        <p>
          <bold>Quality of the evidence</bold>
        </p>
        <p>The two studies we found did not have many participants and the results were inconclusive. The Anerdian study report did not provide information about how the trial was conducted and this makes it difficult to be sure if it was at risk of bias. The mupirocin study was of better quality and at low risk of bias; but the small number of participants and limited effects affect the quality of the results. Evidence of the potential benefits and harms of using nasal decontamination for the prevention of SSI is currently of low to very low certainty. Larger, better&#x2010;reported RCTs are needed to assess the clinical effectiveness of this treatment.</p>
        <p>This plain language summary is up to date as of September 2016.</p>
      </abstract>
    </article-meta>
    <notes notes-type="status-note">
      <p>Edited (no change to conclusions)</p>
    </notes>
  </front>
</article>
</pmc-articleset>