<?xml version="1.0" ?>
<!DOCTYPE pmc-articleset PUBLIC "-//NLM//DTD ARTICLE SET 2.0//EN" "https://dtd.nlm.nih.gov/ncbi/pmc/articleset/nlm-articleset-2.0.dtd">
<pmc-articleset><article xmlns:xlink="http://www.w3.org/1999/xlink" xmlns:mml="http://www.w3.org/1998/Math/MathML" id="CD005427.pub2" article-type="systematic-review">
  <!--The publisher of this article does not allow downloading of the full text in XML form.-->
  <front>
    <journal-meta>
      <journal-id journal-id-type="nlm-ta">Cochrane Database Syst Rev</journal-id>
      <journal-id journal-id-type="iso-abbrev">Cochrane Database Syst Rev</journal-id>
      <journal-id journal-id-type="publisher-id">14651858</journal-id>
      <journal-id journal-id-type="doi">10.1002/14651858</journal-id>
      <journal-title-group>
        <journal-title>The Cochrane Database of Systematic Reviews</journal-title>
      </journal-title-group>
      <issn pub-type="epub">1469-493X</issn>
      <issn-l>1361-6137</issn-l>
      <publisher>
        <publisher-name>John Wiley &amp; Sons, Ltd</publisher-name>
        <publisher-loc>Chichester, UK</publisher-loc>
      </publisher>
    </journal-meta>
    <article-meta>
      <article-id pub-id-type="pmid">20393942</article-id>
      <article-id pub-id-type="pmc">6984631</article-id>
      <article-id pub-id-type="doi">10.1002/14651858.CD005427.pub2</article-id>
      <article-id pub-id-type="publisher-id">CD005427.pub2</article-id>
      <article-id pub-id-type="other">CD005427</article-id>
      <article-categories>
        <subj-group>
          <subject>Population</subject>
          <subject>Target condition</subject>
          <subject>Review Type</subject>
          <subject>Intervention</subject>
          <subject>Complementary &amp; alternative medicine</subject>
          <subject>Orthopaedics &amp; trauma</subject>
          <subject>Rheumatology</subject>
        </subj-group>
      </article-categories>
      <title-group>
        <article-title>Combined chiropractic interventions for low&#x2010;back pain</article-title>
      </title-group>
      <contrib-group>
        <contrib id="d20e213" contrib-type="author" corresp="yes">
          <name>
            <surname>Walker</surname>
            <given-names>Bruce F</given-names>
          </name>
          <address>
            <email>bruce.walker@murdoch.edu.au</email>
          </address>
          <xref ref-type="aff" rid="CD005427-aff-0001"/>
        </contrib>
        <contrib id="d20e217" contrib-type="author">
          <name>
            <surname>French</surname>
            <given-names>Simon D</given-names>
          </name>
          <xref ref-type="aff" rid="CD005427-aff-0002"/>
        </contrib>
        <contrib id="d20e221" contrib-type="author">
          <name>
            <surname>Grant</surname>
            <given-names>William</given-names>
          </name>
          <xref ref-type="aff" rid="CD005427-aff-0003"/>
        </contrib>
        <contrib id="d20e225" contrib-type="author">
          <name>
            <surname>Green</surname>
            <given-names>Sally</given-names>
          </name>
          <xref ref-type="aff" rid="CD005427-aff-0004"/>
        </contrib>
        <contrib id="d20e235" contrib-type="editor">
          <collab collab-type="editors">Cochrane Back and Neck Group</collab>
        </contrib>
      </contrib-group>
      <aff id="CD005427-aff-0001">
        <institution>Murdoch University, Faculty of Health Sciences</institution>
        <institution content-type="dept">School of Chiropractic and Sports Science</institution>
        <city>Murdoch</city>
        <country>Australia</country>
        <postal-code>6150</postal-code>
      </aff>
      <aff id="CD005427-aff-0002">
        <institution>University of Melbourne</institution>
        <institution content-type="dept">Primary Care Research Unit</institution>
        <addr-line>200 Berkeley St</addr-line>
        <city>Carlton</city>
        <state>VIC</state>
        <country>Australia</country>
        <postal-code>3010</postal-code>
      </aff>
      <aff id="CD005427-aff-0003">
        <institution>SUNY Upstate Medical University</institution>
        <institution content-type="dept">Department of Emergency Medicine</institution>
        <addr-line>750 E. Adams St. IHP3302</addr-line>
        <city>Syracuse</city>
        <state>NY</state>
        <country>USA</country>
        <postal-code>13210</postal-code>
      </aff>
      <aff id="CD005427-aff-0004">
        <institution>Monash University</institution>
        <institution content-type="dept">School of Public Health &amp; Preventive Medicine</institution>
        <addr-line>The Alfred Centre</addr-line>
        <addr-line>99 Commercial Road</addr-line>
        <city>Melbourne</city>
        <state>Victoria</state>
        <country>Australia</country>
        <postal-code>3004</postal-code>
      </aff>
      <pub-date pub-type="epub">
        <day>14</day>
        <month>4</month>
        <year>2010</year>
      </pub-date>
      <pub-date pub-type="collection">
        <month>4</month>
        <year>2010</year>
      </pub-date>
      <pub-date pub-type="update">
        <day>18</day>
        <month>1</month>
        <year>2011</year>
      </pub-date>
      <volume>2010</volume>
      <issue>4</issue>
      <elocation-id>CD005427</elocation-id>
      <permissions>
        <copyright-statement>Copyright &#xA9; 2011 The Cochrane Collaboration. Published by John Wiley &amp; Sons, Ltd.</copyright-statement>
      </permissions>
      <related-article related-article-type="updated-article" ext-link-type="doi" xlink:href="10.1002/14651858.CD005427" id="d20e38"/>
      <abstract>
        <title>Abstract</title>
        <sec id="CD005427-abs1-0001">
          <title>Background</title>
          <p>Chiropractors commonly use a combination of interventions to treat people with low&#x2010;back pain (LBP).</p>
        </sec>
        <sec id="CD005427-abs1-0002">
          <title>Objectives</title>
          <p>To determine the effects of combined chiropractic interventions (that is, a combination of therapies, other than spinal manipulation alone) on pain, disability, back&#x2010;related function, overall improvement, and patient satisfaction in adults with LBP, aged 18 and older.</p>
        </sec>
        <sec id="CD005427-abs1-0003">
          <title>Search methods</title>
          <p>We searched: The Cochrane Back Review Group Trials Register (May 2009), CENTRAL (<italic>The Cochrane Library</italic> 2009, Issue 2), and MEDLINE (from January 1966), EMBASE (from January 1980), CINAHL (from January 1982), MANTIS (from Inception) and the Index to Chiropractic Literature (from Inception) to May 2009. We also screened references of identified articles and contacted chiropractic researchers.</p>
        </sec>
        <sec id="CD005427-abs1-0004">
          <title>Selection criteria</title>
          <p>All randomised trials comparing the use of combined chiropractic interventions (rather than spinal manipulation alone) with no treatment or other therapies.</p>
        </sec>
        <sec id="CD005427-abs1-0005">
          <title>Data collection and analysis</title>
          <p>At least two review authors selected studies, assessed the risk of bias, and extracted the data using standardised forms. Both descriptive synthesis and meta&#x2010;analyses were performed.</p>
        </sec>
        <sec id="CD005427-abs1-0006">
          <title>Main results</title>
          <p>We included 12 studies involving 2887 participants with LBP. Three studies had low risk of bias. Included studies evaluated a range of chiropractic procedures in a variety of sub&#x2010;populations of people with LBP.</p>
          <p>No trials were located of combined chiropractic interventions compared to no treatment. For acute and subacute LBP, chiropractic interventions improved short&#x2010; and medium&#x2010;term pain (SMD &#x2010;0.25 (95% CI &#x2010;0.46 to &#x2010;0.04) and MD &#x2010;0.89 (95%CI &#x2010;1.60 to &#x2010;0.18)) compared to other treatments, but there was no significant difference in long&#x2010;term pain (MD &#x2010;0.46 (95% CI &#x2010;1.18 to 0.26)). Short&#x2010;term improvement in disability was greater in the chiropractic group compared to other therapies (SMD &#x2010;0.36 (95% CI &#x2010;0.70 to &#x2010;0.02)). However, the effect was small and all studies contributing to these results had high risk of bias. There was no difference in medium&#x2010; and long&#x2010;term disability. No difference was demonstrated for combined chiropractic interventions for chronic LBP and for studies that had a mixed population of LBP.</p>
        </sec>
        <sec id="CD005427-abs1-0007">
          <title>Authors' conclusions</title>
          <p>Combined chiropractic interventions slightly improved pain and disability in the short&#x2010;term and pain in the medium&#x2010;term for acute and subacute LBP. However, there is currently no evidence that supports or refutes that these interventions provide a clinically meaningful difference for pain or disability in people with LBP when compared to other interventions. Future research is very likely to change the estimate of effect and our confidence in the results.</p>
        </sec>
      </abstract>
      <abstract abstract-type="short">
        <title>Plain language summary</title>
        <p>
          <bold>Combined chiropractic interventions for low&#x2010;back pain</bold>
        </p>
        <p>Low&#x2010;back pain is one of the most common and costly musculoskeletal problems in modern society. About 80% of the population will experience low&#x2010;back pain at some time in their lives. Many people with low&#x2010;back pain seek the care of a chiropractor. For this review, chiropractic was defined as encompassing a combination of therapies such as spinal manipulation, massage, heat and cold therapies, electrotherapies, the use of mechanical devices, exercise programs, nutritional advice, orthotics, lifestyle modification and patient education. The review did not look at studies where chiropractic was defined as spinal manipulation alone as this has been reviewed elsewhere and is not necessarily reflective of actual clinical practice. Non&#x2010;specific low&#x2010;back pain indicates that no specific cause is detectable, such as infection, cancer, osteoporosis, rheumatoid arthritis, fracture, inflammatory process or radicular syndrome (pain, tingling or numbness spreading down the leg).Twelve randomised trials (including 2887 participants) assessing various combinations of chiropractic care for low&#x2010;back pain were included in this review, but only three of these studies were considered to have a low risk of bias.</p>
        <p>The review shows that while combined chiropractic interventions slightly improved pain and disability in the short term and pain in the medium term for acute and subacute low&#x2010;back pain, there is currently no evidence to support or refute that combined chiropractic interventions provide a clinically meaningful advantage over other treatments for pain or disability in people with low&#x2010;back pain. Any demonstrated differences were small and were only seen in studies with a high risk of bias. Future research is very likely to change the results and our confidence in them. Well conducted randomised trials are required that compare combined chiropractic interventions to other established therapies for low&#x2010;back pain.</p>
      </abstract>
    </article-meta>
    <notes notes-type="status-note">
      <p>Edited (no change to conclusions)</p>
    </notes>
  </front>
</article>
</pmc-articleset>