<?xml version="1.0" ?>
<!DOCTYPE pmc-articleset PUBLIC "-//NLM//DTD ARTICLE SET 2.0//EN" "https://dtd.nlm.nih.gov/ncbi/pmc/articleset/nlm-articleset-2.0.dtd">
<pmc-articleset><article xmlns:xlink="http://www.w3.org/1999/xlink" xmlns:mml="http://www.w3.org/1998/Math/MathML" id="CD007364.pub2" article-type="systematic-review">
  <!--The publisher of this article does not allow downloading of the full text in XML form.-->
  <front>
    <journal-meta>
      <journal-id journal-id-type="nlm-ta">Cochrane Database Syst Rev</journal-id>
      <journal-id journal-id-type="iso-abbrev">Cochrane Database Syst Rev</journal-id>
      <journal-id journal-id-type="publisher-id">14651858</journal-id>
      <journal-id journal-id-type="doi">10.1002/14651858</journal-id>
      <journal-title-group>
        <journal-title>The Cochrane Database of Systematic Reviews</journal-title>
      </journal-title-group>
      <issn pub-type="epub">1469-493X</issn>
      <issn-l>1361-6137</issn-l>
      <publisher>
        <publisher-name>John Wiley &amp; Sons, Ltd</publisher-name>
        <publisher-loc>Chichester, UK</publisher-loc>
      </publisher>
    </journal-meta>
    <article-meta>
      <article-id pub-id-type="pmid">24825673</article-id>
      <article-id pub-id-type="pmc">6517164</article-id>
      <article-id pub-id-type="doi">10.1002/14651858.CD007364.pub2</article-id>
      <article-id pub-id-type="publisher-id">CD007364.pub2</article-id>
      <article-id pub-id-type="other">CD007364</article-id>
      <article-categories>
        <subj-group>
          <subject>Pain &amp; anaesthesia</subject>
          <subject>Haemodynamic management</subject>
        </subj-group>
      </article-categories>
      <title-group>
        <article-title>Heparin versus normal saline for patency of arterial lines</article-title>
      </title-group>
      <contrib-group>
        <contrib id="d20e163" contrib-type="author" corresp="yes">
          <name>
            <surname>Robertson&#x2010;Malt</surname>
            <given-names>Suzanne</given-names>
          </name>
          <address>
            <email>santoshasuzi@yahoo.com</email>
            <email>maltsonholi@yahoo.com</email>
          </address>
          <xref ref-type="aff" rid="CD007364-aff-0001"/>
        </contrib>
        <contrib id="d20e167" contrib-type="author">
          <name>
            <surname>Malt</surname>
            <given-names>Greg N</given-names>
          </name>
          <xref ref-type="aff" rid="CD007364-aff-0002"/>
        </contrib>
        <contrib id="d20e171" contrib-type="author">
          <name>
            <surname>Farquhar</surname>
            <given-names>Vincent</given-names>
          </name>
          <xref ref-type="aff" rid="CD007364-aff-0003"/>
        </contrib>
        <contrib id="d20e175" contrib-type="author">
          <name>
            <surname>Greer</surname>
            <given-names>William</given-names>
          </name>
          <xref ref-type="aff" rid="CD007364-aff-0004"/>
        </contrib>
        <contrib id="d20e186" contrib-type="editor">
          <collab collab-type="editors">Cochrane Emergency and Critical Care Group</collab>
        </contrib>
      </contrib-group>
      <aff id="CD007364-aff-0001">
        <institution>The Joanna Briggs Institute</institution>
        <institution content-type="dept">Implementation Science</institution>
        <city>Adelaide</city>
        <country>Australia</country>
        <postal-code>5000</postal-code>
      </aff>
      <aff id="CD007364-aff-0002">
        <institution>HMC / SickKids International Partnership Project, Hamad Medical Corporation</institution>
        <institution content-type="dept">Department of Nursing</institution>
        <addr-line>P.O.Box 3050</addr-line>
        <city>Doha</city>
        <country>Qatar</country>
      </aff>
      <aff id="CD007364-aff-0003">
        <institution>King Faisal Specialist Hospital &amp; Research Centre</institution>
        <institution content-type="dept">Department of Critical Care</institution>
        <city>Riyadh</city>
        <country>Saudi Arabia</country>
      </aff>
      <aff id="CD007364-aff-0004">
        <institution>Sidra Medical &amp; Reseach Centre</institution>
        <institution content-type="dept">Department of Biostatistics, Epidemiology &amp; Biocomputing</institution>
        <city>Doha</city>
        <country>Qatar</country>
      </aff>
      <pub-date pub-type="epub">
        <day>13</day>
        <month>5</month>
        <year>2014</year>
      </pub-date>
      <pub-date pub-type="collection">
        <month>5</month>
        <year>2014</year>
      </pub-date>
      <pub-date pub-type="update">
        <day>14</day>
        <month>12</month>
        <year>2018</year>
      </pub-date>
      <volume>2014</volume>
      <issue>5</issue>
      <elocation-id>CD007364</elocation-id>
      <permissions>
        <copyright-statement>Copyright &#xA9; 2018 The Cochrane Collaboration. Published by John Wiley &amp; Sons, Ltd.</copyright-statement>
      </permissions>
      <related-article related-article-type="updated-article" ext-link-type="doi" xlink:href="10.1002/14651858.CD007364" id="d20e38"/>
      <abstract>
        <title>Abstract</title>
        <sec id="CD007364-abs1-0001">
          <title>Background</title>
          <p>For most patients who require intensive care, the success of clinical decision making and interventions is dependent on the accuracy of different physiological variables measured or obtained from samples using an arterial catheter. Maintaining the patency of these catheters is therefore essential for obtaining accurate measures, minimizing patient discomfort and reducing expenses incurred when an occluded catheter requires replacement. Uncertainty exists amongst clinicians as to best practice surrounding the contents of the arterial catheter flush solution (heparin or saline). The use of heparin is more expensive and is accompanied by significant risks such as haemorrhage, hypersensitivity and heparin&#x2010;induced thrombocytopenia (HIT).</p>
        </sec>
        <sec id="CD007364-abs1-0002">
          <title>Objectives</title>
          <p>The objective of this review was to evaluate whether normal saline is as efficacious and safe as heparin in maintaining the patency of arterial intravascular catheters in adult patients without a haematological disorder.</p>
        </sec>
        <sec id="CD007364-abs1-0003">
          <title>Search methods</title>
          <p>Randomized clinical trials (RCTs) were identified through electronic database searches: Cochrane Central Register of Controlled Trials (CENTRAL) 2013, Issue 1, part of <italic>The Cochrane Library</italic>; MEDLINE (Ovid, 1966 to March 2013); EMBASE (Ovid, 1988 to March 2013) and CINAHL (1988 to March 2013), using specific strategies as advised by the Cochrane Anaesthesia Group search specialist. We contacted trial authors to ask for additional information as needed.</p>
        </sec>
        <sec id="CD007364-abs1-0004">
          <title>Selection criteria</title>
          <p>Randomized controlled trials and quasi&#x2010;randomized studies irrespective of blinding or language that compared an arterial catheter flush solution comprising any dose of heparin versus an infusion of normal saline only.</p>
        </sec>
        <sec id="CD007364-abs1-0005">
          <title>Data collection and analysis</title>
          <p>Two review authors independently screened for methodological quality and extracted data from all identified studies that met the protocol inclusion criteria.</p>
        </sec>
        <sec id="CD007364-abs1-0006">
          <title>Main results</title>
          <p>A total of seven studies (606 participants) met the inclusion criteria and measured the primary outcome of interest. All studies were at unclear to high risk of bias. Given the high degree of clinical and statistical heterogeneity of the included studies, no meta&#x2010;analysis was completed. The results from individual studies that compared heparin at a dose of 1 to 2 IU/mL under continuous pressure were imprecise and do not provide definitive evidence of a difference. The observed difference with a dose of heparin increased to 4 IU/mL came from only one study of 30 participants, and the quality of the reported data was poor. Similarly. consistency in assessment and reporting of adverse events such as haematoma, insertion site infection and limb ischaemia was poor. Further research with well&#x2010;defined primary and secondary outcome measures using a stratified sampling process that accommodates for the different heparin doses commonly used in clinical practice is needed to confirm the trends seen in research results now reported in the literature.</p>
        </sec>
        <sec id="CD007364-abs1-0007">
          <title>Authors' conclusions</title>
          <p>The available evidence is of poor quality because of risk of bias and does not provide sufficient information to support the effects of adding heparin (1 to 2 IU/mL) to a maintenance solution (pressurized to deliver 3 mL of flush solution per hour) of 0.9% normal saline in maintaining the patency and functionality of arterial catheters.</p>
        </sec>
      </abstract>
      <abstract abstract-type="short">
        <title>Plain language summary</title>
        <p>
          <bold>Heparin versus normal saline for maintaining an open (patent) arterial line</bold>
        </p>
        <p>For most patients who require intensive care, the success of clinical decision making and interventions is dependent on the accuracy of blood pressure and pulse measurements of samples taken using an arterial catheter. Maintaining the patency of these catheters is therefore essential for minimizing both patient discomfort (blood clots and reduced blood flow to a limb, infection and scarring) and additional expenses incurred by the need to replace a blocked catheter. This summary of a Cochrane review presents what we know from the available research about which solution (heparin or normal saline) is more effective in maintaining the patency of arterial catheters in adult patients. Heparin is a powerful drug in terms of its ability to prevent clots from forming in the catheter, but its use is not without risk of bleeding, an allergic reaction and low platelet counts. Patients can experience serious adverse events when given heparin.</p>
        <p>A total of seven randomized controlled studies met the inclusion criteria and enrolled a total of 606 participants. Because of differences in the way that the studies were designed, we were unable to combine their reported results. The results from individual studies that compared heparin at a dose of 1 to 2 IU/mL under continuous pressure were imprecise and do not provide definitive evidence of a difference. The effective dose of heparin has not yet been determined. This evidence needs to be confirmed in future trials. All studies had a moderate to high risk of methodological bias. The review of trials therefore revealed that more research is needed to determine exactly how long an arterial catheter maintained with a normal saline flush solution can be in place and remain functional (to accurately measure blood pressure and pulse and to provide blood samples that can be used to monitor oxygenation and other variables).</p>
      </abstract>
    </article-meta>
    <notes notes-type="status-note">
      <p>Edited (no change to conclusions)</p>
    </notes>
  </front>
</article>
</pmc-articleset>