<?xml version="1.0" ?>
<!DOCTYPE pmc-articleset PUBLIC "-//NLM//DTD ARTICLE SET 2.0//EN" "https://dtd.nlm.nih.gov/ncbi/pmc/articleset/nlm-articleset-2.0.dtd">
<pmc-articleset><article xmlns:xlink="http://www.w3.org/1999/xlink" xmlns:mml="http://www.w3.org/1998/Math/MathML" id="CD008918.pub2" article-type="systematic-review">
  <!--The publisher of this article does not allow downloading of the full text in XML form.-->
  <front>
    <journal-meta>
      <journal-id journal-id-type="nlm-ta">Cochrane Database Syst Rev</journal-id>
      <journal-id journal-id-type="iso-abbrev">Cochrane Database Syst Rev</journal-id>
      <journal-id journal-id-type="publisher-id">14651858</journal-id>
      <journal-id journal-id-type="doi">10.1002/14651858</journal-id>
      <journal-title-group>
        <journal-title>The Cochrane Database of Systematic Reviews</journal-title>
      </journal-title-group>
      <issn pub-type="epub">1469-493X</issn>
      <issn-l>1361-6137</issn-l>
      <publisher>
        <publisher-name>John Wiley &amp; Sons, Ltd</publisher-name>
        <publisher-loc>Chichester, UK</publisher-loc>
      </publisher>
    </journal-meta>
    <article-meta>
      <article-id pub-id-type="pmid">27140500</article-id>
      <article-id pub-id-type="pmc">6517216</article-id>
      <article-id pub-id-type="doi">10.1002/14651858.CD008918.pub2</article-id>
      <article-id pub-id-type="publisher-id">CD008918</article-id>
      <article-id pub-id-type="other">CD008918.pub2</article-id>
      <article-categories>
        <subj-group subj-group-type="heading">
          <subject>Medicine General &amp; Introductory Medical Sciences</subject>
        </subj-group>
      </article-categories>
      <title-group>
        <article-title>Single dose intra&#x2010;articular morphine for pain control after knee arthroscopy</article-title>
      </title-group>
      <contrib-group>
        <contrib id="d28e63" contrib-type="author">
          <name>
            <surname>Zou</surname>
            <given-names>Zui</given-names>
          </name>
          <xref ref-type="aff" rid="CD008918-aff-0001"/>
        </contrib>
        <contrib id="d28e71" contrib-type="author">
          <name>
            <surname>An</surname>
            <given-names>Mao Mao</given-names>
          </name>
          <xref ref-type="aff" rid="CD008918-aff-0002"/>
        </contrib>
        <contrib id="d28e79" contrib-type="author">
          <name>
            <surname>Xie</surname>
            <given-names>Qun</given-names>
          </name>
          <xref ref-type="aff" rid="CD008918-aff-0003"/>
        </contrib>
        <contrib id="d28e87" contrib-type="author">
          <name>
            <surname>Chen</surname>
            <given-names>Xiaoyan Y</given-names>
          </name>
          <xref ref-type="aff" rid="CD008918-aff-0004"/>
        </contrib>
        <contrib id="d28e92" contrib-type="author">
          <name>
            <surname>Zhang</surname>
            <given-names>Hao</given-names>
          </name>
          <xref ref-type="aff" rid="CD008918-aff-0005"/>
        </contrib>
        <contrib id="d28e97" contrib-type="author">
          <name>
            <surname>Liu</surname>
            <given-names>Guan J</given-names>
          </name>
          <xref ref-type="aff" rid="CD008918-aff-0006"/>
        </contrib>
        <contrib id="d28e102" contrib-type="author" corresp="yes">
          <name>
            <surname>Shi</surname>
            <given-names>Xue Y</given-names>
          </name>
          <address>
            <email>shixueyin1128@163.com</email>
          </address>
          <xref ref-type="aff" rid="CD008918-aff-0001 CD008918-aff-0007"/>
        </contrib>
      </contrib-group>
      <aff id="CD008918-aff-0001">
        <institution>Changzheng Hospital, The Second Military Medical University</institution>
        <institution content-type="dept">Department of Anaesthesiology</institution>
        <addr-line>No 415, Feng Yang Road</addr-line>
        <city>Shanghai</city>
        <country>China</country>
        <postal-code>200003</postal-code>
      </aff>
      <aff id="CD008918-aff-0002">
        <institution>Tongji University School of Medicine</institution>
        <institution content-type="dept">Department of Pharmacology</institution>
        <city>Shanghai</city>
        <country>China</country>
        <postal-code>200092</postal-code>
      </aff>
      <aff id="CD008918-aff-0003">
        <institution>Changhai Hospital, The Second Military Medical University</institution>
        <institution content-type="dept">Department of Anaesthesiology</institution>
        <city>Shanghai</city>
        <country>China</country>
        <postal-code/>
      </aff>
      <aff id="CD008918-aff-0004">
        <institution>The General Hospital of the People's Liberation Army (PLAGH) (also Hospital 301)</institution>
        <institution content-type="dept">Department of Neurology</institution>
        <addr-line>No. 28, Fuxing Road</addr-line>
        <city>Beijing</city>
        <country>China</country>
        <postal-code>100853</postal-code>
      </aff>
      <aff id="CD008918-aff-0005">
        <institution>General Hospital of PLA Rocket Force</institution>
        <institution content-type="dept">Department of Anaesthesiology</institution>
        <addr-line>No. 16 Xinjiekouwai Street</addr-line>
        <city>Beijing</city>
        <country>China</country>
        <postal-code>100088</postal-code>
      </aff>
      <aff id="CD008918-aff-0006">
        <institution>West China Hospital, Sichuan University</institution>
        <institution content-type="dept">Cochrane China</institution>
        <addr-line>No. 37, Guo Xue Xiang</addr-line>
        <city>Chengdu</city>
        <country>China</country>
        <postal-code>610041</postal-code>
      </aff>
      <aff id="CD008918-aff-0007">
        <institution>Xinhua Hospital, Shanghai Jiaotong University, School of Medicine</institution>
        <institution content-type="dept">Department of Anesthesiology and SICU</institution>
        <addr-line>No 1665, Kongjiang Road</addr-line>
        <city>Shanghai</city>
        <country>China</country>
        <postal-code>200092</postal-code>
      </aff>
      <author-notes>
        <fn>
          <p>Editorial Group: Cochrane Pain, Palliative and Supportive Care Group.</p>
        </fn>
      </author-notes>
      <pub-date pub-type="epub">
        <day>03</day>
        <month>5</month>
        <year>2016</year>
      </pub-date>
      <pub-date pub-type="collection">
        <month>5</month>
        <year>2016</year>
      </pub-date>
      <pub-date pub-type="update">
        <day>04</day>
        <month>12</month>
        <year>2018</year>
      </pub-date>
      <volume>2016</volume>
      <issue>5</issue>
      <elocation-id>CD008918</elocation-id>
      <history>
        <date date-type="previous-update" publication-format="electronic">
          <day>19</day>
          <month>01</month>
          <year>2011</year>
        </date>
      </history>
      <permissions>
        <copyright-statement>Copyright &#xA9; 2018 The Cochrane Collaboration. Published by John Wiley &amp; Sons, Ltd.</copyright-statement>
        <copyright-year>2018</copyright-year>
        <copyright-holder>The Cochrane Collaboration</copyright-holder>
      </permissions>
      <related-article related-article-type="updated-article" ext-link-type="doi" xlink:href="10.1002/14651858.CD008918" id="d28e237"/>
      <abstract>
        <sec>
          <title>Background</title>
          <p>Knee arthroscopy is a common procedure and is associated with postoperative pain. Intra&#x2010;articular (IA) injection of morphine for pain control has been widely studied, but its analgesic effect after knee arthroscopy is uncertain.</p>
        </sec>
        <sec>
          <title>Objectives</title>
          <p>To evaluate the relative effects on pain relief and adverse events of IA morphine given for pain control after knee arthroscopy compared with placebo, other analgesics (local anaesthetics, non&#x2010;steroidal anti&#x2010;inflammatory drugs (NSAIDs), other opioids) and other routes of morphine administration.</p>
        </sec>
        <sec>
          <title>Search methods</title>
          <p>We searched CENTRAL (<italic>The Cochrane Library</italic> Issue 4, 2015), MEDLINE via Ovid (January 1966 to May 2015), EMBASE via Ovid (January 1988 to May 2015), and the reference lists of included articles. We also searched the metaRegister of controlled trials, clinicaltrials.gov and the World Health Organization (WHO) International Clinical Trials Registry Platform for ongoing trials.</p>
        </sec>
        <sec>
          <title>Selection criteria</title>
          <p>We identified all the randomised, double&#x2010;blind controlled trials that compared single dose IA morphine with other interventions for the treatment of postoperative pain after knee arthroscopy. We excluded studies with fewer than 10 participants in each group, using spinal or epidural anaesthesia, or assessing the analgesic effect of IA morphine on chronic pain.</p>
        </sec>
        <sec>
          <title>Data collection and analysis</title>
          <p>Two authors independently assessed the quality of each trial and extracted information on pain intensity, supplementary analgesics consumption and adverse events. We assessed the evidence using GRADE (Grading of Recommendations Assessment, Development and Evaluation) and created 'Summary of findings' tables.</p>
        </sec>
        <sec>
          <title>Main results</title>
          <p>We included 28 small, low quality studies (29 reports) involving 2564 participants. Of 20 studies (21 reports) comparing morphine with placebo, nine studies with adequate data were included in the meta&#x2010;analysis. Overall, the risk of bias was unclear. Overall, the quality of the evidence assessed using GRADE was low to very low, downgraded primarily due to risk of bias, small study size, and imprecision.</p>
          <p>No statistical difference was found between 1 mg IA morphine and placebo in pain intensity (visual analogue scale (VAS)) at early phase (zero to two hours) (mean difference (MD) &#x2010;0.50, 95% CI &#x2010;1.15 to 0.14; participants = 297; studies = 7; low quality evidence), medium phase (two to six hours) (MD &#x2010;0.47, 95% CI &#x2010;1.09 to 0.14; participants = 297; studies = 7; low quality evidence) and late phase (six to 30 hours) (MD &#x2010;0.88, 95% CI &#x2010;1.81 to 0.04; participants = 297; studies = 7; low quality evidence). No significant difference was found between 1 mg and 2 mg morphine for pain intensity at early phase (MD &#x2010;0.56, 95% CI &#x2010;1.93 to 0.81; participants = 105; studies = 2; low quality evidence), while 4 mg/5 mg morphine provided better analgesia than 1 mg morphine at late phase (MD 0.67, 95% CI 0.08 to 1.25; participants = 97; studies = 3; low quality evidence). IA morphine was not better than local anaesthetic agents at early phase (MD 1.43, 95% CI 0.49 to 2.37; participants = 248; studies = 5; low quality evidence), NSAIDs at early phase (MD 0.95, 95% CI &#x2010;0.95 to 2.85; participants = 80; studies = 2; very low quality evidence), sufentanil, fentanyl or pethidine for pain intensity. IA morphine was similar to intramuscular (IM) morphine for pain intensity at early phase (MD 0.21, 95% CI &#x2010;0.48 to 0.90; participants = 72; studies = 2; very low quality evidence).</p>
          <p>Meta&#x2010;analysis indicated that there was no difference between IA morphine and placebo or bupivacaine in time to first analgesic request. Eleven out of 20 studies comparing morphine with placebo reported adverse events and no statistical difference was obtained regarding the incidence of adverse events (risk ratio (RR) 1.09, 95% CI 0.51 to 2.36; participants = 314; studies = 8; low quality evidence). Seven of 28 studies reported participants' withdrawal. There were not enough data for withdrawals to be able to perform meta&#x2010;analysis.</p>
        </sec>
        <sec>
          <title>Authors' conclusions</title>
          <p>We have not found high quality evidence that 1 mg IA morphine is better than placebo at reducing pain intensity at early, medium or late phases. No statistical difference was reported between IA morphine and placebo regarding the incidence of adverse events. The relative effects of 1 mg morphine when compared with IA bupivacaine, NSAIDs, sufentanil, fentanyl and pethidine are uncertain. The quality of the evidence is limited by high risk of bias and small size of the included studies, which might bias the results. More high quality studies are needed to get more conclusive results.</p>
        </sec>
      </abstract>
      <abstract abstract-type="short">
        <title>Morphine injections for pain relief after knee arthroscopy</title>
        <p>
          <bold>Background</bold>
        </p>
        <p>Knee arthroscopy is a surgical procedure on the knee. The surgery is minimally invasive, which means that only a small cut (incision) is needed. An examination, and sometimes treatment, of damage is performed using an arthroscope, which is inserted into the joint through the small incision. Knee arthroscopy is used to assess or treat many orthopaedic (musculoskeletal) conditions, and patients may have pain after surgery. Morphine injected directly into the knee (intra&#x2010;articular morphine) to relieve pain has been widely studied, but we do not know how well it works.</p>
        <p>
          <bold>Key results and quality of the evidence</bold>
        </p>
        <p>In May 2015, this review identified 28 small, low quality studies involving 2564 participants looking at intra&#x2010;articular morphine for pain relief after knee arthroscopy. From 9/20 studies we did not find evidence that intra&#x2010;articular morphine given at a dose of 1 mg was better than placebo for pain relief. From the limited evidence available we were unable to determine how intra&#x2010;articular morphine compared with morphine injected into the muscle (intra&#x2010;muscular morphine). There was also low quality evidence for the effects of 1 mg intra&#x2010;articular morphine compared with intra&#x2010;articular bupivacaine, non&#x2010;steroidal anti&#x2010;inflammatory drugs (NSAIDs), sufentanil, fentanyl and pethidine, so we were unsure which worked best. We were unable to determine how similar the rates of side effects such as nausea and vomiting were between intra&#x2010;articular morphine and placebo. Overall, the quality of the evidence was low.</p>
        <p>Future research should focus on finding effective analgesics for knee arthroscopy.</p>
      </abstract>
      <kwd-group kwd-group-type="mesh">
        <kwd>Humans</kwd>
        <kwd>Analgesia</kwd>
        <kwd>Analgesia/methods</kwd>
        <kwd>Analgesics, Opioid</kwd>
        <kwd>Analgesics, Opioid/administration &amp; dosage</kwd>
        <kwd>Anesthetics, Local</kwd>
        <kwd>Anesthetics, Local/administration &amp; dosage</kwd>
        <kwd>Anti&#x2010;Inflammatory Agents, Non&#x2010;Steroidal</kwd>
        <kwd>Anti&#x2010;Inflammatory Agents, Non&#x2010;Steroidal/administration &amp; dosage</kwd>
        <kwd>Arthroscopy</kwd>
        <kwd>Arthroscopy/adverse effects</kwd>
        <kwd>Drug Administration Routes</kwd>
        <kwd>Injections, Intra&#x2010;Articular</kwd>
        <kwd>Knee Joint</kwd>
        <kwd>Knee Joint/surgery</kwd>
        <kwd>Morphine</kwd>
        <kwd>Morphine/administration &amp; dosage</kwd>
        <kwd>Pain Measurement</kwd>
        <kwd>Pain, Postoperative</kwd>
        <kwd>Pain, Postoperative/drug therapy</kwd>
        <kwd>Randomized Controlled Trials as Topic</kwd>
        <kwd>Time Factors</kwd>
      </kwd-group>
    </article-meta>
    <notes notes-type="status-note">
      <p>Stable (no update expected for reasons given in 'What's new')</p>
    </notes>
  </front>
</article>
</pmc-articleset>