<?xml version="1.0" ?>
<!DOCTYPE pmc-articleset PUBLIC "-//NLM//DTD ARTICLE SET 2.0//EN" "https://dtd.nlm.nih.gov/ncbi/pmc/articleset/nlm-articleset-2.0.dtd">
<pmc-articleset><article xmlns:xlink="http://www.w3.org/1999/xlink" xmlns:mml="http://www.w3.org/1998/Math/MathML" id="CD012927" article-type="systematic-review">
  <!--The publisher of this article does not allow downloading of the full text in XML form.-->
  <front>
    <journal-meta>
      <journal-id journal-id-type="nlm-ta">Cochrane Database Syst Rev</journal-id>
      <journal-id journal-id-type="iso-abbrev">Cochrane Database Syst Rev</journal-id>
      <journal-id journal-id-type="publisher-id">14651858</journal-id>
      <journal-id journal-id-type="doi">10.1002/14651858</journal-id>
      <journal-title-group>
        <journal-title>The Cochrane Database of Systematic Reviews</journal-title>
      </journal-title-group>
      <issn pub-type="epub">1469-493X</issn>
      <issn-l>1361-6137</issn-l>
      <publisher>
        <publisher-name>John Wiley &amp; Sons, Ltd</publisher-name>
        <publisher-loc>Chichester, UK</publisher-loc>
      </publisher>
    </journal-meta>
    <article-meta>
      <article-id pub-id-type="pmc">6491258</article-id>
      <article-id pub-id-type="doi">10.1002/14651858.CD012927</article-id>
      <article-id pub-id-type="publisher-id">CD012927</article-id>
      <article-id pub-id-type="other">CD012927</article-id>
      <article-categories>
        <subj-group subj-group-type="heading">
          <subject>Medicine General &amp; Introductory Medical Sciences</subject>
        </subj-group>
      </article-categories>
      <title-group>
        <article-title>Mobile&#x2010;based technologies to support healthcare provider to healthcare provider communication and management of care</article-title>
      </title-group>
      <contrib-group>
        <contrib id="d28e63" contrib-type="author" corresp="yes">
          <name>
            <surname>Gon&#xE7;alves&#x2010;Bradley</surname>
            <given-names>Daniela C</given-names>
          </name>
          <address>
            <email>daniela.bradley@ndph.ox.ac.uk</email>
          </address>
          <xref ref-type="aff" rid="CD012927-aff-0001"/>
        </contrib>
        <contrib id="d28e68" contrib-type="author">
          <name>
            <surname>Buckley</surname>
            <given-names>Brian S</given-names>
          </name>
          <xref ref-type="aff" rid="CD012927-aff-0002"/>
        </contrib>
        <contrib id="d28e73" contrib-type="author">
          <name>
            <surname>F&#xF8;nhus</surname>
            <given-names>Marita S</given-names>
          </name>
          <xref ref-type="aff" rid="CD012927-aff-0003"/>
        </contrib>
        <contrib id="d28e78" contrib-type="author">
          <name>
            <surname>Glenton</surname>
            <given-names>Claire</given-names>
          </name>
          <xref ref-type="aff" rid="CD012927-aff-0003"/>
        </contrib>
        <contrib id="d28e83" contrib-type="author">
          <name>
            <surname>Henschke</surname>
            <given-names>Nicholas</given-names>
          </name>
          <xref ref-type="aff" rid="CD012927-aff-0004"/>
        </contrib>
        <contrib id="d28e88" contrib-type="author">
          <name>
            <surname>Lewin</surname>
            <given-names>Simon</given-names>
          </name>
          <xref ref-type="aff" rid="CD012927-aff-0003 CD012927-aff-0005"/>
        </contrib>
        <contrib id="d28e93" contrib-type="author">
          <name>
            <surname>Maayan</surname>
            <given-names>Nicola</given-names>
          </name>
          <xref ref-type="aff" rid="CD012927-aff-0004"/>
        </contrib>
        <contrib id="d28e98" contrib-type="author">
          <name>
            <surname>Mehl</surname>
            <given-names>Garrett L</given-names>
          </name>
          <xref ref-type="aff" rid="CD012927-aff-0006"/>
        </contrib>
        <contrib id="d28e103" contrib-type="author">
          <name>
            <surname>Tamrat</surname>
            <given-names>Tigest</given-names>
          </name>
          <xref ref-type="aff" rid="CD012927-aff-0006"/>
        </contrib>
        <contrib id="d28e108" contrib-type="author">
          <name>
            <surname>Shepperd</surname>
            <given-names>Sasha</given-names>
          </name>
          <xref ref-type="aff" rid="CD012927-aff-0001"/>
        </contrib>
      </contrib-group>
      <aff id="CD012927-aff-0001">
        <institution>University of Oxford</institution>
        <institution content-type="dept">Nuffield Department of Population Health</institution>
        <city>Oxford</city>
        <country>UK</country>
        <postal-code/>
      </aff>
      <aff id="CD012927-aff-0002">
        <institution>University of Phillipines</institution>
        <institution content-type="dept">Department of Surgery</institution>
        <city>Manila</city>
        <country>Philippines</country>
        <postal-code/>
      </aff>
      <aff id="CD012927-aff-0003">
        <institution>Norwegian Institute of Public Health</institution>
        <addr-line>PO Box 4404, Nydalen</addr-line>
        <city>Oslo</city>
        <country>Norway</country>
        <postal-code>N&#x2010;0403</postal-code>
      </aff>
      <aff id="CD012927-aff-0004">
        <institution>Cochrane</institution>
        <institution content-type="dept">Cochrane Response</institution>
        <city>London</city>
        <country>UK</country>
        <postal-code/>
      </aff>
      <aff id="CD012927-aff-0005">
        <institution>South African Medical Research Council</institution>
        <institution content-type="dept">Health Systems Research Unit</institution>
        <addr-line>PO Box 19070</addr-line>
        <city>Tygerberg</city>
        <country>South Africa</country>
        <postal-code>7505</postal-code>
      </aff>
      <aff id="CD012927-aff-0006">
        <institution>World Health Organization</institution>
        <institution content-type="dept">Department of Reproductive Health and Research</institution>
        <city>Geneva</city>
        <country>Switzerland</country>
        <postal-code/>
      </aff>
      <author-notes>
        <fn>
          <p>Editorial Group: Cochrane Effective Practice and Organisation of Care Group.</p>
        </fn>
      </author-notes>
      <pub-date pub-type="epub">
        <day>19</day>
        <month>1</month>
        <year>2018</year>
      </pub-date>
      <pub-date pub-type="collection">
        <month>1</month>
        <year>2018</year>
      </pub-date>
      <pub-date pub-type="update">
        <day>12</day>
        <month>01</month>
        <year>2018</year>
      </pub-date>
      <volume>2018</volume>
      <issue>1</issue>
      <elocation-id>CD012927</elocation-id>
      <history/>
      <permissions>
        <copyright-statement>Copyright &#xA9; 2018 The Cochrane Collaboration. Published by John Wiley &amp; Sons, Ltd.</copyright-statement>
        <copyright-year>2018</copyright-year>
        <copyright-holder>The Cochrane Collaboration</copyright-holder>
      </permissions>
      <abstract>
        <title>Abstract</title>
        <p>This is a protocol for a Cochrane Review (Intervention). The objectives are as follows:</p>
        <p>To assess the effects of mobile&#x2010;based technologies versus standard practice for supporting communication and client management in healthcare providers.</p>
      </abstract>
    </article-meta>
    <notes notes-type="status-note">
      <p>New</p>
    </notes>
  </front>
</article>
</pmc-articleset>