<?xml version="1.0" ?>
<!DOCTYPE pmc-articleset PUBLIC "-//NLM//DTD ARTICLE SET 2.0//EN" "https://dtd.nlm.nih.gov/ncbi/pmc/articleset/nlm-articleset-2.0.dtd">
<pmc-articleset><article xmlns:xlink="http://www.w3.org/1999/xlink" xmlns:mml="http://www.w3.org/1998/Math/MathML" id="CD007871.pub3" article-type="systematic-review">
  <!--The publisher of this article does not allow downloading of the full text in XML form.-->
  <front>
    <journal-meta>
      <journal-id journal-id-type="nlm-ta">Cochrane Database Syst Rev</journal-id>
      <journal-id journal-id-type="iso-abbrev">Cochrane Database Syst Rev</journal-id>
      <journal-id journal-id-type="publisher-id">14651858</journal-id>
      <journal-id journal-id-type="doi">10.1002/14651858</journal-id>
      <journal-title-group>
        <journal-title>The Cochrane Database of Systematic Reviews</journal-title>
      </journal-title-group>
      <issn pub-type="epub">1469-493X</issn>
      <issn-l>1361-6137</issn-l>
      <publisher>
        <publisher-name>John Wiley &amp; Sons, Ltd</publisher-name>
        <publisher-loc>Chichester, UK</publisher-loc>
      </publisher>
    </journal-meta>
    <article-meta>
      <article-id pub-id-type="pmid">27552162</article-id>
      <article-id pub-id-type="pmc">6472507</article-id>
      <article-id pub-id-type="doi">10.1002/14651858.CD007871.pub3</article-id>
      <article-id pub-id-type="publisher-id">CD007871</article-id>
      <article-id pub-id-type="other">CD007871.pub3</article-id>
      <article-categories>
        <subj-group subj-group-type="heading">
          <subject>Medicine General &amp; Introductory Medical Sciences</subject>
        </subj-group>
      </article-categories>
      <title-group>
        <article-title>Thromboelastography (TEG) or thromboelastometry (ROTEM) to monitor haemostatic treatment versus usual care in adults or children with bleeding</article-title>
      </title-group>
      <contrib-group>
        <contrib id="d28e63" contrib-type="author">
          <name>
            <surname>Wikkels&#xF8;</surname>
            <given-names>Anne</given-names>
          </name>
          <xref ref-type="aff" rid="CD007871-aff-0001"/>
        </contrib>
        <contrib id="d28e68" contrib-type="author">
          <name>
            <surname>Wetterslev</surname>
            <given-names>J&#xF8;rn</given-names>
          </name>
          <xref ref-type="aff" rid="CD007871-aff-0002"/>
        </contrib>
        <contrib id="d28e73" contrib-type="author">
          <name>
            <surname>M&#xF8;ller</surname>
            <given-names>Ann Merete</given-names>
          </name>
          <xref ref-type="aff" rid="CD007871-aff-0003"/>
        </contrib>
        <contrib id="d28e78" contrib-type="author" corresp="yes">
          <name>
            <surname>Afshari</surname>
            <given-names>Arash</given-names>
          </name>
          <address>
            <email>arriba.a@gmail.com</email>
            <email>afshari@rocketmail.com</email>
          </address>
          <xref ref-type="aff" rid="CD007871-aff-0004"/>
        </contrib>
      </contrib-group>
      <aff id="CD007871-aff-0001">
        <institution>Hvidovre Hospital, University of Copenhagen</institution>
        <institution content-type="dept">Department of Anaesthesiology and Intensive Care Medicine</institution>
        <addr-line>Ketteg&#xE5;rd Alle 30,</addr-line>
        <city>Hvidovre</city>
        <country>Denmark</country>
        <postal-code>2650</postal-code>
      </aff>
      <aff id="CD007871-aff-0002">
        <institution>Department 7812, Rigshospitalet, Copenhagen University Hospital</institution>
        <institution content-type="dept">Copenhagen Trial Unit, Centre for Clinical Intervention Research</institution>
        <addr-line>Blegdamsvej 9</addr-line>
        <city>Copenhagen</city>
        <country>Denmark</country>
        <postal-code>DK&#x2010;2100</postal-code>
      </aff>
      <aff id="CD007871-aff-0003">
        <institution>Herlev and Gentofte Hospital, University of Copenhagen</institution>
        <institution content-type="dept">Cochrane Anaesthesia, Critical and Emergency Care Group</institution>
        <addr-line>Herlev Ringvej</addr-line>
        <city>Herlev</city>
        <country>Denmark</country>
        <postal-code>2730</postal-code>
      </aff>
      <aff id="CD007871-aff-0004">
        <institution>Rigshospitalet, Copenhagen University Hospital</institution>
        <institution content-type="dept">Juliane Marie Centre &#x2010; Anaesthesia and Surgical Clinic Department 4013</institution>
        <city>Copenhagen</city>
        <country>Denmark</country>
        <postal-code/>
      </aff>
      <author-notes>
        <fn>
          <p>Editorial Group: Cochrane Emergency and Critical Care Group.</p>
        </fn>
      </author-notes>
      <pub-date pub-type="epub">
        <day>22</day>
        <month>8</month>
        <year>2016</year>
      </pub-date>
      <pub-date pub-type="collection">
        <month>8</month>
        <year>2016</year>
      </pub-date>
      <pub-date pub-type="update">
        <day>14</day>
        <month>12</month>
        <year>2018</year>
      </pub-date>
      <volume>2016</volume>
      <issue>8</issue>
      <elocation-id>CD007871</elocation-id>
      <history>
        <date date-type="previous-update" publication-format="electronic">
          <day>16</day>
          <month>03</month>
          <year>2011</year>
        </date>
      </history>
      <permissions>
        <copyright-statement>Copyright &#xA9; 2018 The Cochrane Collaboration. Published by John Wiley &amp; Sons, Ltd.</copyright-statement>
        <copyright-year>2018</copyright-year>
        <copyright-holder>The Cochrane Collaboration</copyright-holder>
      </permissions>
      <related-article related-article-type="updated-article" ext-link-type="doi" xlink:href="10.1002/14651858.CD007871.pub2" id="d28e164"/>
      <abstract>
        <sec>
          <title>Background</title>
          <p>Severe bleeding and coagulopathy are serious clinical conditions that are associated with high mortality. Thromboelastography (TEG) and thromboelastometry (ROTEM) are increasingly used to guide transfusion strategy but their roles remain disputed. This review was first published in 2011 and updated in January 2016.</p>
        </sec>
        <sec>
          <title>Objectives</title>
          <p>We assessed the benefits and harms of thromboelastography (TEG)&#x2010;guided or thromboelastometry (ROTEM)&#x2010;guided transfusion in adults and children with bleeding. We looked at various outcomes, such as overall mortality and bleeding events, conducted subgroup and sensitivity analyses, examined the role of bias, and applied trial sequential analyses (TSAs) to examine the amount of evidence gathered so far.</p>
        </sec>
        <sec>
          <title>Search methods</title>
          <p>In this updated review we identified randomized controlled trials (RCTs) from the following electronic databases: Cochrane Central Register of Controlled Trials (CENTRAL; 2016, Issue 1); MEDLINE; Embase; Science Citation Index Expanded; International Web of Science; CINAHL; LILACS; and the Chinese Biomedical Literature Database (up to 5 January 2016). We contacted trial authors, authors of previous reviews, and manufacturers in the field. The original search was run in October 2010.</p>
        </sec>
        <sec>
          <title>Selection criteria</title>
          <p>We included all RCTs, irrespective of blinding or language, that compared transfusion guided by TEG or ROTEM to transfusion guided by clinical judgement, guided by standard laboratory tests, or a combination. We also included interventional algorithms including both TEG or ROTEM in combination with standard laboratory tests or other devices. The primary analysis included trials on TEG or ROTEM versus any comparator.</p>
        </sec>
        <sec>
          <title>Data collection and analysis</title>
          <p>Two review authors independently abstracted data; we resolved any disagreements by discussion. We presented pooled estimates of the intervention effects on dichotomous outcomes as risk ratio (RR) with 95% confidence intervals (CIs). Due to skewed data, meta&#x2010;analysis was not provided for continuous outcome data. Our primary outcome measure was all&#x2010;cause mortality. We performed subgroup and sensitivity analyses to assess the effect based on the presence of coagulopathy of a TEG&#x2010; or ROTEM&#x2010;guided algorithm, and in adults and children on various clinical and physiological outcomes. We assessed the risk of bias through assessment of trial methodological components and the risk of random error through TSA.</p>
        </sec>
        <sec>
          <title>Main results</title>
          <p>We included eight new studies (617 participants) in this updated review. In total we included 17 studies (1493 participants). A total of 15 trials provided data for the meta&#x2010;analyses. We judged only two trials as low risk of bias. The majority of studies included participants undergoing cardiac surgery.</p>
          <p>We found six ongoing trials but were unable to retrieve any data from them. Compared with transfusion guided by any method, TEG or ROTEM seemed to reduce overall mortality (7.4% versus 3.9%; risk ratio (RR) 0.52, 95% CI 0.28 to 0.95; I<sup>2</sup> = 0%, 8 studies, 717 participants, low quality of evidence) but only eight trials provided data on mortality, and two were zero event trials. Our analyses demonstrated a statistically significant effect of TEG or ROTEM compared to any comparison on the proportion of participants transfused with pooled red blood cells (PRBCs) (RR 0.86, 95% CI 0.79 to 0.94; I<sup>2</sup> = 0%, 10 studies, 832 participants, low quality of evidence), fresh frozen plasma (FFP) (RR 0.57, 95% CI 0.33 to 0.96; I<sup>2</sup> = 86%, 8 studies, 761 participants, low quality of evidence), platelets (RR 0.73, 95% CI 0.60 to 0.88; I<sup>2</sup> = 0%, 10 studies, 832 participants, low quality of evidence), and overall haemostatic transfusion with FFP or platelets (low quality of evidence<italic>)</italic>. Meta&#x2010;analyses also showed fewer participants with dialysis&#x2010;dependent renal failure.</p>
          <p>We found no difference in the proportion needing surgical reinterventions (RR 0.75, 95% CI 0.50 to 1.10; I<sup>2</sup> = 0%, 9 studies, 887 participants, low quality of evidence) and excessive bleeding events or massive transfusion (RR 0.38, 95% CI 0.38 to 1.77; I<sup>2</sup> = 34%, 2 studies, 280 participants, low quality of evidence<italic>)</italic>. The planned subgroup analyses failed to show any significant differences.</p>
          <p>We graded the quality of evidence as low based on the high risk of bias in the studies, large heterogeneity, low number of events, imprecision, and indirectness. TSA indicates that only 54% of required information size has been reached so far in regards to mortality, while there may be evidence of benefit for transfusion outcomes. Overall, evaluated outcomes were consistent with a benefit in favour of a TEG&#x2010; or ROTEM&#x2010;guided transfusion in bleeding patients.</p>
        </sec>
        <sec>
          <title>Authors' conclusions</title>
          <p>There is growing evidence that application of TEG&#x2010; or ROTEM&#x2010;guided transfusion strategies may reduce the need for blood products, and improve morbidity in patients with bleeding. However, these results are primarily based on trials of elective cardiac surgery involving cardiopulmonary bypass, and the level of evidence remains low. Further evaluation of TEG&#x2010; or ROTEM&#x2010;guided transfusion in acute settings and other patient categories in low risk of bias studies is needed.</p>
        </sec>
      </abstract>
      <abstract abstract-type="short">
        <title>Blood clotting analysers (TEG or ROTEM) versus any comparison to guide the use of blood products in adults or children with bleeding</title>
        <p>
          <bold>Background</bold>
        </p>
        <p>The ability to make a sufficient blood clot is crucial in participants with bleeding. Clotting can be measured by various tests. TEG and ROTEM tests have the advantage of showing the total clotting capacity. These tests are performed at the bedside, and generally provide a rapid and useful result, guiding clinicians towards a more goal&#x2010;directed transfusion management.</p>
        <p>
          <bold>Objective</bold>
        </p>
        <p>In the present systematic review we set out to assess the benefits and harms of a TEG&#x2010; or ROTEM&#x2010;guided use of blood products in comparison with standard tests, or doctors clinical judgement, in the treatment of bleeding patients. Evidence is current to January 2016.</p>
        <p>
          <bold>Study characteristics</bold>
        </p>
        <p>We identified 17 randomized controlled trials comparing TEG&#x2010; or ROTEM&#x2010;guided use of blood transfusion to guidance from the clinical judgement of doctors or standard laboratory tests, or both. The included trials were conducted mainly in adults in need of cardiac surgery, and involved 1493 participants.</p>
        <p>
          <bold>Key results</bold>
        </p>
        <p>In terms of efficacy, the use of TEG or ROTEM tests seem to reduce the need for all types of blood transfusions. However, we could not find fewer participants in need of further operations due to continuous bleeding, or at risk of massive bleeding with transfusion. Despite signs of benefit in regards to survival, our findings are hampered by the overall low quality of included studies. Assessment of harms indicated a reduced risk of kidney failure, while no other significant adverse &#x2010;events were found. However, the reported adverse event rates were very low. All included trials except two were marred by high risk of bias.</p>
        <p>
          <bold>Quality of evidence</bold>
        </p>
        <p>Due to few events and many poorly designed trials, we consider our overall findings to be of low quality evidence in favour of TEG and ROTEM use in the management of bleeding patients.</p>
      </abstract>
      <kwd-group kwd-group-type="mesh">
        <kwd>Adult</kwd>
        <kwd>Child</kwd>
        <kwd>Humans</kwd>
        <kwd>Blood Coagulation Disorders</kwd>
        <kwd>Blood Coagulation Disorders/blood</kwd>
        <kwd>Blood Coagulation Disorders/diagnosis</kwd>
        <kwd>Cardiac Surgical Procedures</kwd>
        <kwd>Erythrocyte Transfusion</kwd>
        <kwd>Erythrocyte Transfusion/adverse effects</kwd>
        <kwd>Erythrocyte Transfusion/methods</kwd>
        <kwd>Hemorrhage</kwd>
        <kwd>Hemorrhage/blood</kwd>
        <kwd>Hemorrhage/etiology</kwd>
        <kwd>Hemorrhage/mortality</kwd>
        <kwd>Hemorrhage/therapy</kwd>
        <kwd>Liver Transplantation</kwd>
        <kwd>Outcome Assessment (Health Care)</kwd>
        <kwd>Plasma</kwd>
        <kwd>Randomized Controlled Trials as Topic</kwd>
        <kwd>Thrombelastography</kwd>
        <kwd>Thrombelastography/adverse effects</kwd>
        <kwd>Thrombelastography/methods</kwd>
      </kwd-group>
    </article-meta>
    <notes notes-type="status-note">
      <p>Edited (no change to conclusions)</p>
    </notes>
  </front>
</article>
</pmc-articleset>