<?xml version="1.0" ?>
<!DOCTYPE pmc-articleset PUBLIC "-//NLM//DTD ARTICLE SET 2.0//EN" "https://dtd.nlm.nih.gov/ncbi/pmc/articleset/nlm-articleset-2.0.dtd">
<pmc-articleset><article xmlns:xlink="http://www.w3.org/1999/xlink" xmlns:mml="http://www.w3.org/1998/Math/MathML" id="CD010526.pub3" article-type="systematic-review">
  <!--The publisher of this article does not allow downloading of the full text in XML form.-->
  <front>
    <journal-meta>
      <journal-id journal-id-type="nlm-ta">Cochrane Database Syst Rev</journal-id>
      <journal-id journal-id-type="iso-abbrev">Cochrane Database Syst Rev</journal-id>
      <journal-id journal-id-type="publisher-id">14651858</journal-id>
      <journal-id journal-id-type="doi">10.1002/14651858</journal-id>
      <journal-title-group>
        <journal-title>The Cochrane Database of Systematic Reviews</journal-title>
      </journal-title-group>
      <issn pub-type="epub">1469-493X</issn>
      <issn-l>1361-6137</issn-l>
      <publisher>
        <publisher-name>John Wiley &amp; Sons, Ltd</publisher-name>
        <publisher-loc>Chichester, UK</publisher-loc>
      </publisher>
    </journal-meta>
    <article-meta>
      <article-id pub-id-type="pmid">30834516</article-id>
      <article-id pub-id-type="pmc">6399099</article-id>
      <article-id pub-id-type="doi">10.1002/14651858.CD010526.pub3</article-id>
      <article-id pub-id-type="publisher-id">CD010526</article-id>
      <article-id pub-id-type="other">CD010526.pub3</article-id>
      <article-categories>
        <subj-group subj-group-type="heading">
          <subject>Medicine General &amp; Introductory Medical Sciences</subject>
        </subj-group>
      </article-categories>
      <title-group>
        <article-title>Dental cavity liners for Class I and Class II resin&#x2010;based composite restorations</article-title>
      </title-group>
      <contrib-group>
        <contrib id="d28e63" contrib-type="author" corresp="yes">
          <name>
            <surname>Schenkel</surname>
            <given-names>Andrew B</given-names>
          </name>
          <address>
            <email>abs5@nyu.edu</email>
          </address>
          <xref ref-type="aff" rid="CD010526-aff-0001"/>
        </contrib>
        <contrib id="d28e68" contrib-type="author">
          <name>
            <surname>Veitz&#x2010;Keenan</surname>
            <given-names>Analia</given-names>
          </name>
          <xref ref-type="aff" rid="CD010526-aff-0002"/>
        </contrib>
      </contrib-group>
      <aff id="CD010526-aff-0001">
        <institution>New York University College of Dentistry</institution>
        <institution content-type="dept">Cariology and Comprehensive Care</institution>
        <addr-line>345 East 24th Street</addr-line>
        <city>New York</city>
        <country>USA</country>
        <postal-code>10010</postal-code>
      </aff>
      <aff id="CD010526-aff-0002">
        <institution>New York University College of Dentistry</institution>
        <institution content-type="dept">Department of Oral Maxillofacial Pathology, Radiology and Medicine</institution>
        <addr-line>345 East 24th Street</addr-line>
        <city>New York</city>
        <country>USA</country>
        <postal-code>NY 10010</postal-code>
      </aff>
      <author-notes>
        <fn>
          <p>Editorial Group: Cochrane Oral Health Group.</p>
        </fn>
      </author-notes>
      <pub-date pub-type="epub">
        <day>05</day>
        <month>3</month>
        <year>2019</year>
      </pub-date>
      <pub-date pub-type="collection">
        <month>3</month>
        <year>2019</year>
      </pub-date>
      <pub-date pub-type="update">
        <day>04</day>
        <month>03</month>
        <year>2019</year>
      </pub-date>
      <volume>2019</volume>
      <issue>3</issue>
      <elocation-id>CD010526</elocation-id>
      <history>
        <date date-type="previous-update" publication-format="electronic">
          <day>25</day>
          <month>10</month>
          <year>2016</year>
        </date>
      </history>
      <permissions>
        <copyright-statement>Copyright &#xA9; 2019 The Cochrane Collaboration. Published by John Wiley &amp; Sons, Ltd.</copyright-statement>
        <copyright-year>2019</copyright-year>
        <copyright-holder>The Cochrane Collaboration</copyright-holder>
      </permissions>
      <related-article related-article-type="updated-article" ext-link-type="doi" xlink:href="10.1002/14651858.CD010526.pub2" id="d28e128"/>
      <abstract>
        <sec>
          <title>Background</title>
          <p>Resin&#x2010;based composite (RBC) is currently accepted as a viable material for the restoration of caries for posterior permanent teeth requiring surgical treatment. Despite the fact that the thermal conductivity of the RBC restorative material closely approximates that of natural tooth structure, postoperative hypersensitivity is sometimes still an issue. Dental cavity liners have historically been used to protect the pulp from the toxic effects of some dental restorative materials and to prevent the pain of thermal conductivity by placing an insulating layer between restorative material and the remaining tooth structure. This is an update of the Cochrane Review first published in 2016.</p>
        </sec>
        <sec>
          <title>Objectives</title>
          <p>The objective of this review was to assess the effects of using dental cavity liners in the placement of Class I and Class II resin&#x2010;based composite posterior restorations in permanent teeth in children and adults.</p>
        </sec>
        <sec>
          <title>Search methods</title>
          <p>Cochrane Oral Health's Information Specialist searched the following databases: Cochrane Oral Health's Trials Register (to 12 November 2018), the Cochrane Central Register of Controlled Trials (CENTRAL; 2018, Issue 10) in the Cochrane Library (searched 12 November 2018), MEDLINE Ovid (1946 to 12 November 2018), Embase Ovid (1980 to 12 November 2018) and LILACS BIREME Virtual Health Library (Latin American and Caribbean Health Science Information database; 1982 to 12 November 2018). We searched <uri>ClinicalTrials.gov</uri> and the <uri>World Health Organization International Clinical Trials Registry Platform</uri> for ongoing trials. No restrictions were placed on the language or date of publication when searching the electronic databases.</p>
        </sec>
        <sec>
          <title>Selection criteria</title>
          <p>We included randomized controlled trials assessing the effects of the use of liners under Class I and Class II posterior resin&#x2010;based composite restorations in permanent teeth (in both adults and children). We included both parallel and split&#x2010;mouth designs.</p>
        </sec>
        <sec>
          <title>Data collection and analysis</title>
          <p>We utilized standard methodological procedures prescribed by Cochrane for data collection and analysis. Two review authors screened the search results and assessed the eligibility of studies for inclusion against the review inclusion criteria. We conducted risk of bias assessments and data extraction independently and in duplicate. Where information was unclear we contacted study authors for clarification.</p>
        </sec>
        <sec>
          <title>Main results</title>
          <p>Eight studies, recruiting over 700 participants, compared the use of dental cavity liners to no liners for Class I and Class II resin&#x2010;based composite restorations.</p>
          <p>Seven studies evaluated postoperative hypersensitivity measured by various methods. All studies were at unclear or high risk of bias. There was inconsistent evidence regarding postoperative hypersensitivity (either measured using cold response or patient&#x2010;reported), with a benefit shown at some, but not all, time points (low&#x2010;quality evidence).</p>
          <p>Four trials measured restoration longevity. Two of the studies were judged to be at high risk and two at unclear risk of bias. No difference in restoration failure rates were shown at 1 year follow&#x2010;up, with no failures reported in either group for three of the four studies; the fourth study had a risk ratio (RR) 1.00 (95% confidence interval (CI) 0.07 to 15.00) (low&#x2010;quality evidence). Three studies evaluated restoration longevity at 2 years follow&#x2010;up and, again, no failures were shown in either group.</p>
          <p>No adverse events were reported in any of the included studies.</p>
        </sec>
        <sec>
          <title>Authors' conclusions</title>
          <p>There is inconsistent, low&#x2010;quality evidence regarding the difference in postoperative hypersensitivity subsequent to placing a dental cavity liner under Class I and Class II posterior resin&#x2010;based composite restorations in permanent posterior teeth in adults or children 15 years or older. Furthermore, no evidence was found to demonstrate a difference in the longevity of restorations placed with or without dental cavity liners.</p>
        </sec>
      </abstract>
      <abstract abstract-type="short">
        <title>Dental cavity liners under tooth&#x2010;colored resin fillings placed into permanent teeth in the back of the mouth</title>
        <p>
          <bold>Review question</bold>
        </p>
        <p>This review was conducted to assess the effects of using liners under tooth&#x2010;colored resin fillings in cavities on the biting surface (Class I) and the biting surface and side(s) (Class II) of permanent teeth in the back of the mouth in children and adults.</p>
        <p>
          <bold>Background</bold>
        </p>
        <p>Tooth decay is the most common disease affecting children and adults worldwide. If left untreated, acid produced by bacteria in the dental plaque or biofilm forms cavities or holes in the teeth. A number of techniques and a variety of materials can be used to restore or fill teeth affected by decay. One of these materials is tooth&#x2010;colored, resin&#x2010;based composite or RBC. This material is increasingly used as an alternative to amalgam (a mixture of mercury and metal alloy particles).</p>
        <p>Since the 19th century liners have often been placed in cavities in the teeth under the filling material. The liners are thought to protect the living pulp of the tooth from filling materials themselves and also from their potential to allow more heat or cold through than the natural tooth would. Although RBC filling materials are thought to be similar to the natural material of teeth in terms of how they conduct heat, sensitivity to temperature change is sometimes still an issue for people after treatment.</p>
        <p>
          <bold>Study characteristics</bold>
        </p>
        <p>The evidence in this review, carried out by authors from Cochrane Oral Health, is up to date as of 12 November 2018.</p>
        <p>Eight studies, with over 700 participants, were included. Two studies were conducted in the USA, two in Thailand, two in Germany and one each in Saudi Arabia and Turkey. The studies compared the use of liners under tooth&#x2010;colored resin fillings (RBC) in permanent teeth at the back of the mouth to no liners for Class I and Class II fillings. One of the two studies in the USA took place in dental practices, the others in university&#x2010;based dental schools. All participants were over 15 years of age.</p>
        <p>
          <bold>Key results</bold>
        </p>
        <p>Very little evidence was found to show that a liner under Class I and II RBC fillings in permanent teeth in the back of the mouth reduced sensitivity in adults or children 15 years or older. No evidence was found to show that there was any difference in the length of time fillings lasted when placed with or without a cavity liner. No adverse events were reported in any of the included studies.</p>
        <p>
          <bold>Quality of evidence</bold>
        </p>
        <p>The body of evidence identified in this review does not allow for robust conclusions about the effects of dental cavity liners. The quality of the evidence identified in this review is low and there is a lack of confidence in the effect estimates. Furthermore, no evidence was found to demonstrate a difference in how long restorations last when placed with or without dental cavity liners.</p>
      </abstract>
      <kwd-group kwd-group-type="mesh">
        <kwd>Adolescent</kwd>
        <kwd>Adult</kwd>
        <kwd>Humans</kwd>
        <kwd>Composite Resins</kwd>
        <kwd>Dental Restoration, Permanent</kwd>
        <kwd>Dental Restoration, Permanent/adverse effects</kwd>
        <kwd>Dental Restoration, Permanent/classification</kwd>
        <kwd>Thermal Conductivity</kwd>
        <kwd>Dental Caries</kwd>
        <kwd>Dental Caries/classification</kwd>
        <kwd>Dental Caries/surgery</kwd>
        <kwd>Dental Cavity Lining</kwd>
        <kwd>Dental Cavity Lining/instrumentation</kwd>
        <kwd>Dental Restoration Failure</kwd>
        <kwd>Dental Restoration Failure/statistics &amp; numerical data</kwd>
        <kwd>Dentin Sensitivity</kwd>
        <kwd>Dentin Sensitivity/epidemiology</kwd>
        <kwd>Dentin Sensitivity/etiology</kwd>
        <kwd>Dentin Sensitivity/prevention &amp; control</kwd>
        <kwd>Pain, Postoperative</kwd>
        <kwd>Pain, Postoperative/prevention &amp; control</kwd>
        <kwd>Randomized Controlled Trials as Topic</kwd>
      </kwd-group>
    </article-meta>
    <notes notes-type="status-note">
      <p>New search for studies and content updated (no change to conclusions)</p>
    </notes>
  </front>
</article>
</pmc-articleset>