<?xml version="1.0" ?>
<!DOCTYPE pmc-articleset PUBLIC "-//NLM//DTD ARTICLE SET 2.0//EN" "https://dtd.nlm.nih.gov/ncbi/pmc/articleset/nlm-articleset-2.0.dtd">
<pmc-articleset><article xmlns:xlink="http://www.w3.org/1999/xlink" xmlns:mml="http://www.w3.org/1998/Math/MathML" id="CD010887.pub2" article-type="systematic-review">
  <!--The publisher of this article does not allow downloading of the full text in XML form.-->
  <front>
    <journal-meta>
      <journal-id journal-id-type="nlm-ta">Cochrane Database Syst Rev</journal-id>
      <journal-id journal-id-type="iso-abbrev">Cochrane Database Syst Rev</journal-id>
      <journal-id journal-id-type="publisher-id">14651858</journal-id>
      <journal-id journal-id-type="doi">10.1002/14651858</journal-id>
      <journal-title-group>
        <journal-title>The Cochrane Database of Systematic Reviews</journal-title>
      </journal-title-group>
      <issn pub-type="epub">1469-493X</issn>
      <issn-l>1361-6137</issn-l>
      <publisher>
        <publisher-name>John Wiley &amp; Sons, Ltd</publisher-name>
        <publisher-loc>Chichester, UK</publisher-loc>
      </publisher>
    </journal-meta>
    <article-meta>
      <article-id pub-id-type="pmid">26576758</article-id>
      <article-id pub-id-type="pmc">6464986</article-id>
      <article-id pub-id-type="doi">10.1002/14651858.CD010887.pub2</article-id>
      <article-id pub-id-type="publisher-id">CD010887</article-id>
      <article-id pub-id-type="other">CD010887.pub2</article-id>
      <article-categories>
        <subj-group subj-group-type="heading">
          <subject>Medicine General &amp; Introductory Medical Sciences</subject>
        </subj-group>
      </article-categories>
      <title-group>
        <article-title>Non&#x2010;surgical adjunctive interventions for accelerating tooth movement in patients undergoing fixed orthodontic treatment</article-title>
      </title-group>
      <contrib-group>
        <contrib id="d28e63" contrib-type="author" corresp="yes">
          <name>
            <surname>El&#x2010;Angbawi</surname>
            <given-names>Ahmed</given-names>
          </name>
          <address>
            <email>A.ElAngbawi@dundee.ac.uk</email>
          </address>
          <xref ref-type="aff" rid="CD010887-aff-0001"/>
        </contrib>
        <contrib id="d28e68" contrib-type="author">
          <name>
            <surname>McIntyre</surname>
            <given-names>Grant T</given-names>
          </name>
          <xref ref-type="aff" rid="CD010887-aff-0001"/>
        </contrib>
        <contrib id="d28e73" contrib-type="author">
          <name>
            <surname>Fleming</surname>
            <given-names>Padhraig S</given-names>
          </name>
          <xref ref-type="aff" rid="CD010887-aff-0002"/>
        </contrib>
        <contrib id="d28e78" contrib-type="author">
          <name>
            <surname>Bearn</surname>
            <given-names>David R</given-names>
          </name>
          <xref ref-type="aff" rid="CD010887-aff-0001"/>
        </contrib>
      </contrib-group>
      <aff id="CD010887-aff-0001">
        <institution>University of Dundee</institution>
        <institution content-type="dept">School of Dentistry</institution>
        <addr-line>Park Place</addr-line>
        <city>Dundee</city>
        <country>UK</country>
        <postal-code>DD1 4HR</postal-code>
      </aff>
      <aff id="CD010887-aff-0002">
        <institution>Institute of Dentistry, Queen Mary University of London</institution>
        <institution content-type="dept">Barts and The London School of Medicine and Dentistry</institution>
        <addr-line>New Road</addr-line>
        <city>London</city>
        <country>UK</country>
        <postal-code>E1 1BB</postal-code>
      </aff>
      <author-notes>
        <fn>
          <p>Editorial Group: Cochrane Oral Health Group.</p>
        </fn>
      </author-notes>
      <pub-date pub-type="epub">
        <day>18</day>
        <month>11</month>
        <year>2015</year>
      </pub-date>
      <pub-date pub-type="collection">
        <month>11</month>
        <year>2015</year>
      </pub-date>
      <pub-date pub-type="update">
        <day>05</day>
        <month>04</month>
        <year>2016</year>
      </pub-date>
      <volume>2015</volume>
      <issue>11</issue>
      <elocation-id>CD010887</elocation-id>
      <history>
        <date date-type="previous-update" publication-format="electronic">
          <day>23</day>
          <month>12</month>
          <year>2013</year>
        </date>
        <date date-type="cl-record-assessed-up-to-date">
          <day>25</day>
          <month>11</month>
          <year>2014</year>
        </date>
      </history>
      <permissions>
        <copyright-statement>Copyright &#xA9; 2016 The Cochrane Collaboration. Published by John Wiley &amp; Sons, Ltd.</copyright-statement>
        <copyright-year>2016</copyright-year>
        <copyright-holder>The Cochrane Collaboration</copyright-holder>
      </permissions>
      <related-article related-article-type="updated-article" ext-link-type="doi" xlink:href="10.1002/14651858.CD010887" id="d28e139"/>
      <abstract>
        <sec>
          <title>Background</title>
          <p>Accelerating the rate of tooth movement may help to reduce the duration of orthodontic treatment and associated unwanted effects including root resorption and enamel demineralisation. Several methods, including surgical and non&#x2010;surgical adjuncts, have been advocated to accelerate the rate of tooth movement. Non&#x2010;surgical techniques include low&#x2010;intensity laser irradiation, resonance vibration, pulsed electromagnetic fields, electrical currents and pharmacological approaches.</p>
        </sec>
        <sec>
          <title>Objectives</title>
          <p>To assess the effect of non&#x2010;surgical adjunctive interventions on the rate of orthodontic tooth movement and the overall duration of treatment.</p>
        </sec>
        <sec>
          <title>Search methods</title>
          <p>We searched the following databases on 25 November 2014: the Cochrane Oral Health Group's Trials Register (November 2014), the Cochrane Central Register of Controlled Trials (CENTRAL; The Cochrane Library 2014, Issue 10), MEDLINE via OVID (1946 to November 2014), EMBASE via OVID (1980 to November 2014), LILACS via BIREME (1980 to November 2014), metaRegister of Controlled Trials (November 2014), the US National Institutes of Health Trials Register (ClinicalTrials.gov; November 2014) and the WHO International Clinical Trials Registry Platform (November 2014). We checked the reference lists of all trials identified for further studies. There were no restrictions regarding language or date of publication in the searches of the electronic databases.</p>
        </sec>
        <sec>
          <title>Selection criteria</title>
          <p>We included randomised controlled trials (RCTs) of people receiving orthodontic treatment using fixed appliances along with non&#x2010;surgical adjunctive interventions to accelerate tooth movement. We excluded non&#x2010;parallel design studies (for example, split&#x2010;mouth) as we regarded them as inappropriate for assessment of the effects of this type of intervention.</p>
        </sec>
        <sec>
          <title>Data collection and analysis</title>
          <p>Two review authors were responsible for study selection, risk of bias assessment and data extraction; they carried out these tasks independently. Any disagreements were resolved by discussion amongst the review team to reach consensus. The review authors contacted the corresponding authors of trials to obtain missing information and data to allow calculation of mean differences (MD), 95% confidence intervals (CI) or risk ratios (RR) when these were not reported.</p>
        </sec>
        <sec>
          <title>Main results</title>
          <p>We included two studies in this review, which were both assessed as being at high risk of bias. The two studies, involving a total of 111 participants, compared the use of Tooth Masseuse and OrthoAccel with conventional treatment mechanics during orthodontic alignment and canine retraction phases, respectively. Both studies included objective assessment of the amount or rate of tooth movement, but we were not able to meta&#x2010;analyse this data as they used different outcome measurements at different stages of the orthodontic treatment process. One study measured subjective evaluation of pain and discomfort and the other evaluated adverse effects. The studies did not directly report either the duration of orthodontic treatment or the number of visits during active treatment.</p>
          <p>Using the Tooth Masseuse with 111 Hz at 0.06 Newtons (N) for 20 minutes daily resulted in greater reduction in irregularity in the lower incisor region over 10 weeks, assessed using Little's Irregularity Index (LII) with a mean difference (MD) of 0.6 mm (95% confidence interval (CI) &#x2010;0.94 to 2.34) when compared to the control group. Pain and discomfort increased at six to eight hours after arch wire placement and after seven days, with minimal difference between the intervention and control groups. No statistical tests were provided for either variable and the differences between the two groups were not clinically important.</p>
          <p>Using OrthoAccel with 30 Hz at 0.25 N for 20 minutes daily produced a higher rate of maxillary canine distalisation in comparison to the control group (MD 0.37 mm/month; 95% CI &#x2010;0.07 to 0.81; P = 0.05). Whilst this difference suggested 50% faster tooth movement using the vibrational appliance, the absolute differences were marginal and deemed clinically unimportant. Similar levels of non&#x2010;serious adverse effects were reported in the intervention and control groups with a risk ratio of 0.96 (95% CI 0.32 to 2.85).</p>
          <p>Overall, the quality of the evidence was very low and therefore we cannot rely on the findings.</p>
        </sec>
        <sec>
          <title>Authors' conclusions</title>
          <p>There is very little clinical research concerning the effectiveness of non&#x2010;surgical interventions to accelerate orthodontic treatment. The available evidence is of very low quality and so it is not possible to determine if there is a positive effect of non&#x2010;surgical adjunctive interventions to accelerate tooth movement. Although there have been claims that there may be a positive effect of light vibrational forces, results of the current studies do not reach either statistical or clinical significance. Further well&#x2010;designed and rigorous RCTs with longer follow&#x2010;up periods are required to determine whether non&#x2010;surgical interventions may result in a clinically important reduction in the duration of orthodontic treatment, without any adverse effects.</p>
        </sec>
      </abstract>
      <abstract abstract-type="short">
        <title>Additional, non&#x2010;surgical treatments for accelerating tooth movement in dental patients being treated with fixed braces</title>
        <p><bold>Review question</bold> What effect do non&#x2010;surgical adjuncts have on the length of time it takes for teeth to move when treated with fixed braces, and the overall time required for orthodontic treatment?</p>
        <p><bold>Background</bold> Throughout the world, orthodontic treatment is used to correct the position of teeth in adolescents and adults when they experience problems. Braces are orthodontic appliances made up of brackets glued to the teeth and then connected by wires in order to exert pressure on the teeth to move them and improve their positioning. Depending on the problem, the length of time for treatment may range from several months to several years. However, most treatments take on average, around 24 months. Accelerating the rate of tooth movement may help to reduce the length of time needed for a course of treatment and may reduce the unwanted effects of orthodontic treatment that can sometimes occur, such as tooth decay and the shortening of the tooth root. Several methods, including surgical and non&#x2010;surgical treatments, have been suggested to accelerate orthodontic tooth movement. The evidence relating to non&#x2010;surgical procedures to accelerate orthodontic tooth movement is assessed in this review.</p>
        <p>
          <bold>Study characteristics</bold>
        </p>
        <p>Authors for the Cochrane Oral Health Group carried out this review of existing studies. The evidence on which it is based is current up to 26 November 2014.</p>
        <p>We included two studies involving a total of 111 participants in this review. A single orthodontic specialist in a private practice in Australia carried out one study, while the other study was conducted on patients treated by orthodontic residents in a university hospital seating in the United States of America. In one study, the age of participants ranged from 11 to 15 years old, and in the second, the average age of participants was 21 years. The studies evaluated the additional use of two devices that use light vibrational forces &#x2010; Tooth Masseuse in people receiving conventional fixed appliance treatment during the tooth alignment stage and OrthoAccel for those receiving conventional fixed appliance treatment for the space closure stage in orthodontic treatment. Participants receiving additional treatment with the devices were compared to those receiving only the conventional treatment. The trials evaluated different aspects of orthodontic tooth movement and side effects.</p>
        <p>
          <bold>Key results</bold>
        </p>
        <p>The studies evaluated three outcomes: rate of tooth movement; patient perception of pain and discomfort, and unwanted side effects. There were substantial differences between the studies, which meant that we were unable to combine the results.</p>
        <p>From the limited evidence available, it is not possible to establish if the use of vibrational forces during treatment with fixed orthodontic appliances has a significant beneficial or harmful effect on either the rate of orthodontic tooth movement or the duration of treatment.</p>
        <p>
          <bold>Quality of the evidence</bold>
        </p>
        <p>The quality of evidence was very low.</p>
      </abstract>
      <kwd-group kwd-group-type="mesh">
        <kwd>Adolescent</kwd>
        <kwd>Child</kwd>
        <kwd>Female</kwd>
        <kwd>Humans</kwd>
        <kwd>Male</kwd>
        <kwd>Young Adult</kwd>
        <kwd>Cuspid</kwd>
        <kwd>Pain Measurement</kwd>
        <kwd>Randomized Controlled Trials as Topic</kwd>
        <kwd>Randomized Controlled Trials as Topic/instrumentation</kwd>
        <kwd>Time Factors</kwd>
        <kwd>Tooth Movement Techniques</kwd>
        <kwd>Tooth Movement Techniques/adverse effects</kwd>
        <kwd>Tooth Movement Techniques/methods</kwd>
        <kwd>Vibration</kwd>
        <kwd>Vibration/therapeutic use</kwd>
      </kwd-group>
    </article-meta>
    <notes notes-type="status-note">
      <p>Edited (no change to conclusions)</p>
    </notes>
  </front>
</article>
</pmc-articleset>