<?xml version="1.0" ?>
<!DOCTYPE pmc-articleset PUBLIC "-//NLM//DTD ARTICLE SET 2.0//EN" "https://dtd.nlm.nih.gov/ncbi/pmc/articleset/nlm-articleset-2.0.dtd">
<pmc-articleset><article xmlns:xlink="http://www.w3.org/1999/xlink" xmlns:mml="http://www.w3.org/1998/Math/MathML" id="CD005033.pub2" article-type="systematic-review">
  <!--The publisher of this article does not allow downloading of the full text in XML form.-->
  <front>
    <journal-meta>
      <journal-id journal-id-type="nlm-ta">Cochrane Database Syst Rev</journal-id>
      <journal-id journal-id-type="iso-abbrev">Cochrane Database Syst Rev</journal-id>
      <journal-id journal-id-type="publisher-id">14651858</journal-id>
      <journal-id journal-id-type="doi">10.1002/14651858</journal-id>
      <journal-title-group>
        <journal-title>The Cochrane Database of Systematic Reviews</journal-title>
      </journal-title-group>
      <issn pub-type="epub">1469-493X</issn>
      <issn-l>1361-6137</issn-l>
      <publisher>
        <publisher-name>John Wiley &amp; Sons, Ltd</publisher-name>
        <publisher-loc>Chichester, UK</publisher-loc>
      </publisher>
    </journal-meta>
    <article-meta>
      <article-id pub-id-type="pmid">16437512</article-id>
      <article-id pub-id-type="pmc">6486137</article-id>
      <article-id pub-id-type="doi">10.1002/14651858.CD005033.pub2</article-id>
      <article-id pub-id-type="publisher-id">CD005033</article-id>
      <article-id pub-id-type="other">CD005033.pub2</article-id>
      <article-categories>
        <subj-group subj-group-type="heading">
          <subject>Medicine General &amp; Introductory Medical Sciences</subject>
        </subj-group>
      </article-categories>
      <title-group>
        <article-title>Perioperative blood transfusions and recurrence of colorectal cancer</article-title>
      </title-group>
      <contrib-group>
        <contrib id="d28e63" contrib-type="author" corresp="yes">
          <name>
            <surname>Amato</surname>
            <given-names>Antonino</given-names>
          </name>
          <address>
            <email>antonino.amato@sigma-tau.it</email>
            <email>Antonino.Amato@st-research.com</email>
          </address>
          <xref ref-type="aff" rid="CD005033-aff-0001"/>
        </contrib>
        <contrib id="d28e68" contrib-type="author">
          <name>
            <surname>Pescatori</surname>
            <given-names>Mario</given-names>
          </name>
          <xref ref-type="aff" rid="CD005033-aff-0002"/>
        </contrib>
      </contrib-group>
      <aff id="CD005033-aff-0001">
        <addr-line>Via Vallombrosa 26</addr-line>
        <city>Rome</city>
        <country>Italy</country>
        <postal-code>00135</postal-code>
      </aff>
      <aff id="CD005033-aff-0002">
        <institution>Catholic University</institution>
        <institution content-type="dept">Institute of Neurology</institution>
        <city>Rome</city>
        <country>Italy</country>
        <postal-code/>
      </aff>
      <author-notes>
        <fn>
          <p>Editorial Group: Cochrane Colorectal Cancer Group.</p>
        </fn>
      </author-notes>
      <pub-date pub-type="epub">
        <day>25</day>
        <month>1</month>
        <year>2006</year>
      </pub-date>
      <pub-date pub-type="collection">
        <month>1</month>
        <year>2006</year>
      </pub-date>
      <volume>2006</volume>
      <issue>1</issue>
      <elocation-id>CD005033</elocation-id>
      <history>
        <date date-type="previous-update" publication-format="electronic">
          <day>19</day>
          <month>04</month>
          <year>2004</year>
        </date>
      </history>
      <permissions>
        <copyright-statement>Copyright &#xA9; 2011 The Cochrane Collaboration. Published by John Wiley &amp; Sons, Ltd.</copyright-statement>
        <copyright-year>2011</copyright-year>
        <copyright-holder>The Cochrane Collaboration</copyright-holder>
      </permissions>
      <related-article related-article-type="updated-article" ext-link-type="doi" xlink:href="10.1002/14651858.CD005033" id="d28e112"/>
      <abstract>
        <sec>
          <title>Background</title>
          <p>The improvement of renal allograft survival by pre&#x2010;transplantation transfusions alerted to the potential detrimental effect of transfusions in cancer treatment.</p>
        </sec>
        <sec>
          <title>Objectives</title>
          <p>This meta&#x2010;analysis evaluates the role of perioperative blood transfusions (PBT) on colorectal cancer recurrence. This is accomplished by updating the results of a previously published meta&#x2010;analysis (Amato 2006) to December 2009.</p>
        </sec>
        <sec>
          <title>Search methods</title>
          <p>Papers were retrieved using Medline, EMBASE, the Cochrane Library, trials web&#x2010;based registries, or the CCG Database. The search strategy was: {colon OR rectal OR colorectal} WITH {cancer OR tumor OR neoplasm} AND transfusion. The publication bias was balanced by reviewing the proceedings of international congresses.</p>
        </sec>
        <sec>
          <title>Selection criteria</title>
          <p>Patients undergoing curative resection of colorectal cancer (classified either as Dukes stages A&#x2010;C, Astler&#x2010;Coller stages A&#x2010;C2, or TNM stages T1&#x2010;3a/N0&#x2010;1/M0) were included if they had received blood products within one month of surgery. Excluded were patients with distant metastases and studies with short follow&#x2010;up or no data.</p>
        </sec>
        <sec>
          <title>Data collection and analysis</title>
          <p>A specific form was used for data collection. Data was cross&#x2010;checked, using the most recent publication in case of repetitive ones. Papers' quality was evaluated using the method by Evans and Pollock. Odds ratios (OR, with 95% confidence intervals) were computed for each study, and pooled estimates were generated by RevMan (version 5). When available, data were stratified for risk factors of cancer recurrence.</p>
        </sec>
        <sec>
          <title>Main results</title>
          <p>Updating the previous review through December 2009 identified 41 additional papers, for a grand total of 278 references. Two&#x2010;hundred and fourty&#x2010;two of them were excluded because they analyzed survival (n=27), were repetitive (n=29), letters/reviews (n=71) or had no data (n=115). Thirty&#x2010;six studies on 12,127 patients remained included: 23 showed a detrimental effect of PBT; 22 used multivariable analyses, and 14 found an independent PBT effect. Pooled estimates of PBT effect on recurrence in randomised studies yielded an OR of 1.42 (95% CI, 1.20 to 1.67) against transfused patients. Stratified meta&#x2010;analyses confirmed these findings also by site and stage of disease, regardless of timing, type, and in a dose&#x2010;related fashion, although heterogeneity was detected. Data on surgical techniques was not available for further analysis.</p>
        </sec>
        <sec>
          <title>Authors' conclusions</title>
          <p>This updated meta&#x2010;analysis confirms the previous findings and supports the association of PBT on the recurrence of curable colorectal cancers. However, since heterogeneity was detected and the effect of surgical technique could not be assessed, a causal relationship cannot still be claimed. Carefully restricted indications for PBT seems necessary.</p>
        </sec>
      </abstract>
      <abstract abstract-type="short">
        <title>Does perioperative blood transfusion affect the recurrence rate of potentially curable operations for colorectal cancer?</title>
        <p>This review include 36 studies, identified from 278 references retrieved until December 2009, and report a moderate association between colorectal cancer recurrence and perioperative transfusions, with an OR of 1.42 (95% CI, 1.20 to 1.67). Similar estimates are present in several subgroup meta&#x2010;analyses, as well as in meta&#x2010;analyses stratified for known risk factors. These findings support carefully restricted indications for perioperative blood transfusions in colorectal cancer patients operated for cure, and continue to await the results of studies addressing the role of surgeon&#x2010;related risk factors on the need for transfusion and disease recurrence.</p>
      </abstract>
      <kwd-group kwd-group-type="mesh">
        <kwd>Humans</kwd>
        <kwd>Transfusion Reaction</kwd>
        <kwd>Colorectal Neoplasms</kwd>
        <kwd>Colorectal Neoplasms/etiology</kwd>
        <kwd>Colorectal Neoplasms/immunology</kwd>
        <kwd>Neoplasm Recurrence, Local</kwd>
        <kwd>Neoplasm Recurrence, Local/etiology</kwd>
        <kwd>Neoplasm Recurrence, Local/immunology</kwd>
      </kwd-group>
    </article-meta>
    <notes notes-type="status-note">
      <p>New search for studies and content updated (no change to conclusions)</p>
    </notes>
  </front>
</article>
</pmc-articleset>