<?xml version="1.0" ?>
<!DOCTYPE pmc-articleset PUBLIC "-//NLM//DTD ARTICLE SET 2.0//EN" "https://dtd.nlm.nih.gov/ncbi/pmc/articleset/nlm-articleset-2.0.dtd">
<pmc-articleset><article xmlns:xlink="http://www.w3.org/1999/xlink" xmlns:mml="http://www.w3.org/1998/Math/MathML" id="CD011680.pub2" article-type="systematic-review">
  <!--The publisher of this article does not allow downloading of the full text in XML form.-->
  <front>
    <journal-meta>
      <journal-id journal-id-type="nlm-ta">Cochrane Database Syst Rev</journal-id>
      <journal-id journal-id-type="iso-abbrev">Cochrane Database Syst Rev</journal-id>
      <journal-id journal-id-type="publisher-id">14651858</journal-id>
      <journal-id journal-id-type="doi">10.1002/14651858</journal-id>
      <journal-title-group>
        <journal-title>The Cochrane Database of Systematic Reviews</journal-title>
      </journal-title-group>
      <issn pub-type="epub">1469-493X</issn>
      <issn-l>1361-6137</issn-l>
      <publisher>
        <publisher-name>John Wiley &amp; Sons, Ltd</publisher-name>
        <publisher-loc>Chichester, UK</publisher-loc>
      </publisher>
    </journal-meta>
    <article-meta>
      <article-id pub-id-type="pmid">29851032</article-id>
      <article-id pub-id-type="pmc">6494525</article-id>
      <article-id pub-id-type="doi">10.1002/14651858.CD011680.pub2</article-id>
      <article-id pub-id-type="publisher-id">CD011680</article-id>
      <article-id pub-id-type="other">CD011680.pub2</article-id>
      <article-categories>
        <subj-group subj-group-type="heading">
          <subject>Medicine General &amp; Introductory Medical Sciences</subject>
        </subj-group>
      </article-categories>
      <title-group>
        <article-title>Interventions for necrotizing soft tissue infections in adults</article-title>
      </title-group>
      <contrib-group>
        <contrib id="d28e63" contrib-type="author" corresp="yes">
          <name>
            <surname>Hua</surname>
            <given-names>Camille</given-names>
          </name>
          <address>
            <email>Camille.hua@free.fr</email>
          </address>
          <xref ref-type="aff" rid="CD011680-aff-0001"/>
        </contrib>
        <contrib id="d28e68" contrib-type="author">
          <name>
            <surname>Bosc</surname>
            <given-names>Romain</given-names>
          </name>
          <xref ref-type="aff" rid="CD011680-aff-0002"/>
        </contrib>
        <contrib id="d28e73" contrib-type="author">
          <name>
            <surname>Sbidian</surname>
            <given-names>Emilie</given-names>
          </name>
          <xref ref-type="aff" rid="CD011680-aff-0001"/>
        </contrib>
        <contrib id="d28e78" contrib-type="author">
          <name>
            <surname>De Prost</surname>
            <given-names>Nicolas</given-names>
          </name>
          <xref ref-type="aff" rid="CD011680-aff-0003"/>
        </contrib>
        <contrib id="d28e83" contrib-type="author">
          <name>
            <surname>Hughes</surname>
            <given-names>Carolyn</given-names>
          </name>
          <xref ref-type="aff" rid="CD011680-aff-0004"/>
        </contrib>
        <contrib id="d28e88" contrib-type="author">
          <name>
            <surname>Jabre</surname>
            <given-names>Patricia</given-names>
          </name>
          <xref ref-type="aff" rid="CD011680-aff-0005 CD011680-aff-0006"/>
        </contrib>
        <contrib id="d28e93" contrib-type="author">
          <name>
            <surname>Chosidow</surname>
            <given-names>Olivier</given-names>
          </name>
          <xref ref-type="aff" rid="CD011680-aff-0001"/>
        </contrib>
        <contrib id="d28e98" contrib-type="author">
          <name>
            <surname>Le Cleach</surname>
            <given-names>Laurence</given-names>
          </name>
          <xref ref-type="aff" rid="CD011680-aff-0001"/>
        </contrib>
      </contrib-group>
      <aff id="CD011680-aff-0001">
        <institution>H&#xF4;pital Henri Mondor</institution>
        <institution content-type="dept">Department of Dermatology</institution>
        <addr-line>51 Avenue du Mar&#xE9;chal de Lattre de Tassigny</addr-line>
        <city>Cr&#xE9;teil</city>
        <country>France</country>
        <postal-code>94000</postal-code>
      </aff>
      <aff id="CD011680-aff-0002">
        <institution>H&#xF4;pital Henri Mondor</institution>
        <institution content-type="dept">Department of Plastic, Reconstructive and Aesthetic Surgery</institution>
        <addr-line>51 Avenue du Mar&#xE9;chal de Lattre de Tassigny</addr-line>
        <city>Cr&#xE9;teil</city>
        <country>France</country>
        <postal-code>94000</postal-code>
      </aff>
      <aff id="CD011680-aff-0003">
        <institution>H&#xF4;pital Henri Mondor</institution>
        <institution content-type="dept">Medical Intensive Care Unit</institution>
        <addr-line>51 Avenue du Mar&#xE9;chal de Lattre de Tassigny</addr-line>
        <city>Cr&#xE9;teil</city>
        <country>France</country>
        <postal-code>94000</postal-code>
      </aff>
      <aff id="CD011680-aff-0004">
        <institution>The University of Nottingham</institution>
        <institution content-type="dept">c/o Cochrane Skin Group</institution>
        <addr-line>A103, King's Meadow CampusLenton Lane</addr-line>
        <city>Nottingham</city>
        <country>UK</country>
        <postal-code>NG7 2NR</postal-code>
      </aff>
      <aff id="CD011680-aff-0005">
        <institution>H&#xF4;pital Universitaire Necker&#x2010;Enfants Malades</institution>
        <institution content-type="dept">Assistance Publique&#x2010;H&#xF4;pitaux de Paris (AP&#x2010;HP), SAMU (Service d'Aide M&#xE9;dicale Urgente) de Paris</institution>
        <addr-line>149 Rue de S&#xE8;vres</addr-line>
        <city>Paris</city>
        <country>France</country>
        <postal-code>75015</postal-code>
      </aff>
      <aff id="CD011680-aff-0006">
        <institution content-type="dept">Institut national de la sant&#xE9; et de la recherche m&#xE9;dicale (Inserm) U970, Paris&#x2010;Centre de recherche Cardiovasculaire (PARCC), Universit&#xE9; Paris Descartes</institution>
        <city>Paris</city>
        <country>France</country>
        <postal-code/>
      </aff>
      <author-notes>
        <fn>
          <p>Editorial Group: Cochrane Skin Group.</p>
        </fn>
      </author-notes>
      <pub-date pub-type="epub">
        <day>31</day>
        <month>5</month>
        <year>2018</year>
      </pub-date>
      <pub-date pub-type="collection">
        <month>5</month>
        <year>2018</year>
      </pub-date>
      <pub-date pub-type="update">
        <day>30</day>
        <month>05</month>
        <year>2018</year>
      </pub-date>
      <volume>2018</volume>
      <issue>5</issue>
      <elocation-id>CD011680</elocation-id>
      <history>
        <date date-type="previous-update" publication-format="electronic">
          <day>29</day>
          <month>04</month>
          <year>2015</year>
        </date>
      </history>
      <permissions>
        <copyright-statement>Copyright &#xA9; 2018 The Cochrane Collaboration. Published by John Wiley &amp; Sons, Ltd.</copyright-statement>
        <copyright-year>2018</copyright-year>
        <copyright-holder>The Cochrane Collaboration</copyright-holder>
      </permissions>
      <related-article related-article-type="updated-article" ext-link-type="doi" xlink:href="10.1002/14651858.CD011680" id="d28e211"/>
      <abstract>
        <sec>
          <title>Background</title>
          <p>Necrotizing soft tissue infections (NSTIs) are severe and rapidly spreading soft tissue infections of the subcutaneous tissue, fascia, or muscle, which are mostly caused by bacteria. Associated rates of mortality and morbidity are high, with the former estimated at around 23%, and disability, sequelae, and limb loss occurring in 15% of patients. Standard management includes intravenous empiric antimicrobial therapy, early surgical debridement of necrotic tissues, intensive care support, and adjuvant therapies such as intravenous immunoglobulin (IVIG).</p>
        </sec>
        <sec>
          <title>Objectives</title>
          <p>To assess the effects of medical and surgical treatments for necrotizing soft tissue infections (NSTIs) in adults in hospital settings.</p>
        </sec>
        <sec>
          <title>Search methods</title>
          <p>We searched the following databases up to April 2018: the Cochrane Skin Group Specialised Register, CENTRAL, MEDLINE, Embase, and LILACS. We also searched five trials registers, pharmaceutical company trial results databases, and the US Food and Drug Administration and the European Medicines Agency websites. We checked the reference lists of included studies and reviews for further references to relevant randomised controlled trials (RCTs).</p>
        </sec>
        <sec>
          <title>Selection criteria</title>
          <p>RCTs conducted in hospital settings, that evaluated any medical or surgical treatment for adults with NSTI were eligible for inclusion. Eligible medical treatments included 1) comparisons between different antimicrobials or with placebo; 2) adjuvant therapies such as intravenous immunoglobulin (IGIV) therapy compared with placebo; no treatment; or other adjuvant therapies. Eligible surgical treatments included surgical debridement compared with amputation, immediate versus delayed intervention, or comparisons of number of interventions.</p>
          <p>RCTs of hyperbaric oxygen (HBO) therapy for NSTI were ineligible because HBO is the focus of another Cochrane Review.</p>
        </sec>
        <sec>
          <title>Data collection and analysis</title>
          <p>We used standard methodological procedures expected by Cochrane. The primary outcome measures were 1) mortality within 30 days, and 2) proportion of participants who experience a serious adverse event. Secondary outcomes were 1) survival time, and 2) assessment of long&#x2010;term morbidity. We used GRADE to assess the quality of the evidence for each outcome.</p>
        </sec>
        <sec>
          <title>Main results</title>
          <p>We included three trials randomising 197 participants (62% men) who had a mean age of 55 years. One trial compared two antibiotic treatments, and two trials compared adjuvant therapies with placebo. In all trials, participants concomitantly received standard interventions, such as intravenous empiric antimicrobial therapy, surgical debridement of necrotic tissues, intensive care support, and adjuvant therapies. All trials were at risk of attrition bias and one trial was not blinded.</p>
          <p>
            <italic>
              <bold>Moxifloxacin versus amoxicillin&#x2010;clavulanate</bold>
            </italic>
          </p>
          <p>One trial included 54 participants who had a NSTI; it compared a third&#x2010;generation quinolone, moxifloxacin, at a dose of 400 mg given once daily, against a penicillin, amoxicillin&#x2010;clavulanate, at a dose of 3 g given three times daily for at least three days, followed by 1.5 g three times daily. Duration of treatment varied from 7 to 21 days. We are uncertain of the effects of these treatments on mortality within 30 days (risk ratio (RR) 3.00, 95% confidence interval (CI) 0.39 to 23.07) and serious adverse events at 28 days (RR 0.63, 95% CI 0.30 to 1.31) because the quality of the evidence is very low.</p>
          <p>
            <italic>
              <bold>AB103 versus placebo</bold>
            </italic>
          </p>
          <p>One trial of 43 randomised participants compared two doses, 0.5 mg/kg and 0.25 mg/kg, of an adjuvant drug, a CD28 antagonist receptor (AB103), with placebo. Treatment was given via infusion pump for 10 minutes before, after, or during surgery within six hours after the diagnosis of NSTI. We are uncertain of the effects of AB103 on mortality rate within 30 days (RR of 0.34, 95% CI 0.05 to 2.16) and serious adverse events measured at 28 days (RR 1.49, 95% CI 0.52 to 4.27) because the quality of the evidence is very low.</p>
          <p>
            <italic>
              <bold>Intravenous immunoglobulin (IVIG) versus placebo</bold>
            </italic>
          </p>
          <p>One trial of 100 randomised participants assessed IVIG as an adjuvant drug, given at a dose of 25 g/day, compared with placebo, given for three consecutive days. There may be no clear difference between IVIG and placebo in terms of mortality within 30 days (RR 1.17, 95% CI 0.42 to 3.23) (low&#x2010;certainty evidence), nor serious adverse events experienced in the intensive care unit (ICU) (RR 0.73 CI 95% 0.32 to 1.65) (low&#x2010;certainty evidence).</p>
          <p>Serious adverse events were only described in one RCT (the IVIG versus placebo trial) and included acute kidney injury, allergic reactions, aseptic meningitis syndrome, haemolytic anaemia, thrombi, and transmissible agents.</p>
          <p>Only one trial reported assessment of long&#x2010;term morbidity, but the outcome was not defined in the way we prespecified in our protocol. The trial used the Short Form Health Survey (SF36). Data on survival time were provided upon request for the trials comparing amoxicillin&#x2010;clavulanate versus moxifloxacin and IVIG versus placebo. However, even with data provided, it was not possible to perform survival analysis.</p>
        </sec>
        <sec>
          <title>Authors' conclusions</title>
          <p>We found very little evidence on the effects of medical and surgical treatments for NSTI. We cannot draw conclusions regarding the relative effects of any of the interventions on 30&#x2010;day mortality or serious adverse events due to the very low quality of the evidence.</p>
          <p>The quality of the evidence is limited by the very small number of trials, the small sample sizes, and the risks of bias in the included trials. It is important for future trials to clearly define their inclusion criteria, which will help with the applicability of future trial results to a real&#x2010;life population.</p>
          <p>Management of NSTI participants (critically&#x2010;ill participants) is complex, involving multiple interventions; thus, observational studies and prospective registries might be a better foundation for future research, which should assess empiric antimicrobial therapy, as well as surgical debridement, along with the placebo&#x2010;controlled comparison of adjuvant therapy. Key outcomes to assess include mortality (in the acute phase of the condition) and long&#x2010;term functional outcomes, e.g. quality of life (in the chronic phase).</p>
        </sec>
      </abstract>
      <abstract abstract-type="short">
        <title>Treatments for necrotizing (i.e. destructive) soft tissue infections in adults</title>
        <p>
          <bold>What is the aim of this Cochrane Review?</bold>
        </p>
        <p>We wanted to find out which medicines and surgical treatments are effective and safe for treating necrotizing soft tissue infections (NSTI). NSTI are serious infections of the tissues underneath the skin, mostly caused by bacteria.</p>
        <p>
          <bold>Key messages</bold>
        </p>
        <p>The available evidence from three studies is not strong enough to enable us to draw definite conclusions about the effectiveness and safety of the different treatments for NSTI assessed in this review. All studies assessed number of deaths and risk of serious side effects.</p>
        <p>Factors affecting our confidence in the results included the following:</p>
        <p>&#x2010; the small number of trials and participants; &#x2010; weaknesses in the trial methodologies which affect the reliability of results; and &#x2010; poor definition of the participants&#x2019; condition.</p>
        <p>We found no evidence that assessed antimicrobial therapy (which targets a wide range of disease&#x2010;causing bacteria and fungi) or surgical removal of damaged tissue.</p>
        <p>In future studies, risk of death should be a key outcome in the short term (i.e. within 30 days) phase of the condition, and outcomes such as loss of work and quality of life should be assessed in the long&#x2010;term phase (after 30 days).</p>
        <p>
          <bold>What was studied in the review?</bold>
        </p>
        <p>We included people with NSTI. These types of infections are rare, but can become life&#x2010;threatening if left untreated, or result in amputation. NSTIs need emergency treatment, usually with antibiotics and surgical removal of the infected tissue.</p>
        <p>We searched for studies that assessed treatments for diagnosed NSTI in hospitalised adults. This included:</p>
        <p>&#x2010; surgical treatments: surgical removal of damaged tissue compared with amputation, immediate versus delayed treatment, or comparison of a number of treatments; &#x2010; antimicrobial medicines &#x2010; which kill bacteria and fungi &#x2010; compared with placebo (i.e. an identical but inactive treatment), or each other; &#x2010; medicines given as add&#x2010;on therapies in addition to the primary treatment (adjuvant therapies) compared with placebo, no treatment, or other adjuvant therapies.</p>
        <p>Our main outcomes of interest were death within 30 days, and any serious treatment side effects.</p>
        <p>
          <bold>What are the main results of the review?</bold>
        </p>
        <p>We found three studies, which enrolled 197 adults (117 men, average age = 55). The trials were conducted worldwide, funded by pharmaceutical companies; they assessed antimicrobial therapy or treatments that control the immune system.</p>
        <p>One study compared two antibiotics: moxifloxacin and amoxicillin&#x2010;clavulanate, administered directly into a vein for seven to 21 days. It found no clear difference between the treatment groups in terms of number of deaths within 30 days, but we are uncertain about this result because it is based on very low&#x2010;certainty evidence.</p>
        <p>One study compared placebo with a new type of treatment that controls immune response (called AB103) given in a single dose (of either 0.5 mg/kg or 0.25 mg/kg), administered directly into a vein. Participants also received standard treatment for NSTI based on antibiotics and surgical treatment, so AB103 was given as an adjuvant therapy. There was no clear difference between the treatment groups in terms of number of deaths within 30 days, but we are uncertain about this conclusion because it is based on very low&#x2010;certainty evidence.</p>
        <p>One study compared injections of immunoglobulin (an antibody, part of the body&#x2019;s immune system) with placebo. Both treatments were given for three consecutive days. Participants also received standard treatment for NSTI based on antibiotics and surgical treatment, thus immunoglobulin was given as an adjuvant therapy. There was no clear difference between the treatment groups in terms of the number of deaths within 30 days (low&#x2010;certainty evidence).</p>
        <p>No study showed any clear difference between treatments in terms of serious side effects, but the evidence is not strong enough to confirm this. The immunoglobulin study listed the side effects encountered, which included kidney injury, allergic reactions, meningitis, blood clots, and infectious agents (low&#x2010;certainty evidence).</p>
        <p>Only one trial reported assessment of long&#x2010;term illness but it was not defined as we had required in our in the protocol (the trial used another scale: the Short Form Health Survey (SF36). Survival time was reported in two trials (but not enough data were provided to analyse these results).</p>
        <p>
          <bold>How up&#x2010;to&#x2010;date is this review?</bold>
        </p>
        <p>We searched for studies published up to April 2018.</p>
      </abstract>
      <kwd-group kwd-group-type="mesh">
        <kwd>Adult</kwd>
        <kwd>Female</kwd>
        <kwd>Humans</kwd>
        <kwd>Male</kwd>
        <kwd>Middle Aged</kwd>
        <kwd>Amoxicillin&#x2010;Potassium Clavulanate Combination</kwd>
        <kwd>Anti&#x2010;Bacterial Agents</kwd>
        <kwd>Anti&#x2010;Bacterial Agents/therapeutic use</kwd>
        <kwd>CD28 Antigens</kwd>
        <kwd>CD28 Antigens/therapeutic use</kwd>
        <kwd>Critical Care</kwd>
        <kwd>Debridement</kwd>
        <kwd>Fluoroquinolones</kwd>
        <kwd>Fluoroquinolones/therapeutic use</kwd>
        <kwd>Immunoglobulins, Intravenous</kwd>
        <kwd>Immunoglobulins, Intravenous/therapeutic use</kwd>
        <kwd>Randomized Controlled Trials as Topic</kwd>
        <kwd>Soft Tissue Infections</kwd>
        <kwd>Soft Tissue Infections/complications</kwd>
        <kwd>Soft Tissue Infections/therapy</kwd>
      </kwd-group>
    </article-meta>
    <notes notes-type="status-note">
      <p>New</p>
    </notes>
  </front>
</article>
</pmc-articleset>