<?xml version="1.0" ?>
<!DOCTYPE pmc-articleset PUBLIC "-//NLM//DTD ARTICLE SET 2.0//EN" "https://dtd.nlm.nih.gov/ncbi/pmc/articleset/nlm-articleset-2.0.dtd">
<pmc-articleset><article xmlns:xlink="http://www.w3.org/1999/xlink" xmlns:mml="http://www.w3.org/1998/Math/MathML" id="CD011967.pub2" article-type="systematic-review">
  <!--The publisher of this article does not allow downloading of the full text in XML form.-->
  <front>
    <journal-meta>
      <journal-id journal-id-type="nlm-ta">Cochrane Database Syst Rev</journal-id>
      <journal-id journal-id-type="iso-abbrev">Cochrane Database Syst Rev</journal-id>
      <journal-id journal-id-type="publisher-id">14651858</journal-id>
      <journal-id journal-id-type="doi">10.1002/14651858</journal-id>
      <journal-title-group>
        <journal-title>The Cochrane Database of Systematic Reviews</journal-title>
      </journal-title-group>
      <issn pub-type="epub">1469-493X</issn>
      <issn-l>1361-6137</issn-l>
      <publisher>
        <publisher-name>John Wiley &amp; Sons, Ltd</publisher-name>
        <publisher-loc>Chichester, UK</publisher-loc>
      </publisher>
    </journal-meta>
    <article-meta>
      <article-id pub-id-type="pmid">28120427</article-id>
      <article-id pub-id-type="pmc">6464763</article-id>
      <article-id pub-id-type="doi">10.1002/14651858.CD011967.pub2</article-id>
      <article-id pub-id-type="publisher-id">CD011967</article-id>
      <article-id pub-id-type="other">CD011967.pub2</article-id>
      <article-categories>
        <subj-group subj-group-type="heading">
          <subject>Medicine General &amp; Introductory Medical Sciences</subject>
        </subj-group>
      </article-categories>
      <title-group>
        <article-title>Oral anti&#x2010;diabetic pharmacological therapies for the treatment of women with gestational diabetes</article-title>
      </title-group>
      <contrib-group>
        <contrib id="d28e63" contrib-type="author" corresp="yes">
          <name>
            <surname>Brown</surname>
            <given-names>Julie</given-names>
          </name>
          <address>
            <email>j.brown@auckland.ac.nz</email>
          </address>
          <xref ref-type="aff" rid="CD011967-aff-0001"/>
        </contrib>
        <contrib id="d28e68" contrib-type="author">
          <name>
            <surname>Martis</surname>
            <given-names>Ruth</given-names>
          </name>
          <xref ref-type="aff" rid="CD011967-aff-0001"/>
        </contrib>
        <contrib id="d28e73" contrib-type="author">
          <name>
            <surname>Hughes</surname>
            <given-names>Brenda</given-names>
          </name>
          <xref ref-type="aff" rid="CD011967-aff-0002"/>
        </contrib>
        <contrib id="d28e78" contrib-type="author">
          <name>
            <surname>Rowan</surname>
            <given-names>Janet</given-names>
          </name>
          <xref ref-type="aff" rid="CD011967-aff-0003"/>
        </contrib>
        <contrib id="d28e83" contrib-type="author">
          <name>
            <surname>Crowther</surname>
            <given-names>Caroline A</given-names>
          </name>
          <xref ref-type="aff" rid="CD011967-aff-0001 CD011967-aff-0004"/>
        </contrib>
      </contrib-group>
      <aff id="CD011967-aff-0001">
        <institution>The University of Auckland</institution>
        <institution content-type="dept">Liggins Institute</institution>
        <addr-line>Park RdGrafton</addr-line>
        <city>Auckland</city>
        <country>New Zealand</country>
        <postal-code>1142</postal-code>
      </aff>
      <aff id="CD011967-aff-0002">
        <institution>Auckland City Hospital</institution>
        <institution content-type="dept">Pharmacy</institution>
        <city>Auckland</city>
        <country>New Zealand</country>
        <postal-code/>
      </aff>
      <aff id="CD011967-aff-0003">
        <institution>National Women's Health</institution>
        <addr-line>Private Bag 92024</addr-line>
        <city>Auckland</city>
        <country>New Zealand</country>
        <postal-code>1003</postal-code>
      </aff>
      <aff id="CD011967-aff-0004">
        <institution>The University of Adelaide</institution>
        <institution content-type="dept">ARCH: Australian Research Centre for Health of Women and Babies, Robinson Research Institute, Discipline of Obstetrics and Gynaecology</institution>
        <addr-line>Women's and Children's Hospital72 King William Road</addr-line>
        <city>Adelaide</city>
        <country>Australia</country>
        <postal-code>5006</postal-code>
      </aff>
      <author-notes>
        <fn>
          <p>Editorial Group: Cochrane Pregnancy and Childbirth Group.</p>
        </fn>
      </author-notes>
      <pub-date pub-type="epub">
        <day>25</day>
        <month>1</month>
        <year>2017</year>
      </pub-date>
      <pub-date pub-type="collection">
        <month>1</month>
        <year>2017</year>
      </pub-date>
      <pub-date pub-type="update">
        <day>20</day>
        <month>01</month>
        <year>2017</year>
      </pub-date>
      <volume>2017</volume>
      <issue>1</issue>
      <elocation-id>CD011967</elocation-id>
      <history>
        <date date-type="previous-update" publication-format="electronic">
          <day>24</day>
          <month>11</month>
          <year>2015</year>
        </date>
        <date date-type="cl-record-assessed-up-to-date">
          <day>14</day>
          <month>05</month>
          <year>2016</year>
        </date>
      </history>
      <permissions>
        <copyright-statement>Copyright &#xA9; 2017 The Cochrane Collaboration. Published by John Wiley &amp; Sons, Ltd.</copyright-statement>
        <copyright-year>2017</copyright-year>
        <copyright-holder>The Cochrane Collaboration</copyright-holder>
      </permissions>
      <related-article related-article-type="updated-article" ext-link-type="doi" xlink:href="10.1002/14651858.CD011967" id="d28e172"/>
      <abstract>
        <sec>
          <title>Background</title>
          <p>Gestational diabetes mellitus (GDM) is a major public health issue with rates increasing globally. Gestational diabetes, glucose intolerance first recognised during pregnancy, usually resolves after birth and is associated with short&#x2010; and long&#x2010;term complications for the mother and her infant. Treatment options can include oral anti&#x2010;diabetic pharmacological therapies.</p>
        </sec>
        <sec>
          <title>Objectives</title>
          <p>To evaluate the effects of oral anti&#x2010;diabetic pharmacological therapies for treating women with GDM.</p>
        </sec>
        <sec>
          <title>Search methods</title>
          <p>We searched Cochrane Pregnancy and Childbirth's Trials Register (14 May 2016), <uri>ClinicalTrials.gov</uri>, <uri>WHO ICTRP</uri> (14 May 2016) and reference lists of retrieved studies.</p>
        </sec>
        <sec>
          <title>Selection criteria</title>
          <p>We included published and unpublished randomised controlled trials assessing the effects of oral anti&#x2010;diabetic pharmacological therapies for treating pregnant women with GDM. We included studies comparing oral anti&#x2010;diabetic pharmacological therapies with 1) placebo/standard care, 2) another oral anti&#x2010;diabetic pharmacological therapy, 3) combined oral anti&#x2010;diabetic pharmacological therapies. Trials using insulin as the comparator were excluded as they are the subject of a separate Cochrane systematic review.</p>
          <p>Women with pre&#x2010;existing type 1 or type 2 diabetes were excluded.</p>
        </sec>
        <sec>
          <title>Data collection and analysis</title>
          <p>Two review authors independently assessed trials for inclusion and trial quality. Two review authors independently extracted data and data were checked for accuracy.</p>
        </sec>
        <sec>
          <title>Main results</title>
          <p>We included 11 studies (19 publications) (1487 women and their babies). Eight studies had data that could be included in meta&#x2010;analyses. Studies were conducted in Brazil, India, Israel, UK, South Africa and USA. The studies varied in diagnostic criteria and treatment targets for glycaemic control for GDM. The overall risk of bias was 'unclear' due to inadequate reporting of methodology. Using GRADE the quality of the evidence ranged from moderate to very low quality<italic>.</italic> Evidence was downgraded for risk of bias (reporting bias, lack of blinding), inconsistency, indirectness, imprecision and for oral anti&#x2010;diabetic therapy versus placebo for generalisability.</p>
          <p>
            <bold>Oral anti&#x2010;diabetic pharmacological therapies versus placebo/standard care</bold>
          </p>
          <p>There was no evidence of a difference between glibenclamide and placebo groups for hypertensive disorders of pregnancy (risk ratio (RR) 1.24, 95% confidence interval (CI) 0.81 to 1.90; one study, 375 women, very low&#x2010;quality evidence), birth by caesarean section (RR 1.03, 95% CI 0.79 to 1.34; one study, 375 women, very low&#x2010;quality evidence), perineal trauma (RR 0.98, 95% CI 0.06 to 15.62; one study, 375 women, very low&#x2010;quality evidence) or induction of labour (RR 1.18, 95% CI 0.79 to 1.76; one study, 375 women; very low&#x2010;quality evidence). No data were reported for development of type 2 diabetes or other pre&#x2010;specified GRADE maternal outcomes (return to pre&#x2010;pregnancy weight, postnatal depression). For the infant, there was no evidence of a difference in the risk of being born large&#x2010;for&#x2010;gestational age (LGA) between infants whose mothers had been treated with glibenclamide and those in the placebo group (RR 0.89, 95% CI 0.51 to 1.58; one study, 375, low&#x2010;quality evidence). No data were reported for other infant primary or GRADE outcomes (perinatal mortality, death or serious morbidity composite, neurosensory disability in later childhood, neonatal hypoglycaemia, adiposity, diabetes).</p>
          <p>
            <bold>Metformin versus glibenclamide</bold>
          </p>
          <p>There was no evidence of a difference between metformin&#x2010; and glibenclamide&#x2010;treated groups for the risk of hypertensive disorders of pregnancy (RR 0.70, 95% CI 0.38 to 1.30; three studies, 508 women, moderate&#x2010;quality evidence), birth by caesarean section (average RR 1.20, 95% CI 1.20; 95% CI 0.83 to 1.72, four studies, 554 women, I<sup>2</sup> = 61%, Tau<sup>2</sup> = 0.07 low&#x2010;quality evidence), induction of labour (0.81, 95% CI 0.61 to 1.07; one study, 159 women; low&#x2010;quality evidence) or perineal trauma (RR 1.67, 95% CI 0.22 to 12.52; two studies, 158 women; low&#x2010;quality evidence). No data were reported for development of type 2 diabetes or other pre&#x2010;specified GRADE maternal outcomes (return to pre&#x2010;pregnancy weight, postnatal depression). For the infant there was no evidence of a difference between the metformin&#x2010; and glibenclamide&#x2010;exposed groups for the risk of being born LGA (average RR 0.67, 95% CI 0.24 to 1.83; two studies, 246 infants, I<sup>2</sup> = 54%, Tau<sup>2</sup> = 0.30 low&#x2010;quality evidence). Metformin was associated with a decrease in a death or serious morbidity composite (RR 0.54, 95% CI 0.31 to 0.94; one study, 159 infants, low&#x2010;quality evidence). There was no clear difference between groups for neonatal hypoglycaemia (RR 0.86, 95% CI 0.42 to 1.77; four studies, 554 infants, low&#x2010;quality evidence) or perinatal mortality (RR 0.92, 95% CI 0.06 to 14.55, two studies, 359 infants). No data were reported for neurosensory disability in later childhood or for adiposity or diabetes.</p>
          <p>
            <bold>Glibenclamide versus acarbose</bold>
          </p>
          <p>There was no evidence of a difference between glibenclamide and acarbose from one study (43 women) for any of their maternal or infant primary outcomes (caesarean section, RR 0.95, 95% CI 0.53 to 1.70; low&#x2010;quality evidence; perinatal mortality &#x2010; no events; low&#x2010;quality evidence; LGA , RR 2.38, 95% CI 0.54 to 10.46; low&#x2010;quality evidence). There was no evidence of a difference between glibenclamide and acarbose for neonatal hypoglycaemia (RR 6.33, 95% CI 0.87 to 46.32; low&#x2010;quality evidence). There were no data reported for other pre&#x2010;specified GRADE or primary maternal outcomes (hypertensive disorders of pregnancy, development of type 2 diabetes, perineal trauma, return to pre&#x2010;pregnancy weight, postnatal depression, induction of labour) or neonatal outcomes (death or serious morbidity composite, adiposity or diabetes).</p>
        </sec>
        <sec>
          <title>Authors' conclusions</title>
          <p>There were insufficient data comparing oral anti&#x2010;diabetic pharmacological therapies with placebo/standard care (lifestyle advice) to inform clinical practice. There was insufficient high&#x2010;quality evidence to be able to draw any meaningful conclusions as to the benefits of one oral anti&#x2010;diabetic pharmacological therapy over another due to limited reporting of data for the primary and secondary outcomes in this review. Short&#x2010; and long&#x2010;term clinical outcomes for this review were inadequately reported or not reported. Current choice of oral anti&#x2010;diabetic pharmacological therapy appears to be based on clinical preference, availability and national clinical practice guidelines.</p>
          <p>The benefits and potential harms of one oral anti&#x2010;diabetic pharmacological therapy compared with another, or compared with placebo/standard care remains unclear and requires further research. Future trials should attempt to report on the core outcomes suggested in this review, in particular long&#x2010;term outcomes for the woman and the infant that have been poorly reported to date, women's experiences and cost benefit.</p>
        </sec>
      </abstract>
      <abstract abstract-type="short">
        <title>Oral medication for the treatment of women with gestational diabetes</title>
        <p>
          <bold>What is the issue?</bold>
        </p>
        <p>Globally the number of women being diagnosed with gestational diabetes mellitus (GDM) is increasing. GDM is an intolerance to glucose leading to high blood sugars, first recognised during pregnancy and usually resolving after birth. Standard care involves lifestyle advice on diet and exercise. Treatment for some women includes oral anti&#x2010;diabetic medications, such as metformin and glibenclamide, which are an alternative to, or can be used alongside, insulin to control the blood sugar. This review aimed to investigate benefits of taking oral medication to treat GDM in pregnant women. Another Cochrane Review compares the effects of insulin with oral anti&#x2010;diabetic pharmacological therapies <italic>(</italic><uri>Brown 2016</uri>).</p>
        <p>
          <bold>Why is this important?</bold>
        </p>
        <p>Women diagnosed with GDM are at a greater risk of experiencing complications such as high blood pressure during pregnancy and at birth. They have an increased risk of developing diabetes later in life. The babies of women who have been diagnosed with GDM can be larger than normal and this can cause injuries to the mother and the baby at birth. The birth is more likely to be induced or the baby born by caesarean section. These babies are at risk of developing diabetes as children or young adults. Finding the best medications to treat the women and prevent the complications that are linked to GDM is therefore important.</p>
        <p>
          <bold>What evidence did we find?</bold>
        </p>
        <p>We searched for studies on 14 May 2016. We included 11 randomised controlled trials involving 1487 mothers and their babies (but only eight trials contributed data to our analyses). The evidence was limited by the quality and number of studies and we advise caution when looking at the results.</p>
        <p>The criteria for diagnosis of GDM and treatment targets varied between studies, and each outcome is based on few studies with low numbers of women. Three studies compared oral medication with placebo/standard care but the following findings are from a single study (375 women). The quality of the evidence was very low or low. We found no differences between the oral medication and placebo group for the risk of high blood pressure, birth by caesarean section, induction of labour or perineal trauma. The number of babies born large&#x2010;for&#x2010;gestational age, with low blood sugars or dying at birth was not clearly different between the groups. Two studies (434 women) reported no difference in the need for insulin between the oral medication and placebo group.</p>
        <p>Six studies compared metformin with glibenclamide. The quality of the evidence was very low to moderate. We found no difference between metformin and glibenclamide for the risk of high blood pressure (three studies, 508 women, moderate&#x2010;quality evidence), birth by caesarean section (four studies, 554 women, low&#x2010;quality evidence), perineal trauma (two studies, 308 women, low&#x2010;quality evidence) or induction of labour (one study, 159 women, low&#x2010;quality evidence). We found no difference between metformin and glibenclamide for the baby having low blood sugars (four studies, 554 infants, low&#x2010;quality evidence), being born large&#x2010;for&#x2010;gestational age (two studies, 246 infants) or dying at birth (all low&#x2010; or very low&#x2010;quality evidence). In one study, the babies of the mothers taking metformin were at reduced risk of having any serious outcome (low blood sugar, jaundice, being born large, breathing problems, injury at birth or death combined) (low&#x2010;quality evidence). One small study (43 women) comparing glibenclamide with acarbose reported no differences in outcomes for mothers or their babies.</p>
        <p>None of the included studies provided any data on many of the outcomes pre&#x2010;specified in this review, including long&#x2010;term outcomes for the mother or for the baby as a child or an adult.</p>
        <p>
          <bold>What does this mean?</bold>
        </p>
        <p>There is not enough high&#x2010;quality evidence available to guide us on if oral medication has better outcomes for women with gestational diabetes, and their babies, compared with a placebo or if one oral medication has better health outcomes than another oral medication. Because we are still unclear, further research is needed. Future studies should be encouraged to report on the outcomes suggested in this review and in particular the long&#x2010;term outcomes for the woman and the infant that have been poorly reported to date.</p>
      </abstract>
      <kwd-group kwd-group-type="mesh">
        <kwd>Female</kwd>
        <kwd>Humans</kwd>
        <kwd>Pregnancy</kwd>
        <kwd>Acarbose</kwd>
        <kwd>Acarbose/administration &amp; dosage</kwd>
        <kwd>Administration, Oral</kwd>
        <kwd>Diabetes, Gestational</kwd>
        <kwd>Diabetes, Gestational/drug therapy</kwd>
        <kwd>Glyburide</kwd>
        <kwd>Glyburide/administration &amp; dosage</kwd>
        <kwd>Hypoglycemia</kwd>
        <kwd>Hypoglycemia/chemically induced</kwd>
        <kwd>Hypoglycemia/prevention &amp; control</kwd>
        <kwd>Hypoglycemic Agents</kwd>
        <kwd>Hypoglycemic Agents/administration &amp; dosage</kwd>
        <kwd>Hypoglycemic Agents/adverse effects</kwd>
        <kwd>Metformin</kwd>
        <kwd>Metformin/administration &amp; dosage</kwd>
        <kwd>Randomized Controlled Trials as Topic</kwd>
        <kwd>Tolbutamide</kwd>
        <kwd>Tolbutamide/administration &amp; dosage</kwd>
      </kwd-group>
    </article-meta>
    <notes notes-type="status-note">
      <p>New</p>
    </notes>
  </front>
</article>
</pmc-articleset>