<?xml version="1.0" ?>
<!DOCTYPE pmc-articleset PUBLIC "-//NLM//DTD ARTICLE SET 2.0//EN" "https://dtd.nlm.nih.gov/ncbi/pmc/articleset/nlm-articleset-2.0.dtd">
<pmc-articleset><article xmlns:xlink="http://www.w3.org/1999/xlink" xmlns:mml="http://www.w3.org/1998/Math/MathML" id="CD001703.pub3" article-type="systematic-review">
  <!--The publisher of this article does not allow downloading of the full text in XML form.-->
  <front>
    <journal-meta>
      <journal-id journal-id-type="nlm-ta">Cochrane Database Syst Rev</journal-id>
      <journal-id journal-id-type="iso-abbrev">Cochrane Database Syst Rev</journal-id>
      <journal-id journal-id-type="publisher-id">14651858</journal-id>
      <journal-id journal-id-type="doi">10.1002/14651858</journal-id>
      <journal-title-group>
        <journal-title>The Cochrane Database of Systematic Reviews</journal-title>
      </journal-title-group>
      <issn pub-type="epub">1469-493X</issn>
      <issn-l>1361-6137</issn-l>
      <publisher>
        <publisher-name>John Wiley &amp; Sons, Ltd</publisher-name>
        <publisher-loc>Chichester, UK</publisher-loc>
      </publisher>
    </journal-meta>
    <article-meta>
      <article-id pub-id-type="pmid">18253994</article-id>
      <article-id pub-id-type="pmc">7025781</article-id>
      <article-id pub-id-type="doi">10.1002/14651858.CD001703.pub3</article-id>
      <article-id pub-id-type="publisher-id">CD001703.pub3</article-id>
      <article-id pub-id-type="other">CD001703</article-id>
      <article-categories>
        <subj-group>
          <subject>Population</subject>
          <subject>Target condition</subject>
          <subject>Review Type</subject>
          <subject>Intervention</subject>
          <subject>Orthopaedics &amp; trauma</subject>
          <subject>Rheumatology</subject>
        </subj-group>
      </article-categories>
      <title-group>
        <article-title>Antidepressants for non&#x2010;specific low back pain</article-title>
      </title-group>
      <contrib-group>
        <contrib id="d20e204" contrib-type="author" corresp="yes">
          <name>
            <surname>Urquhart</surname>
            <given-names>Donna M</given-names>
          </name>
          <address>
            <email>Donna.Urquhart@med.monash.edu.au</email>
          </address>
          <xref ref-type="aff" rid="CD001703-aff-0001"/>
        </contrib>
        <contrib id="d20e208" contrib-type="author">
          <name>
            <surname>Hoving</surname>
            <given-names>Jan L</given-names>
          </name>
          <xref ref-type="aff" rid="CD001703-aff-0002"/>
        </contrib>
        <contrib id="d20e212" contrib-type="author">
          <name>
            <surname>Assendelft</surname>
            <given-names>Willem JJ</given-names>
          </name>
          <xref ref-type="aff" rid="CD001703-aff-0003"/>
        </contrib>
        <contrib id="d20e216" contrib-type="author">
          <name>
            <surname>Roland</surname>
            <given-names>Martin</given-names>
          </name>
          <xref ref-type="aff" rid="CD001703-aff-0004"/>
        </contrib>
        <contrib id="d20e220" contrib-type="author">
          <name>
            <surname>van Tulder</surname>
            <given-names>Maurits W</given-names>
          </name>
          <xref ref-type="aff" rid="CD001703-aff-0005"/>
        </contrib>
        <contrib id="d20e230" contrib-type="editor">
          <collab collab-type="editors">Cochrane Back and Neck Group</collab>
        </contrib>
      </contrib-group>
      <aff id="CD001703-aff-0001">
        <institution>Monash University</institution>
        <institution content-type="dept">Department of Epidemiology &amp; Preventive Medicine</institution>
        <addr-line>Alfred Hospital, Commercial Rd</addr-line>
        <city>Melbourne</city>
        <state>Victoria</state>
        <country>Australia</country>
        <postal-code>3004</postal-code>
      </aff>
      <aff id="CD001703-aff-0002">
        <institution>Academic Medical Center, Universiteit van Amsterdam</institution>
        <institution content-type="dept">Coronel Institute of Occupational Health</institution>
        <addr-line>PO Box 22700</addr-line>
        <city>Amsterdam</city>
        <country>Netherlands</country>
        <postal-code>1100 DE</postal-code>
      </aff>
      <aff id="CD001703-aff-0003">
        <institution>Leiden University Medical Centre</institution>
        <institution content-type="dept">Department of Public Health and Primary Care</institution>
        <addr-line>PO Box 9600, Postzone V 06&#x2010;P</addr-line>
        <city>Leiden</city>
        <country>Netherlands</country>
        <postal-code>2300 RC</postal-code>
      </aff>
      <aff id="CD001703-aff-0004">
        <institution>University of Manchester</institution>
        <institution content-type="dept">The National Primary Care, R&amp;D Centre</institution>
        <addr-line>Oxford Road</addr-line>
        <addr-line>5th Floor, Williamson Building</addr-line>
        <city>Manchester</city>
        <country>UK</country>
        <postal-code>M13 9PL</postal-code>
      </aff>
      <aff id="CD001703-aff-0005">
        <institution>Faculty of Earth &amp; Life Sciences, VU University</institution>
        <institution content-type="dept">Department of Health Sciences</institution>
        <addr-line>De Boelelaan 1081, room U454</addr-line>
        <city>Amsterdam</city>
        <country>Netherlands</country>
        <postal-code>1081 HV</postal-code>
      </aff>
      <pub-date pub-type="epub">
        <day>23</day>
        <month>1</month>
        <year>2008</year>
      </pub-date>
      <pub-date pub-type="collection">
        <month>1</month>
        <year>2008</year>
      </pub-date>
      <pub-date pub-type="update">
        <day>7</day>
        <month>9</month>
        <year>2010</year>
      </pub-date>
      <volume>2008</volume>
      <issue>1</issue>
      <elocation-id>CD001703</elocation-id>
      <permissions>
        <copyright-statement>Copyright &#xA9; 2010 The Cochrane Collaboration. Published by John Wiley &amp; Sons, Ltd.</copyright-statement>
      </permissions>
      <related-article related-article-type="updated-article" ext-link-type="doi" xlink:href="10.1002/14651858.CD001703.pub2" id="d20e38"/>
      <abstract>
        <title>Abstract</title>
        <sec id="CD001703-abs1-0001">
          <title>Background</title>
          <p>Antidepressants are commonly used in the management of low&#x2010;back pain. However, their use is controversial.</p>
        </sec>
        <sec id="CD001703-abs1-0002">
          <title>Objectives</title>
          <p>The aim of this review was to determine whether antidepressants are more effective than placebo for the treatment of non&#x2010;specific low&#x2010;back pain.</p>
        </sec>
        <sec id="CD001703-abs1-0003">
          <title>Search methods</title>
          <p>Randomised controlled trials were identified from MEDLINE, EMBASE and PsycINFO (to November 2008), the Cochrane Central Register of Controlled Trials 2008, Issue 4, and previous systematic reviews.</p>
        </sec>
        <sec id="CD001703-abs1-0004">
          <title>Selection criteria</title>
          <p>We included randomised controlled trials that compared antidepressant medication and placebo for patients with non&#x2010;specific low&#x2010;back pain and used at least one clinically relevant outcome measure.</p>
        </sec>
        <sec id="CD001703-abs1-0005">
          <title>Data collection and analysis</title>
          <p>Two blinded review authors independently extracted data and assessed the risk of bias in the trials. Meta&#x2010;analyses were used to examine the effect of antidepressants on pain, depression and function, and the effect of antidepressant type on pain. To account for studies that could not be pooled, additional qualitative analyses were performed using the levels of evidence recommended by the Cochrane Back Review Group.</p>
        </sec>
        <sec id="CD001703-abs1-0006">
          <title>Main results</title>
          <p>Ten trials that compared antidepressants with placebo were included in this review. The pooled analyses showed no difference in pain relief (six trials (one trial with two treatment arms and a second trial with 3 treatment arms); standardized mean difference (SMD) &#x2010;0.04 (95% confidence interval (CI) &#x2010;0.25 to 0.17)) or depression (two trials; SMD 0.06 (95% CI &#x2010;0.29 to 0.40)) between antidepressant and placebo treatments. The qualitative analyses found conflicting evidence on the effect of antidepressants on pain intensity in chronic low&#x2010;back pain, and no clear evidence that antidepressants reduce depression in chronic low&#x2010;back pain patients. Two pooled analyses showed no difference in pain relief between different types of antidepressants and placebo. Our findings were not altered by the sensitivity analyses, which varied the risk of bias allowed for inclusion in the meta&#x2010;analyses to allow data from additional trials to be examined.</p>
        </sec>
        <sec id="CD001703-abs1-0007">
          <title>Authors' conclusions</title>
          <p>There is no clear evidence that antidepressants are more effective than placebo in the management of patients with chronic low&#x2010;back pain. These findings do not imply that severely depressed patients with back pain should not be treated with antidepressants; furthermore, there is evidence for their use in other forms of chronic pain.</p>
        </sec>
      </abstract>
      <abstract abstract-type="short">
        <title>Plain language summary</title>
        <p>
          <bold>Antidepressants for non&#x2010;specific low&#x2010;back pain</bold>
        </p>
        <p>Low&#x2010;back pain is a common condition affecting up to 80% of adults over their lifetime. In the vast majority of cases, low&#x2010;back pain has no identifiable cause and is termed "non&#x2010;specific".</p>
        <p>Low&#x2010;back pain is usually benign and self&#x2010;limiting. It generally resolves in six weeks, with or without treatment.</p>
        <p>However, up to 30% of individuals who report low&#x2010;back pain go on to have recurrent or persistent symptoms. As a result, low&#x2010;back pain is one of the most common reasons for medical visits and it results in huge economic losses across developed nations because of reduced productivity, work absence and early retirement.</p>
        <p>Antidepressants are a common treatment for low&#x2010;back pain. Physicians prescribe them to patients with back pain for three main reasons: to provide pain relief, help with sleep and reduce depression. However, the prescription of antidepressants as a treatment for back pain remains controversial because of conflicting scientific evidence.</p>
        <p>This updated review evaluated whether antidepressants are beneficial in the management of non&#x2010;specific low&#x2010;back pain. We identified ten studies which compared antidepressants to a placebo (an inactive substance that has no treatment value). All patients in these studies had low&#x2010;back pain as a primary complaint and some participants also had symptoms of depression.</p>
        <p>We looked at the results of individual studies and also combined the results of several studies in larger analyses.</p>
        <p>The review could find no convincing evidence that antidepressants relieve back pain or depression more effectively than placebo. Antidepressants did not result in any other apparent benefits in the treatment of back pain.</p>
        <p>Antidepressants did cause side&#x2010;effects, however, adequate information about these was not provided in the trials.</p>
        <p>Patients with significant depression should not avoid antidepressants based on this review, as they continue to play an important role in the treatment of clinical depression. There is also evidence that antidepressants can help patients with other specific types of pain.</p>
        <p>The review cautions that existing studies do not provide adequate evidence regarding antidepressants for low&#x2010;back pain. There is a need for larger and more sophisticated studies to confirm the conclusions of this review. In the meantime, antidepressants should be regarded as an unproven treatment for non&#x2010;specific low&#x2010;back pain.</p>
      </abstract>
    </article-meta>
    <notes notes-type="status-note">
      <p>Edited (no change to conclusions)</p>
    </notes>
  </front>
</article>
</pmc-articleset>