<?xml version="1.0" ?>
<!DOCTYPE pmc-articleset PUBLIC "-//NLM//DTD ARTICLE SET 2.0//EN" "https://dtd.nlm.nih.gov/ncbi/pmc/articleset/nlm-articleset-2.0.dtd">
<pmc-articleset><article xmlns:xlink="http://www.w3.org/1999/xlink" xmlns:mml="http://www.w3.org/1998/Math/MathML" id="CD000511" article-type="systematic-review">
  <!--The publisher of this article does not allow downloading of the full text in XML form.-->
  <front>
    <journal-meta>
      <journal-id journal-id-type="nlm-ta">Cochrane Database Syst Rev</journal-id>
      <journal-id journal-id-type="iso-abbrev">Cochrane Database Syst Rev</journal-id>
      <journal-id journal-id-type="publisher-id">14651858</journal-id>
      <journal-id journal-id-type="doi">10.1002/14651858</journal-id>
      <journal-title-group>
        <journal-title>The Cochrane Database of Systematic Reviews</journal-title>
      </journal-title-group>
      <issn pub-type="epub">1469-493X</issn>
      <issn-l>1361-6137</issn-l>
      <publisher>
        <publisher-name>John Wiley &amp; Sons, Ltd</publisher-name>
        <publisher-loc>Chichester, UK</publisher-loc>
      </publisher>
    </journal-meta>
    <article-meta>
      <article-id pub-id-type="pmid">10796380</article-id>
      <article-id pub-id-type="pmc">7038705</article-id>
      <article-id pub-id-type="doi">10.1002/14651858.CD000511</article-id>
      <article-id pub-id-type="publisher-id">CD000511</article-id>
      <article-id pub-id-type="other">CD000511</article-id>
      <article-categories>
        <subj-group>
          <subject>Child health</subject>
          <subject>Lungs &amp; airways</subject>
          <subject>Neonatal care</subject>
          <subject>Respiratory Disorders</subject>
        </subj-group>
      </article-categories>
      <title-group>
        <article-title>Prophylactic animal derived surfactant extract for preventing morbidity and mortality in preterm infants</article-title>
      </title-group>
      <contrib-group>
        <contrib id="d20e173" contrib-type="author" corresp="yes">
          <name>
            <surname>Soll</surname>
            <given-names>Roger</given-names>
          </name>
          <address>
            <email>Roger.Soll@vtmednet.org</email>
          </address>
          <xref ref-type="aff" rid="CD000511-aff-0001"/>
        </contrib>
        <contrib id="d20e177" contrib-type="author">
          <name>
            <surname>&#xD6;zek</surname>
            <given-names>Eren</given-names>
          </name>
          <xref ref-type="aff" rid="CD000511-aff-0002"/>
        </contrib>
        <contrib id="d20e187" contrib-type="editor">
          <collab collab-type="editors">Cochrane Neonatal Group</collab>
        </contrib>
      </contrib-group>
      <aff id="CD000511-aff-0001">
        <institution>University of Vermont</institution>
        <institution content-type="dept">Division of Neonatal&#x2010;Perinatal Medicine</institution>
        <addr-line>Fletcher Allen Health Care, Smith 552A</addr-line>
        <addr-line>111 Colchester Avenue</addr-line>
        <city>Burlington</city>
        <state>Vermont</state>
        <country>USA</country>
        <postal-code>05401</postal-code>
      </aff>
      <aff id="CD000511-aff-0002">
        <institution>Maramara University Medical Center</institution>
        <institution content-type="dept">Pediatrics / Division of Neonatology</institution>
        <addr-line>Maramara University</addr-line>
        <addr-line>Cemiltopuzlu cad. G&#xFC;ne&#xFE; apt.30/5 &#xC7;iftehavuzlar, Kad&#xFD;k&#xF6;y</addr-line>
        <city>Istanbul</city>
        <country>Turkey</country>
        <postal-code>3917</postal-code>
      </aff>
      <pub-date pub-type="epub">
        <day>20</day>
        <month>10</month>
        <year>1997</year>
      </pub-date>
      <pub-date pub-type="collection">
        <month>10</month>
        <year>1997</year>
      </pub-date>
      <pub-date pub-type="update">
        <day>16</day>
        <month>3</month>
        <year>2010</year>
      </pub-date>
      <volume>1997</volume>
      <issue>4</issue>
      <elocation-id>CD000511</elocation-id>
      <permissions>
        <copyright-statement>Copyright &#xA9; 2010 The Cochrane Collaboration. Published by John Wiley &amp; Sons, Ltd.</copyright-statement>
      </permissions>
      <abstract>
        <title>Abstract</title>
        <sec id="CD000511-abs1-0001">
          <title>Background</title>
          <p>Respiratory distress syndrome (RDS) is caused by a deficiency or dysfunction of pulmonary surfactant. A variety of animal derived surfactant extracts have been formulated and given to infants at risk of developing RDS.</p>
        </sec>
        <sec id="CD000511-abs1-0002">
          <title>Objectives</title>
          <p>To assess the effect of prophylactic intratracheal administration of animal derived surfactant extract on mortality, bronchopulmonary dysplasia (BPD) and other morbidities in preterm newborns at risk for developing RDS. Subgroup analysis were planned according to the specific surfactant product and the degree of prematurity.</p>
        </sec>
        <sec id="CD000511-abs1-0003">
          <title>Search methods</title>
          <p>Searches were made of MEDLINE and the Cochrane Central Register of Controlled Trials through January 2010.</p>
        </sec>
        <sec id="CD000511-abs1-0004">
          <title>Selection criteria</title>
          <p>Randomized or quasi&#x2010;randomized controlled trials that compared the effect of prophylactic animal derived surfactant extract administration (surfactant obtained from human, porcine or bovine sources, either modified with additional phospholipids or not) administered to high risk preterm newborns at or shortly after birth in order to prevent RDS, mortality and other complications of prematurity.</p>
        </sec>
        <sec id="CD000511-abs1-0005">
          <title>Data collection and analysis</title>
          <p>Data extraction and analysis was done in accordance with the standards of the CNRG.</p>
        </sec>
        <sec id="CD000511-abs1-0006">
          <title>Main results</title>
          <p>All nine of the included studies note an initial improvement in respiratory status and a decrease in the risk of RDS in infants who receive prophylactic animal derived surfactant extract. The meta&#x2010;analysis supports a decrease in the risk of pneumothorax (typical relative risk 0.40, 95% CI 0.29, 0.54; typical risk difference &#x2010;0.12, 95% CI &#x2010;0.16, &#x2010;0.09), a decrease in the risk pulmonary interstitial emphysema (PIE) (typical relative risk 0.46, 95% CI 0.36, 0.59; typical risk difference &#x2010;0.16, 95% CI &#x2010;0.21, &#x2010;0.11), a decrease in the risk of neonatal mortality (typical relative risk 0.60, 95% CI 0.47, 0.77; typical risk difference &#x2010;0.07, 95% CI &#x2010;0.12, &#x2010;0.03), and a decrease in the risk of BPD or death (typical relative risk 0.80, 95% CI 0.72, 0.88; typical risk difference &#x2010;0.10, 95% CI &#x2010;0.16, &#x2010;0.04). No differences are reported in the risk of intraventricular hemorrhage, patent ductus arteriosus, necrotizing enterocolitis or retinopathy of prematurity. Few data are available on long&#x2010;term follow&#x2010;up of treated infants.</p>
        </sec>
        <sec id="CD000511-abs1-0007">
          <title>Authors' conclusions</title>
          <p>Prophylactic intratracheal administration of animal derived surfactant extract to infants judged to be at risk of developing respiratory distress syndrome has been demonstrated to improve clinical outcome. Infants who receive prophylactic animal derived surfactant extract have a decreased risk of pneumothorax, a decreased risk of PIE, a decreased risk of mortality, and a decreased risk of BPD or death.</p>
        </sec>
      </abstract>
      <abstract abstract-type="short">
        <title>Plain language summary</title>
        <p>
          <bold>Prophylactic animal derived surfactant extract for preventing morbidity and mortality in preterm infants</bold>
        </p>
        <p>Animal derived surfactant extract improves outcomes for babies at risk of respiratory distress.</p>
        <p>Surfactant is essential to normal lung function in babies. Respiratory distress syndrome (RDS) is caused by a lack of, or dysfunction in, surfactant, the chemicals that line the lung air spaces and help keep the lung expanded. A variety of animal derived and synthetic surfactants have been formulated and are given to babies at risk to prevent them developing RDS. The review found that animal derived surfactant given at birth lowers rates of death and many serious and disabling conditions for babies at risk of RDS.</p>
      </abstract>
    </article-meta>
    <notes notes-type="status-note">
      <p>New search for studies and content updated (no change to conclusions)</p>
    </notes>
  </front>
</article>
</pmc-articleset>