<?xml version="1.0" ?>
<!DOCTYPE pmc-articleset PUBLIC "-//NLM//DTD ARTICLE SET 2.0//EN" "https://dtd.nlm.nih.gov/ncbi/pmc/articleset/nlm-articleset-2.0.dtd">
<pmc-articleset><article xmlns:xlink="http://www.w3.org/1999/xlink" xmlns:mml="http://www.w3.org/1998/Math/MathML" id="CD006354.pub4" article-type="systematic-review">
  <!--The publisher of this article does not allow downloading of the full text in XML form.-->
  <front>
    <journal-meta>
      <journal-id journal-id-type="nlm-ta">Cochrane Database Syst Rev</journal-id>
      <journal-id journal-id-type="iso-abbrev">Cochrane Database Syst Rev</journal-id>
      <journal-id journal-id-type="publisher-id">14651858</journal-id>
      <journal-id journal-id-type="doi">10.1002/14651858</journal-id>
      <journal-title-group>
        <journal-title>The Cochrane Database of Systematic Reviews</journal-title>
      </journal-title-group>
      <issn pub-type="epub">1469-493X</issn>
      <issn-l>1361-6137</issn-l>
      <publisher>
        <publisher-name>John Wiley &amp; Sons, Ltd</publisher-name>
        <publisher-loc>Chichester, UK</publisher-loc>
      </publisher>
    </journal-meta>
    <article-meta>
      <article-id pub-id-type="pmid">24254890</article-id>
      <article-id pub-id-type="pmc">7000924</article-id>
      <article-id pub-id-type="doi">10.1002/14651858.CD006354.pub4</article-id>
      <article-id pub-id-type="publisher-id">CD006354.pub4</article-id>
      <article-id pub-id-type="other">CD006354</article-id>
      <article-categories>
        <subj-group>
          <subject>Infectious disease</subject>
          <subject>Wounds</subject>
          <subject>OTHER REVIEWS</subject>
        </subj-group>
      </article-categories>
      <title-group>
        <article-title>Infection control strategies for preventing the transmission of meticillin&#x2010;resistant <italic>Staphylococcus aureus</italic> (MRSA) in nursing homes for older people</article-title>
      </title-group>
      <contrib-group>
        <contrib id="d20e165" contrib-type="author" corresp="yes">
          <name>
            <surname>Hughes</surname>
            <given-names>Carmel</given-names>
          </name>
          <address>
            <email>c.hughes@qub.ac.uk</email>
          </address>
          <xref ref-type="aff" rid="CD006354-aff-0001"/>
        </contrib>
        <contrib id="d20e169" contrib-type="author">
          <name>
            <surname>Tunney</surname>
            <given-names>Michael</given-names>
          </name>
          <xref ref-type="aff" rid="CD006354-aff-0001"/>
        </contrib>
        <contrib id="d20e173" contrib-type="author">
          <name>
            <surname>Bradley</surname>
            <given-names>Marie C</given-names>
          </name>
          <xref ref-type="aff" rid="CD006354-aff-0001"/>
        </contrib>
        <contrib id="d20e183" contrib-type="editor">
          <collab collab-type="editors">Cochrane Wounds Group</collab>
        </contrib>
      </contrib-group>
      <aff id="CD006354-aff-0001">
        <institution>Queen's University Belfast</institution>
        <institution content-type="dept">School of Pharmacy</institution>
        <addr-line>97 Lisburn Road</addr-line>
        <city>Belfast</city>
        <state>Northern Ireland</state>
        <country>UK</country>
        <postal-code>BT9 7BL</postal-code>
      </aff>
      <pub-date pub-type="epub">
        <day>19</day>
        <month>11</month>
        <year>2013</year>
      </pub-date>
      <pub-date pub-type="collection">
        <month>11</month>
        <year>2013</year>
      </pub-date>
      <pub-date pub-type="update">
        <day>13</day>
        <month>11</month>
        <year>2013</year>
      </pub-date>
      <volume>2013</volume>
      <issue>11</issue>
      <elocation-id>CD006354</elocation-id>
      <permissions>
        <copyright-statement>Copyright &#xA9; 2013 The Cochrane Collaboration. Published by John Wiley &amp; Sons, Ltd.</copyright-statement>
      </permissions>
      <related-article related-article-type="updated-article" ext-link-type="doi" xlink:href="10.1002/14651858.CD006354.pub3" id="d20e38"/>
      <abstract>
        <title>Abstract</title>
        <sec id="CD006354-abs1-0001">
          <title>Background</title>
          <p>Nursing homes for older people provide an environment likely to promote the acquisition and spread of meticillin&#x2010;resistant <italic>Staphylococcus aureus</italic> (MRSA), putting residents at increased risk of colonisation and infection. It is recognised that infection prevention and control strategies are important in preventing and controlling MRSA transmission.</p>
        </sec>
        <sec id="CD006354-abs1-0002">
          <title>Objectives</title>
          <p>To determine the effects of infection prevention and control strategies for preventing the transmission of MRSA in nursing homes for older people.</p>
        </sec>
        <sec id="CD006354-abs1-0003">
          <title>Search methods</title>
          <p>In August 2013, for this third update, we searched the Cochrane Wounds Group Specialised Register, the Cochrane Central Register of Controlled Trials (CENTRAL, <italic>The Cochrane Library</italic>), Database of Abstracts of Reviews of Effects (DARE, <italic>The Cochrane Library</italic>), Ovid MEDLINE, OVID MEDLINE (In&#x2010;process and Other Non&#x2010;Indexed Citations), Ovid EMBASE, EBSCO CINAHL, Web of Science and the Health Technology Assessment (HTA) website. Research in progress was sought through Current Clinical Trials, Gateway to Reseach, and HSRProj (Health Services Research Projects in Progress).</p>
        </sec>
        <sec id="CD006354-abs1-0004">
          <title>Selection criteria</title>
          <p>All randomised and controlled clinical trials, controlled before and after studies and interrupted time series studies of infection prevention and control interventions in nursing homes for older people were eligible for inclusion.</p>
        </sec>
        <sec id="CD006354-abs1-0005">
          <title>Data collection and analysis</title>
          <p>Two review authors independently reviewed the results of the searches. Another review author appraised identified papers and undertook data extraction which was checked by a second review author.</p>
        </sec>
        <sec id="CD006354-abs1-0006">
          <title>Main results</title>
          <p>For this third update only one study was identified, therefore it was not possible to undertake a meta&#x2010;analysis. A cluster randomised controlled trial in 32 nursing homes evaluated the effect of an infection control education and training programme on MRSA prevalence. The primary outcome was MRSA prevalence in residents and staff, and a change in infection control audit scores which measured adherence to infection control standards. At the end of the 12 month study, there was no change in MRSA prevalence between intervention and control sites, while mean infection control audit scores were significantly higher in the intervention homes compared with control homes.</p>
        </sec>
        <sec id="CD006354-abs1-0007">
          <title>Authors' conclusions</title>
          <p>There is a lack of research evaluating the effects on MRSA transmission of infection prevention and control strategies in nursing homes. Rigorous studies should be conducted in nursing homes, involving residents and staff to test interventions that have been specifically designed for this unique environment.</p>
        </sec>
      </abstract>
      <abstract abstract-type="short">
        <title>Plain language summary</title>
        <p>
          <bold>Infection control strategies for preventing the spread of meticillin&#x2010;resistant <italic>Staphylococcus aureus</italic> (MRSA) in nursing homes for older people</bold>
        </p>
        <p>MRSA is a bacterium that can cause infection in people, particularly those who are in hospital. MRSA is now becoming a problem for older people (residents) who live in nursing homes. Nursing homes are ideal places for MRSA to spread: the residents live close to each other, many have a number of medical conditions and may receive several prescriptions for antibiotics, and some may have pressure sores and medical devices such as catheters. All of these factors increase the risk of residents getting MRSA, and so increase their risk of dying.</p>
        <p>Many different ways of preventing the spread of MRSA have been studied, particularly in hospitals; however, we found only one study that looked at whether an infection control education and training programme influenced the spread of MRSA in nursing homes for older people. This study showed there was no difference between the group that was involved in the programme and the comparison group which continued with their normal practice.</p>
        <p>Although there is some evidence for techniques that work well to prevent the spread of MRSA in hospital, it is not clear if these approaches will work in nursing homes for older people. Further research is needed to establish what will work in nursing homes.</p>
      </abstract>
    </article-meta>
    <notes notes-type="status-note">
      <p>New search for studies and content updated (no change to conclusions)</p>
    </notes>
  </front>
</article>
</pmc-articleset>