<?xml version="1.0" ?>
<!DOCTYPE pmc-articleset PUBLIC "-//NLM//DTD ARTICLE SET 2.0//EN" "https://dtd.nlm.nih.gov/ncbi/pmc/articleset/nlm-articleset-2.0.dtd">
<pmc-articleset><article xmlns:xlink="http://www.w3.org/1999/xlink" xmlns:mml="http://www.w3.org/1998/Math/MathML" id="CD000229.pub2" article-type="systematic-review">
  <!--The publisher of this article does not allow downloading of the full text in XML form.-->
  <front>
    <journal-meta>
      <journal-id journal-id-type="nlm-ta">Cochrane Database Syst Rev</journal-id>
      <journal-id journal-id-type="iso-abbrev">Cochrane Database Syst Rev</journal-id>
      <journal-id journal-id-type="publisher-id">14651858</journal-id>
      <journal-id journal-id-type="doi">10.1002/14651858</journal-id>
      <journal-title-group>
        <journal-title>The Cochrane Database of Systematic Reviews</journal-title>
      </journal-title-group>
      <issn pub-type="epub">1469-493X</issn>
      <issn-l>1361-6137</issn-l>
      <publisher>
        <publisher-name>John Wiley &amp; Sons, Ltd</publisher-name>
        <publisher-loc>Chichester, UK</publisher-loc>
      </publisher>
    </journal-meta>
    <article-meta>
      <article-id pub-id-type="pmid">20091505</article-id>
      <article-id pub-id-type="pmc">7043360</article-id>
      <article-id pub-id-type="doi">10.1002/14651858.CD000229.pub2</article-id>
      <article-id pub-id-type="publisher-id">CD000229.pub2</article-id>
      <article-id pub-id-type="other">CD000229</article-id>
      <article-categories>
        <subj-group>
          <subject>Child health</subject>
          <subject>Complementary &amp; alternative medicine</subject>
          <subject>Pregnancy &amp; childbirth</subject>
          <subject>Preterm labour</subject>
        </subj-group>
      </article-categories>
      <title-group>
        <article-title>Vitamin K prior to preterm birth for preventing neonatal periventricular haemorrhage</article-title>
      </title-group>
      <contrib-group>
        <contrib id="d20e176" contrib-type="author" corresp="yes">
          <name>
            <surname>Crowther</surname>
            <given-names>Caroline A</given-names>
          </name>
          <address>
            <email>caroline.crowther@adelaide.edu.au</email>
          </address>
          <xref ref-type="aff" rid="CD000229-aff-0001"/>
        </contrib>
        <contrib id="d20e180" contrib-type="author">
          <name>
            <surname>Crosby</surname>
            <given-names>Danielle D</given-names>
          </name>
          <xref ref-type="aff" rid="CD000229-aff-0002"/>
        </contrib>
        <contrib id="d20e190" contrib-type="editor">
          <collab collab-type="editors">Cochrane Pregnancy and Childbirth Group</collab>
        </contrib>
      </contrib-group>
      <aff id="CD000229-aff-0001">
        <institution>The University of Adelaide</institution>
        <institution content-type="dept">ARCH: Australian Research Centre for Health of Women and Babies, Discipline of Obstetrics and Gynaecology</institution>
        <addr-line>Women's and Children's Hospital</addr-line>
        <addr-line>72 King William Road</addr-line>
        <city>Adelaide</city>
        <state>South Australia</state>
        <country>Australia</country>
        <postal-code>5006</postal-code>
      </aff>
      <aff id="CD000229-aff-0002">
        <institution>The University of Adelaide</institution>
        <institution content-type="dept">School of Paediatrics and Reproductive Health, Discipline of Obstetrics and Gynaecology</institution>
        <addr-line>Women's and Children's Hospital</addr-line>
        <addr-line>72 King William Road</addr-line>
        <city>Adelaide</city>
        <country>Australia</country>
        <postal-code>SA 5006</postal-code>
      </aff>
      <pub-date pub-type="epub">
        <day>20</day>
        <month>1</month>
        <year>2010</year>
      </pub-date>
      <pub-date pub-type="collection">
        <month>1</month>
        <year>2010</year>
      </pub-date>
      <pub-date pub-type="update">
        <day>15</day>
        <month>2</month>
        <year>2011</year>
      </pub-date>
      <volume>2010</volume>
      <issue>1</issue>
      <elocation-id>CD000229</elocation-id>
      <permissions>
        <copyright-statement>Copyright &#xA9; 2011 The Cochrane Collaboration. Published by John Wiley &amp; Sons, Ltd.</copyright-statement>
      </permissions>
      <related-article related-article-type="updated-article" ext-link-type="doi" xlink:href="10.1002/14651858.CD000229" id="d20e38"/>
      <abstract>
        <title>Abstract</title>
        <sec id="CD000229-abs1-0001">
          <title>Background</title>
          <p>Preterm infants are at risk of periventricular haemorrhage (PVH). This can be a sign of brain damage that might lead to neurodevelopmental abnormalities, including cerebral palsy. It has been suggested that vitamin K might improve coagulation in preterm infants and thereby decrease the risk of PVH.</p>
        </sec>
        <sec id="CD000229-abs1-0002">
          <title>Objectives</title>
          <p>To assess the effects of vitamin K administered to women at risk of imminent very preterm birth to prevent PVH and associated neurological injury in the infant.</p>
        </sec>
        <sec id="CD000229-abs1-0003">
          <title>Search methods</title>
          <p>We searched the Cochrane Pregnancy and Childbirth Group's Trials Register (20 December 2010).</p>
        </sec>
        <sec id="CD000229-abs1-0004">
          <title>Selection criteria</title>
          <p>Randomised or quasi&#x2010;randomised trials of vitamin K administered parenterally or orally to women at risk of imminent preterm birth. The primary outcomes were neonatal mortality, neonatal neurological morbidity, as measured by the presence of PVH on ultrasound during the first week of life, and long&#x2010;term neurodevelopment. Secondary outcomes included other neonatal morbidity and any maternal side effects.</p>
        </sec>
        <sec id="CD000229-abs1-0005">
          <title>Data collection and analysis</title>
          <p>Two review authors independently assessed eligibility, trial quality and extracted data.</p>
        </sec>
        <sec id="CD000229-abs1-0006">
          <title>Main results</title>
          <p>Eight trials were included but only seven (843 women) contributed data to the results. The trials were of variable quality. Antenatal vitamin K was associated with a non&#x2010;significant reduction in all grades of PVH (risk ratio (RR) 0.76; 95% confidence interval (CI) 0.54 to 1.06) and a significant reduction in severe PVH (grades 3 and 4) (RR 0.58; 95% CI 0.37 to 0.91) for babies receiving prenatal vitamin K compared with control babies. When the two quasi&#x2010;randomised trials were excluded, antenatal vitamin K was associated with a non&#x2010;significant reduction in all grades of PVH (RR 0.87; 95% CI 0.60 to 1.26) and a non&#x2010;significant reduction in severe PVH (RR 0.82; 95% CI 0.49 to 1.36).</p>
          <p>Treatment with vitamin K resulted in a significant reduction in the Bayley Mental Development Index at two years of age (mean difference (MD) &#x2010;9.00; 95% CI &#x2010;16.66 to &#x2010;1.34, one trial, 121 children); however, these results are derived from one trial with many participants lost to follow up. No difference was found in the incidence of other neurodevelopmental abnormalities at paediatric follow up at 18 to 24 months or seven years of age between children born to mothers given vitamin K and children not so exposed.</p>
        </sec>
        <sec id="CD000229-abs1-0007">
          <title>Authors' conclusions</title>
          <p>Vitamin K administered to women prior to very preterm birth has not been shown to significantly prevent PVH in preterm infants or improve neurodevelopmental outcomes in childhood.</p>
        </sec>
      </abstract>
      <abstract abstract-type="short">
        <title>Plain language summary</title>
        <p>
          <bold>Vitamin K prior to preterm birth for preventing neonatal periventricular haemorrhage</bold>
        </p>
        <p>Vitamin K given to women before a very preterm birth does not decrease the risk of bleeding in the brain and associated neurological injury in babies born very preterm.</p>
        <p>Babies born very early (before 34 weeks) are at risk of bleeding in the brain (periventricular haemorrhage). This can be a cause of brain damage that might lead to neurological disabilities including cerebral palsy. Preterm infants have reduced levels of clotting factors, some of which require vitamin K for activation. Vitamin K may therefore help the blood to clot in preterm babies and so decrease this risk of haemorrhage. The review of trials did not find vitamin K, given as an injection to women immediately prior to a very preterm birth, decreased the risk of periventricular haemorrhage in their babies. There were too few data on children at follow up to assess the effects of vitamin K given immediately before very preterm birth on child development. Eight trials were included but only seven contributed data to the results. These seven trials involved 843 women. The trials were of variable quality and only two trials used a placebo.</p>
        <p>In four trials that did not use placebo, more women were treated with vitamin K also received corticosteroids before giving birth compared to those not receiving vitamin K. Prenatal corticosteroids are known to reduce the rate of haemorrhage. Women receiving vitamin K were also more likely to be treated with phenobarbital in one trial.</p>
        <p>Women given vitamin K reported a rash in two trials.</p>
      </abstract>
    </article-meta>
    <notes notes-type="status-note">
      <p>New search for studies and content updated (no change to conclusions)</p>
    </notes>
  </front>
</article>
</pmc-articleset>