<?xml version="1.0" ?>
<!DOCTYPE pmc-articleset PUBLIC "-//NLM//DTD ARTICLE SET 2.0//EN" "https://dtd.nlm.nih.gov/ncbi/pmc/articleset/nlm-articleset-2.0.dtd">
<pmc-articleset><article xmlns:xlink="http://www.w3.org/1999/xlink" xmlns:mml="http://www.w3.org/1998/Math/MathML" id="CD001718.pub2" article-type="systematic-review">
  <!--The publisher of this article does not allow downloading of the full text in XML form.-->
  <front>
    <journal-meta>
      <journal-id journal-id-type="nlm-ta">Cochrane Database Syst Rev</journal-id>
      <journal-id journal-id-type="iso-abbrev">Cochrane Database Syst Rev</journal-id>
      <journal-id journal-id-type="publisher-id">14651858</journal-id>
      <journal-id journal-id-type="doi">10.1002/14651858</journal-id>
      <journal-title-group>
        <journal-title>The Cochrane Database of Systematic Reviews</journal-title>
      </journal-title-group>
      <issn pub-type="epub">1469-493X</issn>
      <issn-l>1361-6137</issn-l>
      <publisher>
        <publisher-name>John Wiley &amp; Sons, Ltd</publisher-name>
        <publisher-loc>Chichester, UK</publisher-loc>
      </publisher>
    </journal-meta>
    <article-meta>
      <article-id pub-id-type="pmid">17253464</article-id>
      <article-id pub-id-type="pmc">7025783</article-id>
      <article-id pub-id-type="doi">10.1002/14651858.CD001718.pub2</article-id>
      <article-id pub-id-type="publisher-id">CD001718.pub2</article-id>
      <article-id pub-id-type="other">CD001718</article-id>
      <article-categories>
        <subj-group>
          <subject>Mental health</subject>
          <subject>Clinical care &#x2010; by treatment category</subject>
        </subj-group>
      </article-categories>
      <title-group>
        <article-title>Depot fluspirilene for schizophrenia</article-title>
      </title-group>
      <contrib-group>
        <contrib id="d20e176" contrib-type="author" corresp="yes">
          <name>
            <surname>Abhijnhan</surname>
            <given-names>Akhil</given-names>
          </name>
          <address>
            <email>akhil.abith@gmail.com</email>
          </address>
          <xref ref-type="aff" rid="CD001718-aff-0001"/>
        </contrib>
        <contrib id="d20e180" contrib-type="author">
          <name>
            <surname>Adams</surname>
            <given-names>Clive E</given-names>
          </name>
          <xref ref-type="aff" rid="CD001718-aff-0002"/>
        </contrib>
        <contrib id="d20e184" contrib-type="author">
          <name>
            <surname>David</surname>
            <given-names>Anthony</given-names>
          </name>
          <xref ref-type="aff" rid="CD001718-aff-0003"/>
        </contrib>
        <contrib id="d20e188" contrib-type="author">
          <name>
            <surname>Ozbilen</surname>
            <given-names>Mehmet</given-names>
          </name>
          <xref ref-type="aff" rid="CD001718-aff-0004"/>
        </contrib>
        <contrib id="d20e198" contrib-type="editor">
          <collab collab-type="editors">Cochrane Schizophrenia Group</collab>
        </contrib>
      </contrib-group>
      <aff id="CD001718-aff-0001">
        <institution>Kalyan</institution>
        <addr-line>M.K.K.Nair Road</addr-line>
        <addr-line>Palarivattom</addr-line>
        <city>Kochi</city>
        <state>Kerala</state>
        <country>India</country>
        <postal-code>682025</postal-code>
      </aff>
      <aff id="CD001718-aff-0002">
        <institution>The University of Nottingham</institution>
        <institution content-type="dept">Cochrane Schizophrenia Group</institution>
        <addr-line>Institute of Mental Health, Sir Colin Campbell Building,</addr-line>
        <addr-line>University of Nottingham Innovation Park, Triumph Road,</addr-line>
        <city>Nottingham</city>
        <country>UK</country>
        <postal-code>NG7 2TU</postal-code>
      </aff>
      <aff id="CD001718-aff-0003">
        <institution>Institute of Psychiatry</institution>
        <addr-line>De Crespigny Park</addr-line>
        <addr-line>BOX PO68</addr-line>
        <city>London</city>
        <country>UK</country>
        <postal-code>SE5 8AF</postal-code>
      </aff>
      <aff id="CD001718-aff-0004">
        <institution>Leeds Mental Health Trust</institution>
        <addr-line>19 Springfield Mount</addr-line>
        <city>Leeds</city>
        <state>West Yorkshire</state>
        <country>UK</country>
        <postal-code>LS9 8PA</postal-code>
      </aff>
      <pub-date pub-type="epub">
        <day>24</day>
        <month>1</month>
        <year>2007</year>
      </pub-date>
      <pub-date pub-type="collection">
        <month>1</month>
        <year>2007</year>
      </pub-date>
      <pub-date pub-type="update">
        <day>3</day>
        <month>5</month>
        <year>2012</year>
      </pub-date>
      <volume>2007</volume>
      <issue>1</issue>
      <elocation-id>CD001718</elocation-id>
      <permissions>
        <copyright-statement>Copyright &#xA9; 2012 The Cochrane Collaboration. Published by John Wiley &amp; Sons, Ltd.</copyright-statement>
      </permissions>
      <related-article related-article-type="updated-article" ext-link-type="doi" xlink:href="10.1002/14651858.CD001718" id="d20e38"/>
      <abstract>
        <title>Abstract</title>
        <sec id="CD001718-abs1-0001">
          <title>Background</title>
          <p>Antipsychotic drugs are the mainstay treatment for schizophrenia and similar psychotic disorders. Long&#x2010;acting depot injections of drugs such as fluspirilene are extensively used as a means of long&#x2010;term maintenance treatment.</p>
        </sec>
        <sec id="CD001718-abs1-0002">
          <title>Objectives</title>
          <p>To review the effects of depot fluspirilene versus placebo, oral anti&#x2010;psychotics and other depot antipsychotic preparations for people with schizophrenia in terms of clinical, social and economic outcomes.</p>
        </sec>
        <sec id="CD001718-abs1-0003">
          <title>Search methods</title>
          <p>We searched the Cochrane Schizophrenia Group's Register (September 2005), inspected references of all identified studies, and contacted relevant pharmaceutical companies.</p>
        </sec>
        <sec id="CD001718-abs1-0004">
          <title>Selection criteria</title>
          <p>We included all relevant randomised trials focusing on people with schizophrenia where depot fluspirilene, oral anti&#x2010;psychotics, other depot preparations, or placebo were compared. Outcomes such as death, clinically significant change in global function, mental state, relapse, hospital admission, adverse effects and acceptability of treatment were sought.</p>
        </sec>
        <sec id="CD001718-abs1-0005">
          <title>Data collection and analysis</title>
          <p>Studies were reliably selected, quality rated and data extracted. For dichotomous data, we calculated relative risk (RR) with the 95% confidence intervals (CI). Where possible, the number needed to treat statistic (NNT) was calculated. Analysis was by intention&#x2010;to&#x2010;treat. We summated normal continuous data using the weighted mean difference (WMD). We presented scale data only for those tools that had attained pre&#x2010;specified levels of quality.</p>
        </sec>
        <sec id="CD001718-abs1-0006">
          <title>Main results</title>
          <p>We included twelve randomised studies in this update of which five are additional studies. One trial compared fluspirilene and placebo and did not report important differences in the global improvement (n=60, 1 RCT, RR "no important improvement "0.97 CI 0.9 to 1.1). Though movement disorders (n=60, 1 RCT, RR 31.0 CI 1.9 to 495.6, NNH 4) were found only in the fluspirilene group, there were no convincing data showing the advantage of oral chlorpromazine or other depot antipsychotics over fluspirilene decanoate. We found no difference between depot fluspirilene and other oral antipsychotics with regard to relapses or to the number of people leaving the study early. Global state data (CGI) were not significantly different, in the short term when comparing fluspirilene with other depots (n=90, 2 RCTs, RR "no important improvement" 0.80 CI 0.2 to 2.8). No significant difference were apparent between fluspirilene and other depots with respect to the number of people leaving the trial early (n=83, 2 RCTs, RR 0.55 CI 0.1 to 2.3) or relapse rates (n=109, 3 RCTs, RR 0.55 CI 0.1 to 2.3). Extrapyramidal adverse effects were significantly less prevalent in the fluspirilene groups (n=164, 4 RCTs, RR 0.50 CI 0.3 to 0.8, NNH 5). Other adverse effects were not significantly different. Attrition in the one comparison between fluspirilene in weekly versus biweekly administration (n=34, RR 3.00 CI 0.1 to 68.8) and relapse rates (n=34 RR 3.18 CI 0.1 to 83.8) were not significantly different. There were no significant difference for movement disorders in one short term study. No study reported on hospital and service outcomes or commented on participants' overall satisfaction with care. Economic outcomes were not recorded by any of the included studies.</p>
        </sec>
        <sec id="CD001718-abs1-0007">
          <title>Authors' conclusions</title>
          <p>Participant numbers in each comparison were small and we found no clear differences between fluspirilene and oral medication or other depots. The choice of whether to use fluspirilene as a depot medication and whether it has advantages over other depots cannot, at present, be informed by trial&#x2010;derived data. Well&#x2010;conducted and reported randomised trials are still needed to inform practice.</p>
        </sec>
      </abstract>
      <abstract abstract-type="short">
        <title>Plain language summary</title>
        <p>
          <bold>Depot fluspirilene for schizophrenia</bold>
        </p>
        <p>Schizophrenia is a serious, chronic and relapsing mental illness with a worldwide lifetime prevalence of about one percent. Antipsychotic drugs are the mainstay of treatment for schizophrenia, but compliance with medication is often poor due to the adverse effects profile of the drugs and/or the patient's beliefs about their illness. Non&#x2010;compliance with medication is a major cause of relapse with significant personal, social and economic costs.</p>
        <p>Depot antipsychotics were developed in the 1960's specifically to promote treatment compliance and gave rise to extensive use of depots as a means of long&#x2010;term maintenance treatment. Depot antipsychotics are administered intramuscularly and the drug is released into the body slowly over an extended period of time. These antipsychotics need to be injected only once every 2&#x2010;4 weeks.</p>
        <p>Fluspirilene is a relatively long&#x2010;acting injectable depot antipsychotic drug used for schizophrenia. We updated the original systematic review (David 1999) on Depot fluspirilene for schizophrenia with five additional studies. Twelve randomised trials are included. Study sizes are small and most were of short term duration. This cannot be very informative for a drug that is meant for long&#x2010;term maintenance treatment. However, from the studies we were able to include, fluspirilene decanoate does not differ greatly from other depot antipsychotics (fluphenazine decanoate, fluphenazine enathate, perphenazine onanthat, pipotiazine undecylenate) with respect to treatment efficacy, response or tolerability. Outcomes suggest that fluspirilene does not differ significantly from oral antipsychotics or in different weekly regimens, although much cannot be inferred because of the shortage of trials.</p>
      </abstract>
    </article-meta>
    <notes notes-type="status-note">
      <p>Edited (no change to conclusions)</p>
    </notes>
  </front>
</article>
</pmc-articleset>